0.7399996, 0, 0, 37.53633, 5.798958, 0, 9456.133, -891.8635, -2.947957, 0.01947593, 0.1574723, 141.1693, 2.158939, 1.732906, 25.85516
 
0.7499996, -1, 0, 38.07982, 5.820022, 0.4724881118282717595786605846, 9759.722, -892.3994, -2.947957, 0.01947593, 0.1574723, 143.4281, 2.158939, 1.732041, 25.87193
 
0.7599996, -1, -0.01, 38.6255, 5.84121, 0.46342140566506586665714, 10069.05, -892.9363, -2.947957, 0.01947593, 0.1574723, 145.6943, 2.158939, 1.731175, 25.8887
 
0.7699996, -1, -0.02, 39.17321, 5.862351, 0.4536832349658185710027905846, 10384.16, -893.4745, -2.947957, 0.01947593, 0.1574723, 147.9677, 2.158939, 1.73031, 25.90547
 
0.7799996, -1, -0.03, 39.7231, 5.883618, 0.4432825093926459606906305846, 10705.1, -894.0136, -2.947957, 0.01947593, 0.1574723, 150.2486, 2.158939, 1.729444, 25.92225
 
0.7899995, -1, -0.04, 40.27512, 5.904923, 0.43222813860766682369329, 11031.91, -894.5539, -2.947957, 0.01947593, 0.1574723, 152.5367, 2.158939, 1.728578, 25.93902
 
0.7999995, -1, -0.05, 40.82915, 5.926181, 0.42052903227300174791514, 11364.63, -895.0952, -2.947957, 0.01947593, 0.1574723, 154.8323, 2.158939, 1.727713, 25.95579
 
0.8099995, -1, -0.05999999, 41.38223, 5.944899, 0.40819374006442038750546, 11702.99, -895.6376, -2.947957, 0.01947593, 0.1574723, 157.1331, 2.158939, 1.726847, 25.97256
 
0.8199995, -1, -0.06999999, 41.93417, 5.960895, 0.39523648144267797983471, 12047.02, -896.1811, -2.947957, 0.01947593, 0.1574723, 159.439, 2.158939, 1.725982, 25.98933
 
0.8299995, -1, -0.07999999, 42.48762, 5.976831, 0.3816652661040236281976905846, 12396.72, -896.7257, -2.947957, 0.01947593, 0.1574723, 161.7502, 2.158939, 1.725116, 26.0061
 
0.8399995, -1, -0.08999999, 43.04268, 5.992792, 0.36748765376176754370387, 12752.15, -897.2714, -2.947957, 0.01947593, 0.1574723, 164.0665, 2.158939, 1.72425, 26.02287
 
0.8499995, -1, -0.09999999, 43.59943, 6.008867, 0.3527104841565297695088505846, 13113.33, -897.8184, -2.947957, 0.01947593, 0.1574723, 166.388, 2.158939, 1.723384, 26.03964
 
0.8599995, -1, -0.11, 44.1577, 6.024879, 0.3373410470118593413289905846, 13480.29, -898.3661, -2.947957, 0.01947593, 0.1574723, 168.7147, 2.158939, 1.722519, 26.05641
 
0.8699995, -1, -0.12, 44.71775, 6.041091, 0.32138672204789505324263, 13853.05, -898.9151, -2.947957, 0.01947593, 0.1574723, 171.0467, 2.158939, 1.721653, 26.07318
 
0.8799995, -1, -0.13, 45.27914, 6.057069, 0.30485479898819044079548, 14231.65, -899.4652, -2.947957, 0.01947593, 0.1574723, 173.3838, 2.158939, 1.720788, 26.08995
 
0.8899994, -1, -0.14, 45.84239, 6.073332, 0.2877523875631222227069, 14616.11, -900.0163, -2.947957, 0.01947593, 0.1574723, 175.7261, 2.158939, 1.719922, 26.10673
 
0.8999994, -1, -0.15, 46.40706, 6.089448, 0.27008803744846095309204, 15006.46, -900.5685, -2.947957, 0.01947593, 0.1574723, 178.0737, 2.158939, 1.719056, 26.1235
 
0.9099994, -0.9864215, -0.16, 46.97332, 6.10559, 0.25186723843601719827747, 15402.73, -901.1218, -2.947957, 0.01947593, 0.1574723, 180.4264, 2.158939, 1.718191, 26.14027
 
0.9199994, -0.9026781, -0.1698642, 47.54136, 6.121932, 0.23310250005139208481062, 15804.94, -901.6761, -2.947957, 0.01947593, 0.1574723, 182.7843, 2.158939, 1.717325, 26.15704
 
0.9299994, -0.8127124, -0.178891, 48.11041, 6.137863, 0.21384584032190540509735, 16213.02, -902.2316, -2.947957, 0.01947593, 0.1574723, 185.1467, 2.158939, 1.71646, 26.17381
 
0.9399994, -0.7168268, -0.1870181, 48.67603, 6.149452, 0.19418230602232740796731, 16626.58, -902.7882, -2.947957, 0.01947593, 0.1574723, 187.5115, 2.158939, 1.715594, 26.19058
 
0.9499994, -0.6153798, -0.1941864, 49.24009, 6.158608, 0.17420126376360714853991, 17045.62, -903.3459, -2.947957, 0.01947593, 0.1574723, 189.8784, 2.158939, 1.714728, 26.20735
 
0.9599994, -0.5087808, -0.2003402, 49.80505, 6.167771, 0.15399442006795720200818, 17470.14, -903.9046, -2.947957, 0.01947593, 0.1574723, 192.2475, 2.158939, 1.713863, 26.22412
 
0.9699994, -0.3975238, -0.205428, 50.37098, 6.177033, 0.13365681133131130674684, 17900.15, -904.4645, -2.947957, 0.01947593, 0.1574723, 194.6189, 2.158939, 1.712997, 26.24089
 
0.9799994, -0.2821628, -0.2094032, 50.9376, 6.186126, 0.11328536387793142888238, 18335.65, -905.0255, -2.947957, 0.01947593, 0.1574723, 196.9923, 2.158939, 1.712132, 26.25766
 
0.9899994, -0.1633187, -0.2122248, 51.50525, 6.195404, 0.09297988392286540540113, 18776.63, -905.5875, -2.947957, 0.01947593, 0.1574723, 199.3678, 2.158939, 1.711266, 26.27444
 
0.9999993, -0.04167575, -0.213858, 52.07376, 6.20469, 0.0728415546289429777976939415, 19223.11, -906.1505, -2.947957, 0.01947593, 0.1574723, 201.7453, 2.158939, 1.7104, 26.2912
 
1.009999, 0.08200651, -0.2142748, 52.64117, 6.2124, 0.0529732510948308566865929415, 19674.78, -906.7148, -2.947957, 0.01947593, 0.1574723, 204.1234, 2.158939, 1.709535, 26.30798
 
1.019999, 0.2069028, -0.2134547, 53.20617, 6.217291, 0.033478901379264156722303, 20131.57, -907.28, -2.947957, 0.01947593, 0.1574723, 206.5016, 2.158939, 1.708669, 26.32475
 
1.029999, 0.3321744, -0.2113857, 53.77146, 6.222093, 0.014460804602752054361029, 20593.47, -907.8463, -2.947957, 0.01947593, 0.1574723, 208.8799, 2.158939, 1.707803, 26.34152
 
1.039999, 0.4569065, -0.2080639, 54.33703, 6.226804, -0.0039789840049469323897057, 21060.46, -908.4138, -2.947957, 0.01947593, 0.1574723, 211.2582, 2.158939, 1.706938, 26.35829
 
1.049999, 0.5801424, -0.2034949, 54.90305, 6.231601, -0.021740070551071474771235, 21532.51, -908.9824, -2.947957, 0.01947593, 0.1574723, 213.6364, 2.158939, 1.706072, 26.37506
 
1.059999, 0.7008894, -0.1976935, 55.46931, 6.236309, -0.038724910434806515006847, 22009.62, -909.5519, -2.947957, 0.01947593, 0.1574723, 216.0146, 2.158939, 1.705207, 26.39183
 
1.069999, 0.8181272, -0.1906846, 56.03598, 6.241101, -0.0548389883404572932339369415, 22491.76, -910.1226, -2.947957, 0.01947593, 0.1574723, 218.3927, 2.158939, 1.704341, 26.4086
 
1.079999, 0.9308156, -0.1825033, 56.60296, 6.245894, -0.069992073689839263064904, 22978.91, -910.6945, -2.947957, 0.01947593, 0.1574723, 220.7705, 2.158939, 1.703475, 26.42537
 
1.089999, 1, -0.1731951, 57.17015, 6.250594, -0.0840982197423114110332240585, 23471.06, -911.2675, -2.947957, 0.01947593, 0.1574723, 223.1482, 2.158939, 1.70261, 26.44214
 
1.099999, 1, -0.1631951, 57.73536, 6.25351, -0.09709506786270074718375, 23967.74, -911.8414, -2.947957, 0.01947593, 0.1574723, 225.5234, 2.158939, 1.701744, 26.45891
 
1.109999, 1, -0.1531951, 58.29488, 6.251159, -0.10897245743632864087887, 24468.73, -912.4164, -2.947957, 0.01947593, 0.1574723, 227.8954, 2.158939, 1.700879, 26.47569
 
1.119999, 1, -0.1431951, 58.8537, 6.24852, -0.11975269861712679543932, 24973.98, -912.9927, -2.947957, 0.01947593, 0.1574723, 230.2639, 2.158939, 1.700013, 26.49246
 
1.129999, 1, -0.1331951, 59.41204, 6.245863, -0.12945451069520337145406, 25483.46, -913.5698, -2.947957, 0.01947593, 0.1574723, 232.6291, 2.158939, 1.699147, 26.50923
 
1.139999, 1, -0.1231951, 59.96982, 6.243095, -0.1380970629436018218339, 25997.12, -914.1481, -2.947957, 0.01947593, 0.1574723, 234.9908, 2.158939, 1.698282, 26.526
 
1.149999, 1, -0.1131951, 60.52096, 6.235468, -0.14569934464219148256091, 26513.65, -914.7275, -2.947957, 0.01947593, 0.1574723, 237.3433, 2.158939, 1.697416, 26.54277
 
1.159999, 1, -0.1031951, 61.05546, 6.213545, -0.15228286497527932661952, 27032.43, -915.3081, -2.947957, 0.01947593, 0.1574723, 239.684, 2.158939, 1.69655, 26.55954
 
1.169999, 1, -0.09319511, 61.58661, 6.190659, -0.1578671532022561408121494154, 27553.33, -915.8896, -2.947957, 0.01947593, 0.1574723, 242.013, 2.158939, 1.695685, 26.57631
 
1.179999, 1, -0.08319511, 62.1153, 6.167705, -0.16246984865418808405293, 28076.29, -916.4723, -2.947957, 0.01947593, 0.1574723, 244.3301, 2.158939, 1.694819, 26.59308
 
1.189999, 1, -0.07319511, 62.64148, 6.144592, -0.1661076906962662307829405846, 28601.24, -917.0562, -2.947957, 0.01947593, 0.1574723, 246.6355, 2.158939, 1.693954, 26.60985
 
1.199999, 1, -0.06319512, 63.16539, 6.121591, -0.16879831865955224008696, 29128.1, -917.6411, -2.947957, 0.01947593, 0.1574723, 248.9293, 2.158939, 1.693088, 26.62662
 
1.209999, 1, -0.05319512, 63.68628, 6.097979, -0.1705567619740866754465194154, 29656.76, -918.227, -2.947957, 0.01947593, 0.1574723, 251.2112, 2.158939, 1.692222, 26.64339
 
1.219999, 1, -0.04319512, 64.20457, 6.074206, -0.17139877004260656805811, 30187.12, -918.814, -2.947957, 0.01947593, 0.1574723, 253.4811, 2.158939, 1.691357, 26.66017
 
1.229999, 1, -0.03319512, 64.72035, 6.050364, -0.1713392822985618230754105846, 30719.09, -919.4022, -2.947957, 0.01947593, 0.1574723, 255.7392, 2.158939, 1.690491, 26.67694
 
1.239999, 1, -0.02319512, 65.2337, 6.026541, -0.17039305818222822872336, 31252.58, -919.9913, -2.947957, 0.01947593, 0.1574723, 257.9852, 2.158939, 1.689626, 26.69371
 
1.249999, 1, -0.01319512, 65.74432, 6.00247, -0.16857449714753783919877, 31787.5, -920.5815, -2.947957, 0.01947593, 0.1574723, 260.2192, 2.158939, 1.68876, 26.71048
 
1.259999, 1, -0.003195124, 66.25259, 5.978507, -0.16589745866889675804875, 32323.77, -921.1729, -2.947957, 0.01947593, 0.1574723, 262.4412, 2.158939, 1.687894, 26.72725
 
1.269999, 1, 0.006804876, 66.75818, 5.954383, -0.1623772421661049242162, 32861.29, -921.7653, -2.947957, 0.01947593, 0.1574723, 264.6511, 2.158939, 1.687029, 26.74402
 
1.279999, 1, 0.01680488, 67.26122, 5.93019, -0.1580262671681755058183094154, 33399.98, -922.3589, -2.947957, 0.01947593, 0.1574723, 266.8488, 2.158939, 1.686163, 26.76079
 
1.289999, 1, 0.02680488, 67.76165, 5.905925, -0.15285686320753821237138, 33939.74, -922.9536, -2.947957, 0.01947593, 0.1574723, 269.0344, 2.158939, 1.685297, 26.77756
 
1.299999, 1, 0.03680488, 68.25948, 5.881591, -0.14688261976883617209767, 34480.49, -923.5493, -2.947957, 0.01947593, 0.1574723, 271.2078, 2.158939, 1.684432, 26.79433
 
1.309999, 1, 0.04680488, 68.74893, 5.852529, -0.14011514641180082686678, 35020.91, -924.1462, -2.947957, 0.01947593, 0.1574723, 273.3642, 2.158939, 1.683566, 26.8111
 
1.319999, 1, 0.05680487, 69.22458, 5.8136, -0.13257001254599329101472, 35560.57, -924.7441, -2.947957, 0.01947593, 0.1574723, 275.5023, 2.158939, 1.6827, 26.82788
 
1.329999, 1, 0.06680487, 69.69579, 5.774199, -0.12425837774820881412337, 36099.35, -925.3431, -2.947957, 0.01947593, 0.1574723, 277.6221, 2.158939, 1.681835, 26.84465
 
1.339999, 1, 0.07680487, 70.16315, 5.734966, -0.1151938315030932243126, 36637.08, -925.9432, -2.947957, 0.01947593, 0.1574723, 279.7233, 2.158939, 1.680969, 26.86142
 
1.349999, 1, 0.08680487, 70.62592, 5.695353, -0.10538582345228766034126, 37173.43, -926.5443, -2.947957, 0.01947593, 0.1574723, 281.8052, 2.158939, 1.680104, 26.87819
 
1.359999, 0.9864996, 0.09680486, 71.08453, 5.655818, -0.09484461320671678714753, 37708.28, -927.1465, -2.947957, 0.01947593, 0.1574723, 283.8678, 2.158939, 1.679238, 26.89496
 
1.369999, 0.8281412, 0.1066699, 71.53871, 5.616085, -0.08358766010426994681919, 38241.49, -927.7499, -2.947957, 0.01947593, 0.1574723, 285.9108, 2.158939, 1.678372, 26.91173
 
1.379999, 0.6607147, 0.1149513, 71.99368, 5.580574, -0.0717021348391720579416090585, 38773.89, -928.3544, -2.947957, 0.01947593, 0.1574723, 287.9378, 2.158939, 1.677507, 26.9285
 
1.389999, 0.4862548, 0.1215584, 72.44968, 5.549576, -0.0593416885845076767473399415, 39305.37, -928.9598, -2.947957, 0.01947593, 0.1574723, 289.9489, 2.158939, 1.676641, 26.94527
 
1.399999, 0.3070011, 0.126421, 72.90211, 5.518493, -0.0466677122198491973740389415, 39835.82, -929.5664, -2.947957, 0.01947593, 0.1574723, 291.9438, 2.158939, 1.675776, 26.96204
 
1.409999, 0.1252659, 0.129491, 73.35307, 5.488803, -0.0338428745763047941704810585, 40365.89, -930.1741, -2.947957, 0.01947593, 0.1574723, 293.9254, 2.158939, 1.67491, 26.97881
 
1.419999, -0.05658824, 0.1307436, 73.81236, 5.469676, -0.0210319594047781554117880585, 40896.27, -930.783, -2.947957, 0.01947593, 0.1574723, 295.8963, 2.158939, 1.674044, 26.99558
 
1.429999, -0.2361035, 0.1301777, 74.2708, 5.451971, -0.0083962513888685862613114, 41426.85, -931.3929, -2.947957, 0.01947593, 0.1574723, 297.8564, 2.158939, 1.673179, 27.01235
 
1.439999, -0.4108118, 0.1278167, 74.72576, 5.433658, 0.0039046846226032053751211, 41956.86, -932.0038, -2.947957, 0.01947593, 0.1574723, 299.8032, 2.158939, 1.672313, 27.02913
 
1.449999, -0.5781581, 0.1237086, 75.1545, 5.394395, 0.015717192956723040351977, 42483.28, -932.6159, -2.947957, 0.01947593, 0.1574723, 301.7262, 2.158939, 1.671447, 27.0459
 
1.459999, -0.735676, 0.117927, 75.55298, 5.335782, 0.026895678034913605596114, 42999.11, -933.2289, -2.947957, 0.01947593, 0.1574723, 303.6012, 2.158939, 1.670582, 27.06267
 
1.469999, -0.8802933, 0.1105702, 75.78382, 5.134883, 0.0373084811500693718301409415, 43486.3, -933.8433, -2.947957, 0.01947593, 0.1574723, 305.3657, 2.158939, 1.669716, 27.07944
 
1.479999, -1, 0.1017673, 75.84263, 4.799581, 0.0468404876676842172647390585, 43929.23, -934.4586, -2.947957, 0.01947593, 0.1574723, 306.9668, 2.158939, 1.668851, 27.09621
 
1.489999, -1, 0.09176731, 75.80426, 4.404792, 0.055401826995921019400504, 44327.15, -935.0749, -2.947957, 0.01947593, 0.1574723, 308.4044, 2.158939, 1.667985, 27.11298
 
1.499999, -1, 0.08176731, 75.65174, 3.947875, 0.062962368277432964352708, 44661.59, -935.6924, -2.947957, 0.01947593, 0.1574723, 309.6165, 2.158939, 1.667119, 27.12975
 
1.509999, -1, 0.07176732, 75.32638, 3.370726, 0.069556724199602647521466, 44931.23, -936.311, -2.947957, 0.01947593, 0.1574723, 310.601, 2.158939, 1.666254, 27.14652
 
1.519999, -1, 0.06176732, 75.01012, 2.850541, 0.075209328835816441983233, 45141.46, -936.9307, -2.947957, 0.01947593, 0.1574723, 311.3784, 2.158939, 1.665388, 27.16329
 
1.529999, -1, 0.05176732, 74.68615, 2.365967, 0.0799354096086045499128259415, 45297.66, -937.5513, -2.947957, 0.01947593, 0.1574723, 311.9685, 2.158939, 1.664523, 27.18006
 
1.539999, -1, 0.04176732, 74.68249, 1.911875, 0.0839982714458155354548, 45400.23, -942.4813, -2.947957, 0.01947593, 0.1574723, 312.3735, 2.159481, 1.663657, 27.19683
 
1.549999, -1, 0.03176732, 74.71519, 1.504443, 0.08721419906716037666564, 45461.32, -947.7023, -2.947957, 0.01947593, 0.1574723, 312.6357, 2.160089, 1.662791, 27.21361
 
1.559999, -1, 0.02176732, 74.66322, 1.174696, 0.0894423396182747037684110521, 45488.23, -951.1755, -2.947957, 0.01947593, 0.1574723, 312.7805, 2.160486, 1.661926, 27.23038
 
1.569999, -1, 0.01176732, 74.58376, 0.9377899, 0.09069306820642937713570, 45489.85, -953.3558, -2.947957, 0.01947593, 0.1574723, 312.8383, 2.160711, 1.66106, 27.24715
 
1.579999, -1, 0.001767324, 74.44466, 0.728425, 0.0909835936263086910893, 45469.25, -954.641, -2.947957, 0.01947593, 0.1574723, 312.8197, 2.16081, 1.660194, 27.26392
 
1.589999, -1, -0.008232675, 74.28173, 0.5678465, 0.09032827726301182359435, 45431.3, -955.1689, -2.947957, 0.01947593, 0.1574723, 312.7415, 2.1608, 1.659329, 27.28069
 
1.599999, -1, -0.01823268, 74.08135, 0.4267385, 0.0887432500737647131452069527, 45379.46, -955.1056, -2.947957, 0.01947593, 0.1574723, 312.6152, 2.160706, 1.658463, 27.29746
 
1.609999, -1, -0.02823268, 73.87865, 0.3293947, 0.08624716556655859084805, 45317.16, -954.5545, -2.947957, 0.01947593, 0.1574723, 312.4528, 2.160542, 1.657598, 27.31423
 
1.619999, -1, -0.03823268, 73.64498, 0.2394958, 0.0828595620335655907389968245, 45244.53, -953.6122, -2.947957, 0.01947593, 0.1574723, 312.2545, 2.160326, 1.656732, 27.331
 
1.629999, -1, -0.04823267, 73.39185, 0.1661738, 0.07859295374830695772669, 45166.52, -952.2566, -2.947957, 0.01947593, 0.1574723, 312.0374, 2.160054, 1.655866, 27.34777
 
1.639999, -1, -0.05823267, 73.15071, 0.1278148, 0.07346971409902769067136, 45084.39, -950.6429, -2.947957, 0.01947593, 0.1574723, 311.8057, 2.159753, 1.655001, 27.36454
 
1.649999, -0.9100643, -0.06823267, 72.89014, 0.09060171, 0.06750329736184077696617, 44998.2, -948.801, -2.947957, 0.01947593, 0.1574723, 311.5595, 2.159425, 1.654135, 27.38132
 
1.659999, -0.7759562, -0.07733332, 72.622, 0.06500866, 0.06074815409636029539438, 44910.96, -946.7158, -2.947957, 0.01947593, 0.1574723, 311.3093, 2.159068, 1.653269, 27.39809
 
1.669999, -0.6361028, -0.08509288, 72.50321, 0.05688942, 0.0533891523226041380796739415, 44823.06, -946.3561, -2.947957, 0.01947593, 0.1574723, 311.0564, 2.158939, 1.652404, 27.41486
 
1.679999, -0.4917465, -0.09145391, 72.46042, 0.04903732, 0.045504443334507694463317, 44734.51, -946.9933, -2.947957, 0.01947593, 0.1574723, 310.8008, 2.158939, 1.651538, 27.43163
 
1.689999, -0.3444593, -0.09637138, 72.4168, 0.04097575, 0.03718532982033865918282, 44645.31, -947.6314, -2.947957, 0.01947593, 0.1574723, 310.5426, 2.158939, 1.650673, 27.4484
 
1.699999, -0.1964892, -0.09981596, 72.37267, 0.03299093, 0.0285659696924250850745419415, 44555.46, -948.2706, -2.947957, 0.01947593, 0.1574723, 310.2816, 2.158939, 1.649807, 27.46517
 
1.709999, -0.05003922, -0.1017809, 72.32793, 0.02498742, 0.019781834813266348544405, 44464.98, -948.9109, -2.947957, 0.01947593, 0.1574723, 310.018, 2.158939, 1.648941, 27.48194
 
1.719999, 0.09278013, -0.1022813, 72.28259, 0.01696522, 0.010966759107476821967275, 44373.87, -949.5523, -2.947957, 0.01947593, 0.1574723, 309.7518, 2.158939, 1.648076, 27.49871
 
1.729999, 0.229984, -0.1013535, 72.23652, 0.008828335, 0.0022506787474857266128425942, 44282.11, -950.1948, -2.947957, 0.01947593, 0.1574723, 309.4829, 2.158939, 1.64721, 27.51548
 
1.739999, 0.4561933, -0.09905361, 72.16999, 0, -0.0062421056805593712860032, 44190.16, -950.5809, -2.947957, 0.01947593, 0.1574723, 309.2128, 2.158939, 1.646691, 21.70268
 
1.749999, 0.6047566, -0.09449168, 72.08309, 0, -0.014350729777120846590082, 44098.46, -950.5809, -2.947957, 0.01947593, 0.1574723, 308.9431, 2.158939, 1.646691, 21.70268
 
1.759999, 0.7365987, -0.08844411, 71.99639, 0, -0.021908184175696686214395, 44007.07, -950.5809, -2.947957, 0.01947593, 0.1574723, 308.6741, 2.158939, 1.646691, 21.70268
 
1.769999, 0.8499494, -0.08107813, 71.90986, 0, -0.0287949300095607042714330585, 43915.93, -950.5809, -2.947957, 0.01947593, 0.1574723, 308.4055, 2.158939, 1.646691, 21.70268
 
1.779999, 0.9434223, -0.07257863, 71.82352, 0, -0.034906670233970576413042, 43825.06, -950.5809, -2.947957, 0.01947593, 0.1574723, 308.1374, 2.158939, 1.646691, 21.70268
 
1.789999, 1, -0.06314441, 71.73734, 0, -0.0401567291359306555908230585, 43734.46, -950.5809, -2.947957, 0.01947593, 0.1574723, 307.8698, 2.158939, 1.646691, 21.70268
 
1.799999, 1, -0.05314441, 71.65136, 0, -0.044486293945797875352633, 43644.15, -950.5809, -2.947957, 0.01947593, 0.1574723, 307.6027, 2.158939, 1.646691, 21.70268
 
1.809999, 1, -0.04314441, 71.56553, 0, -0.047876798367662344488702, 43554.09, -950.5809, -2.947957, 0.01947593, 0.1574723, 307.3361, 2.158939, 1.646691, 21.70268
 
1.819999, 1, -0.03314441, 71.4799, 0, -0.050337044067738290817829, 43464.3, -950.5809, -2.947957, 0.01947593, 0.1574723, 307.0699, 2.158939, 1.646691, 21.70268
 
1.829999, 1, -0.02314441, 71.39443, 0, -0.051876021705072854930577, 43374.78, -950.5809, -2.947957, 0.01947593, 0.1574723, 306.8043, 2.158939, 1.646691, 21.70268
 
1.839999, 1, -0.01314441, 71.30914, 0, -0.0525006430175520368939749415, 43285.51, -950.5809, -2.947957, 0.01947593, 0.1574723, 306.5391, 2.158939, 1.646691, 21.70268
 
1.849999, 1, -0.003144415, 71.22401, 0, -0.052219187691185485419824, 43196.5, -950.5809, -2.947957, 0.01947593, 0.1574723, 306.2743, 2.158939, 1.646691, 21.70268
 
1.859999, 0.9889659, 0.006855585, 71.13905, 0, -0.0510409163747813364986230585, 43107.74, -950.5809, -2.947957, 0.01947593, 0.1574723, 306.0101, 2.158939, 1.646691, 21.70268
 
1.869999, 0.9137456, 0.01674524, 71.05426, 0, -0.048978158600766419755888, 43019.24, -950.5809, -2.947957, 0.01947593, 0.1574723, 305.7462, 2.158939, 1.646691, 21.70268
 
1.879999, 0.8246852, 0.0258827, 70.96964, 0, -0.0460767766299059086277449415, 42931, -950.5809, -2.947957, 0.01947593, 0.1574723, 305.4829, 2.158939, 1.646691, 21.70268
 
1.889999, 0.7239353, 0.03412955, 70.88518, 0, -0.042418352368368481058773, 42843.01, -950.5809, -2.947957, 0.01947593, 0.1574723, 305.22, 2.158939, 1.646691, 21.70268
 
1.899999, 0.6137648, 0.0413689, 70.8009, 0, -0.038094826329492794259603, 42755.28, -950.5809, -2.947957, 0.01947593, 0.1574723, 304.9576, 2.158939, 1.646691, 21.70268
 
1.909999, 0.4965328, 0.04750655, 70.71677, 0, -0.0332074356740609148000479415, 42667.8, -950.5809, -2.947957, 0.01947593, 0.1574723, 304.6956, 2.158939, 1.646691, 21.70268
 
1.919999, 0.3746216, 0.05247188, 70.63279, 0, -0.0278634113355533629633110585, 42580.54, -950.5809, -2.947957, 0.01947593, 0.1574723, 304.4341, 2.158939, 1.646691, 21.70268
 
1.929999, 0.2503894, 0.05621809, 70.54898, 0, -0.022173683107177861952332, 42493.54, -950.5809, -2.947957, 0.01947593, 0.1574723, 304.1729, 2.158939, 1.646691, 21.70268
 
1.939999, 0.1261547, 0.05872199, 70.46536, 0, -0.016251988675659259024265, 42406.79, -950.5809, -2.947957, 0.01947593, 0.1574723, 303.9122, 2.158939, 1.646691, 21.70268
 
1.949998, 0.004133714, 0.05998353, 70.38184, 0, -0.010211696741715011749412, 42320.25, -950.5809, -2.947957, 0.01947593, 0.1574723, 303.6519, 2.158939, 1.646691, 21.70268
 
1.959998, -0.1135658, 0.06002487, 70.29852, 0, -0.0041651500449702102005027058, 42233.97, -950.5809, -2.947957, 0.01947593, 0.1574723, 303.3921, 2.158939, 1.646691, 21.70268
 
1.969998, -0.2250112, 0.05888921, 70.21535, 0, 0.0017798778016750587840916058, 42147.93, -950.5809, -2.947957, 0.01947593, 0.1574723, 303.1326, 2.158939, 1.646691, 21.70268
 
1.979998, -0.3284712, 0.0566391, 70.13232, 0, 0.0075219831437526164775212, 42062.12, -950.5809, -2.947957, 0.01947593, 0.1574723, 302.8736, 2.158939, 1.646691, 21.70268
 
1.989998, -0.4223796, 0.05335439, 70.04946, 0, 0.01296463834188120174909, 41976.55, -950.5809, -2.947957, 0.01947593, 0.1574723, 302.615, 2.158939, 1.646691, 21.70268
 
1.999998, -0.5054696, 0.04913059, 69.96674, 0, 0.0180235174939528050725059415, 41891.21, -950.5809, -2.947957, 0.01947593, 0.1574723, 302.3568, 2.158939, 1.646691, 21.70268
 
2.009999, -0.5766458, 0.0440759, 69.88418, 0, 0.022620534161240549242256, 41806.1, -950.5809, -2.947957, 0.01947593, 0.1574723, 302.099, 2.158939, 1.646691, 21.70268
 
2.019999, -0.6351285, 0.03830944, 69.80178, 0, 0.02669163777273465517645, 41721.22, -950.5809, -2.947957, 0.01947593, 0.1574723, 301.8416, 2.158939, 1.646691, 21.70268
 
2.029999, -0.6803728, 0.03195815, 69.71954, 0, 0.030183361356063779189458, 41636.59, -950.5809, -2.947957, 0.01947593, 0.1574723, 301.5846, 2.158939, 1.646691, 21.70268
 
2.039999, -0.7120772, 0.02515442, 69.63742, 0, 0.0330537485023411751953989415, 41552.17, -950.5809, -2.947957, 0.01947593, 0.1574723, 301.328, 2.158939, 1.646691, 21.70268
 
2.049999, -0.7301865, 0.01803365, 69.5555, 0, 0.035273019340909467324001, 41468, -950.5809, -2.947957, 0.01947593, 0.1574723, 301.0719, 2.158939, 1.646691, 21.70268
 
2.059999, -0.7349324, 0.01073179, 69.4737, 0, 0.0368262974359275314285549415, 41384.06, -950.5809, -2.947957, 0.01947593, 0.1574723, 300.8161, 2.158939, 1.646691, 21.70268
 
2.069999, -0.7267013, 0.003382466, 69.39206, 0, 0.037707256027325517450198, 41300.35, -950.5809, -2.947957, 0.01947593, 0.1574723, 300.5609, 2.158939, 1.646691, 21.70268
 
2.079998, -0.7061312, -0.003884547, 69.31059, 0, 0.0379235178260269173347209415, 41216.88, -950.5809, -2.947957, 0.01947593, 0.1574723, 300.306, 2.158939, 1.646691, 21.70268
 
2.089998, -0.6740485, -0.01094586, 69.22928, 0, 0.03749401811394919197192, 41133.64, -950.5809, -2.947957, 0.01947593, 0.1574723, 300.0515, 2.158939, 1.646691, 21.70268
 
2.099998, -0.6314322, -0.01768634, 69.14812, 0, 0.0364473938050941647311550585, 41050.64, -950.5809, -2.947957, 0.01947593, 0.1574723, 299.7975, 2.158939, 1.646691, 21.70268
 
2.109998, -0.5794318, -0.02400067, 69.06713, 0, 0.0348233423940130542562719415, 40967.88, -950.5809, -2.947957, 0.01947593, 0.1574723, 299.544, 2.158939, 1.646691, 21.70268
 
2.119998, -0.5192956, -0.02979498, 68.98628, 0, 0.0326692110851577686352629415, 40885.35, -950.5809, -2.947957, 0.01947593, 0.1574723, 299.2909, 2.158939, 1.646691, 21.70268
 
2.129998, -0.452359, -0.03498794, 68.9056, 0, 0.030039546809944353126198, 40803.06, -950.5809, -2.947957, 0.01947593, 0.1574723, 299.0382, 2.158939, 1.646691, 21.70268
 
2.139998, -0.3800267, -0.03951153, 68.82508, 0, 0.026995403253033089964511, 40721, -950.5809, -2.947957, 0.01947593, 0.1574723, 298.786, 2.158939, 1.646691, 21.70268
 
2.149998, -0.303745, -0.0433118, 68.74474, 0, 0.0236029909035228913872109415, 40639.19, -950.5809, -2.947957, 0.01947593, 0.1574723, 298.5342, 2.158939, 1.646691, 21.70268
 
2.159998, -0.2249857, -0.04634925, 68.66453, 0, 0.0199329480825961260714849415, 40557.61, -950.5809, -2.947957, 0.01947593, 0.1574723, 298.2829, 2.158939, 1.646691, 21.70268
 
2.169998, -0.1451942, -0.0485991, 68.58449, 0, 0.0160575960476130659816520585, 40476.26, -950.5809, -2.947957, 0.01947593, 0.1574723, 298.032, 2.158939, 1.646691, 21.70268
 
2.179998, -0.06573324, -0.05005104, 68.50463, 0, 0.0120478431095166252119, 40395.16, -950.5809, -2.947957, 0.01947593, 0.1574723, 297.7816, 2.158939, 1.646691, 21.70268
 
2.189998, 0.01201366, -0.05070838, 68.42492, 0, 0.0079786663249514409998677, 40314.29, -950.5809, -2.947957, 0.01947593, 0.1574723, 297.5317, 2.158939, 1.646691, 21.70268
 
2.199998, 0.0868115, -0.05058824, 68.34534, 0, 0.0039199345442802621626176, 40233.64, -950.5809, -2.947957, 0.01947593, 0.1574723, 297.2822, 2.158939, 1.646691, 21.70268
 
2.209998, 0.1574966, -0.04972012, 68.26595, 0, -0.000059681074713963941729634, 40153.23, -950.5809, -2.947957, 0.01947593, 0.1574723, 297.0331, 2.158939, 1.646691, 21.70268
 
2.219998, 0.2230226, -0.04814516, 68.18669, 0, -0.0038953735757061276517421942, 40073.04, -950.5809, -2.947957, 0.01947593, 0.1574723, 296.7845, 2.158939, 1.646691, 21.70268
 
2.229998, 0.2824705, -0.04591493, 68.10763, 0, -0.0075269977535835141122176, 39993.1, -950.5809, -2.947957, 0.01947593, 0.1574723, 296.5363, 2.158939, 1.646691, 21.70268
 
2.239998, 0.3350664, -0.04309022, 68.02869, 0, -0.010900323626910263569341, 39913.37, -950.5809, -2.947957, 0.01947593, 0.1574723, 296.2885, 2.158939, 1.646691, 21.70268
 
2.249998, 0.3801694, -0.03973956, 67.94991, 0, -0.01396666034219014404467, 39833.86, -950.5809, -2.947957, 0.01947593, 0.1574723, 296.0411, 2.158939, 1.646691, 21.70268
 
2.259998, 0.4173055, -0.03593787, 67.87126, 0, -0.0166850702519020912621660585, 39754.57, -950.5809, -2.947957, 0.01947593, 0.1574723, 295.7942, 2.158939, 1.646691, 21.70268
 
2.269998, 0.4461472, -0.03176481, 67.79279, 0, -0.019021525646479029853771, 39675.52, -950.5809, -2.947957, 0.01947593, 0.1574723, 295.5477, 2.158939, 1.646691, 21.70268
 
2.279998, 0.4665037, -0.02730334, 67.71446, 0, -0.0209488025583361343339080585, 39596.68, -950.5809, -2.947957, 0.01947593, 0.1574723, 295.3016, 2.158939, 1.646691, 21.70268
 
2.289998, 0.4783804, -0.0226383, 67.63628, 0, -0.0224499906287646692645189415, 39518.06, -950.5809, -2.947957, 0.01947593, 0.1574723, 295.0559, 2.158939, 1.646691, 21.70268
 
2.299998, 0.4818529, -0.0178545, 67.55825, 0, -0.023512022353324285598602, 39439.65, -950.5809, -2.947957, 0.01947593, 0.1574723, 294.8106, 2.158939, 1.646691, 21.70268
 
2.309998, 0.477213, -0.01303597, 67.48037, 0, -0.024133862771263451009554, 39361.46, -950.5809, -2.947957, 0.01947593, 0.1574723, 294.5657, 2.158939, 1.646691, 21.70268
 
2.319998, 0.4647928, -0.008263841, 67.40261, 0, -0.024317302814664718934925, 39283.47, -950.5809, -2.947957, 0.01947593, 0.1574723, 294.3213, 2.158939, 1.646691, 21.70268
 
2.329998, 0.4451083, -0.003615913, 67.32503, 0, -0.0240749870040098936152870585, 39205.71, -950.5809, -2.947957, 0.01947593, 0.1574723, 294.0771, 2.158939, 1.646691, 21.70268
 
2.339998, 0.418777, 0.0008351699, 67.24758, 0, -0.023426282604833686593303, 39128.16, -950.5809, -2.947957, 0.01947593, 0.1574723, 293.8335, 2.158939, 1.646691, 21.70268
 
2.349998, 0.3864318, 0.005022939, 67.17027, 0, -0.0223927078011021366861880585, 39050.82, -950.5809, -2.947957, 0.01947593, 0.1574723, 293.5902, 2.158939, 1.646691, 21.70268
 
2.359998, 0.3488598, 0.008887257, 67.09311, 0, -0.0210056984006743155154479415, 38973.68, -950.5809, -2.947957, 0.01947593, 0.1574723, 293.3473, 2.158939, 1.646691, 21.70268
 
2.369998, 0.3068615, 0.01237586, 67.01608, 0, -0.019299120119260863203036, 38896.75, -950.5809, -2.947957, 0.01947593, 0.1574723, 293.1047, 2.158939, 1.646691, 21.70268
 
2.379998, 0.2612743, 0.01544447, 66.93922, 0, -0.017310582530593152022827, 38820.04, -950.5809, -2.947957, 0.01947593, 0.1574723, 292.8625, 2.158939, 1.646691, 21.70268
 
2.389998, 0.213004, 0.01805721, 66.86246, 0, -0.015083382992705099179815, 38743.51, -950.5809, -2.947957, 0.01947593, 0.1574723, 292.6208, 2.158939, 1.646691, 21.70268
 
2.399998, 0.1629148, 0.02018725, 66.78585, 0, -0.01266035988103653371412, 38667.2, -950.5809, -2.947957, 0.01947593, 0.1574723, 292.3794, 2.158939, 1.646691, 21.70268
 
2.409998, 0.111896, 0.0218164, 66.70937, 0, -0.010087681444748447847552, 38591.08, -950.5809, -2.947957, 0.01947593, 0.1574723, 292.1383, 2.158939, 1.646691, 21.70268
 
2.419998, 0.06081469, 0.02293536, 66.63306, 0, -0.0074121432092136312985799, 38515.18, -950.5809, -2.947957, 0.01947593, 0.1574723, 291.8977, 2.158939, 1.646691, 21.70268
 
2.429998, 0.01051242, 0.02354351, 66.55685, 0, -0.0046810113819551895543277, 38439.46, -950.5809, -2.947957, 0.01947593, 0.1574723, 291.6574, 2.158939, 1.646691, 21.70268
 
2.439998, -0.03822183, 0.02364863, 66.48079, 0, -0.0019403948143866472504624942, 38363.95, -950.5809, -2.947957, 0.01947593, 0.1574723, 291.4174, 2.158939, 1.646691, 21.70268
 
2.449998, -0.08468496, 0.02326641, 66.40488, 0, 0.00076674581269032712084077, 38288.64, -950.5809, -2.947957, 0.01947593, 0.1574723, 291.1779, 2.158939, 1.646691, 21.70268
 
2.459998, -0.1281763, 0.02241956, 66.32911, 0, 0.0033960428118320380337400942, 38213.53, -950.5809, -2.947957, 0.01947593, 0.1574723, 290.9387, 2.158939, 1.646691, 21.70268
 
2.469998, -0.1681264, 0.0211378, 66.25345, 0, 0.0059090652104566796233661942, 38138.61, -950.5809, -2.947957, 0.01947593, 0.1574723, 290.6999, 2.158939, 1.646691, 21.70268
 
2.479998, -0.2040191, 0.01945654, 66.17796, 0, 0.0082691510088976582008478, 38063.89, -950.5809, -2.947957, 0.01947593, 0.1574723, 290.4614, 2.158939, 1.646691, 21.70268
 
2.489998, -0.2354139, 0.01741634, 66.10258, 0, 0.010442825976598559944446, 37989.38, -950.5809, -2.947957, 0.01947593, 0.1574723, 290.2233, 2.158939, 1.646691, 21.70268
 
2.499998, -0.2619575, 0.01506221, 66.02732, 0, 0.012400638730444511388737, 37915.04, -950.5809, -2.947957, 0.01947593, 0.1574723, 289.9855, 2.158939, 1.646691, 21.70268
 
2.509998, -0.2834273, 0.01244263, 65.95222, 0, 0.014119798534728827016662, 37840.91, -950.5809, -2.947957, 0.01947593, 0.1574723, 289.7482, 2.158939, 1.646691, 21.70268
 
2.519998, -0.2996532, 0.009608358, 65.87724, 0, 0.015580083156339469884282, 37766.97, -950.5809, -2.947957, 0.01947593, 0.1574723, 289.5111, 2.158939, 1.646691, 21.70268
 
2.529998, -0.310551, 0.006611826, 65.80242, 0, 0.0167657521921998245766969415, 37693.24, -950.5809, -2.947957, 0.01947593, 0.1574723, 289.2745, 2.158939, 1.646691, 21.70268
 
2.539998, -0.3161605, 0.003506316, 65.72772, 0, 0.017668075973365490039778, 37619.7, -950.5809, -2.947957, 0.01947593, 0.1574723, 289.0382, 2.158939, 1.646691, 21.70268
 
2.549998, -0.3165937, 0.0003447115, 65.65313, 0, 0.0182825366711657713758029415, 37546.33, -950.5809, -2.947957, 0.01947593, 0.1574723, 288.8022, 2.158939, 1.646691, 21.70268
 
2.559998, -0.3119943, -0.002821226, 65.5787, 0, 0.018606641380139509108071, 37473.18, -950.5809, -2.947957, 0.01947593, 0.1574723, 288.5667, 2.158939, 1.646691, 21.70268
 
2.569998, -0.3026283, -0.005941169, 65.50439, 0, 0.018645339912574648787171, 37400.21, -950.5809, -2.947957, 0.01947593, 0.1574723, 288.3315, 2.158939, 1.646691, 21.70268
 
2.579998, -0.2888512, -0.008967452, 65.43022, 0, 0.0184093238630139159734330585, 37327.43, -950.5809, -2.947957, 0.01947593, 0.1574723, 288.0966, 2.158939, 1.646691, 21.70268
 
2.589998, -0.2710149, -0.01185596, 65.3562, 0, 0.017909833805180642876909, 37254.86, -950.5809, -2.947957, 0.01947593, 0.1574723, 287.8622, 2.158939, 1.646691, 21.70268
 
2.599998, -0.2495397, -0.01456611, 65.28229, 0, 0.017162871132254094452346, 37182.46, -950.5809, -2.947957, 0.01947593, 0.1574723, 287.6281, 2.158939, 1.646691, 21.70268
 
2.609998, -0.2248833, -0.01706151, 65.20853, 0, 0.016187524120349280996034, 37110.28, -950.5809, -2.947957, 0.01947593, 0.1574723, 287.3943, 2.158939, 1.646691, 21.70268
 
2.619998, -0.197562, -0.01931034, 65.1349, 0, 0.015007335876640696787165, 37038.27, -950.5809, -2.947957, 0.01947593, 0.1574723, 287.161, 2.158939, 1.646691, 21.70268
 
2.629998, -0.1680896, -0.02128596, 65.06139, 0, 0.013646794472466949980816, 36966.45, -950.5809, -2.947957, 0.01947593, 0.1574723, 286.928, 2.158939, 1.646691, 21.70268
 
2.639998, -0.1370136, -0.02296686, 64.98803, 0, 0.012133537859713694985014, 36894.83, -950.5809, -2.947957, 0.01947593, 0.1574723, 286.6953, 2.158939, 1.646691, 21.70268
 
2.649998, -0.1048827, -0.02433699, 64.91479, 0, 0.010496436943509287169655, 36823.39, -950.5809, -2.947957, 0.01947593, 0.1574723, 286.463, 2.158939, 1.646691, 21.70268
 
2.659998, -0.07220872, -0.02538582, 64.84172, 0, 0.0087634212646814503673248, 36752.17, -950.5809, -2.947957, 0.01947593, 0.1574723, 286.2312, 2.158939, 1.646691, 21.70268
 
2.669998, -0.03953486, -0.02610791, 64.76874, 0, 0.0069654100506799815973218942, 36681.11, -950.5809, -2.947957, 0.01947593, 0.1574723, 285.9997, 2.158939, 1.646691, 21.70268
 
2.679998, -0.007355281, -0.02650326, 64.69591, 0, 0.0051316071940053705470286942, 36610.25, -950.5809, -2.947957, 0.01947593, 0.1574723, 285.7685, 2.158939, 1.646691, 21.70268
 
2.689998, 0.02382603, -0.02657681, 64.6232, 0, 0.0032929121228582613735822942, 36539.57, -950.5809, -2.947957, 0.01947593, 0.1574723, 285.5377, 2.158939, 1.646691, 21.70268
 
2.699998, 0.05357185, -0.02633855, 64.55065, 0, 0.0014773695736978217436208, 36469.09, -950.5809, -2.947957, 0.01947593, 0.1574723, 285.3072, 2.158939, 1.646691, 21.70268
 
2.709998, 0.08149615, -0.02580283, 64.47819, 0, -0.00028905409819833585135458, 36398.77, -950.5809, -2.947957, 0.01947593, 0.1574723, 285.0771, 2.158939, 1.646691, 21.70268
 
2.719998, 0.1072183, -0.02498787, 64.4059, 0, -0.0019798367186308988449174, 36328.66, -950.5809, -2.947957, 0.01947593, 0.1574723, 284.8474, 2.158939, 1.646691, 21.70268
 
2.729998, 0.1304331, -0.02391569, 64.33373, 0, -0.0035721193344801914040164, 36258.74, -950.5809, -2.947957, 0.01947593, 0.1574723, 284.618, 2.158939, 1.646691, 21.70268
 
2.739998, 0.15085, -0.02261135, 64.26168, 0, -0.0050432260456846146121289, 36188.98, -950.5809, -2.947957, 0.01947593, 0.1574723, 284.389, 2.158939, 1.646691, 21.70268
 
2.749998, 0.168296, -0.02110285, 64.18976, 0, -0.0063768908690992216190211, 36119.42, -950.5809, -2.947957, 0.01947593, 0.1574723, 284.1603, 2.158939, 1.646691, 21.70268
 
2.759998, 0.1825869, -0.01941989, 64.11796, 0, -0.0075557732623295875098814, 36050.02, -950.5809, -2.947957, 0.01947593, 0.1574723, 283.932, 2.158939, 1.646691, 21.70268
 
2.769998, 0.1936015, -0.01759402, 64.0463, 0, -0.0085658904556444296758841942, 35980.82, -950.5809, -2.947957, 0.01947593, 0.1574723, 283.704, 2.158939, 1.646691, 21.70268
 
2.779998, 0.201328, -0.01565801, 63.97476, 0, -0.00939960353873425266028, 35911.8, -950.5809, -2.947957, 0.01947593, 0.1574723, 283.4764, 2.158939, 1.646691, 21.70268
 
2.789998, 0.2057347, -0.01364473, 63.90335, 0, -0.010048019948831782599693, 35842.96, -950.5809, -2.947957, 0.01947593, 0.1574723, 283.2492, 2.158939, 1.646691, 21.70268
 
2.799998, 0.2068663, -0.01158738, 63.83206, 0, -0.010506804550338422265079, 35774.28, -950.5809, -2.947957, 0.01947593, 0.1574723, 283.0222, 2.158939, 1.646691, 21.70268
 
2.809998, 0.2048518, -0.00951872, 63.76092, 0, -0.010776812310831227067953, 35705.8, -950.5809, -2.947957, 0.01947593, 0.1574723, 282.7956, 2.158939, 1.646691, 21.70268
 
2.819998, 0.199816, -0.007470202, 63.68988, 0, -0.010858952195839487498452, 35637.49, -950.5809, -2.947957, 0.01947593, 0.1574723, 282.5694, 2.158939, 1.646691, 21.70268
 
2.829998, 0.1919495, -0.005472042, 63.61898, 0, -0.010758363010484241872103, 35569.35, -950.5809, -2.947957, 0.01947593, 0.1574723, 282.3435, 2.158939, 1.646691, 21.70268
 
2.839998, 0.1814582, -0.003552547, 63.54819, 0, -0.010481596506303346395042, 35501.39, -950.5809, -2.947957, 0.01947593, 0.1574723, 282.1179, 2.158939, 1.646691, 21.70268
 
2.849998, 0.1685861, -0.001737964, 63.47752, 0, -0.010037940331081234590253, 35433.59, -950.5809, -2.947957, 0.01947593, 0.1574723, 281.8926, 2.158939, 1.646691, 21.70268
 
2.859998, 0.1536219, -5.210299E-05, 63.40698, 0, -0.009439985007347385623099, 35365.98, -950.5809, -2.947957, 0.01947593, 0.1574723, 281.6677, 2.158939, 1.646691, 21.70268
 
2.869998, 0.1368541, 0.001484116, 63.33656, 0, -0.0087009636332628760945448, 35298.53, -950.5809, -2.947957, 0.01947593, 0.1574723, 281.4431, 2.158939, 1.646691, 21.70268
 
2.879998, 0.1185994, 0.002852656, 63.26627, 0, -0.0078364654176379822024205058, 35231.26, -950.5809, -2.947957, 0.01947593, 0.1574723, 281.2188, 2.158939, 1.646691, 21.70268
 
2.889998, 0.09919092, 0.00403865, 63.19609, 0, -0.0068638219032083960161246, 35164.15, -950.5809, -2.947957, 0.01947593, 0.1574723, 280.9949, 2.158939, 1.646691, 21.70268
 
2.899998, 0.07896299, 0.005030559, 63.12602, 0, -0.0058011719020957780284067, 35097.21, -950.5809, -2.947957, 0.01947593, 0.1574723, 280.7713, 2.158939, 1.646691, 21.70268
 
2.909998, 0.05821956, 0.005820189, 63.05609, 0, -0.0046655337689128748519751, 35030.45, -950.5809, -2.947957, 0.01947593, 0.1574723, 280.548, 2.158939, 1.646691, 21.70268
 
2.919998, 0.03729125, 0.006402384, 62.98626, 0, -0.0034762675694677123417629058, 34963.84, -950.5809, -2.947957, 0.01947593, 0.1574723, 280.325, 2.158939, 1.646691, 21.70268
 
2.929998, 0.01649697, 0.006775297, 62.91658, 0, -0.0022527549687491743855172, 34897.42, -950.5809, -2.947957, 0.01947593, 0.1574723, 280.1023, 2.158939, 1.646691, 21.70268
 
2.939998, -0.003858679, 0.006940267, 62.847, 0, -0.0010142093381283995405654, 34831.16, -950.5809, -2.947957, 0.01947593, 0.1574723, 279.88, 2.158939, 1.646691, 21.70268
 
2.949998, -0.02349928, 0.00690168, 62.77752, 0, 0.00022122097063475950175448, 34765.05, -950.5809, -2.947957, 0.01947593, 0.1574723, 279.658, 2.158939, 1.646691, 21.70268
 
2.959998, -0.04215491, 0.006666687, 62.70818, 0, 0.0014351611743674019540908, 34699.12, -950.5809, -2.947957, 0.01947593, 0.1574723, 279.4362, 2.158939, 1.646691, 21.70268
 
2.969998, -0.05958622, 0.006245138, 62.63895, 0, 0.0026105337007024787348623942, 34633.35, -950.5809, -2.947957, 0.01947593, 0.1574723, 279.2148, 2.158939, 1.646691, 21.70268
 
2.979998, -0.07557466, 0.005649276, 62.56984, 0, 0.0037310146086930043417573, 34567.74, -950.5809, -2.947957, 0.01947593, 0.1574723, 278.9937, 2.158939, 1.646691, 21.70268
 
2.989998, -0.08994957, 0.00489353, 62.50084, 0, 0.0047827903221913390799893942, 34502.3, -950.5809, -2.947957, 0.01947593, 0.1574723, 278.773, 2.158939, 1.646691, 21.70268
 
2.999998, -0.1025569, 0.003994034, 62.43196, 0, 0.005752698840340218534081, 34437.02, -950.5809, -2.947957, 0.01947593, 0.1574723, 278.5525, 2.158939, 1.646691, 21.70268
 
3.009998, -0.1132711, 0.002968465, 62.36319, 0, 0.006629004608187191951208, 34371.9, -950.5809, -2.947957, 0.01947593, 0.1574723, 278.3324, 2.158939, 1.646691, 21.70268
 
3.019998, -0.1220021, 0.001835754, 62.29456, 0, 0.0074019348963435896850908, 34306.95, -950.5809, -2.947957, 0.01947593, 0.1574723, 278.1125, 2.158939, 1.646691, 21.70268
 
3.029998, -0.1286964, 0.0006157332, 62.22603, 0, 0.0080638228955579011560491, 34242.17, -950.5809, -2.947957, 0.01947593, 0.1574723, 277.893, 2.158939, 1.646691, 21.70268
 
3.039998, -0.1333251, -0.0006712311, 62.15761, 0, 0.0086084120430978129214217942, 34177.54, -950.5809, -2.947957, 0.01947593, 0.1574723, 277.6738, 2.158939, 1.646691, 21.70268
 
3.049998, -0.135888, -0.002004482, 62.08932, 0, 0.009031220508927840454559, 34113.07, -950.5809, -2.947957, 0.01947593, 0.1574723, 277.4549, 2.158939, 1.646691, 21.70268
 
3.059998, -0.1364209, -0.003363361, 62.02112, 0, 0.00933003617693805970227, 34048.75, -950.5809, -2.947957, 0.01947593, 0.1574723, 277.2363, 2.158939, 1.646691, 21.70268
 
3.069998, -0.134989, -0.00472757, 61.95305, 0, 0.009504584557537951347885, 33984.61, -950.5809, -2.947957, 0.01947593, 0.1574723, 277.018, 2.158939, 1.646691, 21.70268
 
3.079998, -0.1316816, -0.00607746, 61.88509, 0, 0.009556323595437862514198, 33920.61, -950.5809, -2.947957, 0.01947593, 0.1574723, 276.8, 2.158939, 1.646691, 21.70268
 
3.089998, -0.1266068, -0.007394277, 61.81725, 0, 0.009488043184836605596679, 33856.77, -950.5809, -2.947957, 0.01947593, 0.1574723, 276.5823, 2.158939, 1.646691, 21.70268
 
3.099998, -0.1199067, -0.008660345, 61.74952, 0, 0.00930501712573580660741, 33793.1, -950.5809, -2.947957, 0.01947593, 0.1574723, 276.3649, 2.158939, 1.646691, 21.70268
 
3.109998, -0.1117229, -0.009859412, 61.68192, 0, 0.009012780208239561105146, 33729.59, -950.5809, -2.947957, 0.01947593, 0.1574723, 276.1479, 2.158939, 1.646691, 21.70268
 
3.119998, -0.102217, -0.01097664, 61.61441, 0, 0.0086184754614626994069339, 33666.24, -950.5809, -2.947957, 0.01947593, 0.1574723, 275.9312, 2.158939, 1.646691, 21.70268
 
3.129997, -0.09158505, -0.01199881, 61.54702, 0, 0.0081318549155788767119069, 33603.04, -950.5809, -2.947957, 0.01947593, 0.1574723, 275.7147, 2.158939, 1.646691, 21.70268
 
3.139997, -0.08001627, -0.01291466, 61.47976, 0, 0.0075626571012736894495427, 33540, -950.5809, -2.947957, 0.01947593, 0.1574723, 275.4986, 2.158939, 1.646691, 21.70268
 
3.149997, -0.06769186, -0.01371482, 61.41259, 0, 0.0069205476519972166931793, 33477.11, -950.5809, -2.947957, 0.01947593, 0.1574723, 275.2827, 2.158939, 1.646691, 21.70268
 
3.159997, -0.05483355, -0.01439174, 61.34554, 0, 0.0062182367857397253657918, 33414.36, -950.5809, -2.947957, 0.01947593, 0.1574723, 275.0671, 2.158939, 1.646691, 21.70268
 
3.169997, -0.04163062, -0.01494008, 61.27855, 0, 0.0054668354811394444788416942, 33351.74, -950.5809, -2.947957, 0.01947593, 0.1574723, 274.8517, 2.158939, 1.646691, 21.70268
 
3.179997, -0.02826617, -0.01535639, 61.21166, 0, 0.0046774817158107655813950058, 33289.25, -950.5809, -2.947957, 0.01947593, 0.1574723, 274.6365, 2.158939, 1.646691, 21.70268
 
3.189997, -0.01495421, -0.01563905, 61.14488, 0, 0.0038637649743994627953695, 33226.9, -950.5809, -2.947957, 0.01947593, 0.1574723, 274.4215, 2.158939, 1.646691, 21.70268
 
3.199997, -0.001873761, -0.01578859, 61.0782, 0, 0.0030374775097078427058011, 33164.7, -950.5809, -2.947957, 0.01947593, 0.1574723, 274.2068, 2.158939, 1.646691, 21.70268
 
3.209997, 0.01080373, -0.01580733, 61.0116, 0, 0.0022103350774391672047177, 33102.63, -950.5809, -2.947957, 0.01947593, 0.1574723, 273.9924, 2.158939, 1.646691, 21.70268
 
3.219997, 0.02290837, -0.01569929, 60.94511, 0, 0.001394353121931611870158, 33040.69, -950.5809, -2.947957, 0.01947593, 0.1574723, 273.7781, 2.158939, 1.646691, 21.70268
 
3.229997, 0.03429678, -0.01547021, 60.8787, 0, 0.0006001985786628691500064906, 32978.88, -950.5809, -2.947957, 0.01947593, 0.1574723, 273.5641, 2.158939, 1.646691, 21.70268
 
3.239997, 0.04482695, -0.01512724, 60.8124, 0, -0.00016121016642513075826604, 32917.22, -950.5809, -2.947957, 0.01947593, 0.1574723, 273.3502, 2.158939, 1.646691, 21.70268
 
3.249997, 0.0543838, -0.01467897, 60.74618, 0, -0.0008804024124898738152835294, 32855.68, -950.5809, -2.947957, 0.01947593, 0.1574723, 273.1366, 2.158939, 1.646691, 21.70268
 
3.259997, 0.06288254, -0.01413513, 60.68005, 0, -0.0015496386330375098020182, 32794.26, -950.5809, -2.947957, 0.01947593, 0.1574723, 272.9232, 2.158939, 1.646691, 21.70268
 
3.269997, 0.07022763, -0.0135063, 60.614, 0, -0.0021602600764339760442647058, 32732.98, -950.5809, -2.947957, 0.01947593, 0.1574723, 272.71, 2.158939, 1.646691, 21.70268
 
3.279997, 0.07636161, -0.01280403, 60.54805, 0, -0.0027059057839059451816824942, 32671.83, -950.5809, -2.947957, 0.01947593, 0.1574723, 272.497, 2.158939, 1.646691, 21.70268
 
3.289997, 0.08123063, -0.01204041, 60.4822, 0, -0.0031803164928235550152903, 32610.82, -950.5809, -2.947957, 0.01947593, 0.1574723, 272.2843, 2.158939, 1.646691, 21.70268
 
3.299997, 0.08482425, -0.01122811, 60.41645, 0, -0.0035800012355747807131997058, 32549.94, -950.5809, -2.947957, 0.01947593, 0.1574723, 272.0717, 2.158939, 1.646691, 21.70268
 
3.309997, 0.08713491, -0.01037986, 60.3508, 0, -0.0039016211387797352479663, 32489.19, -950.5809, -2.947957, 0.01947593, 0.1574723, 271.8594, 2.158939, 1.646691, 21.70268
 
3.319997, 0.0881598, -0.009508515, 60.28519, 0, -0.0041421397175910930307224, 32428.55, -950.5809, -2.947957, 0.01947593, 0.1574723, 271.6473, 2.158939, 1.646691, 21.70268
 
3.329997, 0.08795241, -0.008626916, 60.21971, 0, -0.0043022751447735626078231942, 32368.06, -950.5809, -2.947957, 0.01947593, 0.1574723, 271.4354, 2.158939, 1.646691, 21.70268
 
3.339997, 0.08654033, -0.007747392, 60.15432, 0, -0.0043811292543883275038322, 32307.7, -950.5809, -2.947957, 0.01947593, 0.1574723, 271.2238, 2.158939, 1.646691, 21.70268
 
3.349997, 0.08399563, -0.006881989, 60.08901, 0, -0.0043808610645588932800096, 32247.46, -950.5809, -2.947957, 0.01947593, 0.1574723, 271.0123, 2.158939, 1.646691, 21.70268
 
3.359997, 0.08036903, -0.006042033, 60.02379, 0, -0.0043023417422479858714569942, 32187.35, -950.5809, -2.947957, 0.01947593, 0.1574723, 270.801, 2.158939, 1.646691, 21.70268
 
3.369997, 0.07576173, -0.005238343, 59.95865, 0, -0.0041499820201873676159242, 32127.36, -950.5809, -2.947957, 0.01947593, 0.1574723, 270.59, 2.158939, 1.646691, 21.70268
 
3.379997, 0.07026987, -0.004480725, 59.89361, 0, -0.0039280765355114414341715, 32067.5, -950.5809, -2.947957, 0.01947593, 0.1574723, 270.3791, 2.158939, 1.646691, 21.70268
 
3.389997, 0.06398211, -0.003778026, 59.82866, 0, -0.0036406337362078003288974, 32007.78, -950.5809, -2.947957, 0.01947593, 0.1574723, 270.1685, 2.158939, 1.646691, 21.70268
 
3.399997, 0.05704038, -0.003138205, 59.76381, 0, -0.0032954959248727098856449942, 31948.18, -950.5809, -2.947957, 0.01947593, 0.1574723, 269.958, 2.158939, 1.646691, 21.70268
 
3.409997, 0.04954063, -0.002567801, 59.69903, 0, -0.0028977020104156005234667, 31888.7, -950.5809, -2.947957, 0.01947593, 0.1574723, 269.7478, 2.158939, 1.646691, 21.70268
 
3.419997, 0.04161517, -0.002072395, 59.63435, 0, -0.002454998899050437856356, 31829.35, -950.5809, -2.947957, 0.01947593, 0.1574723, 269.5378, 2.158939, 1.646691, 21.70268
 
3.429997, 0.03335257, -0.001656243, 59.56976, 0, -0.0019724506987310106740715, 31770.12, -950.5809, -2.947957, 0.01947593, 0.1574723, 269.328, 2.158939, 1.646691, 21.70268
 
3.439997, 0.02490872, -0.001322718, 59.50525, 0, -0.0014599489343409147955199, 31711.02, -950.5809, -2.947957, 0.01947593, 0.1574723, 269.1184, 2.158939, 1.646691, 21.70268
 
3.449997, 0.01639812, -0.001073631, 59.44082, 0, -0.0009249111245855088540766, 31652.04, -950.5809, -2.947957, 0.01947593, 0.1574723, 268.909, 2.158939, 1.646691, 21.70268
 
3.459997, 0.007918325, -0.0009096493, 59.3765, 0, -0.00037386058208113858113668, 31593.19, -950.5809, -2.947957, 0.01947593, 0.1574723, 268.6998, 2.158939, 1.646691, 21.70268
 
3.469997, -0.0004050416, -0.000830466, 59.31227, 0, 0.0001845091128589363235881006, 31534.47, -950.5809, -2.947957, 0.01947593, 0.1574723, 268.4908, 2.158939, 1.646691, 21.70268
 
3.479997, -0.008472898, -0.0008345165, 59.24811, 0, 0.00074303747178199350106545, 31475.86, -950.5809, -2.947957, 0.01947593, 0.1574723, 268.282, 2.158939, 1.646691, 21.70268
 
3.489997, -0.01616927, -0.0009192455, 59.18404, 0, 0.0012931546596819804400241, 31417.38, -950.5809, -2.947957, 0.01947593, 0.1574723, 268.0734, 2.158939, 1.646691, 21.70268
 
3.499997, -0.02342241, -0.001080938, 59.12004, 0, 0.0018290798357857738404968942, 31359.01, -950.5809, -2.947957, 0.01947593, 0.1574723, 267.8651, 2.158939, 1.646691, 21.70268
 
3.509997, -0.03015835, -0.001315162, 59.05614, 0, 0.0023446999819174545091277, 31300.77, -950.5809, -2.947957, 0.01947593, 0.1574723, 267.6569, 2.158939, 1.646691, 21.70268
 
3.519997, -0.03628219, -0.001616746, 58.99233, 0, 0.0028322654919654000796984058, 31242.65, -950.5809, -2.947957, 0.01947593, 0.1574723, 267.4489, 2.158939, 1.646691, 21.70268
 
3.529997, -0.04175528, -0.001979568, 58.92862, 0, 0.0032877148199556440558735, 31184.66, -950.5809, -2.947957, 0.01947593, 0.1574723, 267.2411, 2.158939, 1.646691, 21.70268
 
3.539997, -0.04650277, -0.00239712, 58.86497, 0, 0.0037043639193673722882104942, 31126.78, -950.5809, -2.947957, 0.01947593, 0.1574723, 267.0335, 2.158939, 1.646691, 21.70268
 
3.549997, -0.05050424, -0.002862148, 58.80141, 0, 0.0040791511063088648185006942, 31069.02, -950.5809, -2.947957, 0.01947593, 0.1574723, 266.8261, 2.158939, 1.646691, 21.70268
 
3.559997, -0.05373586, -0.00336719, 58.73795, 0, 0.0044087195080828409257431, 31011.39, -950.5809, -2.947957, 0.01947593, 0.1574723, 266.6189, 2.158939, 1.646691, 21.70268
 
3.569997, -0.0561756, -0.003904549, 58.67458, 0, 0.0046897779495005545686094, 30953.88, -950.5809, -2.947957, 0.01947593, 0.1574723, 266.4119, 2.158939, 1.646691, 21.70268
 
3.579997, -0.05781996, -0.004466305, 58.61128, 0, 0.0049202817081040464362719, 30896.49, -950.5809, -2.947957, 0.01947593, 0.1574723, 266.2051, 2.158939, 1.646691, 21.70268
 
3.589997, -0.05866267, -0.005044505, 58.54806, 0, 0.0050979754694216224119596942, 30839.21, -950.5809, -2.947957, 0.01947593, 0.1574723, 265.9986, 2.158939, 1.646691, 21.70268
 
3.599997, -0.05871482, -0.005631131, 58.48495, 0, 0.0052218080733164666308073, 30782.07, -950.5809, -2.947957, 0.01947593, 0.1574723, 265.7922, 2.158939, 1.646691, 21.70268
 
3.609997, -0.05801988, -0.006218279, 58.42192, 0, 0.0052930448718025941028808, 30725.04, -950.5809, -2.947957, 0.01947593, 0.1574723, 265.586, 2.158939, 1.646691, 21.70268
 
3.619997, -0.05661372, -0.006798478, 58.35894, 0, 0.0053125129335150811153992, 30668.12, -950.5809, -2.947957, 0.01947593, 0.1574723, 265.38, 2.158939, 1.646691, 21.70268
 
3.629997, -0.05452183, -0.007364615, 58.29609, 0, 0.005280378752139985827447, 30611.34, -950.5809, -2.947957, 0.01947593, 0.1574723, 265.1743, 2.158939, 1.646691, 21.70268
 
3.639997, -0.0517928, -0.007909833, 58.23331, 0, 0.0051985151566540038822226058, 30554.67, -950.5809, -2.947957, 0.01947593, 0.1574723, 264.9687, 2.158939, 1.646691, 21.70268
 
3.649997, -0.04851112, -0.008427761, 58.1706, 0, 0.005071469674601172485366, 30498.1, -950.5809, -2.947957, 0.01947593, 0.1574723, 264.7633, 2.158939, 1.646691, 21.70268
 
3.659997, -0.0447093, -0.008912873, 58.108, 0, 0.0049002709669716058832611058, 30441.67, -950.5809, -2.947957, 0.01947593, 0.1574723, 264.5581, 2.158939, 1.646691, 21.70268
 
3.669997, -0.04046348, -0.009359965, 58.04546, 0, 0.004689155173118109995169, 30385.34, -950.5809, -2.947957, 0.01947593, 0.1574723, 264.3531, 2.158939, 1.646691, 21.70268
 
3.679997, -0.03584841, -0.0097646, 57.983, 0, 0.0044424340295266828480325, 30329.13, -950.5809, -2.947957, 0.01947593, 0.1574723, 264.1483, 2.158939, 1.646691, 21.70268
 
3.689997, -0.03091796, -0.01012308, 57.92065, 0, 0.0041631017226487505517828, 30273.06, -950.5809, -2.947957, 0.01947593, 0.1574723, 263.9437, 2.158939, 1.646691, 21.70268
 
3.699997, -0.02576074, -0.01043226, 57.85838, 0, 0.0038567848391072172984910058, 30217.09, -950.5809, -2.947957, 0.01947593, 0.1574723, 263.7393, 2.158939, 1.646691, 21.70268
 
3.709997, -0.02044361, -0.01068987, 57.7962, 0, 0.0035277519170262480539088058, 30161.25, -950.5809, -2.947957, 0.01947593, 0.1574723, 263.5351, 2.158939, 1.646691, 21.70268
 
3.719997, -0.0150453, -0.01089431, 57.73407, 0, 0.0031812965556566216922796, 30105.51, -950.5809, -2.947957, 0.01947593, 0.1574723, 263.3311, 2.158939, 1.646691, 21.70268
 
3.729997, -0.009628147, -0.01104476, 57.67205, 0, 0.0028217142920986567173009, 30049.9, -950.5809, -2.947957, 0.01947593, 0.1574723, 263.1274, 2.158939, 1.646691, 21.70268
 
3.739997, -0.004251995, -0.01114104, 57.61012, 0, 0.0024532736644765180947243942, 29994.4, -950.5809, -2.947957, 0.01947593, 0.1574723, 262.9238, 2.158939, 1.646691, 21.70268
 
3.749997, 0.0009921166, -0.01118356, 57.54826, 0, 0.0020826587193110649722861, 29939.01, -950.5809, -2.947957, 0.01947593, 0.1574723, 262.7204, 2.158939, 1.646691, 21.70268
 
3.759997, 0.006052633, -0.01117364, 57.48648, 0, 0.0017139013037024985544446058, 29883.74, -950.5809, -2.947957, 0.01947593, 0.1574723, 262.5172, 2.158939, 1.646691, 21.70268
 
3.769997, 0.01087434, -0.01111311, 57.4248, 0, 0.0013514310496658184581739, 29828.59, -950.5809, -2.947957, 0.01947593, 0.1574723, 262.3141, 2.158939, 1.646691, 21.70268
 
3.779997, 0.01540678, -0.01100437, 57.3632, 0, 0.000999466097236481907472, 29773.55, -950.5809, -2.947957, 0.01947593, 0.1574723, 262.1113, 2.158939, 1.646691, 21.70268
 
3.789997, 0.01959722, -0.0108503, 57.30167, 0, 0.00066251608539539249379653, 29718.62, -950.5809, -2.947957, 0.01947593, 0.1574723, 261.9087, 2.158939, 1.646691, 21.70268
 
3.799997, 0.0233995, -0.01065433, 57.24021, 0, 0.00034474461624622301276117, 29663.81, -950.5809, -2.947957, 0.01947593, 0.1574723, 261.7063, 2.158939, 1.646691, 21.70268
 
3.809997, 0.02678689, -0.01042033, 57.17887, 0, 0.000049004275610330786116062, 29609.12, -950.5809, -2.947957, 0.01947593, 0.1574723, 261.5041, 2.158939, 1.646691, 21.70268
 
3.819997, 0.02972095, -0.01015247, 57.11759, 0, -0.00022092425188722774472659, 29554.53, -950.5809, -2.947957, 0.01947593, 0.1574723, 261.302, 2.158939, 1.646691, 21.70268
 
3.829997, 0.03218782, -0.009855256, 57.0564, 0, -0.00046297232269564412945084, 29500.06, -950.5809, -2.947957, 0.01947593, 0.1574723, 261.1001, 2.158939, 1.646691, 21.70268
 
3.839997, 0.03415989, -0.009533378, 56.99527, 0, -0.00067401980913955364342741, 29445.7, -950.5809, -2.947957, 0.01947593, 0.1574723, 260.8985, 2.158939, 1.646691, 21.70268
 
3.849997, 0.03563863, -0.009191779, 56.93423, 0, -0.0008530223908227289661409494, 29391.45, -950.5809, -2.947957, 0.01947593, 0.1574723, 260.697, 2.158939, 1.646691, 21.70268
 
3.859997, 0.03662503, -0.008835393, 56.87329, 0, -0.0009989036185673665051595, 29337.32, -950.5809, -2.947957, 0.01947593, 0.1574723, 260.4957, 2.158939, 1.646691, 21.70268
 
3.869997, 0.03713579, -0.008469143, 56.81242, 0, -0.001111754838909327901921, 29283.3, -950.5809, -2.947957, 0.01947593, 0.1574723, 260.2947, 2.158939, 1.646691, 21.70268
 
3.879997, 0.03715545, -0.008097785, 56.75164, 0, -0.0011893057979434772341937, 29229.4, -950.5809, -2.947957, 0.01947593, 0.1574723, 260.0938, 2.158939, 1.646691, 21.70268
 
3.889997, 0.03671261, -0.00772623, 56.69093, 0, -0.0012325338586052694250358, 29175.61, -950.5809, -2.947957, 0.01947593, 0.1574723, 259.8931, 2.158939, 1.646691, 21.70268
 
3.899997, 0.03582397, -0.007359104, 56.6303, 0, -0.0012415983148537979563822, 29121.92, -950.5809, -2.947957, 0.01947593, 0.1574723, 259.6926, 2.158939, 1.646691, 21.70268
 
3.909997, 0.0345001, -0.007000864, 56.56976, 0, -0.0012162291769278874351229, 29068.34, -950.5809, -2.947957, 0.01947593, 0.1574723, 259.4922, 2.158939, 1.646691, 21.70268
 
3.919997, 0.03280111, -0.006655863, 56.50929, 0, -0.001159903012985606339871, 29014.88, -950.5809, -2.947957, 0.01947593, 0.1574723, 259.2921, 2.158939, 1.646691, 21.70268
 
3.929997, 0.03075034, -0.006327852, 56.44889, 0, -0.0010734756905698806667852, 28961.51, -950.5809, -2.947957, 0.01947593, 0.1574723, 259.0922, 2.158939, 1.646691, 21.70268
 
3.939997, 0.02837471, -0.006020349, 56.38858, 0, -0.0009581297648346586376873, 28908.26, -950.5809, -2.947957, 0.01947593, 0.1574723, 258.8924, 2.158939, 1.646691, 21.70268
 
3.949997, 0.02571306, -0.005736602, 56.32836, 0, -0.0008160141742857231647700306, 28855.13, -950.5809, -2.947957, 0.01947593, 0.1574723, 258.6928, 2.158939, 1.646691, 21.70268
 
3.959997, 0.02280297, -0.005479471, 56.2682, 0, -0.0006492746175517203556111906, 28802.09, -950.5809, -2.947957, 0.01947593, 0.1574723, 258.4934, 2.158939, 1.646691, 21.70268
 
3.969997, 0.01969643, -0.005251441, 56.20814, 0, -0.00046124078836063927497204, 28749.17, -950.5809, -2.947957, 0.01947593, 0.1574723, 258.2942, 2.158939, 1.646691, 21.70268
 
3.979997, 0.01644287, -0.005054477, 56.14816, 0, -0.0002551781228773110439854, 28696.37, -950.5809, -2.947957, 0.01947593, 0.1574723, 258.0952, 2.158939, 1.646691, 21.70268
 
3.989997, 0.01308603, -0.004890048, 56.08825, 0, -0.000034040777071246267323524, 28643.67, -950.5809, -2.947957, 0.01947593, 0.1574723, 257.8964, 2.158939, 1.646691, 21.70268
 
3.999997, 0.009660518, -0.004759188, 56.02842, 0, 0.0001997995330001676201193594, 28591.07, -950.5809, -2.947957, 0.01947593, 0.1574723, 257.6977, 2.158939, 1.646691, 21.70268
 
4.009997, 0.006208727, -0.004662583, 55.96867, 0, 0.0004432933989796800348794006, 28538.59, -950.5809, -2.947957, 0.01947593, 0.1574723, 257.4993, 2.158939, 1.646691, 21.70268
 
4.019997, 0.002787292, -0.004600496, 55.909, 0, 0.00069219632983116463377194, 28486.21, -950.5809, -2.947957, 0.01947593, 0.1574723, 257.301, 2.158939, 1.646691, 21.70268
 
4.029997, -0.0005728738, -0.004572622, 55.8494, 0, 0.0009440884973217970266799, 28433.94, -950.5809, -2.947957, 0.01947593, 0.1574723, 257.1029, 2.158939, 1.646691, 21.70268
 
4.039998, -0.003835313, -0.004578351, 55.78988, 0, 0.0011960474422800268001504, 28381.77, -950.5809, -2.947957, 0.01947593, 0.1574723, 256.905, 2.158939, 1.646691, 21.70268
 
4.049998, -0.006958018, -0.004616704, 55.73045, 0, 0.0014446306152576935751022, 28329.71, -950.5809, -2.947957, 0.01947593, 0.1574723, 256.7072, 2.158939, 1.646691, 21.70268
 
4.059998, -0.009918596, -0.004686284, 55.67107, 0, 0.0016877986935920525489111, 28277.75, -950.5809, -2.947957, 0.01947593, 0.1574723, 256.5097, 2.158939, 1.646691, 21.70268
 
4.069998, -0.01269364, -0.00478547, 55.6118, 0, 0.0019233737598762978834818058, 28225.91, -950.5809, -2.947957, 0.01947593, 0.1574723, 256.3123, 2.158939, 1.646691, 21.70268
 
4.079998, -0.01523346, -0.004912407, 55.55259, 0, 0.0021470890759179697837152058, 28174.16, -950.5809, -2.947957, 0.01947593, 0.1574723, 256.1151, 2.158939, 1.646691, 21.70268
 
4.089999, -0.01753125, -0.005064741, 55.49347, 0, 0.0023578691825017196003898, 28122.53, -950.5809, -2.947957, 0.01947593, 0.1574723, 255.9181, 2.158939, 1.646691, 21.70268
 
4.099999, -0.01955135, -0.005240054, 55.43441, 0, 0.0025523806060429288122169058, 28071, -950.5809, -2.947957, 0.01947593, 0.1574723, 255.7213, 2.158939, 1.646691, 21.70268
 
4.109999, -0.02128982, -0.005435567, 55.37543, 0, 0.0027296612830259154361051058, 28019.57, -950.5809, -2.947957, 0.01947593, 0.1574723, 255.5247, 2.158939, 1.646691, 21.70268
 
4.119999, -0.02273004, -0.005648465, 55.31653, 0, 0.0028877510877845551177345058, 27968.24, -950.5809, -2.947957, 0.01947593, 0.1574723, 255.3282, 2.158939, 1.646691, 21.70268
 
4.13, -0.0238773, -0.005875766, 55.25773, 0, 0.0030263494317180545867918942, 27917.04, -950.5809, -2.947957, 0.01947593, 0.1574723, 255.1319, 2.158939, 1.646691, 21.70268
 
4.14, -0.02471224, -0.006114539, 55.19899, 0, 0.0031432486985459147105747, 27865.93, -950.5809, -2.947957, 0.01947593, 0.1574723, 254.9358, 2.158939, 1.646691, 21.70268
 
4.15, -0.02524767, -0.006361661, 55.14031, 0, 0.0032387008787118631906841, 27814.91, -950.5809, -2.947957, 0.01947593, 0.1574723, 254.7399, 2.158939, 1.646691, 21.70268
 
4.16, -0.02547661, -0.006614138, 55.08174, 0, 0.0033114379203042552638055, 27764.02, -950.5809, -2.947957, 0.01947593, 0.1574723, 254.5442, 2.158939, 1.646691, 21.70268
 
4.170001, -0.02539683, -0.006868904, 55.02322, 0, 0.0033605472579303181012271, 27713.22, -950.5809, -2.947957, 0.01947593, 0.1574723, 254.3486, 2.158939, 1.646691, 21.70268
 
4.180001, -0.02504564, -0.007122872, 54.96478, 0, 0.0033882167086214519714423058, 27662.51, -950.5809, -2.947957, 0.01947593, 0.1574723, 254.1532, 2.158939, 1.646691, 21.70268
 
4.190001, -0.02441867, -0.007373329, 54.9064, 0, 0.0033934419104660664127645058, 27611.91, -950.5809, -2.947957, 0.01947593, 0.1574723, 253.958, 2.158939, 1.646691, 21.70268
 
4.200001, -0.02353676, -0.007617516, 54.84811, 0, 0.0033771975265020135939795058, 27561.41, -950.5809, -2.947957, 0.01947593, 0.1574723, 253.763, 2.158939, 1.646691, 21.70268
 
4.210001, -0.02241996, -0.007852883, 54.78992, 0, 0.0033404438203131983302565, 27511.03, -950.5809, -2.947957, 0.01947593, 0.1574723, 253.5681, 2.158939, 1.646691, 21.70268
 
4.220002, -0.02108908, -0.008077082, 54.73177, 0, 0.0032842562511149782704756942, 27460.73, -950.5809, -2.947957, 0.01947593, 0.1574723, 253.3734, 2.158939, 1.646691, 21.70268
 
4.230002, -0.01956571, -0.008287973, 54.67373, 0, 0.0032098191739930608050637, 27410.55, -950.5809, -2.947957, 0.01947593, 0.1574723, 253.179, 2.158939, 1.646691, 21.70268
 
4.240002, -0.0178665, -0.00848363, 54.61573, 0, 0.0031179812567633802540535, 27360.46, -950.5809, -2.947957, 0.01947593, 0.1574723, 252.9846, 2.158939, 1.646691, 21.70268
 
4.250002, -0.0160171, -0.008662295, 54.55782, 0, 0.003010349838470809790752, 27310.48, -950.5809, -2.947957, 0.01947593, 0.1574723, 252.7905, 2.158939, 1.646691, 21.70268
 
4.260003, -0.01404144, -0.008822465, 54.49999, 0, 0.0028884566610270844787366, 27260.59, -950.5809, -2.947957, 0.01947593, 0.1574723, 252.5965, 2.158939, 1.646691, 21.70268
 
4.270003, -0.01197787, -0.00896288, 54.44223, 0, 0.0027550511201668494041695058, 27210.81, -950.5809, -2.947957, 0.01947593, 0.1574723, 252.4027, 2.158939, 1.646691, 21.70268
 
4.280003, -0.009835122, -0.009082658, 54.38454, 0, 0.0026106065979380050906608, 27161.12, -950.5809, -2.947957, 0.01947593, 0.1574723, 252.2091, 2.158939, 1.646691, 21.70268
 
4.290003, -0.007663418, -0.00918101, 54.32694, 0, 0.0024589470493246926882679, 27111.55, -950.5809, -2.947957, 0.01947593, 0.1574723, 252.0157, 2.158939, 1.646691, 21.70268
 
4.300004, -0.005484881, -0.009257643, 54.2694, 0, 0.0023017698099588258353503, 27062.06, -950.5809, -2.947957, 0.01947593, 0.1574723, 251.8224, 2.158939, 1.646691, 21.70268
 
4.310004, -0.003303615, -0.009312492, 54.21194, 0, 0.0021393763684070413878887942, 27012.68, -950.5809, -2.947957, 0.01947593, 0.1574723, 251.6293, 2.158939, 1.646691, 21.70268
 
4.320004, -0.001155048, -0.009345528, 54.15456, 0, 0.001974606116991060895733, 26963.4, -950.5809, -2.947957, 0.01947593, 0.1574723, 251.4364, 2.158939, 1.646691, 21.70268
 
4.330004, 0.0009151747, -0.009357078, 54.09724, 0, 0.0018112191131181600012854, 26914.21, -950.5809, -2.947957, 0.01947593, 0.1574723, 251.2436, 2.158939, 1.646691, 21.70268
 
4.340004, 0.002929048, -0.009347926, 54.04001, 0, 0.0016476134175387070384187, 26865.13, -950.5809, -2.947957, 0.01947593, 0.1574723, 251.0511, 2.158939, 1.646691, 21.70268
 
4.350005, 0.004829683, -0.009318636, 53.98283, 0, 0.0014885318503906830794319, 26816.14, -950.5809, -2.947957, 0.01947593, 0.1574723, 250.8586, 2.158939, 1.646691, 21.70268
 
4.360005, 0.006609933, -0.009270339, 53.92574, 0, 0.0013348248794217906126215, 26767.25, -950.5809, -2.947957, 0.01947593, 0.1574723, 250.6664, 2.158939, 1.646691, 21.70268
 
4.370005, 0.00826045, -0.00920424, 53.86873, 0, 0.0011875382649736489939669, 26718.47, -950.5809, -2.947957, 0.01947593, 0.1574723, 250.4744, 2.158939, 1.646691, 21.70268
 
4.380005, 0.009759374, -0.009121635, 53.81178, 0, 0.0010487671275929792740017, 26669.78, -950.5809, -2.947957, 0.01947593, 0.1574723, 250.2825, 2.158939, 1.646691, 21.70268
 
4.390006, 0.01109597, -0.009024042, 53.75491, 0, 0.0009197534201811882610319, 26621.19, -950.5809, -2.947957, 0.01947593, 0.1574723, 250.0908, 2.158939, 1.646691, 21.70268
 
4.400006, 0.01225124, -0.008913082, 53.69812, 0, 0.00080244709879007170256229, 26572.7, -950.5809, -2.947957, 0.01947593, 0.1574723, 249.8993, 2.158939, 1.646691, 21.70268
 
4.410006, 0.01323941, -0.008790569, 53.64139, 0, 0.00069612207095524190805571, 26524.29, -950.5809, -2.947957, 0.01947593, 0.1574723, 249.7079, 2.158939, 1.646691, 21.70268
 
4.420006, 0.01404209, -0.008658175, 53.58474, 0, 0.00060269652393326298709434, 26476, -950.5809, -2.947957, 0.01947593, 0.1574723, 249.5167, 2.158939, 1.646691, 21.70268
 
4.430007, 0.01465317, -0.008517754, 53.52816, 0, 0.00052312901137289464368305, 26427.8, -950.5809, -2.947957, 0.01947593, 0.1574723, 249.3257, 2.158939, 1.646691, 21.70268
 
4.440007, 0.01506431, -0.008371223, 53.47166, 0, 0.0004585780593393413896227206, 26379.69, -950.5809, -2.947957, 0.01947593, 0.1574723, 249.1349, 2.158939, 1.646691, 21.70268
 
4.450007, 0.01529227, -0.008220579, 53.41523, 0, 0.0004081518916514373016075394, 26331.68, -950.5809, -2.947957, 0.01947593, 0.1574723, 248.9442, 2.158939, 1.646691, 21.70268
 
4.460007, 0.01534335, -0.008067656, 53.35886, 0, 0.0003717830108688948311211006, 26283.76, -950.5809, -2.947957, 0.01947593, 0.1574723, 248.7537, 2.158939, 1.646691, 21.70268
 
4.470007, 0.01521047, -0.007914223, 53.30257, 0, 0.00035049764807393534761342, 26235.94, -950.5809, -2.947957, 0.01947593, 0.1574723, 248.5633, 2.158939, 1.646691, 21.70268
 
4.480008, 0.01491283, -0.007762118, 53.24635, 0, 0.00034315842639931757823992, 26188.22, -950.5809, -2.947957, 0.01947593, 0.1574723, 248.3731, 2.158939, 1.646691, 21.70268
 
4.490008, 0.01444208, -0.00761299, 53.1902, 0, 0.0003508720338760976594267494, 26140.59, -950.5809, -2.947957, 0.01947593, 0.1574723, 248.1831, 2.158939, 1.646691, 21.70268
 
4.500008, 0.01382923, -0.007468569, 53.13413, 0, 0.0003714870120940586418423, 26093.06, -950.5809, -2.947957, 0.01947593, 0.1574723, 247.9933, 2.158939, 1.646691, 21.70268
 
4.510008, 0.01306563, -0.007330277, 53.07814, 0, 0.000406082600125202930314, 26045.63, -950.5809, -2.947957, 0.01947593, 0.1574723, 247.8036, 2.158939, 1.646691, 21.70268
 
4.520009, 0.01216873, -0.007199621, 53.0222, 0, 0.00045357838894189456004587, 25998.29, -950.5809, -2.947957, 0.01947593, 0.1574723, 247.6142, 2.158939, 1.646691, 21.70268
 
4.530009, 0.01115528, -0.007077933, 52.96633, 0, 0.0005129095389260568806461994, 25951.04, -950.5809, -2.947957, 0.01947593, 0.1574723, 247.4248, 2.158939, 1.646691, 21.70268
 
4.540009, 0.01004169, -0.00696638, 52.91055, 0, 0.0005829942911012498502852, 25903.89, -950.5809, -2.947957, 0.01947593, 0.1574723, 247.2357, 2.158939, 1.646691, 21.70268
 
4.550009, 0.008845164, -0.006865963, 52.85484, 0, 0.0006626414506411658346298106, 25856.83, -950.5809, -2.947957, 0.01947593, 0.1574723, 247.0467, 2.158939, 1.646691, 21.70268
 
4.560009, 0.007578216, -0.006777512, 52.79919, 0, 0.00075101044942267697653249, 25809.87, -950.5809, -2.947957, 0.01947593, 0.1574723, 246.8579, 2.158939, 1.646691, 21.70268
 
4.57001, 0.006258518, -0.00670173, 52.74363, 0, 0.0008467930970563032378426594, 25763, -950.5809, -2.947957, 0.01947593, 0.1574723, 246.6692, 2.158939, 1.646691, 21.70268
 
4.58001, 0.004910323, -0.006639144, 52.68811, 0, 0.0009480762460943575829146, 25716.22, -950.5809, -2.947957, 0.01947593, 0.1574723, 246.4807, 2.158939, 1.646691, 21.70268
 
4.59001, 0.003537352, -0.006590041, 52.63269, 0, 0.001054625005444614719845, 25669.54, -950.5809, -2.947957, 0.01947593, 0.1574723, 246.2924, 2.158939, 1.646691, 21.70268
 
4.60001, 0.002150312, -0.006554668, 52.57732, 0, 0.0011655988969805365498483, 25622.94, -950.5809, -2.947957, 0.01947593, 0.1574723, 246.1042, 2.158939, 1.646691, 21.70268
 
4.610011, 0.0007749481, -0.006533165, 52.52202, 0, 0.0012788515021007786977, 25576.44, -950.5809, -2.947957, 0.01947593, 0.1574723, 245.9162, 2.158939, 1.646691, 21.70268
 
4.620011, -0.0005773771, -0.006525415, 52.46678, 0, 0.0013933937583135686399738, 25530.02, -950.5809, -2.947957, 0.01947593, 0.1574723, 245.7283, 2.158939, 1.646691, 21.70268
 
4.630011, -0.001891336, -0.006531189, 52.41162, 0, 0.0015078649172225823953953, 25483.7, -950.5809, -2.947957, 0.01947593, 0.1574723, 245.5406, 2.158939, 1.646691, 21.70268
 
4.640011, -0.003155011, -0.006550102, 52.35655, 0, 0.0016211571208411302675698, 25437.48, -950.5809, -2.947957, 0.01947593, 0.1574723, 245.3531, 2.158939, 1.646691, 21.70268
 
4.650012, -0.004358641, -0.006581652, 52.30152, 0, 0.0017323137054487807802442, 25391.35, -950.5809, -2.947957, 0.01947593, 0.1574723, 245.1658, 2.158939, 1.646691, 21.70268
 
4.660012, -0.005491394, -0.006625238, 52.24656, 0, 0.0018402601117960468691819942, 25345.29, -950.5809, -2.947957, 0.01947593, 0.1574723, 244.9786, 2.158939, 1.646691, 21.70268
 
4.670012, -0.006545555, -0.006680152, 52.19169, 0, 0.001944160271589182399362, 25299.34, -950.5809, -2.947957, 0.01947593, 0.1574723, 244.7915, 2.158939, 1.646691, 21.70268
 
4.680012, -0.007508149, -0.006745608, 52.13688, 0, 0.0020427020345888479612935, 25253.48, -950.5809, -2.947957, 0.01947593, 0.1574723, 244.6046, 2.158939, 1.646691, 21.70268
 
4.690012, -0.00836798, -0.006820689, 52.08215, 0, 0.0021346938459823984863764, 25207.72, -950.5809, -2.947957, 0.01947593, 0.1574723, 244.418, 2.158939, 1.646691, 21.70268
 
4.700013, -0.009128255, -0.006904369, 52.02747, 0, 0.0022201564049848574214158, 25162.04, -950.5809, -2.947957, 0.01947593, 0.1574723, 244.2314, 2.158939, 1.646691, 21.70268
 
4.710013, -0.009783304, -0.006995652, 51.97287, 0, 0.0022983499396505951896315942, 25116.45, -950.5809, -2.947957, 0.01947593, 0.1574723, 244.045, 2.158939, 1.646691, 21.70268
 
4.720013, -0.01032203, -0.007093485, 51.91833, 0, 0.0023680477964980319206368, 25070.94, -950.5809, -2.947957, 0.01947593, 0.1574723, 243.8588, 2.158939, 1.646691, 21.70268
 
4.730013, -0.01074584, -0.007196705, 51.86386, 0, 0.002429079881977600117796, 25025.53, -950.5809, -2.947957, 0.01947593, 0.1574723, 243.6728, 2.158939, 1.646691, 21.70268
 
4.740014, -0.01104808, -0.007304164, 51.80947, 0, 0.00248057592909245343031, 24980.22, -950.5809, -2.947957, 0.01947593, 0.1574723, 243.4869, 2.158939, 1.646691, 21.70268
 
4.750014, -0.01124213, -0.007414645, 51.75513, 0, 0.0025233945052831296082686, 24934.98, -950.5809, -2.947957, 0.01947593, 0.1574723, 243.3011, 2.158939, 1.646691, 21.70268
 
4.760014, -0.01131135, -0.007527066, 51.70087, 0, 0.0025558076760780971361090942, 24889.84, -950.5809, -2.947957, 0.01947593, 0.1574723, 243.1155, 2.158939, 1.646691, 21.70268
 
4.770014, -0.01127954, -0.007640179, 51.64669, 0, 0.002579581174515470083747, 24844.79, -950.5809, -2.947957, 0.01947593, 0.1574723, 242.9301, 2.158939, 1.646691, 21.70268
 
4.780015, -0.01112855, -0.007752975, 51.59256, 0, 0.0025928628708335582554716, 24799.82, -950.5809, -2.947957, 0.01947593, 0.1574723, 242.7448, 2.158939, 1.646691, 21.70268
 
4.790015, -0.01087229, -0.00786426, 51.53849, 0, 0.0025965716301862285725005942, 24754.94, -950.5809, -2.947957, 0.01947593, 0.1574723, 242.5597, 2.158939, 1.646691, 21.70268
 
4.800015, -0.01052582, -0.007972983, 51.4845, 0, 0.0025917595126762214822954, 24710.15, -950.5809, -2.947957, 0.01947593, 0.1574723, 242.3748, 2.158939, 1.646691, 21.70268
 
4.810015, -0.01009098, -0.008078241, 51.43058, 0, 0.0025783581208973455529587, 24665.45, -950.5809, -2.947957, 0.01947593, 0.1574723, 242.19, 2.158939, 1.646691, 21.70268
 
4.820015, -0.009558261, -0.008179151, 51.37673, 0, 0.0025552964954636140581462, 24620.85, -950.5809, -2.947957, 0.01947593, 0.1574723, 242.0054, 2.158939, 1.646691, 21.70268
 
4.830016, -0.008956907, -0.008274733, 51.32293, 0, 0.0025249100478091941482594, 24576.32, -950.5809, -2.947957, 0.01947593, 0.1574723, 241.8209, 2.158939, 1.646691, 21.70268
 
4.840016, -0.008288153, -0.008364302, 51.2692, 0, 0.0024871285805961892207484058, 24531.87, -950.5809, -2.947957, 0.01947593, 0.1574723, 241.6366, 2.158939, 1.646691, 21.70268
 
4.850016, -0.007567869, -0.008447183, 51.21556, 0, 0.0024431841471014026538624, 24487.53, -950.5809, -2.947957, 0.01947593, 0.1574723, 241.4524, 2.158939, 1.646691, 21.70268
 
4.860016, -0.006794869, -0.008522862, 51.16197, 0, 0.0023928346565056651777634942, 24443.27, -950.5809, -2.947957, 0.01947593, 0.1574723, 241.2684, 2.158939, 1.646691, 21.70268
 
4.870017, -0.005984137, -0.00859081, 51.10843, 0, 0.0023372761634510017832464, 24399.08, -950.5809, -2.947957, 0.01947593, 0.1574723, 241.0846, 2.158939, 1.646691, 21.70268
 
4.880017, -0.005135044, -0.008650651, 51.055, 0, 0.0022763511739100421583462058, 24355, -950.5809, -2.947957, 0.01947593, 0.1574723, 240.9009, 2.158939, 1.646691, 21.70268
 
4.890017, -0.004262113, -0.008702002, 51.00161, 0, 0.0022112539425930341259354, 24311, -950.5809, -2.947957, 0.01947593, 0.1574723, 240.7174, 2.158939, 1.646691, 21.70268
 
4.900017, -0.00337887, -0.008744623, 50.94828, 0, 0.0021431319259850091053663058, 24267.08, -950.5809, -2.947957, 0.01947593, 0.1574723, 240.534, 2.158939, 1.646691, 21.70268
 
4.910017, -0.002499548, -0.008778411, 50.89502, 0, 0.0020732306768508202448849, 24223.25, -950.5809, -2.947957, 0.01947593, 0.1574723, 240.3508, 2.158939, 1.646691, 21.70268
 
4.920018, -0.001631413, -0.008803407, 50.84184, 0, 0.0020022098701736330872994, 24179.5, -950.5809, -2.947957, 0.01947593, 0.1574723, 240.1677, 2.158939, 1.646691, 21.70268
 
4.930018, -0.0007761089, -0.008819721, 50.78872, 0, 0.0019302422994005818848827942, 24135.84, -950.5809, -2.947957, 0.01947593, 0.1574723, 239.9848, 2.158939, 1.646691, 21.70268
 
4.940018, 5.302385E-05, -0.008827481, 50.73566, 0, 0.0018585591178426534291928, 24092.26, -950.5809, -2.947957, 0.01947593, 0.1574723, 239.802, 2.158939, 1.646691, 21.70268
 
4.950018, 0.0008447967, -0.008826951, 50.68266, 0, 0.0017882366846810399551185, 24048.78, -950.5809, -2.947957, 0.01947593, 0.1574723, 239.6194, 2.158939, 1.646691, 21.70268
 
4.960019, 0.001606986, -0.008818503, 50.62975, 0, 0.0017186630231237529046026, 24005.39, -950.5809, -2.947957, 0.01947593, 0.1574723, 239.4371, 2.158939, 1.646691, 21.70268
 
4.970019, 0.002312203, -0.008802433, 50.57691, 0, 0.0016523976361067440039866058, 23962.08, -950.5809, -2.947957, 0.01947593, 0.1574723, 239.2549, 2.158939, 1.646691, 21.70268
 
4.980019, 0.002962501, -0.008779312, 50.52414, 0, 0.0015893973252681981913968, 23918.87, -950.5809, -2.947957, 0.01947593, 0.1574723, 239.0728, 2.158939, 1.646691, 21.70268
 
4.990019, 0.003558458, -0.008749686, 50.47143, 0, 0.0015297493872975891762482, 23875.74, -950.5809, -2.947957, 0.01947593, 0.1574723, 238.891, 2.158939, 1.646691, 21.70268
 
5.00002, 0.004090365, -0.008714101, 50.41879, 0, 0.0014744779833556332834127, 23832.69, -950.5809, -2.947957, 0.01947593, 0.1574723, 238.7092, 2.158939, 1.646691, 21.70268
 
5.01002, 0.00455946, -0.008673198, 50.36621, 0, 0.0014236353114628244222249, 23789.74, -950.5809, -2.947957, 0.01947593, 0.1574723, 238.5277, 2.158939, 1.646691, 21.70268
 
5.02002, 0.004969789, -0.008627603, 50.31372, 0, 0.001377010779605445786059, 23746.88, -950.5809, -2.947957, 0.01947593, 0.1574723, 238.3464, 2.158939, 1.646691, 21.70268
 
5.03002, 0.005310898, -0.008577905, 50.26129, 0, 0.0013357158456336694098845, 23704.1, -950.5809, -2.947957, 0.01947593, 0.1574723, 238.1652, 2.158939, 1.646691, 21.70268
 
5.04002, 0.005583411, -0.008524796, 50.20893, 0, 0.0012998729049058948052446, 23661.41, -950.5809, -2.947957, 0.01947593, 0.1574723, 237.9842, 2.158939, 1.646691, 21.70268
 
5.050021, 0.005789644, -0.008468962, 50.15664, 0, 0.001269446858753169171035, 23618.81, -950.5809, -2.947957, 0.01947593, 0.1574723, 237.8034, 2.158939, 1.646691, 21.70268
 
5.060021, 0.005921178, -0.008411066, 50.10442, 0, 0.0012453853712372181370718, 23576.29, -950.5809, -2.947957, 0.01947593, 0.1574723, 237.6227, 2.158939, 1.646691, 21.70268
 
5.070021, 0.005978777, -0.008351854, 50.05228, 0, 0.0012278153375457941381167, 23533.87, -950.5809, -2.947957, 0.01947593, 0.1574723, 237.4422, 2.158939, 1.646691, 21.70268
 
5.080021, 0.005963583, -0.008292066, 50.00019, 0, 0.0012168240543683438846086, 23491.52, -950.5809, -2.947957, 0.01947593, 0.1574723, 237.2619, 2.158939, 1.646691, 21.70268
 
5.090022, 0.00589169, -0.008232431, 49.94818, 0, 0.0012111101710560019817573, 23449.27, -950.5809, -2.947957, 0.01947593, 0.1574723, 237.0818, 2.158939, 1.646691, 21.70268
 
5.100022, 0.005751635, -0.008173513, 49.89622, 0, 0.0012118877415681871139141, 23407.1, -950.5809, -2.947957, 0.01947593, 0.1574723, 236.9018, 2.158939, 1.646691, 21.70268
 
5.110022, 0.005543073, -0.008115997, 49.84434, 0, 0.0012193709577820984262796, 23365.01, -950.5809, -2.947957, 0.01947593, 0.1574723, 236.722, 2.158939, 1.646691, 21.70268
 
5.120022, 0.005282336, -0.008060566, 49.79253, 0, 0.0012322170706188236304534, 23323.01, -950.5809, -2.947957, 0.01947593, 0.1574723, 236.5424, 2.158939, 1.646691, 21.70268
 
5.130023, 0.004971229, -0.008007742, 49.74078, 0, 0.0012503972811705040178371, 23281.09, -950.5809, -2.947957, 0.01947593, 0.1574723, 236.3629, 2.158939, 1.646691, 21.70268
 
5.140023, 0.004609322, -0.00795803, 49.68911, 0, 0.0012740861828160330093085, 23239.27, -950.5809, -2.947957, 0.01947593, 0.1574723, 236.1836, 2.158939, 1.646691, 21.70268
 
5.150023, 0.004212418, -0.007911937, 49.63749, 0, 0.0013019383265788865625361, 23197.51, -950.5809, -2.947957, 0.01947593, 0.1574723, 236.0044, 2.158939, 1.646691, 21.70268
 
5.160023, 0.003766382, -0.007869814, 49.58594, 0, 0.0013353765585004589992096, 23155.85, -950.5809, -2.947957, 0.01947593, 0.1574723, 235.8254, 2.158939, 1.646691, 21.70268
 
5.170023, 0.00329689, -0.00783215, 49.53447, 0, 0.0013721176651670770782621, 23114.28, -950.5809, -2.947957, 0.01947593, 0.1574723, 235.6466, 2.158939, 1.646691, 21.70268
 
5.180024, 0.002794856, -0.007799181, 49.48306, 0, 0.001413081411698478305555, 23072.78, -950.5809, -2.947957, 0.01947593, 0.1574723, 235.468, 2.158939, 1.646691, 21.70268
 
5.190024, 0.00227326, -0.007771233, 49.43172, 0, 0.0014571329411318554453826, 23031.38, -950.5809, -2.947957, 0.01947593, 0.1574723, 235.2896, 2.158939, 1.646691, 21.70268
 
5.200024, 0.001740035, -0.0077485, 49.38044, 0, 0.0015035756798833759835211, 22990.04, -950.5809, -2.947957, 0.01947593, 0.1574723, 235.1112, 2.158939, 1.646691, 21.70268
 
5.210024, 0.001186203, -0.0077311, 49.32922, 0, 0.0015532951943696952093713, 22948.8, -950.5809, -2.947957, 0.01947593, 0.1574723, 234.9331, 2.158939, 1.646691, 21.70268
 
5.220025, 0.0006356625, -0.007719237, 49.27807, 0, 0.0016040793684809250683773058, 22907.63, -950.5809, -2.947957, 0.01947593, 0.1574723, 234.7551, 2.158939, 1.646691, 21.70268
 
5.230025, 7.504744E-05, -0.007712881, 49.22698, 0, 0.0016571935542310805706052, 22866.55, -950.5809, -2.947957, 0.01947593, 0.1574723, 234.5773, 2.158939, 1.646691, 21.70268
 
5.240025, -0.0004694406, -0.00771213, 49.17598, 0, 0.0017101727451006573759368, 22825.56, -950.5809, -2.947957, 0.01947593, 0.1574723, 234.3996, 2.158939, 1.646691, 21.70268
 
5.250025, -0.00100045, -0.007716824, 49.12503, 0, 0.0017632275331033632913392, 22784.65, -950.5809, -2.947957, 0.01947593, 0.1574723, 234.2222, 2.158939, 1.646691, 21.70268
 
5.260026, -0.001518538, -0.007726829, 49.07414, 0, 0.0018163804173859629329049, 22743.81, -950.5809, -2.947957, 0.01947593, 0.1574723, 234.0448, 2.158939, 1.646691, 21.70268
 
5.270026, -0.002013026, -0.007742014, 49.02332, 0, 0.0018685748380163899289301, 22703.06, -950.5809, -2.947957, 0.01947593, 0.1574723, 233.8676, 2.158939, 1.646691, 21.70268
 
5.280026, -0.002496046, -0.007762144, 48.97256, 0, 0.0019209159530837132222196942, 22662.39, -950.5809, -2.947957, 0.01947593, 0.1574723, 233.6907, 2.158939, 1.646691, 21.70268
 
5.290026, -0.002942996, -0.007787105, 48.92189, 0, 0.0019710098533722136591665058, 22621.81, -950.5809, -2.947957, 0.01947593, 0.1574723, 233.5138, 2.158939, 1.646691, 21.70268
 
5.300026, -0.00335575, -0.007816534, 48.87126, 0, 0.0020189429356054133676135, 22581.3, -950.5809, -2.947957, 0.01947593, 0.1574723, 233.3371, 2.158939, 1.646691, 21.70268
 
5.310027, -0.003738231, -0.007850092, 48.82071, 0, 0.0020650040888278060168232, 22540.88, -950.5809, -2.947957, 0.01947593, 0.1574723, 233.1606, 2.158939, 1.646691, 21.70268
 
5.320027, -0.004076242, -0.007887474, 48.7702, 0, 0.0021077416680901295768488, 22500.52, -950.5809, -2.947957, 0.01947593, 0.1574723, 232.9843, 2.158939, 1.646691, 21.70268
 
5.330027, -0.004387322, -0.007928236, 48.71978, 0, 0.0021487378133928808509736058, 22460.26, -950.5809, -2.947957, 0.01947593, 0.1574723, 232.8081, 2.158939, 1.646691, 21.70268
 
5.340027, -0.004643507, -0.00797211, 48.6694, 0, 0.00218520713036657336797, 22420.07, -950.5809, -2.947957, 0.01947593, 0.1574723, 232.632, 2.158939, 1.646691, 21.70268
 
5.350028, -0.004849438, -0.008018545, 48.61911, 0, 0.0022174556074072239060133942, 22379.97, -950.5809, -2.947957, 0.01947593, 0.1574723, 232.4561, 2.158939, 1.646691, 21.70268
 
5.360028, -0.005017384, -0.008067039, 48.56888, 0, 0.0022465425043445285900561, 22339.95, -950.5809, -2.947957, 0.01947593, 0.1574723, 232.2804, 2.158939, 1.646691, 21.70268
 
5.370028, -0.005136998, -0.008117213, 48.5187, 0, 0.0022713581632600295554399, 22300, -950.5809, -2.947957, 0.01947593, 0.1574723, 232.1049, 2.158939, 1.646691, 21.70268
 
5.380028, -0.005224531, -0.008168583, 48.4686, 0, 0.0022933596288982033403150942, 22260.14, -950.5809, -2.947957, 0.01947593, 0.1574723, 231.9295, 2.158939, 1.646691, 21.70268
 
5.390028, -0.005265546, -0.008220828, 48.41854, 0, 0.0023110484580845535118973, 22220.35, -950.5809, -2.947957, 0.01947593, 0.1574723, 231.7542, 2.158939, 1.646691, 21.70268
 
5.400029, -0.005264791, -0.008273483, 48.36856, 0, 0.002324764837918134066529, 22180.64, -950.5809, -2.947957, 0.01947593, 0.1574723, 231.5791, 2.158939, 1.646691, 21.70268
 
5.410029, -0.005230391, -0.008326131, 48.31865, 0, 0.0023351918424947187487784942, 22141.01, -950.5809, -2.947957, 0.01947593, 0.1574723, 231.4042, 2.158939, 1.646691, 21.70268
 
5.420029, -0.005141947, -0.008378435, 48.26879, 0, 0.0023402334513017429224446, 22101.46, -950.5809, -2.947957, 0.01947593, 0.1574723, 231.2294, 2.158939, 1.646691, 21.70268
 
5.430029, -0.005026193, -0.008429854, 48.21901, 0, 0.0023423753700737343744506, 22061.99, -950.5809, -2.947957, 0.01947593, 0.1574723, 231.0548, 2.158939, 1.646691, 21.70268
 
5.44003, -0.004870856, -0.008480116, 48.16927, 0, 0.0023403333475133868175540058, 22022.6, -950.5809, -2.947957, 0.01947593, 0.1574723, 230.8803, 2.158939, 1.646691, 21.70268
 
5.45003, -0.004687424, -0.008528824, 48.11961, 0, 0.0023351333447131397465967, 21983.28, -950.5809, -2.947957, 0.01947593, 0.1574723, 230.706, 2.158939, 1.646691, 21.70268
 
5.46003, -0.004478897, -0.008575698, 48.06999, 0, 0.0023269967532771749832462942, 21944.04, -950.5809, -2.947957, 0.01947593, 0.1574723, 230.5319, 2.158939, 1.646691, 21.70268
 
5.47003, -0.004232503, -0.008620488, 48.02046, 0, 0.002314586223921821746282, 21904.88, -950.5809, -2.947957, 0.01947593, 0.1574723, 230.3579, 2.158939, 1.646691, 21.70268
 
5.480031, -0.003960545, -0.008662812, 47.97099, 0, 0.0022990186142924575792181058, 21865.8, -950.5809, -2.947957, 0.01947593, 0.1574723, 230.184, 2.158939, 1.646691, 21.70268
 
5.490031, -0.003678031, -0.008702418, 47.92156, 0, 0.0022817203702939501426604058, 21826.78, -950.5809, -2.947957, 0.01947593, 0.1574723, 230.0103, 2.158939, 1.646691, 21.70268
 
5.500031, -0.003361999, -0.008739199, 47.87219, 0, 0.0022603686800143204712192, 21787.85, -950.5809, -2.947957, 0.01947593, 0.1574723, 229.8368, 2.158939, 1.646691, 21.70268
 
5.510031, -0.003030907, -0.008772818, 47.82291, 0, 0.0022367148770377352811933942, 21749, -950.5809, -2.947957, 0.01947593, 0.1574723, 229.6634, 2.158939, 1.646691, 21.70268
 
5.520031, -0.002700307, -0.008803127, 47.77367, 0, 0.0022122745038902861115499058, 21710.22, -950.5809, -2.947957, 0.01947593, 0.1574723, 229.4902, 2.158939, 1.646691, 21.70268
 
5.530032, -0.002358636, -0.00883013, 47.72451, 0, 0.0021858866045988737736222058, 21671.52, -950.5809, -2.947957, 0.01947593, 0.1574723, 229.3171, 2.158939, 1.646691, 21.70268
 
5.540032, -0.002006603, -0.008853717, 47.6754, 0, 0.0021575916776276835760355, 21632.89, -950.5809, -2.947957, 0.01947593, 0.1574723, 229.1441, 2.158939, 1.646691, 21.70268
 
5.550032, -0.00165479, -0.008873783, 47.62634, 0, 0.0021284219838302941044311, 21594.34, -950.5809, -2.947957, 0.01947593, 0.1574723, 228.9714, 2.158939, 1.646691, 21.70268
 
5.560032, -0.001312547, -0.008890331, 47.57736, 0, 0.0020993224873708102350353, 21555.87, -950.5809, -2.947957, 0.01947593, 0.1574723, 228.7988, 2.158939, 1.646691, 21.70268
 
5.570033, -0.0009796391, -0.008903456, 47.52844, 0, 0.0020702913883174907985607, 21517.47, -950.5809, -2.947957, 0.01947593, 0.1574723, 228.6263, 2.158939, 1.646691, 21.70268
 
5.580033, -0.0006482056, -0.008913253, 47.47957, 0, 0.0020405592158509949243025058, 21479.15, -950.5809, -2.947957, 0.01947593, 0.1574723, 228.454, 2.158939, 1.646691, 21.70268
 
5.590033, -0.0003258485, -0.008919735, 47.43077, 0, 0.0020108972407223866529355, 21440.9, -950.5809, -2.947957, 0.01947593, 0.1574723, 228.2818, 2.158939, 1.646691, 21.70268
 
5.600033, -2.77066E-05, -0.008922993, 47.38202, 0, 0.001982867803683027924899, 21402.72, -950.5809, -2.947957, 0.01947593, 0.1574723, 228.1097, 2.158939, 1.646691, 21.70268
 
5.610034, 0.0002630553, -0.00892327, 47.33334, 0, 0.0019548212672921280886322, 21364.62, -950.5809, -2.947957, 0.01947593, 0.1574723, 227.9379, 2.158939, 1.646691, 21.70268
 
5.620034, 0.0005340101, -0.008920639, 47.28473, 0, 0.0019280445827446141849673942, 21326.6, -950.5809, -2.947957, 0.01947593, 0.1574723, 227.7661, 2.158939, 1.646691, 21.70268
 
5.630034, 0.0007855789, -0.008915299, 47.23617, 0, 0.0019025476496650806443026942, 21288.65, -950.5809, -2.947957, 0.01947593, 0.1574723, 227.5946, 2.158939, 1.646691, 21.70268
 
5.640034, 0.001019142, -0.008907443, 47.18768, 0, 0.0018782413714323395869118, 21250.78, -950.5809, -2.947957, 0.01947593, 0.1574723, 227.4231, 2.158939, 1.646691, 21.70268
 
5.650034, 0.001234401, -0.008897251, 47.13924, 0, 0.0018552049450429934617816058, 21212.98, -950.5809, -2.947957, 0.01947593, 0.1574723, 227.2519, 2.158939, 1.646691, 21.70268
 
5.660035, 0.001422581, -0.008884908, 47.09087, 0, 0.0018343896344222412376443058, 21175.25, -950.5809, -2.947957, 0.01947593, 0.1574723, 227.0807, 2.158939, 1.646691, 21.70268
 
5.670035, 0.001580481, -0.008870682, 47.04255, 0, 0.0018161977243142342502338, 21137.59, -950.5809, -2.947957, 0.01947593, 0.1574723, 226.9098, 2.158939, 1.646691, 21.70268
 
5.680035, 0.001701085, -0.008854877, 46.99429, 0, 0.0018014364841049139239251058, 21100.01, -950.5809, -2.947957, 0.01947593, 0.1574723, 226.739, 2.158939, 1.646691, 21.70268
 
5.690035, 0.001807185, -0.008837867, 46.94608, 0, 0.001787854199186041481546, 21062.5, -950.5809, -2.947957, 0.01947593, 0.1574723, 226.5683, 2.158939, 1.646691, 21.70268
 
5.700036, 0.001886467, -0.008819795, 46.89793, 0, 0.0017767657196945590868595942, 21025.06, -950.5809, -2.947957, 0.01947593, 0.1574723, 226.3977, 2.158939, 1.646691, 21.70268
 
5.710036, 0.001943277, -0.00880093, 46.84986, 0, 0.0017677948598965803581167, 20987.7, -950.5809, -2.947957, 0.01947593, 0.1574723, 226.2273, 2.158939, 1.646691, 21.70268
 
5.720036, 0.001964243, -0.008781497, 46.80185, 0, 0.0017623905648437195726982, 20950.42, -950.5809, -2.947957, 0.01947593, 0.1574723, 226.0571, 2.158939, 1.646691, 21.70268
 
5.730036, 0.001962348, -0.008761855, 46.75389, 0, 0.0017593036819076142448072, 20913.2, -950.5809, -2.947957, 0.01947593, 0.1574723, 225.887, 2.158939, 1.646691, 21.70268
 
5.740036, 0.001937116, -0.008742231, 46.70598, 0, 0.0017586476067879580395499, 20876.05, -950.5809, -2.947957, 0.01947593, 0.1574723, 225.717, 2.158939, 1.646691, 21.70268
 
5.750037, 0.001888953, -0.008722859, 46.65814, 0, 0.0017604448386315245726775058, 20838.98, -950.5809, -2.947957, 0.01947593, 0.1574723, 225.5472, 2.158939, 1.646691, 21.70268
 
5.760037, 0.001809946, -0.00870397, 46.61036, 0, 0.0017655872436160272274618942, 20801.98, -950.5809, -2.947957, 0.01947593, 0.1574723, 225.3776, 2.158939, 1.646691, 21.70268
 
5.770037, 0.001710494, -0.008685871, 46.56263, 0, 0.0017730731597275592934172, 20765.05, -950.5809, -2.947957, 0.01947593, 0.1574723, 225.2081, 2.158939, 1.646691, 21.70268
 
5.780037, 0.001589648, -0.008668766, 46.51495, 0, 0.0017830582810616959152687, 20728.19, -950.5809, -2.947957, 0.01947593, 0.1574723, 225.0387, 2.158939, 1.646691, 21.70268
 
5.790038, 0.001461433, -0.00865287, 46.46736, 0, 0.0017941314611333693713535, 20691.4, -950.5809, -2.947957, 0.01947593, 0.1574723, 224.8694, 2.158939, 1.646691, 21.70268
 
5.800038, 0.001301556, -0.008638255, 46.4198, 0, 0.0018088702021959430808871058, 20654.68, -950.5809, -2.947957, 0.01947593, 0.1574723, 224.7004, 2.158939, 1.646691, 21.70268
 
5.810038, 0.001134463, -0.00862524, 46.3723, 0, 0.0018247860986172145054041942, 20618.03, -950.5809, -2.947957, 0.01947593, 0.1574723, 224.5314, 2.158939, 1.646691, 21.70268
 
5.820038, 0.0009478066, -0.008613896, 46.32487, 0, 0.0018432057000904884073295058, 20581.46, -950.5809, -2.947957, 0.01947593, 0.1574723, 224.3626, 2.158939, 1.646691, 21.70268
 
5.830039, 0.0007546488, -0.008604418, 46.27749, 0, 0.0018628024569224600242383, 20544.95, -950.5809, -2.947957, 0.01947593, 0.1574723, 224.1939, 2.158939, 1.646691, 21.70268
 
5.840039, 0.0005426469, -0.008596871, 46.23017, 0, 0.0018849038187722687045641942, 20508.52, -950.5809, -2.947957, 0.01947593, 0.1574723, 224.0254, 2.158939, 1.646691, 21.70268
 
5.850039, 0.0003336324, -0.008591444, 46.18291, 0, 0.0019072454715095504837341058, 20472.15, -950.5809, -2.947957, 0.01947593, 0.1574723, 223.857, 2.158939, 1.646691, 21.70268
 
5.860039, 0.0001176045, -0.008588108, 46.13571, 0, 0.0019308848750321883201433, 20435.86, -950.5809, -2.947957, 0.01947593, 0.1574723, 223.6888, 2.158939, 1.646691, 21.70268
 
5.870039, -0.0001028122, -0.008586932, 46.08855, 0, 0.001955562839169489835041, 20399.63, -950.5809, -2.947957, 0.01947593, 0.1574723, 223.5207, 2.158939, 1.646691, 21.70268
 
5.88004, -0.0003212793, -0.00858796, 46.04147, 0, 0.0019806160890748251463616, 20363.47, -950.5809, -2.947957, 0.01947593, 0.1574723, 223.3527, 2.158939, 1.646691, 21.70268
 
5.89004, -0.0005377171, -0.008591173, 45.99443, 0, 0.0020060320252260060690933, 20327.38, -950.5809, -2.947957, 0.01947593, 0.1574723, 223.1848, 2.158939, 1.646691, 21.70268
 
5.90004, -0.000751015, -0.008596551, 45.94746, 0, 0.0020316864523328919224055, 20291.37, -950.5809, -2.947957, 0.01947593, 0.1574723, 223.0172, 2.158939, 1.646691, 21.70268
 
5.91004, -0.00096941, -0.008604061, 45.90054, 0, 0.0020584568371193027339057, 20255.42, -950.5809, -2.947957, 0.01947593, 0.1574723, 222.8496, 2.158939, 1.646691, 21.70268
 
5.920041, -0.001175047, -0.008613755, 45.85368, 0, 0.0020844388518030813975247, 20219.54, -950.5809, -2.947957, 0.01947593, 0.1574723, 222.6823, 2.158939, 1.646691, 21.70268
 
5.930041, -0.001378538, -0.008625505, 45.80688, 0, 0.0021107394544050470250135, 20183.73, -950.5809, -2.947957, 0.01947593, 0.1574723, 222.515, 2.158939, 1.646691, 21.70268
 
5.940041, -0.001568378, -0.008639291, 45.76012, 0, 0.0021361139921261900537937058, 20147.99, -950.5809, -2.947957, 0.01947593, 0.1574723, 222.3479, 2.158939, 1.646691, 21.70268
 
5.950041, -0.001747047, -0.008654974, 45.71344, 0, 0.0021607901563317413997453, 20112.31, -950.5809, -2.947957, 0.01947593, 0.1574723, 222.1809, 2.158939, 1.646691, 21.70268
 
5.960042, -0.001913043, -0.008672445, 45.66678, 0, 0.0021845762542913025323950058, 20076.7, -950.5809, -2.947957, 0.01947593, 0.1574723, 222.014, 2.158939, 1.646691, 21.70268
 
5.970042, -0.00206847, -0.008691575, 45.62023, 0, 0.0022076657786670131515035, 20041.17, -950.5809, -2.947957, 0.01947593, 0.1574723, 221.8473, 2.158939, 1.646691, 21.70268
 
5.980042, -0.002210124, -0.00871226, 45.57369, 0, 0.0022296807437932547056929, 20005.7, -950.5809, -2.947957, 0.01947593, 0.1574723, 221.6807, 2.158939, 1.646691, 21.70268
 
5.990042, -0.002334106, -0.008734361, 45.52722, 0, 0.0022501567672807965191553, 19970.29, -950.5809, -2.947957, 0.01947593, 0.1574723, 221.5143, 2.158939, 1.646691, 21.70268
 
6.000042, -0.002444702, -0.008757702, 45.48081, 0, 0.0022695132332253310358549, 19934.96, -950.5809, -2.947957, 0.01947593, 0.1574723, 221.348, 2.158939, 1.646691, 21.70268
 
6.010043, -0.002536733, -0.008782149, 45.43445, 0, 0.002287146264527695959869, 19899.69, -950.5809, -2.947957, 0.01947593, 0.1574723, 221.1818, 2.158939, 1.646691, 21.70268
 
6.020043, -0.002620872, -0.008807517, 45.38815, 0, 0.0023041718188674072497268942, 19864.48, -950.5809, -2.947957, 0.01947593, 0.1574723, 221.0158, 2.158939, 1.646691, 21.70268
 
6.030043, -0.002685463, -0.008833725, 45.3419, 0, 0.0023192885455956265096145, 19829.35, -950.5809, -2.947957, 0.01947593, 0.1574723, 220.8499, 2.158939, 1.646691, 21.70268
 
6.040043, -0.002738193, -0.00886058, 45.29572, 0, 0.0023332857147808294730806, 19794.29, -950.5809, -2.947957, 0.01947593, 0.1574723, 220.6842, 2.158939, 1.646691, 21.70268
 
6.050044, -0.002773466, -0.008887962, 45.2496, 0, 0.0023455135510644630270325, 19759.29, -950.5809, -2.947957, 0.01947593, 0.1574723, 220.5185, 2.158939, 1.646691, 21.70268
 
6.060044, -0.002791721, -0.008915696, 45.20351, 0, 0.0023559711544806565868265, 19724.35, -950.5809, -2.947957, 0.01947593, 0.1574723, 220.3531, 2.158939, 1.646691, 21.70268
 
6.070044, -0.002790874, -0.008943614, 45.15749, 0, 0.0023643777356777967432869058, 19689.49, -950.5809, -2.947957, 0.01947593, 0.1574723, 220.1877, 2.158939, 1.646691, 21.70268
 
6.080044, -0.002784919, -0.008971523, 45.11153, 0, 0.0023722299378986297602519942, 19654.69, -950.5809, -2.947957, 0.01947593, 0.1574723, 220.0225, 2.158939, 1.646691, 21.70268
 
6.090044, -0.00275295, -0.008999372, 45.06562, 0, 0.0023771923497090334856137942, 19619.95, -950.5809, -2.947957, 0.01947593, 0.1574723, 219.8574, 2.158939, 1.646691, 21.70268
 
6.100045, -0.002714564, -0.009026902, 45.01976, 0, 0.0023813681913485552320405, 19585.28, -950.5809, -2.947957, 0.01947593, 0.1574723, 219.6925, 2.158939, 1.646691, 21.70268
 
6.110045, -0.002659843, -0.009054047, 44.97396, 0, 0.0023836334054448257798921058, 19550.68, -950.5809, -2.947957, 0.01947593, 0.1574723, 219.5277, 2.158939, 1.646691, 21.70268
 
6.120045, -0.002590083, -0.009080646, 44.92821, 0, 0.0023840860882777298556732058, 19516.14, -950.5809, -2.947957, 0.01947593, 0.1574723, 219.363, 2.158939, 1.646691, 21.70268
 
6.130045, -0.002503968, -0.009106547, 44.88251, 0, 0.0023825354470827125145781058, 19481.67, -950.5809, -2.947957, 0.01947593, 0.1574723, 219.1985, 2.158939, 1.646691, 21.70268
 
6.140046, -0.002414499, -0.009131586, 44.83688, 0, 0.0023803872285496179704075, 19447.27, -950.5809, -2.947957, 0.01947593, 0.1574723, 219.0341, 2.158939, 1.646691, 21.70268
 
6.150046, -0.002309223, -0.009155731, 44.7913, 0, 0.0023762347860227494240344058, 19412.93, -950.5809, -2.947957, 0.01947593, 0.1574723, 218.8698, 2.158939, 1.646691, 21.70268
 
6.160046, -0.002201085, -0.009178823, 44.74576, 0, 0.0023714874660554064288582, 19378.64, -950.5809, -2.947957, 0.01947593, 0.1574723, 218.7056, 2.158939, 1.646691, 21.70268
 
6.170046, -0.002089787, -0.009200834, 44.70028, 0, 0.0023661020702858279209574, 19344.43, -950.5809, -2.947957, 0.01947593, 0.1574723, 218.5416, 2.158939, 1.646691, 21.70268
 
6.180047, -0.001966243, -0.009221732, 44.65485, 0, 0.0023590427379969619757746, 19310.27, -950.5809, -2.947957, 0.01947593, 0.1574723, 218.3777, 2.158939, 1.646691, 21.70268
 
6.190047, -0.001849033, -0.009241394, 44.60947, 0, 0.0023523721909641885966702, 19276.19, -950.5809, -2.947957, 0.01947593, 0.1574723, 218.2139, 2.158939, 1.646691, 21.70268
 
6.200047, -0.001716423, -0.009259884, 44.56416, 0, 0.0023436506217123528145735, 19242.17, -950.5809, -2.947957, 0.01947593, 0.1574723, 218.0503, 2.158939, 1.646691, 21.70268
 
6.210047, -0.001590366, -0.009277049, 44.5189, 0, 0.0023353178377166095985552, 19208.21, -950.5809, -2.947957, 0.01947593, 0.1574723, 217.8868, 2.158939, 1.646691, 21.70268
 
6.220047, -0.001449187, -0.009292952, 44.47371, 0, 0.0023249331315359333949009, 19174.33, -950.5809, -2.947957, 0.01947593, 0.1574723, 217.7235, 2.158939, 1.646691, 21.70268
 
6.230048, -0.001316028, -0.009307444, 44.42855, 0, 0.0023150830050823844696044, 19140.5, -950.5809, -2.947957, 0.01947593, 0.1574723, 217.5603, 2.158939, 1.646691, 21.70268
 
6.240048, -0.001178664, -0.009320605, 44.38346, 0, 0.0023043959103691918256669, 19106.74, -950.5809, -2.947957, 0.01947593, 0.1574723, 217.3972, 2.158939, 1.646691, 21.70268
 
6.250048, -0.001046715, -0.009332391, 44.3384, 0, 0.0022939581062021601276930058, 19073.03, -950.5809, -2.947957, 0.01947593, 0.1574723, 217.2342, 2.158939, 1.646691, 21.70268
 
6.260048, -0.0009238434, -0.009342859, 44.2934, 0, 0.0022842024761650135903263, 19039.39, -950.5809, -2.947957, 0.01947593, 0.1574723, 217.0714, 2.158939, 1.646691, 21.70268
 
6.270049, -0.0007986546, -0.009352097, 44.24846, 0, 0.0022738510687215490184889, 19005.81, -950.5809, -2.947957, 0.01947593, 0.1574723, 216.9086, 2.158939, 1.646691, 21.70268
 
6.280049, -0.0006790588, -0.009360083, 44.20357, 0, 0.0022638011498447393019497058, 18972.3, -950.5809, -2.947957, 0.01947593, 0.1574723, 216.7461, 2.158939, 1.646691, 21.70268
 
6.290049, -0.00056184, -0.009366874, 44.15873, 0, 0.0022537008328791498463871942, 18938.85, -950.5809, -2.947957, 0.01947593, 0.1574723, 216.5836, 2.158939, 1.646691, 21.70268
 
6.300049, -0.0004541766, -0.009372492, 44.11395, 0, 0.0022443825862551254451761, 18905.47, -950.5809, -2.947957, 0.01947593, 0.1574723, 216.4213, 2.158939, 1.646691, 21.70268
 
6.31005, -0.0003490403, -0.009377034, 44.06923, 0, 0.0022350634396652214596626, 18872.15, -950.5809, -2.947957, 0.01947593, 0.1574723, 216.2591, 2.158939, 1.646691, 21.70268
 
6.32005, -0.0002519228, -0.009380525, 44.02455, 0, 0.0022263832688434325711761, 18838.89, -950.5809, -2.947957, 0.01947593, 0.1574723, 216.097, 2.158939, 1.646691, 21.70268
 
6.33005, -0.0001685905, -0.009383044, 43.97991, 0, 0.0022190332475783677860782, 18805.68, -950.5809, -2.947957, 0.01947593, 0.1574723, 215.9351, 2.158939, 1.646691, 21.70268
 
6.34005, -9.096446E-05, -0.00938473, 43.93535, 0, 0.0022121179098287863842286942, 18772.55, -950.5809, -2.947957, 0.01947593, 0.1574723, 215.7733, 2.158939, 1.646691, 21.70268
 
6.35005, -2.996403E-05, -0.00938564, 43.89082, 0, 0.0022069197069602984818762, 18739.47, -950.5809, -2.947957, 0.01947593, 0.1574723, 215.6116, 2.158939, 1.646691, 21.70268
 
6.360051, 2.879532E-05, -0.00938594, 43.84634, 0, 0.0022018160005082129674535, 18706.45, -950.5809, -2.947957, 0.01947593, 0.1574723, 215.45, 2.158939, 1.646691, 21.70268
 
6.370051, 7.097313E-05, -0.009385652, 43.80193, 0, 0.0021984825269235764468474058, 18673.5, -950.5809, -2.947957, 0.01947593, 0.1574723, 215.2886, 2.158939, 1.646691, 21.70268
 
6.380051, 0.0001101084, -0.009384942, 43.75755, 0, 0.0021953884442605064418068058, 18640.6, -950.5809, -2.947957, 0.01947593, 0.1574723, 215.1272, 2.158939, 1.646691, 21.70268
 
6.390051, 0.0001356548, -0.009383841, 43.71324, 0, 0.0021937757054204097606377, 18607.77, -950.5809, -2.947957, 0.01947593, 0.1574723, 214.966, 2.158939, 1.646691, 21.70268
 
6.400052, 0.000158553, -0.009382484, 43.66898, 0, 0.0021924032574677681789952, 18575, -950.5809, -2.947957, 0.01947593, 0.1574723, 214.805, 2.158939, 1.646691, 21.70268
 
6.410052, 0.0001682779, -0.009380899, 43.62477, 0, 0.0021925130533039705058678942, 18542.3, -950.5809, -2.947957, 0.01947593, 0.1574723, 214.6441, 2.158939, 1.646691, 21.70268
 
6.420052, 0.000175742, -0.009379216, 43.5806, 0, 0.0021928631400276369319259, 18509.64, -950.5809, -2.947957, 0.01947593, 0.1574723, 214.4832, 2.158939, 1.646691, 21.70268
 
6.430052, 0.0001679268, -0.009377459, 43.5365, 0, 0.0021949906593456990296327, 18477.06, -950.5809, -2.947957, 0.01947593, 0.1574723, 214.3226, 2.158939, 1.646691, 21.70268
 
6.440053, 0.0001595118, -0.00937578, 43.49243, 0, 0.0021972117751143019302843, 18444.53, -950.5809, -2.947957, 0.01947593, 0.1574723, 214.162, 2.158939, 1.646691, 21.70268
 
6.450053, 0.0001275791, -0.009374185, 43.44843, 0, 0.0022022362845697759960614, 18412.06, -950.5809, -2.947957, 0.01947593, 0.1574723, 214.0016, 2.158939, 1.646691, 21.70268
 
6.460053, 9.518136E-05, -0.009372909, 43.40448, 0, 0.0022074038885986730201868, 18379.67, -950.5809, -2.947957, 0.01947593, 0.1574723, 213.8413, 2.158939, 1.646691, 21.70268
 
6.470053, 5.018828E-05, -0.009371957, 43.36058, 0, 0.0022141563325256786015266058, 18347.32, -950.5809, -2.947957, 0.01947593, 0.1574723, 213.6811, 2.158939, 1.646691, 21.70268
 
6.480053, 3.801492E-06, -0.009371455, 43.31672, 0, 0.0022212003653947266084490942, 18315.03, -950.5809, -2.947957, 0.01947593, 0.1574723, 213.521, 2.158939, 1.646691, 21.70268
 
6.490054, -5.731123E-05, -0.009371417, 43.27292, 0, 0.0022301280268309352736118, 18282.81, -950.5809, -2.947957, 0.01947593, 0.1574723, 213.3611, 2.158939, 1.646691, 21.70268
 
6.500054, -0.0001181967, -0.009371989, 43.22916, 0, 0.0022391996828064284821078, 18250.64, -950.5809, -2.947957, 0.01947593, 0.1574723, 213.2012, 2.158939, 1.646691, 21.70268
 
6.510054, -0.0001909536, -0.009373171, 43.18547, 0, 0.002249860678509374171378, 18218.53, -950.5809, -2.947957, 0.01947593, 0.1574723, 213.0415, 2.158939, 1.646691, 21.70268
 
6.520054, -0.0002632016, -0.00937508, 43.14181, 0, 0.0022606665687174929879426058, 18186.48, -950.5809, -2.947957, 0.01947593, 0.1574723, 212.882, 2.158939, 1.646691, 21.70268
 
6.530055, -0.0003288396, -0.009377712, 43.09822, 0, 0.0022708838812462404478687058, 18154.5, -950.5809, -2.947957, 0.01947593, 0.1574723, 212.7225, 2.158939, 1.646691, 21.70268
 
6.540055, -0.0004041365, -0.009381001, 43.05465, 0, 0.0022824475427173735351113, 18122.56, -950.5809, -2.947957, 0.01947593, 0.1574723, 212.5632, 2.158939, 1.646691, 21.70268
 
6.550055, -0.000483372, -0.009385042, 43.01116, 0, 0.0022946987781136422897994, 18090.7, -950.5809, -2.947957, 0.01947593, 0.1574723, 212.404, 2.158939, 1.646691, 21.70268
 
6.560055, -0.0005711213, -0.009389875, 42.9677, 0, 0.0023082009660700326988892058, 18058.88, -950.5809, -2.947957, 0.01947593, 0.1574723, 212.2449, 2.158939, 1.646691, 21.70268
 
6.570055, -0.0006531813, -0.009395586, 42.92432, 0, 0.0023212657706133009718234, 18027.14, -950.5809, -2.947957, 0.01947593, 0.1574723, 212.0859, 2.158939, 1.646691, 21.70268
 
6.580056, -0.0007444666, -0.009402118, 42.88095, 0, 0.0023356805239624552099663, 17995.44, -950.5809, -2.947957, 0.01947593, 0.1574723, 211.9271, 2.158939, 1.646691, 21.70268
 
6.590056, -0.0008279593, -0.009409563, 42.83767, 0, 0.0023494122032158447031996058, 17963.81, -950.5809, -2.947957, 0.01947593, 0.1574723, 211.7684, 2.158939, 1.646691, 21.70268
 
6.600056, -0.0009142446, -0.009417842, 42.79441, 0, 0.0023637225605240021230146, 17932.23, -950.5809, -2.947957, 0.01947593, 0.1574723, 211.6098, 2.158939, 1.646691, 21.70268
 
6.610056, -0.001002941, -0.009426985, 42.75121, 0, 0.002378573797320389913352, 17900.71, -950.5809, -2.947957, 0.01947593, 0.1574723, 211.4513, 2.158939, 1.646691, 21.70268
 
6.620057, -0.001083503, -0.009437014, 42.70805, 0, 0.0023926897620005100497865, 17869.24, -950.5809, -2.947957, 0.01947593, 0.1574723, 211.2929, 2.158939, 1.646691, 21.70268
 
6.630057, -0.001164894, -0.009447849, 42.66494, 0, 0.0024071405139844786740186942, 17837.84, -950.5809, -2.947957, 0.01947593, 0.1574723, 211.1346, 2.158939, 1.646691, 21.70268
 
6.640057, -0.00123877, -0.009459498, 42.62189, 0, 0.0024209081918726825533412942, 17806.49, -950.5809, -2.947957, 0.01947593, 0.1574723, 210.9765, 2.158939, 1.646691, 21.70268
 
6.650057, -0.001315665, -0.009471886, 42.5789, 0, 0.0024352608475767754507276, 17775.21, -950.5809, -2.947957, 0.01947593, 0.1574723, 210.8185, 2.158939, 1.646691, 21.70268
 
6.660058, -0.001384736, -0.009485043, 42.53593, 0, 0.0024488782311646006942110058, 17743.97, -950.5809, -2.947957, 0.01947593, 0.1574723, 210.6606, 2.158939, 1.646691, 21.70268
 
6.670058, -0.001457371, -0.00949889, 42.49302, 0, 0.0024631354904863936200477, 17712.79, -950.5809, -2.947957, 0.01947593, 0.1574723, 210.5028, 2.158939, 1.646691, 21.70268
 
6.680058, -0.001521519, -0.009513463, 42.45017, 0, 0.0024765611813437753347643, 17681.68, -950.5809, -2.947957, 0.01947593, 0.1574723, 210.3452, 2.158939, 1.646691, 21.70268
 
6.690058, -0.001568232, -0.009528678, 42.40738, 0, 0.002488027646500894280146, 17650.63, -950.5809, -2.947957, 0.01947593, 0.1574723, 210.1877, 2.158939, 1.646691, 21.70268
 
6.700058, -0.001620246, -0.00954436, 42.36462, 0, 0.0025002887815217304662560942, 17619.63, -950.5809, -2.947957, 0.01947593, 0.1574723, 210.0303, 2.158939, 1.646691, 21.70268
 
6.710059, -0.001663836, -0.009560563, 42.3219, 0, 0.0025116634501600587776391, 17588.68, -950.5809, -2.947957, 0.01947593, 0.1574723, 209.873, 2.158939, 1.646691, 21.70268
 
6.720059, -0.001702913, -0.009577201, 42.27922, 0, 0.0025226115349757209682496, 17557.78, -950.5809, -2.947957, 0.01947593, 0.1574723, 209.7158, 2.158939, 1.646691, 21.70268
 
6.730059, -0.001736342, -0.00959423, 42.23662, 0, 0.0025329782418389854790299, 17526.95, -950.5809, -2.947957, 0.01947593, 0.1574723, 209.5587, 2.158939, 1.646691, 21.70268
 
6.740059, -0.001765093, -0.009611594, 42.19405, 0, 0.0025428661668590899597030942, 17496.18, -950.5809, -2.947957, 0.01947593, 0.1574723, 209.4018, 2.158939, 1.646691, 21.70268
 
6.75006, -0.001786442, -0.009629245, 42.15155, 0, 0.0025519225234147832292561942, 17465.46, -950.5809, -2.947957, 0.01947593, 0.1574723, 209.245, 2.158939, 1.646691, 21.70268
 
6.76006, -0.001802633, -0.00964711, 42.10907, 0, 0.0025604047017450524957874, 17434.79, -950.5809, -2.947957, 0.01947593, 0.1574723, 209.0882, 2.158939, 1.646691, 21.70268
 
6.77006, -0.001813744, -0.009665136, 42.06665, 0, 0.0025683064020887856674734, 17404.19, -950.5809, -2.947957, 0.01947593, 0.1574723, 208.9316, 2.158939, 1.646691, 21.70268
 
6.78006, -0.001810548, -0.009683274, 42.02428, 0, 0.0025744576688142317071629, 17373.63, -950.5809, -2.947957, 0.01947593, 0.1574723, 208.7752, 2.158939, 1.646691, 21.70268
 
6.790061, -0.001812135, -0.00970138, 41.98194, 0, 0.0025812083128094961192153058, 17343.13, -950.5809, -2.947957, 0.01947593, 0.1574723, 208.6188, 2.158939, 1.646691, 21.70268
 
6.800061, -0.001800913, -0.009719501, 41.93968, 0, 0.0025863633173162049583289058, 17312.69, -950.5809, -2.947957, 0.01947593, 0.1574723, 208.4625, 2.158939, 1.646691, 21.70268
 
6.810061, -0.001793449, -0.00973751, 41.89743, 0, 0.0025919665048264559503464, 17282.3, -950.5809, -2.947957, 0.01947593, 0.1574723, 208.3064, 2.158939, 1.646691, 21.70268
 
6.820061, -0.001770988, -0.009755445, 41.85527, 0, 0.0025956662645204204209383942, 17251.98, -950.5809, -2.947957, 0.01947593, 0.1574723, 208.1504, 2.158939, 1.646691, 21.70268
 
6.830061, -0.001753756, -0.009773155, 41.81311, 0, 0.0025999699013135651867705, 17221.69, -950.5809, -2.947957, 0.01947593, 0.1574723, 207.9945, 2.158939, 1.646691, 21.70268
 
6.840062, -0.001725468, -0.009790692, 41.77103, 0, 0.0026028344926796361076676, 17191.47, -950.5809, -2.947957, 0.01947593, 0.1574723, 207.8387, 2.158939, 1.646691, 21.70268
 
6.850062, -0.001693206, -0.009807947, 41.72898, 0, 0.002605122205922662271953, 17161.3, -950.5809, -2.947957, 0.01947593, 0.1574723, 207.683, 2.158939, 1.646691, 21.70268
 
6.860062, -0.001664406, -0.009824879, 41.687, 0, 0.0026077636057528282012125, 17131.19, -950.5809, -2.947957, 0.01947593, 0.1574723, 207.5274, 2.158939, 1.646691, 21.70268
 
6.870062, -0.00162367, -0.009841523, 41.64505, 0, 0.0026088129659579208961079942, 17101.13, -950.5809, -2.947957, 0.01947593, 0.1574723, 207.3719, 2.158939, 1.646691, 21.70268
 
6.880063, -0.001588595, -0.00985776, 41.60314, 0, 0.0026104734029891585633932, 17071.13, -950.5809, -2.947957, 0.01947593, 0.1574723, 207.2166, 2.158939, 1.646691, 21.70268
 
6.890063, -0.001540121, -0.009873645, 41.56129, 0, 0.0026103303084157266053861942, 17041.18, -950.5809, -2.947957, 0.01947593, 0.1574723, 207.0613, 2.158939, 1.646691, 21.70268
 
6.900063, -0.001496711, -0.009889047, 41.51948, 0, 0.0026107019943202780632342942, 17011.28, -950.5809, -2.947957, 0.01947593, 0.1574723, 206.9062, 2.158939, 1.646691, 21.70268
 
6.910063, -0.001449734, -0.009904014, 41.47773, 0, 0.0026104986020335259337580942, 16981.44, -950.5809, -2.947957, 0.01947593, 0.1574723, 206.7512, 2.158939, 1.646691, 21.70268
 
6.920063, -0.001409013, -0.009918511, 41.436, 0, 0.0026109692841838507020719, 16951.65, -950.5809, -2.947957, 0.01947593, 0.1574723, 206.5963, 2.158939, 1.646691, 21.70268
 
6.930064, -0.001355132, -0.009932601, 41.39434, 0, 0.0026096364347295148447522, 16921.92, -950.5809, -2.947957, 0.01947593, 0.1574723, 206.4416, 2.158939, 1.646691, 21.70268
 
6.940064, -0.001308432, -0.009946153, 41.35273, 0, 0.0026090802558214935349456, 16892.24, -950.5809, -2.947957, 0.01947593, 0.1574723, 206.2869, 2.158939, 1.646691, 21.70268
 
6.950064, -0.001255542, -0.009959237, 41.31116, 0, 0.0026075962121008994574843, 16862.62, -950.5809, -2.947957, 0.01947593, 0.1574723, 206.1324, 2.158939, 1.646691, 21.70268
 
6.960064, -0.001209377, -0.009971792, 41.26964, 0, 0.0026068330410426526792854058, 16833.05, -950.5809, -2.947957, 0.01947593, 0.1574723, 205.9779, 2.158939, 1.646691, 21.70268
 
6.970065, -0.001159006, -0.009983886, 41.22816, 0, 0.0026053984954449317575689, 16803.54, -950.5809, -2.947957, 0.01947593, 0.1574723, 205.8236, 2.158939, 1.646691, 21.70268
 
6.980065, -0.001104542, -0.009995476, 41.18674, 0, 0.0026032916753419021063259058, 16774.08, -950.5809, -2.947957, 0.01947593, 0.1574723, 205.6694, 2.158939, 1.646691, 21.70268
 
6.990065, -0.001056066, -0.01000652, 41.14536, 0, 0.0026018112314847903674394058, 16744.67, -950.5809, -2.947957, 0.01947593, 0.1574723, 205.5153, 2.158939, 1.646691, 21.70268
 
7.000065, -0.001005898, -0.01001708, 41.104, 0, 0.0025999744011429091103302942, 16715.3, -950.5809, -2.947957, 0.01947593, 0.1574723, 205.3613, 2.158939, 1.646691, 21.70268
 
7.010066, -0.0009616337, -0.01002714, 41.06271, 0, 0.0025987666469445935181436, 16686, -950.5809, -2.947957, 0.01947593, 0.1574723, 205.2074, 2.158939, 1.646691, 21.70268
 
7.020066, -0.0009119815, -0.01003676, 41.02147, 0, 0.0025967300241794604694505, 16656.75, -950.5809, -2.947957, 0.01947593, 0.1574723, 205.0536, 2.158939, 1.646691, 21.70268
 
7.030066, -0.0008764217, -0.01004588, 40.98025, 0, 0.0025963979367732057362664942, 16627.54, -950.5809, -2.947957, 0.01947593, 0.1574723, 204.9, 2.158939, 1.646691, 21.70268
 
7.040066, -0.0008389282, -0.01005464, 40.9391, 0, 0.0025957139627115614070544942, 16598.39, -950.5809, -2.947957, 0.01947593, 0.1574723, 204.7464, 2.158939, 1.646691, 21.70268
 
7.050066, -0.0008070726, -0.01006303, 40.89799, 0, 0.0025956644645886792516509942, 16569.3, -950.5809, -2.947957, 0.01947593, 0.1574723, 204.593, 2.158939, 1.646691, 21.70268
 
7.060067, -0.0007777603, -0.0100711, 40.85691, 0, 0.0025958606571484757036363, 16540.26, -950.5809, -2.947957, 0.01947593, 0.1574723, 204.4397, 2.158939, 1.646691, 21.70268
 
7.070067, -0.00075587, -0.01007888, 40.81591, 0, 0.0025969541156812450453905058, 16511.27, -950.5809, -2.947957, 0.01947593, 0.1574723, 204.2864, 2.158939, 1.646691, 21.70268
 
7.080067, -0.0007286181, -0.01008644, 40.77493, 0, 0.0025972799033263876867512, 16482.33, -950.5809, -2.947957, 0.01947593, 0.1574723, 204.1333, 2.158939, 1.646691, 21.70268
 
7.090067, -0.0007148961, -0.01009372, 40.734, 0, 0.0025993183260232529050729942, 16453.44, -950.5809, -2.947957, 0.01947593, 0.1574723, 203.9803, 2.158939, 1.646691, 21.70268
 
7.100068, -0.0006971737, -0.01010087, 40.69312, 0, 0.0026007906701875383818249, 16424.61, -950.5809, -2.947957, 0.01947593, 0.1574723, 203.8274, 2.158939, 1.646691, 21.70268
 
7.110068, -0.0006740285, -0.01010784, 40.65228, 0, 0.0026014962434300767424857, 16395.83, -950.5809, -2.947957, 0.01947593, 0.1574723, 203.6746, 2.158939, 1.646691, 21.70268
 
7.120068, -0.0006674452, -0.01011458, 40.61148, 0, 0.002604339235615253631934, 16367.1, -950.5809, -2.947957, 0.01947593, 0.1574723, 203.522, 2.158939, 1.646691, 21.70268
 
7.130068, -0.0006528117, -0.01012126, 40.57073, 0, 0.0026060950690287642717927, 16338.42, -950.5809, -2.947957, 0.01947593, 0.1574723, 203.3694, 2.158939, 1.646691, 21.70268
 
7.140069, -0.0006545215, -0.01012779, 40.53004, 0, 0.0026099919212484047786724058, 16309.79, -950.5809, -2.947957, 0.01947593, 0.1574723, 203.2169, 2.158939, 1.646691, 21.70268
 
7.150069, -0.0006511887, -0.01013433, 40.48937, 0, 0.0026132245986555448188428058, 16281.21, -950.5809, -2.947957, 0.01947593, 0.1574723, 203.0646, 2.158939, 1.646691, 21.70268
 
7.160069, -0.0006631685, -0.01014084, 40.44876, 0, 0.0026185010985547735851972, 16252.69, -950.5809, -2.947957, 0.01947593, 0.1574723, 202.9123, 2.158939, 1.646691, 21.70268
 
7.170069, -0.0006679556, -0.01014748, 40.40819, 0, 0.0026228524335390593371454058, 16224.21, -950.5809, -2.947957, 0.01947593, 0.1574723, 202.7602, 2.158939, 1.646691, 21.70268
 
7.180069, -0.0006684173, -0.01015416, 40.36766, 0, 0.0026266412898542206871224058, 16195.78, -950.5809, -2.947957, 0.01947593, 0.1574723, 202.6081, 2.158939, 1.646691, 21.70268
 
7.19007, -0.0006828651, -0.01016084, 40.32718, 0, 0.0026323173745999980349383058, 16167.41, -950.5809, -2.947957, 0.01947593, 0.1574723, 202.4562, 2.158939, 1.646691, 21.70268
 
7.20007, -0.0006908443, -0.01016767, 40.28675, 0, 0.0026371690906083198491250058, 16139.09, -950.5809, -2.947957, 0.01947593, 0.1574723, 202.3044, 2.158939, 1.646691, 21.70268
 
7.21007, -0.0007138121, -0.01017458, 40.24635, 0, 0.0026440736287674362359327, 16110.82, -950.5809, -2.947957, 0.01947593, 0.1574723, 202.1527, 2.158939, 1.646691, 21.70268
 
7.22007, -0.0007313569, -0.01018171, 40.20601, 0, 0.0026503157920458113246359, 16082.6, -950.5809, -2.947957, 0.01947593, 0.1574723, 202.0011, 2.158939, 1.646691, 21.70268
 
7.230071, -0.0007515086, -0.01018903, 40.16571, 0, 0.00265696923972704359551, 16054.42, -950.5809, -2.947957, 0.01947593, 0.1574723, 201.8495, 2.158939, 1.646691, 21.70268
 
7.240071, -0.0007772419, -0.01019654, 40.12543, 0, 0.0026644452562139902307259, 16026.29, -950.5809, -2.947957, 0.01947593, 0.1574723, 201.6981, 2.158939, 1.646691, 21.70268
 
7.250071, -0.0007999106, -0.01020432, 40.08522, 0, 0.0026715855854312087938417, 15998.22, -950.5809, -2.947957, 0.01947593, 0.1574723, 201.5468, 2.158939, 1.646691, 21.70268
 
7.260071, -0.0008323975, -0.01021232, 40.04504, 0, 0.0026801361611676424932941058, 15970.2, -950.5809, -2.947957, 0.01947593, 0.1574723, 201.3956, 2.158939, 1.646691, 21.70268
 
7.270072, -0.0008616872, -0.01022064, 40.00491, 0, 0.0026883528495660712906164, 15942.23, -950.5809, -2.947957, 0.01947593, 0.1574723, 201.2445, 2.158939, 1.646691, 21.70268
 
7.280072, -0.0008874167, -0.01022926, 39.96483, 0, 0.0026961753529131930136568, 15914.3, -950.5809, -2.947957, 0.01947593, 0.1574723, 201.0935, 2.158939, 1.646691, 21.70268
 
7.290072, -0.0009256934, -0.01023813, 39.92478, 0, 0.0027057995879332251933846, 15886.42, -950.5809, -2.947957, 0.01947593, 0.1574723, 200.9426, 2.158939, 1.646691, 21.70268
 
7.300072, -0.0009594919, -0.01024739, 39.88477, 0, 0.0027149288417244268194186942, 15858.59, -950.5809, -2.947957, 0.01947593, 0.1574723, 200.7918, 2.158939, 1.646691, 21.70268
 
7.310072, -0.00099694, -0.01025698, 39.84481, 0, 0.0027246664724441616639114, 15830.81, -950.5809, -2.947957, 0.01947593, 0.1574723, 200.6411, 2.158939, 1.646691, 21.70268
 
7.320073, -0.001030399, -0.01026695, 39.8049, 0, 0.0027339730195118774644131, 15803.09, -950.5809, -2.947957, 0.01947593, 0.1574723, 200.4906, 2.158939, 1.646691, 21.70268
 
7.330073, -0.001057127, -0.01027726, 39.76503, 0, 0.0027424578977397494852167, 15775.41, -950.5809, -2.947957, 0.01947593, 0.1574723, 200.3401, 2.158939, 1.646691, 21.70268
 
7.340073, -0.00109003, -0.01028783, 39.7252, 0, 0.0027518823403365118740431, 15747.78, -950.5809, -2.947957, 0.01947593, 0.1574723, 200.1897, 2.158939, 1.646691, 21.70268
 
7.350073, -0.001125637, -0.01029873, 39.68542, 0, 0.0027617864647423048776203058, 15720.2, -950.5809, -2.947957, 0.01947593, 0.1574723, 200.0394, 2.158939, 1.646691, 21.70268
 
7.360074, -0.001155236, -0.01030998, 39.64567, 0, 0.0027709706164516211665788058, 15692.67, -950.5809, -2.947957, 0.01947593, 0.1574723, 199.8893, 2.158939, 1.646691, 21.70268
 
7.370074, -0.0011914, -0.01032154, 39.60597, 0, 0.0027811627299359832568226, 15665.18, -950.5809, -2.947957, 0.01947593, 0.1574723, 199.7392, 2.158939, 1.646691, 21.70268
 
7.380074, -0.001222465, -0.01033345, 39.56631, 0, 0.0027907617659116390665268, 15637.75, -950.5809, -2.947957, 0.01947593, 0.1574723, 199.5892, 2.158939, 1.646691, 21.70268
 
7.390074, -0.001258432, -0.01034568, 39.52671, 0, 0.0028011446721605741008937, 15610.36, -950.5809, -2.947957, 0.01947593, 0.1574723, 199.4394, 2.158939, 1.646691, 21.70268
 
7.400074, -0.001290072, -0.01035826, 39.48714, 0, 0.0028110379969759200887465058, 15583.03, -950.5809, -2.947957, 0.01947593, 0.1574723, 199.2896, 2.158939, 1.646691, 21.70268
 
7.410075, -0.00131556, -0.01037116, 39.44761, 0, 0.0028201753504599569765739, 15555.74, -950.5809, -2.947957, 0.01947593, 0.1574723, 199.1399, 2.158939, 1.646691, 21.70268
 
7.420075, -0.001340772, -0.01038432, 39.40812, 0, 0.002829357702237532096245, 15528.49, -950.5809, -2.947957, 0.01947593, 0.1574723, 198.9904, 2.158939, 1.646691, 21.70268
 
7.430075, -0.001360739, -0.01039772, 39.36867, 0, 0.0028378884787247949342185942, 15501.29, -950.5809, -2.947957, 0.01947593, 0.1574723, 198.8409, 2.158939, 1.646691, 21.70268
 
7.440075, -0.001387487, -0.01041133, 39.32927, 0, 0.0028474398165093187574654, 15474.15, -950.5809, -2.947957, 0.01947593, 0.1574723, 198.6915, 2.158939, 1.646691, 21.70268
 
7.450076, -0.001407789, -0.01042521, 39.28991, 0, 0.0028561730853174811395889058, 15447.05, -950.5809, -2.947957, 0.01947593, 0.1574723, 198.5423, 2.158939, 1.646691, 21.70268
 
7.460076, -0.001424161, -0.01043928, 39.25059, 0, 0.0028644203725555188144557058, 15420, -950.5809, -2.947957, 0.01947593, 0.1574723, 198.3931, 2.158939, 1.646691, 21.70268
 
7.470076, -0.001446203, -0.01045352, 39.21132, 0, 0.0028735271271999468247385942, 15393, -950.5809, -2.947957, 0.01947593, 0.1574723, 198.2441, 2.158939, 1.646691, 21.70268
 
7.480076, -0.001455538, -0.01046799, 39.1721, 0, 0.0028809086472704910720247, 15366.04, -950.5809, -2.947957, 0.01947593, 0.1574723, 198.0951, 2.158939, 1.646691, 21.70268
 
7.490077, -0.001470698, -0.01048254, 39.1329, 0, 0.0028891541345767965772628058, 15339.14, -950.5809, -2.947957, 0.01947593, 0.1574723, 197.9463, 2.158939, 1.646691, 21.70268
 
7.500077, -0.0014809, -0.01049725, 39.09375, 0, 0.0028967489465586423861296942, 15312.27, -950.5809, -2.947957, 0.01947593, 0.1574723, 197.7975, 2.158939, 1.646691, 21.70268
 
7.510077, -0.001488619, -0.01051206, 39.05464, 0, 0.0029040296704516721536626942, 15285.46, -950.5809, -2.947957, 0.01947593, 0.1574723, 197.6488, 2.158939, 1.646691, 21.70268
 
7.520077, -0.00150293, -0.01052694, 39.01559, 0, 0.0029122814575190717514067, 15258.7, -950.5809, -2.947957, 0.01947593, 0.1574723, 197.5003, 2.158939, 1.646691, 21.70268
 
7.530077, -0.001504096, -0.01054197, 38.97657, 0, 0.0029187081138009166920684, 15231.98, -950.5809, -2.947957, 0.01947593, 0.1574723, 197.3519, 2.158939, 1.646691, 21.70268
 
7.540078, -0.001500643, -0.01055701, 38.93758, 0, 0.0029244858946900791042811058, 15205.3, -950.5809, -2.947957, 0.01947593, 0.1574723, 197.2035, 2.158939, 1.646691, 21.70268
 
7.550078, -0.001505191, -0.01057202, 38.89864, 0, 0.0029314075322007365993191, 15178.68, -950.5809, -2.947957, 0.01947593, 0.1574723, 197.0553, 2.158939, 1.646691, 21.70268
 
7.560078, -0.001505531, -0.01058707, 38.85975, 0, 0.0029377477917589964145268942, 15152.1, -950.5809, -2.947957, 0.01947593, 0.1574723, 196.9071, 2.158939, 1.646691, 21.70268
 
7.570078, -0.001503974, -0.01060213, 38.8209, 0, 0.002943824361317192928448, 15125.57, -950.5809, -2.947957, 0.01947593, 0.1574723, 196.759, 2.158939, 1.646691, 21.70268
 
7.580079, -0.001499547, -0.01061717, 38.78207, 0, 0.0029494905464383938451832, 15099.08, -950.5809, -2.947957, 0.01947593, 0.1574723, 196.6111, 2.158939, 1.646691, 21.70268
 
7.590079, -0.001491398, -0.01063216, 38.7433, 0, 0.0029546149521055118060697058, 15072.64, -950.5809, -2.947957, 0.01947593, 0.1574723, 196.4632, 2.158939, 1.646691, 21.70268
 
7.600079, -0.001482491, -0.01064708, 38.70456, 0, 0.0029596115626189887482334, 15046.24, -950.5809, -2.947957, 0.01947593, 0.1574723, 196.3154, 2.158939, 1.646691, 21.70268
 
7.610079, -0.001468808, -0.0106619, 38.66587, 0, 0.0029638981000605834061765, 15019.9, -950.5809, -2.947957, 0.01947593, 0.1574723, 196.1678, 2.158939, 1.646691, 21.70268
 
7.62008, -0.001461909, -0.01067659, 38.62724, 0, 0.0029691341014956448632231, 14993.6, -950.5809, -2.947957, 0.01947593, 0.1574723, 196.0202, 2.158939, 1.646691, 21.70268
 
7.63008, -0.001451391, -0.01069121, 38.58861, 0, 0.0029738310233742261186934, 14967.34, -950.5809, -2.947957, 0.01947593, 0.1574723, 195.8727, 2.158939, 1.646691, 21.70268
 
7.64008, -0.001438964, -0.01070572, 38.55005, 0, 0.0029782255567202819342217942, 14941.13, -950.5809, -2.947957, 0.01947593, 0.1574723, 195.7253, 2.158939, 1.646691, 21.70268
 
7.65008, -0.001425487, -0.01072011, 38.51152, 0, 0.0029824364970287564817528, 14914.97, -950.5809, -2.947957, 0.01947593, 0.1574723, 195.5781, 2.158939, 1.646691, 21.70268
 
7.66008, -0.001408298, -0.01073437, 38.47303, 0, 0.0029860723591459184423008, 14888.85, -950.5809, -2.947957, 0.01947593, 0.1574723, 195.4309, 2.158939, 1.646691, 21.70268
 
7.670081, -0.001388923, -0.01074845, 38.43459, 0, 0.0029893419351537524528629, 14862.77, -950.5809, -2.947957, 0.01947593, 0.1574723, 195.2838, 2.158939, 1.646691, 21.70268
 
7.680081, -0.001375999, -0.01076234, 38.39617, 0, 0.0029935051772710860142778058, 14836.74, -950.5809, -2.947957, 0.01947593, 0.1574723, 195.1368, 2.158939, 1.646691, 21.70268
 
7.690081, -0.001360103, -0.0107761, 38.35781, 0, 0.0029971995371698359766663058, 14810.76, -950.5809, -2.947957, 0.01947593, 0.1574723, 194.9899, 2.158939, 1.646691, 21.70268
 
7.700081, -0.001344474, -0.0107897, 38.31947, 0, 0.0030008920971368357701087, 14784.82, -950.5809, -2.947957, 0.01947593, 0.1574723, 194.843, 2.158939, 1.646691, 21.70268
 
7.710082, -0.001324785, -0.01080315, 38.28119, 0, 0.0030039447813698588815391, 14758.92, -950.5809, -2.947957, 0.01947593, 0.1574723, 194.6963, 2.158939, 1.646691, 21.70268
 
7.720082, -0.001302303, -0.01081639, 38.24294, 0, 0.0030065312832819191475329, 14733.08, -950.5809, -2.947957, 0.01947593, 0.1574723, 194.5497, 2.158939, 1.646691, 21.70268
 
7.730082, -0.001285174, -0.01082942, 38.20474, 0, 0.0030098467575491529749237, 14707.27, -950.5809, -2.947957, 0.01947593, 0.1574723, 194.4032, 2.158939, 1.646691, 21.70268
 
7.740082, -0.001267555, -0.01084227, 38.16657, 0, 0.0030130443362873402139898, 14681.51, -950.5809, -2.947957, 0.01947593, 0.1574723, 194.2567, 2.158939, 1.646691, 21.70268
 
7.750082, -0.00124596, -0.01085494, 38.12845, 0, 0.0030156038392232829406726, 14655.8, -950.5809, -2.947957, 0.01947593, 0.1574723, 194.1104, 2.158939, 1.646691, 21.70268
 
7.760083, -0.001231583, -0.0108674, 38.09036, 0, 0.0030191758037636423911766058, 14630.13, -950.5809, -2.947957, 0.01947593, 0.1574723, 193.9642, 2.158939, 1.646691, 21.70268
 
7.770083, -0.001213644, -0.01087972, 38.05232, 0, 0.0030221798898396359325297942, 14604.51, -950.5809, -2.947957, 0.01947593, 0.1574723, 193.8181, 2.158939, 1.646691, 21.70268
 
7.780083, -0.001202144, -0.01089185, 38.01431, 0, 0.0030260956413425587169272, 14578.92, -950.5809, -2.947957, 0.01947593, 0.1574723, 193.672, 2.158939, 1.646691, 21.70268
 
7.790083, -0.001189628, -0.01090388, 37.97635, 0, 0.0030298304997054849882822, 14553.39, -950.5809, -2.947957, 0.01947593, 0.1574723, 193.5261, 2.158939, 1.646691, 21.70268
 
7.800084, -0.00117121, -0.01091577, 37.93843, 0, 0.0030326500927780356766530058, 14527.9, -950.5809, -2.947957, 0.01947593, 0.1574723, 193.3802, 2.158939, 1.646691, 21.70268
 
7.810084, -0.001160408, -0.01092748, 37.90054, 0, 0.0030365604444857169538708, 14502.45, -950.5809, -2.947957, 0.01947593, 0.1574723, 193.2345, 2.158939, 1.646691, 21.70268
 
7.820084, -0.001146268, -0.01093909, 37.86269, 0, 0.0030399425162273740448954, 14477.05, -950.5809, -2.947957, 0.01947593, 0.1574723, 193.0888, 2.158939, 1.646691, 21.70268
 
7.830084, -0.001138953, -0.01095055, 37.82489, 0, 0.0030443145504266832436487058, 14451.7, -950.5809, -2.947957, 0.01947593, 0.1574723, 192.9433, 2.158939, 1.646691, 21.70268
 
7.840085, -0.001129416, -0.01096194, 37.78712, 0, 0.0030483355979364464320416, 14426.38, -950.5809, -2.947957, 0.01947593, 0.1574723, 192.7978, 2.158939, 1.646691, 21.70268
 
7.850085, -0.001119334, -0.01097323, 37.7494, 0, 0.0030522513494393512171215942, 14401.11, -950.5809, -2.947957, 0.01947593, 0.1574723, 192.6524, 2.158939, 1.646691, 21.70268
 
7.860085, -0.001113678, -0.01098443, 37.71171, 0, 0.0030568105765397420217645, 14375.88, -950.5809, -2.947957, 0.01947593, 0.1574723, 192.5071, 2.158939, 1.646691, 21.70268
 
7.870085, -0.001104633, -0.01099556, 37.67406, 0, 0.0030608460235034345644565942, 14350.7, -950.5809, -2.947957, 0.01947593, 0.1574723, 192.3619, 2.158939, 1.646691, 21.70268
 
7.880085, -0.001092031, -0.01100661, 37.63646, 0, 0.0030643189917980207044948942, 14325.56, -950.5809, -2.947957, 0.01947593, 0.1574723, 192.2168, 2.158939, 1.646691, 21.70268
 
7.890086, -0.001087626, -0.01101753, 37.59887, 0, 0.0030690069140179051131869, 14300.46, -950.5809, -2.947957, 0.01947593, 0.1574723, 192.0718, 2.158939, 1.646691, 21.70268
 
7.900086, -0.00108146, -0.01102841, 37.56134, 0, 0.0030734185467155110366043, 14275.4, -950.5809, -2.947957, 0.01947593, 0.1574723, 191.9268, 2.158939, 1.646691, 21.70268
 
7.910086, -0.001081506, -0.01103922, 37.52386, 0, 0.0030787652439526454051672942, 14250.39, -950.5809, -2.947957, 0.01947593, 0.1574723, 191.782, 2.158939, 1.646691, 21.70268
 
7.920086, -0.001085576, -0.01105004, 37.4864, 0, 0.0030847356175381129311318, 14225.43, -950.5809, -2.947957, 0.01947593, 0.1574723, 191.6373, 2.158939, 1.646691, 21.70268
 
7.930087, -0.00108658, -0.01106089, 37.44899, 0, 0.0030902551082224085509439, 14200.5, -950.5809, -2.947957, 0.01947593, 0.1574723, 191.4926, 2.158939, 1.646691, 21.70268
 
7.940087, -0.001093648, -0.01107176, 37.41161, 0, 0.0030967150632414651234225, 14175.62, -950.5809, -2.947957, 0.01947593, 0.1574723, 191.3481, 2.158939, 1.646691, 21.70268
 
7.950087, -0.001098766, -0.0110827, 37.37426, 0, 0.0031029050284993463027911, 14150.77, -950.5809, -2.947957, 0.01947593, 0.1574723, 191.2036, 2.158939, 1.646691, 21.70268
 
7.960087, -0.001101983, -0.01109368, 37.33697, 0, 0.0031088250039960520890497, 14125.98, -950.5809, -2.947957, 0.01947593, 0.1574723, 191.0592, 2.158939, 1.646691, 21.70268
 
7.970088, -0.001108912, -0.0111047, 37.29971, 0, 0.0031153344571379908169318, 14101.23, -950.5809, -2.947957, 0.01947593, 0.1574723, 190.9149, 2.158939, 1.646691, 21.70268
 
7.980088, -0.001113919, -0.01111579, 37.26249, 0, 0.0031215757204504953209913, 14076.52, -950.5809, -2.947957, 0.01947593, 0.1574723, 190.7708, 2.158939, 1.646691, 21.70268
 
7.990088, -0.001115894, -0.01112693, 37.2253, 0, 0.0031273715006570514267605942, 14051.84, -950.5809, -2.947957, 0.01947593, 0.1574723, 190.6266, 2.158939, 1.646691, 21.70268
 
8.000088, -0.001125074, -0.01113809, 37.18816, 0, 0.0031342976379970798443345, 14027.22, -950.5809, -2.947957, 0.01947593, 0.1574723, 190.4826, 2.158939, 1.646691, 21.70268
 
8.010088, -0.001132317, -0.01114934, 37.15105, 0, 0.0031409600853370089619868942, 14002.63, -950.5809, -2.947957, 0.01947593, 0.1574723, 190.3387, 2.158939, 1.646691, 21.70268
 
8.020088, -0.001135368, -0.01116066, 37.11399, 0, 0.0031469988563286409208726, 13978.1, -950.5809, -2.947957, 0.01947593, 0.1574723, 190.1949, 2.158939, 1.646691, 21.70268
 
8.030088, -0.001143978, -0.01117202, 37.07696, 0, 0.003153921393805178000213, 13953.59, -950.5809, -2.947957, 0.01947593, 0.1574723, 190.0511, 2.158939, 1.646691, 21.70268
 
8.040089, -0.001151157, -0.01118346, 37.03997, 0, 0.0031606558384147628890201, 13929.14, -950.5809, -2.947957, 0.01947593, 0.1574723, 189.9075, 2.158939, 1.646691, 21.70268
 
8.050089, -0.001164972, -0.01119497, 37.00302, 0, 0.0031684576425468611652554, 13904.73, -950.5809, -2.947957, 0.01947593, 0.1574723, 189.764, 2.158939, 1.646691, 21.70268
 
8.060089, -0.001174961, -0.01120662, 36.96609, 0, 0.0031757131673955235624235058, 13880.35, -950.5809, -2.947957, 0.01947593, 0.1574723, 189.6205, 2.158939, 1.646691, 21.70268
 
8.070089, -0.001184206, -0.01121837, 36.92921, 0, 0.003182891295179297680916, 13856.01, -950.5809, -2.947957, 0.01947593, 0.1574723, 189.4771, 2.158939, 1.646691, 21.70268
 
8.08009, -0.001198903, -0.01123021, 36.89238, 0, 0.0031909621891066917659588942, 13831.73, -950.5809, -2.947957, 0.01947593, 0.1574723, 189.3338, 2.158939, 1.646691, 21.70268
 
8.09009, -0.001209789, -0.0112422, 36.85558, 0, 0.0031984895036482707255244, 13807.48, -950.5809, -2.947957, 0.01947593, 0.1574723, 189.1906, 2.158939, 1.646691, 21.70268
 
8.10009, -0.001218324, -0.0112543, 36.81881, 0, 0.0032056874306811977061782942, 13783.27, -950.5809, -2.947957, 0.01947593, 0.1574723, 189.0475, 2.158939, 1.646691, 21.70268
 
8.11009, -0.001235081, -0.01126648, 36.78208, 0, 0.0032142200071002197127567, 13759.1, -950.5809, -2.947957, 0.01947593, 0.1574723, 188.9045, 2.158939, 1.646691, 21.70268
 
8.12009, -0.00124687, -0.01127883, 36.7454, 0, 0.0032220290109592826661416, 13734.98, -950.5809, -2.947957, 0.01947593, 0.1574723, 188.7615, 2.158939, 1.646691, 21.70268
 
8.130091, -0.001257469, -0.0112913, 36.70876, 0, 0.0032296931203131724922320942, 13710.9, -950.5809, -2.947957, 0.01947593, 0.1574723, 188.6187, 2.158939, 1.646691, 21.70268
 
8.140091, -0.001273948, -0.01130387, 36.67213, 0, 0.0032383354925683968256831942, 13686.85, -950.5809, -2.947957, 0.01947593, 0.1574723, 188.476, 2.158939, 1.646691, 21.70268
 
8.150091, -0.001287796, -0.01131661, 36.63556, 0, 0.0032466205783730080552441, 13662.85, -950.5809, -2.947957, 0.01947593, 0.1574723, 188.3333, 2.158939, 1.646691, 21.70268
 
8.160091, -0.00129929, -0.01132949, 36.59902, 0, 0.0032545816764642088130730058, 13638.89, -950.5809, -2.947957, 0.01947593, 0.1574723, 188.1907, 2.158939, 1.646691, 21.70268
 
8.170092, -0.001316646, -0.01134249, 36.56252, 0, 0.0032635255372860790021636058, 13614.97, -950.5809, -2.947957, 0.01947593, 0.1574723, 188.0482, 2.158939, 1.646691, 21.70268
 
8.180092, -0.001333209, -0.01135565, 36.52605, 0, 0.0032724073004628698511802, 13591.09, -950.5809, -2.947957, 0.01947593, 0.1574723, 187.9058, 2.158939, 1.646691, 21.70268
 
8.190092, -0.001346034, -0.01136898, 36.48962, 0, 0.0032807508840490600829229, 13567.25, -950.5809, -2.947957, 0.01947593, 0.1574723, 187.7635, 2.158939, 1.646691, 21.70268
 
8.200092, -0.001365382, -0.01138244, 36.45323, 0, 0.0032901933259632341646233, 13543.46, -950.5809, -2.947957, 0.01947593, 0.1574723, 187.6212, 2.158939, 1.646691, 21.70268
 
8.210093, -0.001381631, -0.0113961, 36.41688, 0, 0.0032992073841230099559225, 13519.7, -950.5809, -2.947957, 0.01947593, 0.1574723, 187.4791, 2.158939, 1.646691, 21.70268
 
8.220093, -0.0013882, -0.01140991, 36.38057, 0, 0.0033067229991082623154612, 13495.99, -950.5809, -2.947957, 0.01947593, 0.1574723, 187.3371, 2.158939, 1.646691, 21.70268
 
8.230093, -0.001401876, -0.0114238, 36.34429, 0, 0.0033154166694181009739444942, 13472.31, -950.5809, -2.947957, 0.01947593, 0.1574723, 187.1951, 2.158939, 1.646691, 21.70268
 
8.240093, -0.001413745, -0.01143782, 36.30805, 0, 0.0033238709488063731168622942, 13448.68, -950.5809, -2.947957, 0.01947593, 0.1574723, 187.0532, 2.158939, 1.646691, 21.70268
 
8.250093, -0.00142338, -0.01145195, 36.27184, 0, 0.0033320111401058202187875, 13425.08, -950.5809, -2.947957, 0.01947593, 0.1574723, 186.9114, 2.158939, 1.646691, 21.70268
 
8.260094, -0.001438251, -0.01146619, 36.23566, 0, 0.0033410413976512575340145942, 13401.52, -950.5809, -2.947957, 0.01947593, 0.1574723, 186.7697, 2.158939, 1.646691, 21.70268
 
8.270094, -0.001452456, -0.01148057, 36.19954, 0, 0.0033500203571420805242094942, 13378.01, -950.5809, -2.947957, 0.01947593, 0.1574723, 186.6281, 2.158939, 1.646691, 21.70268
 
8.280094, -0.00145715, -0.01149509, 36.16344, 0, 0.0033575062732536125901648, 13354.54, -950.5809, -2.947957, 0.01947593, 0.1574723, 186.4865, 2.158939, 1.646691, 21.70268
 
8.290094, -0.001467859, -0.01150967, 36.12738, 0, 0.0033659974512425787034743, 13331.1, -950.5809, -2.947957, 0.01947593, 0.1574723, 186.3451, 2.158939, 1.646691, 21.70268
 
8.300095, -0.001476406, -0.01152434, 36.09136, 0, 0.0033741799409379342839947, 13307.71, -950.5809, -2.947957, 0.01947593, 0.1574723, 186.2037, 2.158939, 1.646691, 21.70268
 
8.310095, -0.001481496, -0.01153911, 36.05539, 0, 0.0033818323507355155093758, 13284.35, -950.5809, -2.947957, 0.01947593, 0.1574723, 186.0625, 2.158939, 1.646691, 21.70268
 
8.320095, -0.00148833, -0.01155392, 36.01942, 0, 0.0033897979486560601907645, 13261.03, -950.5809, -2.947957, 0.01947593, 0.1574723, 185.9213, 2.158939, 1.646691, 21.70268
 
8.330095, -0.001493108, -0.01156881, 35.98352, 0, 0.0033974557582488649240078, 13237.76, -950.5809, -2.947957, 0.01947593, 0.1574723, 185.7802, 2.158939, 1.646691, 21.70268
 
8.340096, -0.001495671, -0.01158374, 35.94763, 0, 0.0034047760806401914162048942, 13214.52, -950.5809, -2.947957, 0.01947593, 0.1574723, 185.6391, 2.158939, 1.646691, 21.70268
 
8.350096, -0.001504299, -0.01159869, 35.9118, 0, 0.0034131124644994259704567, 13191.33, -950.5809, -2.947957, 0.01947593, 0.1574723, 185.4982, 2.158939, 1.646691, 21.70268
 
8.360096, -0.001505504, -0.01161374, 35.87599, 0, 0.0034202608934094887950245058, 13168.16, -950.5809, -2.947957, 0.01947593, 0.1574723, 185.3574, 2.158939, 1.646691, 21.70268
 
8.370096, -0.001503469, -0.01162879, 35.84023, 0, 0.0034268855421828443579827942, 13145.05, -950.5809, -2.947957, 0.01947593, 0.1574723, 185.2166, 2.158939, 1.646691, 21.70268
 
8.380096, -0.001509385, -0.01164383, 35.80449, 0, 0.0034348322408201157615125, 13121.97, -950.5809, -2.947957, 0.01947593, 0.1574723, 185.0759, 2.158939, 1.646691, 21.70268
 
8.390097, -0.001512655, -0.01165892, 35.7688, 0, 0.0034423676550545209832126, 13098.93, -950.5809, -2.947957, 0.01947593, 0.1574723, 184.9353, 2.158939, 1.646691, 21.70268
 
8.400097, -0.001507355, -0.01167405, 35.73314, 0, 0.0034484973225990639917945942, 13075.93, -950.5809, -2.947957, 0.01947593, 0.1574723, 184.7949, 2.158939, 1.646691, 21.70268
 
8.410097, -0.001508946, -0.01168912, 35.69753, 0, 0.0034557672469016557432619, 13052.97, -950.5809, -2.947957, 0.01947593, 0.1574723, 184.6544, 2.158939, 1.646691, 21.70268
 
8.420097, -0.001509133, -0.01170421, 35.66193, 0, 0.0034628175795318248416664058, 13030.05, -950.5809, -2.947957, 0.01947593, 0.1574723, 184.5141, 2.158939, 1.646691, 21.70268
 
8.430098, -0.001506159, -0.0117193, 35.62638, 0, 0.0034693486318546486013386, 13007.16, -950.5809, -2.947957, 0.01947593, 0.1574723, 184.3739, 2.158939, 1.646691, 21.70268
 
8.440098, -0.001504756, -0.01173436, 35.59088, 0, 0.0034761424742116830769711942, 12984.32, -950.5809, -2.947957, 0.01947593, 0.1574723, 184.2337, 2.158939, 1.646691, 21.70268
 
8.450098, -0.001500909, -0.01174941, 35.55539, 0, 0.0034825304319611018776125, 12961.52, -950.5809, -2.947957, 0.01947593, 0.1574723, 184.0936, 2.158939, 1.646691, 21.70268
 
8.460098, -0.001496924, -0.01176442, 35.51994, 0, 0.0034888931906661443082302058, 12938.74, -950.5809, -2.947957, 0.01947593, 0.1574723, 183.9536, 2.158939, 1.646691, 21.70268
 
8.470098, -0.001501416, -0.01177939, 35.48454, 0, 0.0034966796953784336458639, 12916.01, -950.5809, -2.947957, 0.01947593, 0.1574723, 183.8137, 2.158939, 1.646691, 21.70268
 
8.480099, -0.001495888, -0.0117944, 35.44916, 0, 0.0035027994632984092230239, 12893.32, -950.5809, -2.947957, 0.01947593, 0.1574723, 183.6739, 2.158939, 1.646691, 21.70268
 
8.490099, -0.001488507, -0.01180936, 35.41382, 0, 0.0035085961434708539127543058, 12870.67, -950.5809, -2.947957, 0.01947593, 0.1574723, 183.5341, 2.158939, 1.646691, 21.70268
 
8.500099, -0.00148919, -0.01182425, 35.37851, 0, 0.0035157436724150191537022942, 12848.05, -950.5809, -2.947957, 0.01947593, 0.1574723, 183.3944, 2.158939, 1.646691, 21.70268
 
8.510099, -0.001481124, -0.01183914, 35.34325, 0, 0.0035214188571949349165332, 12825.47, -950.5809, -2.947957, 0.01947593, 0.1574723, 183.2548, 2.158939, 1.646691, 21.70268
 
8.5201, -0.00147194, -0.01185395, 35.30801, 0, 0.0035268861498587366270107, 12802.93, -950.5809, -2.947957, 0.01947593, 0.1574723, 183.1153, 2.158939, 1.646691, 21.70268
 
8.5301, -0.001470856, -0.01186867, 35.27282, 0, 0.0035337114910212505648315, 12780.43, -950.5809, -2.947957, 0.01947593, 0.1574723, 182.9759, 2.158939, 1.646691, 21.70268
 
8.5401, -0.001467886, -0.01188338, 35.23765, 0, 0.0035402200441973187080699, 12757.97, -950.5809, -2.947957, 0.01947593, 0.1574723, 182.8365, 2.158939, 1.646691, 21.70268
 
8.5501, -0.001463729, -0.01189805, 35.20251, 0, 0.0035465252050866257221733942, 12735.54, -950.5809, -2.947957, 0.01947593, 0.1574723, 182.6973, 2.158939, 1.646691, 21.70268
 
8.560101, -0.001459521, -0.01191269, 35.16742, 0, 0.0035528177664537625505825, 12713.15, -950.5809, -2.947957, 0.01947593, 0.1574723, 182.5581, 2.158939, 1.646691, 21.70268
 
8.570101, -0.001455301, -0.01192729, 35.13237, 0, 0.0035591031280939257021833, 12690.8, -950.5809, -2.947957, 0.01947593, 0.1574723, 182.419, 2.158939, 1.646691, 21.70268
 
8.580101, -0.001448353, -0.01194184, 35.09734, 0, 0.0035649142077202907465542, 12668.49, -950.5809, -2.947957, 0.01947593, 0.1574723, 182.28, 2.158939, 1.646691, 21.70268
 
8.590101, -0.001449277, -0.01195632, 35.06235, 0, 0.0035720662364938269100381, 12646.21, -950.5809, -2.947957, 0.01947593, 0.1574723, 182.141, 2.158939, 1.646691, 21.70268
 
8.600101, -0.001441641, -0.01197082, 35.02739, 0, 0.0035777558207276540278507942, 12623.97, -950.5809, -2.947957, 0.01947593, 0.1574723, 182.0022, 2.158939, 1.646691, 21.70268
 
8.610102, -0.001433617, -0.01198523, 34.99247, 0, 0.0035833608081696641884731, 12601.77, -950.5809, -2.947957, 0.01947593, 0.1574723, 181.8634, 2.158939, 1.646691, 21.70268
 
8.620102, -0.001431247, -0.01199957, 34.95759, 0, 0.0035899260591955791642646, 12579.61, -950.5809, -2.947957, 0.01947593, 0.1574723, 181.7247, 2.158939, 1.646691, 21.70268
 
8.630102, -0.001429527, -0.01201388, 34.92274, 0, 0.003596605605887058389806, 12557.48, -950.5809, -2.947957, 0.01947593, 0.1574723, 181.5861, 2.158939, 1.646691, 21.70268
 
8.640102, -0.001423789, -0.01202818, 34.88793, 0, 0.003602590378926446270411, 12535.39, -950.5809, -2.947957, 0.01947593, 0.1574723, 181.4476, 2.158939, 1.646691, 21.70268
 
8.650103, -0.001419909, -0.01204241, 34.85315, 0, 0.0036088883400888066066823058, 12513.34, -950.5809, -2.947957, 0.01947593, 0.1574723, 181.3092, 2.158939, 1.646691, 21.70268
 
8.660103, -0.001415439, -0.01205661, 34.81839, 0, 0.0036150792053125493710359, 12491.32, -950.5809, -2.947957, 0.01947593, 0.1574723, 181.1708, 2.158939, 1.646691, 21.70268
 
8.670103, -0.00141057, -0.01207077, 34.78369, 0, 0.0036211953733690426096211, 12469.35, -950.5809, -2.947957, 0.01947593, 0.1574723, 181.0325, 2.158939, 1.646691, 21.70268
 
8.680103, -0.001411304, -0.01208487, 34.74901, 0, 0.0036282835045657672634023, 12447.41, -950.5809, -2.947957, 0.01947593, 0.1574723, 180.8943, 2.158939, 1.646691, 21.70268
 
8.690104, -0.001411561, -0.01209899, 34.71437, 0, 0.0036352987385269655613850942, 12425.5, -950.5809, -2.947957, 0.01947593, 0.1574723, 180.7562, 2.158939, 1.646691, 21.70268
 
8.700104, -0.001404588, -0.0121131, 34.67976, 0, 0.0036410576201328546957388058, 12403.64, -950.5809, -2.947957, 0.01947593, 0.1574723, 180.6182, 2.158939, 1.646691, 21.70268
 
8.710104, -0.001405505, -0.01212715, 34.64518, 0, 0.0036481880497254878281152, 12381.8, -950.5809, -2.947957, 0.01947593, 0.1574723, 180.4802, 2.158939, 1.646691, 21.70268
 
8.720104, -0.001404852, -0.0121412, 34.61064, 0, 0.0036550538893521780749025, 12360.01, -950.5809, -2.947957, 0.01947593, 0.1574723, 180.3423, 2.158939, 1.646691, 21.70268
 
8.730104, -0.001403139, -0.01215525, 34.57614, 0, 0.0036617397358047513929498, 12338.25, -950.5809, -2.947957, 0.01947593, 0.1574723, 180.2045, 2.158939, 1.646691, 21.70268
 
8.740105, -0.001407623, -0.01216928, 34.54167, 0, 0.0036695226406535673916674, 12316.53, -950.5809, -2.947957, 0.01947593, 0.1574723, 180.0668, 2.158939, 1.646691, 21.70268
 
8.750105, -0.00140985, -0.01218336, 34.50722, 0, 0.0036769320596660907632495, 12294.85, -950.5809, -2.947957, 0.01947593, 0.1574723, 179.9292, 2.158939, 1.646691, 21.70268
 
8.760105, -0.001404926, -0.01219746, 34.47283, 0, 0.0036830905261185014800886, 12273.2, -950.5809, -2.947957, 0.01947593, 0.1574723, 179.7916, 2.158939, 1.646691, 21.70268
 
8.770105, -0.001399527, -0.01221151, 34.43845, 0, 0.0036891580960179741482552942, 12251.59, -950.5809, -2.947957, 0.01947593, 0.1574723, 179.6541, 2.158939, 1.646691, 21.70268
 
8.780106, -0.001402154, -0.0122255, 34.40411, 0, 0.0036966431121636446292256058, 12230.01, -950.5809, -2.947957, 0.01947593, 0.1574723, 179.5167, 2.158939, 1.646691, 21.70268
 
8.790106, -0.001403707, -0.01223952, 34.36981, 0, 0.0037039562348280064442731, 12208.47, -950.5809, -2.947957, 0.01947593, 0.1574723, 179.3794, 2.158939, 1.646691, 21.70268
 
8.800106, -0.00140422, -0.01225356, 34.33554, 0, 0.0037110974640110955920326, 12186.97, -950.5809, -2.947957, 0.01947593, 0.1574723, 179.2422, 2.158939, 1.646691, 21.70268
 
8.810106, -0.001411524, -0.0122676, 34.3013, 0, 0.0037194653466757916091552, 12165.5, -950.5809, -2.947957, 0.01947593, 0.1574723, 179.105, 2.158939, 1.646691, 21.70268
 
8.820107, -0.001412189, -0.01228172, 34.2671, 0, 0.003726677673162656943767, 12144.06, -950.5809, -2.947957, 0.01947593, 0.1574723, 178.9679, 2.158939, 1.646691, 21.70268
 
8.830107, -0.001410739, -0.01229584, 34.23294, 0, 0.0037335219136084531591055, 12122.67, -950.5809, -2.947957, 0.01947593, 0.1574723, 178.8309, 2.158939, 1.646691, 21.70268
 
8.840107, -0.001417711, -0.01230995, 34.19879, 0, 0.0037418861964096668376533, 12101.3, -950.5809, -2.947957, 0.01947593, 0.1574723, 178.694, 2.158939, 1.646691, 21.70268
 
8.850107, -0.001424703, -0.01232412, 34.16469, 0, 0.0037502864778456949022903942, 12079.98, -950.5809, -2.947957, 0.01947593, 0.1574723, 178.5571, 2.158939, 1.646691, 21.70268
 
8.860107, -0.001428384, -0.01233837, 34.13063, 0, 0.0037581233806467459796299942, 12058.69, -950.5809, -2.947957, 0.01947593, 0.1574723, 178.4203, 2.158939, 1.646691, 21.70268
 
8.870108, -0.001433975, -0.01235266, 34.09659, 0, 0.0037663283694888751759016, 12037.44, -950.5809, -2.947957, 0.01947593, 0.1574723, 178.2836, 2.158939, 1.646691, 21.70268
 
8.880108, -0.001437891, -0.012367, 34.06258, 0, 0.0037742588687404580565272942, 12016.22, -950.5809, -2.947957, 0.01947593, 0.1574723, 178.147, 2.158939, 1.646691, 21.70268
 
8.890108, -0.001440798, -0.01238137, 34.02861, 0, 0.0037820300740329654545355, 11995.03, -950.5809, -2.947957, 0.01947593, 0.1574723, 178.0105, 2.158939, 1.646691, 21.70268
 
8.900108, -0.001443359, -0.01239578, 33.99469, 0, 0.0037897571809978052053437, 11973.89, -950.5809, -2.947957, 0.01947593, 0.1574723, 177.8741, 2.158939, 1.646691, 21.70268
 
8.910109, -0.001451415, -0.01241022, 33.96078, 0, 0.003798503949294017357464, 11952.77, -950.5809, -2.947957, 0.01947593, 0.1574723, 177.7377, 2.158939, 1.646691, 21.70268
 
8.920109, -0.00145474, -0.01242473, 33.9269, 0, 0.0038064263488527649762963942, 11931.69, -950.5809, -2.947957, 0.01947593, 0.1574723, 177.6013, 2.158939, 1.646691, 21.70268
 
8.930109, -0.001456632, -0.01243928, 33.89307, 0, 0.0038141075575582229095933058, 11910.65, -950.5809, -2.947957, 0.01947593, 0.1574723, 177.4651, 2.158939, 1.646691, 21.70268
 
8.940109, -0.001465145, -0.01245384, 33.85927, 0, 0.0038230172196770018825646, 11889.64, -950.5809, -2.947957, 0.01947593, 0.1574723, 177.329, 2.158939, 1.646691, 21.70268
 
8.950109, -0.001474352, -0.01246849, 33.82549, 0, 0.0038320951754135981832252058, 11868.66, -950.5809, -2.947957, 0.01947593, 0.1574723, 177.1929, 2.158939, 1.646691, 21.70268
 
8.96011, -0.00147605, -0.01248324, 33.79176, 0, 0.0038398348819006171193865, 11847.73, -950.5809, -2.947957, 0.01947593, 0.1574723, 177.0569, 2.158939, 1.646691, 21.70268
 
8.97011, -0.001484528, -0.012498, 33.75805, 0, 0.0038488390404358254792637058, 11826.83, -950.5809, -2.947957, 0.01947593, 0.1574723, 176.9209, 2.158939, 1.646691, 21.70268
 
8.98011, -0.001493104, -0.01251284, 33.72438, 0, 0.0038578998968208626723766, 11805.96, -950.5809, -2.947957, 0.01947593, 0.1574723, 176.7851, 2.158939, 1.646691, 21.70268
 
8.99011, -0.001500049, -0.01252777, 33.69073, 0, 0.0038667006630693189027776058, 11785.12, -950.5809, -2.947957, 0.01947593, 0.1574723, 176.6493, 2.158939, 1.646691, 21.70268
 
9.000111, -0.001508978, -0.01254277, 33.65712, 0, 0.0038759037140618994699363942, 11764.32, -950.5809, -2.947957, 0.01947593, 0.1574723, 176.5136, 2.158939, 1.646691, 21.70268
 
9.010111, -0.001516923, -0.01255787, 33.62355, 0, 0.0038849645704469546623667, 11743.55, -950.5809, -2.947957, 0.01947593, 0.1574723, 176.378, 2.158939, 1.646691, 21.70268
 
9.020111, -0.001523279, -0.01257303, 33.59, 0, 0.0038937698365247548163275, 11722.82, -950.5809, -2.947957, 0.01947593, 0.1574723, 176.2424, 2.158939, 1.646691, 21.70268
 
9.030111, -0.001529331, -0.01258827, 33.55649, 0, 0.0039025508035240491849084, 11702.12, -950.5809, -2.947957, 0.01947593, 0.1574723, 176.107, 2.158939, 1.646691, 21.70268
 
9.040112, -0.001536801, -0.01260356, 33.52301, 0, 0.0039116278592947659012666, 11681.46, -950.5809, -2.947957, 0.01947593, 0.1574723, 175.9716, 2.158939, 1.646691, 21.70268
 
9.050112, -0.001543346, -0.01261893, 33.48956, 0, 0.0039205681202531537517824, 11660.83, -950.5809, -2.947957, 0.01947593, 0.1574723, 175.8363, 2.158939, 1.646691, 21.70268
 
9.060112, -0.001547878, -0.01263436, 33.45615, 0, 0.0039291672941465900223359, 11640.24, -950.5809, -2.947957, 0.01947593, 0.1574723, 175.701, 2.158939, 1.646691, 21.70268
 
9.070112, -0.001560722, -0.01264984, 33.42277, 0, 0.0039393495080063846811577, 11619.68, -950.5809, -2.947957, 0.01947593, 0.1574723, 175.5659, 2.158939, 1.646691, 21.70268
 
9.080112, -0.001567943, -0.01266545, 33.38942, 0, 0.0039485327597498303854725, 11599.15, -950.5809, -2.947957, 0.01947593, 0.1574723, 175.4308, 2.158939, 1.646691, 21.70268
 
9.090113, -0.00157538, -0.01268113, 33.3561, 0, 0.0039577925085922667848430942, 11578.66, -950.5809, -2.947957, 0.01947593, 0.1574723, 175.2957, 2.158939, 1.646691, 21.70268
 
9.100113, -0.001587777, -0.01269688, 33.32282, 0, 0.0039680233206090820140834, 11558.2, -950.5809, -2.947957, 0.01947593, 0.1574723, 175.1608, 2.158939, 1.646691, 21.70268
 
9.110113, -0.001595716, -0.01271276, 33.28956, 0, 0.0039774693623867294346998942, 11537.77, -950.5809, -2.947957, 0.01947593, 0.1574723, 175.0259, 2.158939, 1.646691, 21.70268
 
9.120113, -0.001602783, -0.01272872, 33.25634, 0, 0.0039867894089425130045158, 11517.38, -950.5809, -2.947957, 0.01947593, 0.1574723, 174.8911, 2.158939, 1.646691, 21.70268
 
9.130114, -0.001607901, -0.01274475, 33.22314, 0, 0.0039957764681261622568452942, 11497.02, -950.5809, -2.947957, 0.01947593, 0.1574723, 174.7564, 2.158939, 1.646691, 21.70268
 
9.140114, -0.001615659, -0.01276082, 33.18998, 0, 0.0040052936072075948639727942, 11476.69, -950.5809, -2.947957, 0.01947593, 0.1574723, 174.6217, 2.158939, 1.646691, 21.70268
 
9.150114, -0.001622575, -0.01277698, 33.15686, 0, 0.0040146892508965075438595, 11456.4, -950.5809, -2.947957, 0.01947593, 0.1574723, 174.4872, 2.158939, 1.646691, 21.70268
 
9.160114, -0.001628671, -0.01279321, 33.12376, 0, 0.0040239642991587528818317, 11436.15, -950.5809, -2.947957, 0.01947593, 0.1574723, 174.3527, 2.158939, 1.646691, 21.70268
 
9.170115, -0.001636942, -0.01280949, 33.0907, 0, 0.0040336866304586877873815058, 11415.92, -950.5809, -2.947957, 0.01947593, 0.1574723, 174.2182, 2.158939, 1.646691, 21.70268
 
9.180115, -0.00164377, -0.01282586, 33.05767, 0, 0.0040431749706322526862519, 11395.74, -950.5809, -2.947957, 0.01947593, 0.1574723, 174.0839, 2.158939, 1.646691, 21.70268
 
9.190115, -0.001644196, -0.0128423, 33.02467, 0, 0.0040514744558907932701120058, 11375.58, -950.5809, -2.947957, 0.01947593, 0.1574723, 173.9496, 2.158939, 1.646691, 21.70268
 
9.200115, -0.001645048, -0.01285874, 32.9917, 0, 0.0040598693375316068265456058, 11355.45, -950.5809, -2.947957, 0.01947593, 0.1574723, 173.8154, 2.158939, 1.646691, 21.70268
 
9.210115, -0.001653801, -0.01287519, 32.95876, 0, 0.0040697941611524052776105, 11335.36, -950.5809, -2.947957, 0.01947593, 0.1574723, 173.6813, 2.158939, 1.646691, 21.70268
 
9.220116, -0.001655563, -0.01289173, 32.92585, 0, 0.0040784176341243473335439, 11315.3, -950.5809, -2.947957, 0.01947593, 0.1574723, 173.5472, 2.158939, 1.646691, 21.70268
 
9.230116, -0.001657752, -0.01290829, 32.89297, 0, 0.0040871410033079332845867058, 11295.28, -950.5809, -2.947957, 0.01947593, 0.1574723, 173.4132, 2.158939, 1.646691, 21.70268
 
9.240116, -0.001662258, -0.01292486, 32.86013, 0, 0.0040963314547783346663924, 11275.28, -950.5809, -2.947957, 0.01947593, 0.1574723, 173.2793, 2.158939, 1.646691, 21.70268
 
9.250116, -0.00166656, -0.01294149, 32.82733, 0, 0.0041055102066924274474887, 11255.33, -950.5809, -2.947957, 0.01947593, 0.1574723, 173.1454, 2.158939, 1.646691, 21.70268
 
9.260117, -0.001669695, -0.01295815, 32.79454, 0, 0.0041144891661832504376836, 11235.4, -950.5809, -2.947957, 0.01947593, 0.1574723, 173.0117, 2.158939, 1.646691, 21.70268
 
9.270117, -0.001674556, -0.01297485, 32.76179, 0, 0.0041238254121246955314274, 11215.51, -950.5809, -2.947957, 0.01947593, 0.1574723, 172.878, 2.158939, 1.646691, 21.70268
 
9.280117, -0.001678135, -0.0129916, 32.72908, 0, 0.0041329420663937089724496942, 11195.65, -950.5809, -2.947957, 0.01947593, 0.1574723, 172.7444, 2.158939, 1.646691, 21.70268
 
9.290117, -0.001676162, -0.01300838, 32.69639, 0, 0.0041410039606624242100317058, 11175.82, -950.5809, -2.947957, 0.01947593, 0.1574723, 172.6108, 2.158939, 1.646691, 21.70268
 
9.300117, -0.001675228, -0.01302514, 32.66373, 0, 0.0041492719471154763320449, 11156.02, -950.5809, -2.947957, 0.01947593, 0.1574723, 172.4774, 2.158939, 1.646691, 21.70268
 
9.310118, -0.001682235, -0.01304189, 32.63111, 0, 0.0041590995744222606412489, 11136.26, -950.5809, -2.947957, 0.01947593, 0.1574723, 172.344, 2.158939, 1.646691, 21.70268
 
9.320118, -0.001681994, -0.01305871, 32.59852, 0, 0.0041675457541176885227146942, 11116.53, -950.5809, -2.947957, 0.01947593, 0.1574723, 172.2106, 2.158939, 1.646691, 21.70268
 
9.330118, -0.00168061, -0.01307553, 32.56596, 0, 0.0041757777419359442579560058, 11096.84, -950.5809, -2.947957, 0.01947593, 0.1574723, 172.0774, 2.158939, 1.646691, 21.70268
 
9.340118, -0.001673851, -0.01309234, 32.53343, 0, 0.0041829621694808214686131058, 11077.18, -950.5809, -2.947957, 0.01947593, 0.1574723, 171.9442, 2.158939, 1.646691, 21.70268
 
9.350119, -0.00167561, -0.01310908, 32.50093, 0, 0.0041918097339545391008278058, 11057.54, -950.5809, -2.947957, 0.01947593, 0.1574723, 171.8111, 2.158939, 1.646691, 21.70268
 
9.360119, -0.001679005, -0.01312583, 32.46846, 0, 0.0042009974855273377283611058, 11037.94, -950.5809, -2.947957, 0.01947593, 0.1574723, 171.6781, 2.158939, 1.646691, 21.70268
 
9.370119, -0.001675304, -0.01314262, 32.43601, 0, 0.0042088091892840034360184, 11018.37, -950.5809, -2.947957, 0.01947593, 0.1574723, 171.5451, 2.158939, 1.646691, 21.70268
 
9.380119, -0.001678393, -0.01315938, 32.4036, 0, 0.0042179609422219786778037, 10998.83, -950.5809, -2.947957, 0.01947593, 0.1574723, 171.4122, 2.158939, 1.646691, 21.70268
 
9.39012, -0.00167612, -0.01317616, 32.37124, 0, 0.0042260741345452992407592, 10979.33, -950.5809, -2.947957, 0.01947593, 0.1574723, 171.2794, 2.158939, 1.646691, 21.70268
 
9.40012, -0.001674492, -0.01319292, 32.33889, 0, 0.0042343187218857341613536058, 10959.86, -950.5809, -2.947957, 0.01947593, 0.1574723, 171.1466, 2.158939, 1.646691, 21.70268
 
9.41012, -0.001672416, -0.01320967, 32.30657, 0, 0.0042424805123660662950689058, 10940.42, -950.5809, -2.947957, 0.01947593, 0.1574723, 171.0139, 2.158939, 1.646691, 21.70268
 
9.42012, -0.0016734, -0.01322639, 32.27428, 0, 0.0042512551796042575714852, 10921.01, -950.5809, -2.947957, 0.01947593, 0.1574723, 170.8813, 2.158939, 1.646691, 21.70268
 
9.43012, -0.001674998, -0.01324312, 32.24203, 0, 0.00426016844158652788269, 10901.63, -950.5809, -2.947957, 0.01947593, 0.1574723, 170.7488, 2.158939, 1.646691, 21.70268
 
9.440121, -0.001669667, -0.01325987, 32.2098, 0, 0.0042677155553772417050994942, 10882.29, -950.5809, -2.947957, 0.01947593, 0.1574723, 170.6163, 2.158939, 1.646691, 21.70268
 
9.450121, -0.001673926, -0.01327657, 32.1776, 0, 0.0042771741966770953100452, 10862.97, -950.5809, -2.947957, 0.01947593, 0.1574723, 170.4839, 2.158939, 1.646691, 21.70268
 
9.460121, -0.0016772, -0.01329331, 32.14544, 0, 0.0042864636443932700023166, 10843.69, -950.5809, -2.947957, 0.01947593, 0.1574723, 170.3516, 2.158939, 1.646691, 21.70268
 
9.470121, -0.001672976, -0.01331008, 32.11331, 0, 0.0042942690483888506171267, 10824.44, -950.5809, -2.947957, 0.01947593, 0.1574723, 170.2193, 2.158939, 1.646691, 21.70268
 
9.480122, -0.001669497, -0.01332681, 32.08121, 0, 0.0043022211468213455285186058, 10805.23, -950.5809, -2.947957, 0.01947593, 0.1574723, 170.0872, 2.158939, 1.646691, 21.70268
 
9.490122, -0.001669165, -0.01334351, 32.04914, 0, 0.0043108068212267050300991942, 10786.04, -950.5809, -2.947957, 0.01947593, 0.1574723, 169.9551, 2.158939, 1.646691, 21.70268
 
9.500122, -0.001669525, -0.0133602, 32.01709, 0, 0.0043195445898642203354412, 10766.88, -950.5809, -2.947957, 0.01947593, 0.1574723, 169.823, 2.158939, 1.646691, 21.70268
 
9.510122, -0.00167009, -0.01337689, 31.98508, 0, 0.0043283363564539617197465, 10747.76, -950.5809, -2.947957, 0.01947593, 0.1574723, 169.691, 2.158939, 1.646691, 21.70268
 
9.520123, -0.001673169, -0.01339359, 31.95309, 0, 0.0043376528031462629509876058, 10728.66, -950.5809, -2.947957, 0.01947593, 0.1574723, 169.5591, 2.158939, 1.646691, 21.70268
 
9.530123, -0.001675832, -0.01341033, 31.92113, 0, 0.0043469071521934848421547058, 10709.6, -950.5809, -2.947957, 0.01947593, 0.1574723, 169.4273, 2.158939, 1.646691, 21.70268
 
9.540123, -0.001673408, -0.01342709, 31.88921, 0, 0.0043551490396362990091593058, 10690.57, -950.5809, -2.947957, 0.01947593, 0.1574723, 169.2955, 2.158939, 1.646691, 21.70268
 
9.550123, -0.001671163, -0.01344382, 31.85732, 0, 0.004363430525577409900828, 10671.57, -950.5809, -2.947957, 0.01947593, 0.1574723, 169.1638, 2.158939, 1.646691, 21.70268
 
9.560123, -0.001676291, -0.01346053, 31.82546, 0, 0.0043732212542835092392990058, 10652.6, -950.5809, -2.947957, 0.01947593, 0.1574723, 169.0322, 2.158939, 1.646691, 21.70268
 
9.570124, -0.001677415, -0.01347729, 31.79362, 0, 0.0043822245128528380148738058, 10633.66, -950.5809, -2.947957, 0.01947593, 0.1574723, 168.9006, 2.158939, 1.646691, 21.70268
 
9.580124, -0.00167761, -0.01349407, 31.76181, 0, 0.0043910540780091259548970942, 10614.75, -950.5809, -2.947957, 0.01947593, 0.1574723, 168.7691, 2.158939, 1.646691, 21.70268
 
9.590124, -0.001682652, -0.01351084, 31.73003, 0, 0.0044008916049404956948405, 10595.87, -950.5809, -2.947957, 0.01947593, 0.1574723, 168.6377, 2.158939, 1.646691, 21.70268
 
9.600124, -0.001686725, -0.01352767, 31.69829, 0, 0.0044105608382540481070945942, 10577.03, -950.5809, -2.947957, 0.01947593, 0.1574723, 168.5063, 2.158939, 1.646691, 21.70268
 
9.610125, -0.001689937, -0.01354454, 31.66657, 0, 0.0044200788773013602985245, 10558.21, -950.5809, -2.947957, 0.01947593, 0.1574723, 168.3751, 2.158939, 1.646691, 21.70268
 
9.620125, -0.001688087, -0.01356144, 31.6349, 0, 0.004428579054949032258271, 10539.43, -950.5809, -2.947957, 0.01947593, 0.1574723, 168.2438, 2.158939, 1.646691, 21.70268
 
9.630125, -0.001694194, -0.01357832, 31.60324, 0, 0.0044387279700716152852759, 10520.67, -950.5809, -2.947957, 0.01947593, 0.1574723, 168.1127, 2.158939, 1.646691, 21.70268
 
9.640125, -0.001696898, -0.01359526, 31.57161, 0, 0.0044482082105523539220117, 10501.95, -950.5809, -2.947957, 0.01947593, 0.1574723, 167.9816, 2.158939, 1.646691, 21.70268
 
9.650126, -0.001696557, -0.01361223, 31.54001, 0, 0.0044570782741728451699776058, 10483.26, -950.5809, -2.947957, 0.01947593, 0.1574723, 167.8506, 2.158939, 1.646691, 21.70268
 
9.660126, -0.001692458, -0.01362919, 31.50845, 0, 0.0044651788669739685482626, 10464.6, -950.5809, -2.947957, 0.01947593, 0.1574723, 167.7197, 2.158939, 1.646691, 21.70268
 
9.670126, -0.00169684, -0.01364612, 31.47691, 0, 0.0044750424929155762432146, 10445.97, -950.5809, -2.947957, 0.01947593, 0.1574723, 167.5889, 2.158939, 1.646691, 21.70268
 
9.680126, -0.001701983, -0.01366309, 31.4454, 0, 0.0044850951116899977136848942, 10427.37, -950.5809, -2.947957, 0.01947593, 0.1574723, 167.458, 2.158939, 1.646691, 21.70268
 
9.690126, -0.001701089, -0.01368011, 31.41392, 0, 0.0044939165771534863905497058, 10408.8, -950.5809, -2.947957, 0.01947593, 0.1574723, 167.3273, 2.158939, 1.646691, 21.70268
 
9.700127, -0.001709205, -0.01369712, 31.38247, 0, 0.0045046351706721494970167058, 10390.25, -950.5809, -2.947957, 0.01947593, 0.1574723, 167.1966, 2.158939, 1.646691, 21.70268
 
9.710127, -0.001712926, -0.01371421, 31.35104, 0, 0.0045144744975352424069301, 10371.74, -950.5809, -2.947957, 0.01947593, 0.1574723, 167.066, 2.158939, 1.646691, 21.70268
 
9.720127, -0.001716381, -0.01373134, 31.31965, 0, 0.0045242850254904856079038, 10353.26, -950.5809, -2.947957, 0.01947593, 0.1574723, 166.9355, 2.158939, 1.646691, 21.70268
 
9.730127, -0.001716623, -0.0137485, 31.28829, 0, 0.0045334448781212961114824, 10334.81, -950.5809, -2.947957, 0.01947593, 0.1574723, 166.805, 2.158939, 1.646691, 21.70268
 
9.740128, -0.00172421, -0.01376567, 31.25694, 0, 0.0045441679714693211408266058, 10316.38, -950.5809, -2.947957, 0.01947593, 0.1574723, 166.6746, 2.158939, 1.646691, 21.70268
 
9.750128, -0.001731493, -0.01378291, 31.22565, 0, 0.0045548676657047019697759058, 10298, -950.5809, -2.947957, 0.01947593, 0.1574723, 166.5443, 2.158939, 1.646691, 21.70268
 
9.760128, -0.001733404, -0.01380023, 31.19437, 0, 0.0045644712015097017030399, 10279.63, -950.5809, -2.947957, 0.01947593, 0.1574723, 166.414, 2.158939, 1.646691, 21.70268
 
9.770128, -0.001735118, -0.01381756, 31.16312, 0, 0.0045740531381338254041725058, 10261.3, -950.5809, -2.947957, 0.01947593, 0.1574723, 166.2838, 2.158939, 1.646691, 21.70268
 
9.780128, -0.001741238, -0.01383491, 31.1319, 0, 0.0045845890385807508283097, 10243, -950.5809, -2.947957, 0.01947593, 0.1574723, 166.1537, 2.158939, 1.646691, 21.70268
 
9.790129, -0.001747098, -0.01385232, 31.10071, 0, 0.0045951087396420237281777058, 10224.73, -950.5809, -2.947957, 0.01947593, 0.1574723, 166.0236, 2.158939, 1.646691, 21.70268
 
9.800129, -0.001749832, -0.01386979, 31.06954, 0, 0.0046049957646962486245484942, 10206.48, -950.5809, -2.947957, 0.01947593, 0.1574723, 165.8936, 2.158939, 1.646691, 21.70268
 
9.810129, -0.001758799, -0.01388729, 31.03842, 0, 0.0046162381383516009933076, 10188.27, -950.5809, -2.947957, 0.01947593, 0.1574723, 165.7637, 2.158939, 1.646691, 21.70268
 
9.820129, -0.001764126, -0.01390488, 31.00731, 0, 0.0046267479397882974620949058, 10170.09, -950.5809, -2.947957, 0.01947593, 0.1574723, 165.6339, 2.158939, 1.646691, 21.70268
 
9.83013, -0.001767607, -0.01392252, 30.97624, 0, 0.0046368959549450009047974, 10151.94, -950.5809, -2.947957, 0.01947593, 0.1574723, 165.5041, 2.158939, 1.646691, 21.70268
 
9.84013, -0.001766986, -0.0139402, 30.94519, 0, 0.0046461917024222696895747, 10133.81, -950.5809, -2.947957, 0.01947593, 0.1574723, 165.3743, 2.158939, 1.646691, 21.70268
 
9.85013, -0.001776929, -0.01395787, 30.91418, 0, 0.0046577688633814705461315, 10115.72, -950.5809, -2.947957, 0.01947593, 0.1574723, 165.2447, 2.158939, 1.646691, 21.70268
 
9.86013, -0.001782207, -0.01397564, 30.88318, 0, 0.0046683938604495838499949942, 10097.65, -950.5809, -2.947957, 0.01947593, 0.1574723, 165.1151, 2.158939, 1.646691, 21.70268
 
9.870131, -0.001786752, -0.01399346, 30.85222, 0, 0.0046788928622958333030579, 10079.61, -950.5809, -2.947957, 0.01947593, 0.1574723, 164.9855, 2.158939, 1.646691, 21.70268
 
9.880131, -0.001786187, -0.01401133, 30.82129, 0, 0.0046883182048584752761867058, 10061.61, -950.5809, -2.947957, 0.01947593, 0.1574723, 164.8561, 2.158939, 1.646691, 21.70268
 
9.890131, -0.001794616, -0.01402919, 30.79038, 0, 0.0046997045730531031886204, 10043.63, -950.5809, -2.947957, 0.01947593, 0.1574723, 164.7267, 2.158939, 1.646691, 21.70268
 
9.900131, -0.001798403, -0.01404714, 30.75951, 0, 0.0047101279777662235316125058, 10025.68, -950.5809, -2.947957, 0.01947593, 0.1574723, 164.5974, 2.158939, 1.646691, 21.70268
 
9.910131, -0.001802081, -0.01406512, 30.72866, 0, 0.0047205558823086787985057, 10007.76, -950.5809, -2.947957, 0.01947593, 0.1574723, 164.4681, 2.158939, 1.646691, 21.70268
 
9.920132, -0.001802363, -0.01408314, 30.69784, 0, 0.0047302728138133721968758942, 9989.866, -950.5809, -2.947957, 0.01947593, 0.1574723, 164.3389, 2.158939, 1.646691, 21.70268
 
9.930132, -0.00180943, -0.01410116, 30.66705, 0, 0.0047414845886291156880904942, 9972.005, -950.5809, -2.947957, 0.01947593, 0.1574723, 164.2098, 2.158939, 1.646691, 21.70268
 
9.940132, -0.00181414, -0.01411926, 30.63629, 0, 0.0047522220814310700717339, 9954.175, -950.5809, -2.947957, 0.01947593, 0.1574723, 164.0807, 2.158939, 1.646691, 21.70268
 
9.950132, -0.00181713, -0.0141374, 30.60556, 0, 0.0047626148873045815371815, 9936.37, -950.5809, -2.947957, 0.01947593, 0.1574723, 163.9517, 2.158939, 1.646691, 21.70268
 
9.960133, -0.001817859, -0.01415557, 30.57485, 0, 0.0047725379109936388189589942, 9918.594, -950.5809, -2.947957, 0.01947593, 0.1574723, 163.8228, 2.158939, 1.646691, 21.70268
 
9.970133, -0.001825939, -0.01417375, 30.54418, 0, 0.004784092572806084059082, 9900.849, -950.5809, -2.947957, 0.01947593, 0.1574723, 163.6939, 2.158939, 1.646691, 21.70268
 
9.980133, -0.001829517, -0.01419201, 30.51352, 0, 0.0047947013704885358390176, 9883.129, -950.5809, -2.947957, 0.01947593, 0.1574723, 163.5651, 2.158939, 1.646691, 21.70268
 
9.990133, -0.001834679, -0.0142103, 30.48289, 0, 0.0048056881538366331693072, 9865.438, -950.5809, -2.947957, 0.01947593, 0.1574723, 163.4363, 2.158939, 1.646691, 21.70268
 
10.00013, -0.001834925, -0.01422865, 30.4523, 0, 0.0048156228770820260507702058, 9847.776, -950.5809, -2.947957, 0.01947593, 0.1574723, 163.3077, 2.158939, 1.646691, 21.70268
 
10.01013, -0.001844089, -0.014247, 30.42174, 0, 0.0048275456249355224108491, 9830.146, -950.5809, -2.947957, 0.01947593, 0.1574723, 163.1791, 2.158939, 1.646691, 21.70268
 
10.02013, -0.001848863, -0.01426544, 30.39119, 0, 0.0048385459077716695111354942, 9812.538, -950.5809, -2.947957, 0.01947593, 0.1574723, 163.0505, 2.158939, 1.646691, 21.70268
 
10.03013, -0.001855735, -0.01428393, 30.36068, 0, 0.0048500447717001385033491, 9794.961, -950.5809, -2.947957, 0.01947593, 0.1574723, 162.922, 2.158939, 1.646691, 21.70268
 
10.04013, -0.00185611, -0.01430249, 30.3302, 0, 0.0048601387889046158670883, 9777.415, -950.5809, -2.947957, 0.01947593, 0.1574723, 162.7936, 2.158939, 1.646691, 21.70268
 
10.05013, -0.001860648, -0.01432105, 30.29974, 0, 0.0048711768703073365220688, 9759.895, -950.5809, -2.947957, 0.01947593, 0.1574723, 162.6652, 2.158939, 1.646691, 21.70268
 
10.06013, -0.001866249, -0.01433966, 30.26931, 0, 0.0048824849414712415698180058, 9742.401, -950.5809, -2.947957, 0.01947593, 0.1574723, 162.5369, 2.158939, 1.646691, 21.70268
 
10.07014, -0.001868108, -0.01435832, 30.2389, 0, 0.0048929911430444377007131, 9724.938, -950.5809, -2.947957, 0.01947593, 0.1574723, 162.4087, 2.158939, 1.646691, 21.70268
 
10.08014, -0.001877308, -0.014377, 30.20854, 0, 0.0049051640814099655913993, 9707.507, -950.5809, -2.947957, 0.01947593, 0.1574723, 162.2805, 2.158939, 1.646691, 21.70268
 
10.09014, -0.001882735, -0.01439577, 30.1782, 0, 0.0049165414499459056567134058, 9690.102, -950.5809, -2.947957, 0.01947593, 0.1574723, 162.1525, 2.158939, 1.646691, 21.70268
 
10.10014, -0.001888182, -0.0144146, 30.14787, 0, 0.0049279584169801424466916058, 9672.721, -950.5809, -2.947957, 0.01947593, 0.1574723, 162.0244, 2.158939, 1.646691, 21.70268
 
10.11014, -0.001891013, -0.01443348, 30.11759, 0, 0.0049388228049698402654380058, 9655.372, -950.5809, -2.947957, 0.01947593, 0.1574723, 161.8965, 2.158939, 1.646691, 21.70268
 
10.12014, -0.001896411, -0.01445239, 30.08733, 0, 0.0049502919700245619650921, 9638.05, -950.5809, -2.947957, 0.01947593, 0.1574723, 161.7685, 2.158939, 1.646691, 21.70268
 
10.13014, -0.001902916, -0.01447136, 30.05709, 0, 0.0049620482241920181654039058, 9620.754, -950.5809, -2.947957, 0.01947593, 0.1574723, 161.6407, 2.158939, 1.646691, 21.70268
 
10.14014, -0.001904722, -0.01449039, 30.02688, 0, 0.0049727794172328694568827058, 9603.487, -950.5809, -2.947957, 0.01947593, 0.1574723, 161.5129, 2.158939, 1.646691, 21.70268
 
10.15014, -0.001908757, -0.01450943, 29.9967, 0, 0.0049840397902056155191984, 9586.248, -950.5809, -2.947957, 0.01947593, 0.1574723, 161.3852, 2.158939, 1.646691, 21.70268
 
10.16014, -0.00191644, -0.01452852, 29.96655, 0, 0.0049961587306189173309213058, 9569.038, -950.5809, -2.947957, 0.01947593, 0.1574723, 161.2576, 2.158939, 1.646691, 21.70268
 
10.17014, -0.001919457, -0.01454769, 29.93642, 0, 0.0050072616095643020809307942, 9551.854, -950.5809, -2.947957, 0.01947593, 0.1574723, 161.13, 2.158939, 1.646691, 21.70268
 
10.18014, -0.001924209, -0.01456688, 29.90632, 0, 0.0050187865725030180278117, 9534.697, -950.5809, -2.947957, 0.01947593, 0.1574723, 161.0024, 2.158939, 1.646691, 21.70268
 
10.19014, -0.001924877, -0.01458612, 29.87625, 0, 0.0050294124695370109159776, 9517.57, -950.5809, -2.947957, 0.01947593, 0.1574723, 160.875, 2.158939, 1.646691, 21.70268
 
10.20014, -0.001951444, -0.01460537, 30.13297, 0, 0.0050417429019299001189700058, 9591.732, -950.5809, -2.947957, 0.01947593, 0.1574723, 160.7473, 2.158939, 1.646691, 21.70268
 
10.21014, -0.00195826, -0.01462488, 30.1039, 0, 0.0050538762417971132856747, 9574.871, -950.5809, -2.947957, 0.01947593, 0.1574723, 160.6196, 2.158939, 1.646691, 21.70268
 
10.22014, -0.001963677, -0.01464447, 30.07486, 0, 0.0050657323921761953817785, 9558.037, -950.5809, -2.947957, 0.01947593, 0.1574723, 160.4921, 2.158939, 1.646691, 21.70268
 
10.23014, -0.001967125, -0.0146641, 30.04585, 0, 0.0050771781581182908803551, 9541.228, -950.5809, -2.947957, 0.01947593, 0.1574723, 160.3645, 2.158939, 1.646691, 21.70268
 
10.24014, -0.001969259, -0.01468378, 30.01686, 0, 0.0050883512344016082315493058, 9524.447, -950.5809, -2.947957, 0.01947593, 0.1574723, 160.237, 2.158939, 1.646691, 21.70268
 
10.25014, -0.001974673, -0.01470347, 29.98789, 0, 0.0051003000812653515462955, 9507.688, -950.5809, -2.947957, 0.01947593, 0.1574723, 160.1096, 2.158939, 1.646691, 21.70268
 
10.26014, -0.001981894, -0.01472322, 29.95895, 0, 0.0051126998110302667671941, 9490.958, -950.5809, -2.947957, 0.01947593, 0.1574723, 159.9823, 2.158939, 1.646691, 21.70268
 
10.27014, -0.001984578, -0.01474303, 29.93004, 0, 0.0051241014786446946185706942, 9474.255, -950.5809, -2.947957, 0.01947593, 0.1574723, 159.855, 2.158939, 1.646691, 21.70268
 
10.28014, -0.001983372, -0.01476288, 29.90115, 0, 0.0051346346791940172884354942, 9457.577, -950.5809, -2.947957, 0.01947593, 0.1574723, 159.7278, 2.158939, 1.646691, 21.70268
 
10.29014, -0.001990733, -0.01478271, 29.87228, 0, 0.0051471532044538496823024942, 9440.925, -950.5809, -2.947957, 0.01947593, 0.1574723, 159.6007, 2.158939, 1.646691, 21.70268
 
10.30014, -0.00199469, -0.01480262, 29.84344, 0, 0.0051589310578021999140631, 9424.301, -950.5809, -2.947957, 0.01947593, 0.1574723, 159.4736, 2.158939, 1.646691, 21.70268
 
10.31014, -0.001995333, -0.01482257, 29.81462, 0, 0.0051699745390001440769058, 9407.697, -950.5809, -2.947957, 0.01947593, 0.1574723, 159.3465, 2.158939, 1.646691, 21.70268
 
10.32014, -0.001997857, -0.01484252, 29.78583, 0, 0.0051814725029627244851582942, 9391.123, -950.5809, -2.947957, 0.01947593, 0.1574723, 159.2195, 2.158939, 1.646691, 21.70268
 
10.33014, -0.002004264, -0.0148625, 29.75705, 0, 0.0051938974317720250757392, 9374.572, -950.5809, -2.947957, 0.01947593, 0.1574723, 159.0926, 2.158939, 1.646691, 21.70268
 
10.34014, -0.002006273, -0.01488254, 29.7283, 0, 0.0052053413977823794050284, 9358.047, -950.5809, -2.947957, 0.01947593, 0.1574723, 158.9658, 2.158939, 1.646691, 21.70268
 
10.35014, -0.00201131, -0.0149026, 29.69958, 0, 0.0052175134361820457107296058, 9341.55, -950.5809, -2.947957, 0.01947593, 0.1574723, 158.839, 2.158939, 1.646691, 21.70268
 
10.36014, -0.002014175, -0.01492272, 29.67088, 0, 0.0052292165923631194177457, 9325.076, -950.5809, -2.947957, 0.01947593, 0.1574723, 158.7122, 2.158939, 1.646691, 21.70268
 
10.37014, -0.002014417, -0.01494286, 29.64221, 0, 0.0052403329707965719370693942, 9308.632, -950.5809, -2.947957, 0.01947593, 0.1574723, 158.5856, 2.158939, 1.646691, 21.70268
 
10.38014, -0.002018799, -0.014963, 29.61356, 0, 0.0052524375117559353948343942, 9292.208, -950.5809, -2.947957, 0.01947593, 0.1574723, 158.459, 2.158939, 1.646691, 21.70268
 
10.39014, -0.002022151, -0.01498319, 29.58493, 0, 0.0052643332606333322149197, 9275.814, -950.5809, -2.947957, 0.01947593, 0.1574723, 158.3324, 2.158939, 1.646691, 21.70268
 
10.40014, -0.002022909, -0.01500341, 29.55633, 0, 0.0052756494314900635248035, 9259.443, -950.5809, -2.947957, 0.01947593, 0.1574723, 158.2059, 2.158939, 1.646691, 21.70268
 
10.41014, -0.002028372, -0.01502364, 29.52776, 0, 0.0052880923596167668085997, 9243.1, -950.5809, -2.947957, 0.01947593, 0.1574723, 158.0795, 2.158939, 1.646691, 21.70268
 
10.42014, -0.00203173, -0.01504393, 29.4992, 0, 0.0053000781050812130933963, 9226.777, -950.5809, -2.947957, 0.01947593, 0.1574723, 157.9531, 2.158939, 1.646691, 21.70268
 
10.43014, -0.002033092, -0.01506424, 29.47068, 0, 0.0053116210673373317334925, 9210.486, -950.5809, -2.947957, 0.01947593, 0.1574723, 157.8268, 2.158939, 1.646691, 21.70268
 
10.44014, -0.002034077, -0.01508457, 29.44216, 0, 0.0053230983320848976945986, 9194.212, -950.5809, -2.947957, 0.01947593, 0.1574723, 157.7006, 2.158939, 1.646691, 21.70268
 
10.45014, -0.002038159, -0.01510492, 29.41368, 0, 0.0053353288682661430024816, 9177.97, -950.5809, -2.947957, 0.01947593, 0.1574723, 157.5744, 2.158939, 1.646691, 21.70268
 
10.46014, -0.002039199, -0.0151253, 29.38523, 0, 0.0053468709305563910579341, 9161.75, -950.5809, -2.947957, 0.01947593, 0.1574723, 157.4483, 2.158939, 1.646691, 21.70268
 
10.47014, -0.002040423, -0.01514569, 29.35679, 0, 0.0053584777903893122080742942, 9145.556, -950.5809, -2.947957, 0.01947593, 0.1574723, 157.3222, 2.158939, 1.646691, 21.70268
 
10.48014, -0.002044788, -0.01516609, 29.32838, 0, 0.0053708541210416012278954, 9129.386, -950.5809, -2.947957, 0.01947593, 0.1574723, 157.1962, 2.158939, 1.646691, 21.70268
 
10.49014, -0.002046651, -0.01518654, 29.29999, 0, 0.0053826670730588952611016, 9113.242, -950.5809, -2.947957, 0.01947593, 0.1574723, 157.0702, 2.158939, 1.646691, 21.70268
 
10.50014, -0.002047165, -0.01520701, 29.27163, 0, 0.0053941821363730257772431, 9097.124, -950.5809, -2.947957, 0.01947593, 0.1574723, 156.9444, 2.158939, 1.646691, 21.70268
 
10.51015, -0.002046889, -0.01522748, 29.24329, 0, 0.0054055271061376157957253, 9081.029, -950.5809, -2.947957, 0.01947593, 0.1574723, 156.8185, 2.158939, 1.646691, 21.70268
 
10.52015, -0.002050837, -0.01524795, 29.21497, 0, 0.0054179016368581636462590058, 9064.959, -950.5809, -2.947957, 0.01947593, 0.1574723, 156.6927, 2.158939, 1.646691, 21.70268
 
10.53015, -0.002053432, -0.01526846, 29.18667, 0, 0.0054299836786707534882728, 9048.913, -950.5809, -2.947957, 0.01947593, 0.1574723, 156.567, 2.158939, 1.646691, 21.70268
 
10.54015, -0.002054187, -0.01528899, 29.15841, 0, 0.0054416499362511422245559, 9032.895, -950.5809, -2.947957, 0.01947593, 0.1574723, 156.4414, 2.158939, 1.646691, 21.70268
 
10.55015, -0.002058115, -0.01530953, 29.13017, 0, 0.0054541018640365513547891, 9016.902, -950.5809, -2.947957, 0.01947593, 0.1574723, 156.3158, 2.158939, 1.646691, 21.70268
 
10.56015, -0.002060742, -0.01533012, 29.10194, 0, 0.0054662730024703380761879, 9000.928, -950.5809, -2.947957, 0.01947593, 0.1574723, 156.1902, 2.158939, 1.646691, 21.70268
 
10.57015, -0.002062072, -0.01535072, 29.07375, 0, 0.0054781561518255467112614058, 8984.986, -950.5809, -2.947957, 0.01947593, 0.1574723, 156.0648, 2.158939, 1.646691, 21.70268
 
10.58015, -0.002061126, -0.01537134, 29.04556, 0, 0.0054895110212147041611656, 8969.063, -950.5809, -2.947957, 0.01947593, 0.1574723, 155.9394, 2.158939, 1.646691, 21.70268
 
10.59015, -0.002064975, -0.01539196, 29.01742, 0, 0.0055020439459284659093318, 8953.168, -950.5809, -2.947957, 0.01947593, 0.1574723, 155.814, 2.158939, 1.646691, 21.70268
 
10.60015, -0.00206705, -0.01541261, 28.98929, 0, 0.0055141781857615586603389, 8937.299, -950.5809, -2.947957, 0.01947593, 0.1574723, 155.6887, 2.158939, 1.646691, 21.70268
 
10.61015, -0.002067915, -0.01543328, 28.96118, 0, 0.005526042435833476018236, 8921.449, -950.5809, -2.947957, 0.01947593, 0.1574723, 155.5635, 2.158939, 1.646691, 21.70268
 
10.62015, -0.002067613, -0.01545396, 28.93309, 0, 0.005537642995905312075529, 8905.625, -950.5809, -2.947957, 0.01947593, 0.1574723, 155.4383, 2.158939, 1.646691, 21.70268
 
10.63015, -0.002071589, -0.01547463, 28.90504, 0, 0.0055503073156361791816754, 8889.827, -950.5809, -2.947957, 0.01947593, 0.1574723, 155.3132, 2.158939, 1.646691, 21.70268
 
10.64015, -0.002073846, -0.01549535, 28.877, 0, 0.0055625828501109537217434, 8874.053, -950.5809, -2.947957, 0.01947593, 0.1574723, 155.1881, 2.158939, 1.646691, 21.70268
 
10.65015, -0.002074424, -0.01551609, 28.849, 0, 0.0055744731991931180343078, 8858.306, -950.5809, -2.947957, 0.01947593, 0.1574723, 155.0631, 2.158939, 1.646691, 21.70268
 
10.66015, -0.002078236, -0.01553683, 28.82101, 0, 0.0055871798173199026187081, 8842.579, -950.5809, -2.947957, 0.01947593, 0.1574723, 154.9381, 2.158939, 1.646691, 21.70268
 
10.67015, -0.00208195, -0.01555761, 28.79303, 0, 0.0055998945351395224649017, 8826.876, -950.5809, -2.947957, 0.01947593, 0.1574723, 154.8132, 2.158939, 1.646691, 21.70268
 
10.68015, -0.002085052, -0.01557843, 28.76509, 0, 0.0056124904574642161384681942, 8811.199, -950.5809, -2.947957, 0.01947593, 0.1574723, 154.6884, 2.158939, 1.646691, 21.70268
 
10.69015, -0.002086529, -0.01559928, 28.73717, 0, 0.0056247155938502469381477, 8795.546, -950.5809, -2.947957, 0.01947593, 0.1574723, 154.5636, 2.158939, 1.646691, 21.70268
 
10.70015, -0.002090733, -0.01562015, 28.70928, 0, 0.0056376400037177040066646942, 8779.92, -950.5809, -2.947957, 0.01947593, 0.1574723, 154.4389, 2.158939, 1.646691, 21.70268
 
10.71015, -0.0020933, -0.01564106, 28.6814, 0, 0.0056501936276464892016359942, 8764.313, -950.5809, -2.947957, 0.01947593, 0.1574723, 154.3143, 2.158939, 1.646691, 21.70268
 
10.72015, -0.002096377, -0.01566199, 28.65354, 0, 0.0056629020457050329546411058, 8748.731, -950.5809, -2.947957, 0.01947593, 0.1574723, 154.1897, 2.158939, 1.646691, 21.70268
 
10.73015, -0.0020984, -0.01568295, 28.62572, 0, 0.0056753782725689298709367942, 8733.176, -950.5809, -2.947957, 0.01947593, 0.1574723, 154.0651, 2.158939, 1.646691, 21.70268
 
10.74015, -0.002103175, -0.01570394, 28.59791, 0, 0.0056885681723682274086627, 8717.644, -950.5809, -2.947957, 0.01947593, 0.1574723, 153.9406, 2.158939, 1.646691, 21.70268
 
10.75015, -0.00210689, -0.01572497, 28.57013, 0, 0.0057015303808022580318738, 8702.134, -950.5809, -2.947957, 0.01947593, 0.1574723, 153.8162, 2.158939, 1.646691, 21.70268
 
10.76015, -0.002110625, -0.01574604, 28.54236, 0, 0.005714531287768723794764, 8686.647, -950.5809, -2.947957, 0.01947593, 0.1574723, 153.6918, 2.158939, 1.646691, 21.70268
 
10.77015, -0.002113346, -0.01576714, 28.51462, 0, 0.0057273117030968873202889942, 8671.186, -950.5809, -2.947957, 0.01947593, 0.1574723, 153.5675, 2.158939, 1.646691, 21.70268
 
10.78015, -0.00211457, -0.01578828, 28.48691, 0, 0.0057397447315990321723219058, 8655.75, -950.5809, -2.947957, 0.01947593, 0.1574723, 153.4433, 2.158939, 1.646691, 21.70268
 
10.79015, -0.00211911, -0.01580942, 28.45922, 0, 0.0057530363275416877754685, 8640.337, -950.5809, -2.947957, 0.01947593, 0.1574723, 153.319, 2.158939, 1.646691, 21.70268
 
10.80015, -0.002124225, -0.01583061, 28.43154, 0, 0.0057665106165560810609449, 8624.943, -950.5809, -2.947957, 0.01947593, 0.1574723, 153.1949, 2.158939, 1.646691, 21.70268
 
10.81015, -0.002127849, -0.01585186, 28.40389, 0, 0.0057796465184031345203901, 8609.577, -950.5809, -2.947957, 0.01947593, 0.1574723, 153.0708, 2.158939, 1.646691, 21.70268
 
10.82015, -0.00212949, -0.01587313, 28.37628, 0, 0.0057923144379974839651113, 8594.237, -950.5809, -2.947957, 0.01947593, 0.1574723, 152.9468, 2.158939, 1.646691, 21.70268
 
10.83015, -0.002134982, -0.01589443, 28.34867, 0, 0.0058059858195375262878992942, 8578.916, -950.5809, -2.947957, 0.01947593, 0.1574723, 152.8228, 2.158939, 1.646691, 21.70268
 
10.84015, -0.00213953, -0.01591578, 28.32109, 0, 0.0058194574086543168191033, 8563.62, -950.5809, -2.947957, 0.01947593, 0.1574723, 152.6989, 2.158939, 1.646691, 21.70268
 
10.85015, -0.002143685, -0.01593718, 28.29354, 0, 0.0058328669001260280102333, 8548.349, -950.5809, -2.947957, 0.01947593, 0.1574723, 152.575, 2.158939, 1.646691, 21.70268
 
10.86015, -0.002146425, -0.01595861, 28.26599, 0, 0.0058459524038843287296313, 8533.098, -950.5809, -2.947957, 0.01947593, 0.1574723, 152.4512, 2.158939, 1.646691, 21.70268
 
10.87015, -0.002150389, -0.01598008, 28.23848, 0, 0.0058593798946734516136353, 8517.873, -950.5809, -2.947957, 0.01947593, 0.1574723, 152.3275, 2.158939, 1.646691, 21.70268
 
10.88015, -0.002156645, -0.01600158, 28.21099, 0, 0.0058734301618450100714209942, 8502.67, -950.5809, -2.947957, 0.01947593, 0.1574723, 152.2038, 2.158939, 1.646691, 21.70268
 
10.89015, -0.002162021, -0.01602315, 28.18353, 0, 0.0058872986359107284304967, 8487.494, -950.5809, -2.947957, 0.01947593, 0.1574723, 152.0802, 2.158939, 1.646691, 21.70268
 
10.90015, -0.002166531, -0.01604477, 28.15607, 0, 0.0059009871168023208611737, 8472.335, -950.5809, -2.947957, 0.01947593, 0.1574723, 151.9566, 2.158939, 1.646691, 21.70268
 
10.91015, -0.002171253, -0.01606643, 28.12866, 0, 0.0059147682941785835101518, 8457.205, -950.5809, -2.947957, 0.01947593, 0.1574723, 151.8331, 2.158939, 1.646691, 21.70268
 
10.92015, -0.002174636, -0.01608814, 28.10125, 0, 0.0059282425831929767956282, 8442.095, -950.5809, -2.947957, 0.01947593, 0.1574723, 151.7096, 2.158939, 1.646691, 21.70268
 
10.93015, -0.00218191, -0.01610989, 28.07388, 0, 0.0059427554328220247599344, 8427.01, -950.5809, -2.947957, 0.01947593, 0.1574723, 151.5862, 2.158939, 1.646691, 21.70268
 
10.94016, -0.002188349, -0.01613171, 28.04651, 0, 0.0059571026887308851497998, 8411.944, -950.5809, -2.947957, 0.01947593, 0.1574723, 151.4628, 2.158939, 1.646691, 21.70268
 
10.95016, -0.0021945, -0.01615359, 28.01918, 0, 0.0059714220456977574157105, 8396.906, -950.5809, -2.947957, 0.01947593, 0.1574723, 151.3395, 2.158939, 1.646691, 21.70268
 
10.96016, -0.002198832, -0.01617554, 27.99187, 0, 0.0059853139188761019758637, 8381.89, -950.5809, -2.947957, 0.01947593, 0.1574723, 151.2163, 2.158939, 1.646691, 21.70268
 
10.97016, -0.002202411, -0.01619753, 27.96457, 0, 0.0059990482980270942233694, 8366.896, -950.5809, -2.947957, 0.01947593, 0.1574723, 151.0931, 2.158939, 1.646691, 21.70268
 
10.98016, -0.002206829, -0.01621955, 27.9373, 0, 0.0060130355675877117560960942, 8351.925, -950.5809, -2.947957, 0.01947593, 0.1574723, 150.97, 2.158939, 1.646691, 21.70268
 
10.99016, -0.002210524, -0.01624162, 27.91006, 0, 0.0060268734428138392369447058, 8336.976, -950.5809, -2.947957, 0.01947593, 0.1574723, 150.8469, 2.158939, 1.646691, 21.70268
 
11.00016, -0.002218666, -0.01626373, 27.88283, 0, 0.0060419091726136968792406058, 8322.05, -950.5809, -2.947957, 0.01947593, 0.1574723, 150.7238, 2.158939, 1.646691, 21.70268
 
11.01016, -0.002225546, -0.01628591, 27.85562, 0, 0.0060566668129595348669745, 8307.146, -950.5809, -2.947957, 0.01947593, 0.1574723, 150.6009, 2.158939, 1.646691, 21.70268
 
11.02016, -0.002231195, -0.01630817, 27.82845, 0, 0.006071151763646594707326, 8292.27, -950.5809, -2.947957, 0.01947593, 0.1574723, 150.478, 2.158939, 1.646691, 21.70268
 
11.03016, -0.00223564, -0.01633048, 27.80129, 0, 0.0060853649246407379852801, 8277.414, -950.5809, -2.947957, 0.01947593, 0.1574723, 150.3551, 2.158939, 1.646691, 21.70268
 
11.04016, -0.002240986, -0.01635284, 27.77415, 0, 0.0060998534751912801642064, 8262.579, -950.5809, -2.947957, 0.01947593, 0.1574723, 150.2323, 2.158939, 1.646691, 21.70268
 
11.05016, -0.002245679, -0.01637525, 27.74703, 0, 0.0061142124306564671540986058, 8247.769, -950.5809, -2.947957, 0.01947593, 0.1574723, 150.1096, 2.158939, 1.646691, 21.70268
 
11.06016, -0.002249227, -0.0163977, 27.71994, 0, 0.0061283094960532870136979942, 8232.98, -950.5809, -2.947957, 0.01947593, 0.1574723, 149.9869, 2.158939, 1.646691, 21.70268
 
11.07016, -0.002257273, -0.01642019, 27.69287, 0, 0.0061436323149658701569929, 8218.215, -950.5809, -2.947957, 0.01947593, 0.1574723, 149.8643, 2.158939, 1.646691, 21.70268
 
11.08016, -0.002264145, -0.01644277, 27.66582, 0, 0.0061586995435711982618183, 8203.473, -950.5809, -2.947957, 0.01947593, 0.1574723, 149.7417, 2.158939, 1.646691, 21.70268
 
11.09016, -0.002269877, -0.01646541, 27.63878, 0, 0.006173513881766892081764, 8188.749, -950.5809, -2.947957, 0.01947593, 0.1574723, 149.6192, 2.158939, 1.646691, 21.70268
 
11.10016, -0.002277082, -0.01648811, 27.61178, 0, 0.0061887638034439488692605, 8174.053, -950.5809, -2.947957, 0.01947593, 0.1574723, 149.4967, 2.158939, 1.646691, 21.70268
 
11.11016, -0.002283168, -0.01651088, 27.58478, 0, 0.0062037689344042066336706, 8159.374, -950.5809, -2.947957, 0.01947593, 0.1574723, 149.3743, 2.158939, 1.646691, 21.70268
 
11.12016, -0.002289209, -0.01653371, 27.55782, 0, 0.0062188091640334081995262942, 8144.72, -950.5809, -2.947957, 0.01947593, 0.1574723, 149.2519, 2.158939, 1.646691, 21.70268
 
11.13016, -0.002294192, -0.0165566, 27.53087, 0, 0.0062336109027069228341189, 8130.088, -950.5809, -2.947957, 0.01947593, 0.1574723, 149.1296, 2.158939, 1.646691, 21.70268
 
11.14016, -0.002298138, -0.01657954, 27.50395, 0, 0.0062481777502882058770471, 8115.481, -950.5809, -2.947957, 0.01947593, 0.1574723, 149.0073, 2.158939, 1.646691, 21.70268
 
11.15016, -0.002302091, -0.01660253, 27.47705, 0, 0.0062627841963677946442981, 8100.894, -950.5809, -2.947957, 0.01947593, 0.1574723, 148.8851, 2.158939, 1.646691, 21.70268
 
11.16016, -0.002307109, -0.01662555, 27.45017, 0, 0.0062777155301266644679248, 8086.332, -950.5809, -2.947957, 0.01947593, 0.1574723, 148.763, 2.158939, 1.646691, 21.70268
 
11.17016, -0.002310619, -0.01664862, 27.42332, 0, 0.0062922832776738180954967, 8071.789, -950.5809, -2.947957, 0.01947593, 0.1574723, 148.6409, 2.158939, 1.646691, 21.70268
 
11.18016, -0.002315227, -0.01667172, 27.39648, 0, 0.0063071840125930880412376, 8057.268, -950.5809, -2.947957, 0.01947593, 0.1574723, 148.5188, 2.158939, 1.646691, 21.70268
 
11.19016, -0.002323342, -0.01669488, 27.36966, 0, 0.0063230738100041305104048, 8042.769, -950.5809, -2.947957, 0.01947593, 0.1574723, 148.3969, 2.158939, 1.646691, 21.70268
 
11.20016, -0.002332002, -0.01671811, 27.34286, 0, 0.0063391687996336662783356, 8028.292, -950.5809, -2.947957, 0.01947593, 0.1574723, 148.2749, 2.158939, 1.646691, 21.70268
 
11.21016, -0.002339667, -0.01674143, 27.31609, 0, 0.0063550513973177440703532, 8013.839, -950.5809, -2.947957, 0.01947593, 0.1574723, 148.153, 2.158939, 1.646691, 21.70268
 
11.22016, -0.002346869, -0.01676483, 27.28934, 0, 0.0063708637976639162601622, 7999.406, -950.5809, -2.947957, 0.01947593, 0.1574723, 148.0312, 2.158939, 1.646691, 21.70268
 
11.23016, -0.002354157, -0.01678829, 27.2626, 0, 0.0063867526951090791450269942, 7984.996, -950.5809, -2.947957, 0.01947593, 0.1574723, 147.9094, 2.158939, 1.646691, 21.70268
 
11.24016, -0.002361022, -0.01681184, 27.23589, 0, 0.0064025785949433191041502, 7970.609, -950.5809, -2.947957, 0.01947593, 0.1574723, 147.7877, 2.158939, 1.646691, 21.70268
 
11.25016, -0.002367479, -0.01683545, 27.2092, 0, 0.0064183459969959620617742, 7956.242, -950.5809, -2.947957, 0.01947593, 0.1574723, 147.666, 2.158939, 1.646691, 21.70268
 
11.26016, -0.002374075, -0.01685912, 27.18254, 0, 0.0064342006957380517298371, 7941.899, -950.5809, -2.947957, 0.01947593, 0.1574723, 147.5444, 2.158939, 1.646691, 21.70268
 
11.27016, -0.00237979, -0.01688286, 27.15589, 0, 0.0064498628017838362841482, 7927.578, -950.5809, -2.947957, 0.01947593, 0.1574723, 147.4229, 2.158939, 1.646691, 21.70268
 
11.28016, -0.002384648, -0.01690666, 27.12926, 0, 0.0064653386148944098172134, 7913.277, -950.5809, -2.947957, 0.01947593, 0.1574723, 147.3014, 2.158939, 1.646691, 21.70268
 
11.29016, -0.002390724, -0.01693051, 27.10266, 0, 0.0064811915137047583159889, 7898.999, -950.5809, -2.947957, 0.01947593, 0.1574723, 147.1799, 2.158939, 1.646691, 21.70268
 
11.30016, -0.002395966, -0.01695441, 27.07609, 0, 0.0064968626194092397170782942, 7884.747, -950.5809, -2.947957, 0.01947593, 0.1574723, 147.0586, 2.158939, 1.646691, 21.70268
 
11.31016, -0.002400901, -0.01697837, 27.04952, 0, 0.006512495026581303977806, 7870.51, -950.5809, -2.947957, 0.01947593, 0.1574723, 146.9372, 2.158939, 1.646691, 21.70268
 
11.32016, -0.002407072, -0.01700238, 27.02298, 0, 0.0065285144190777196353247058, 7856.298, -950.5809, -2.947957, 0.01947593, 0.1574723, 146.8159, 2.158939, 1.646691, 21.70268
 
11.33016, -0.00241196, -0.01702645, 26.99646, 0, 0.0065442269232122389303655942, 7842.107, -950.5809, -2.947957, 0.01947593, 0.1574723, 146.6947, 2.158939, 1.646691, 21.70268
 
11.34016, -0.00241763, -0.01705057, 26.96997, 0, 0.0065602004174492547710556, 7827.939, -950.5809, -2.947957, 0.01947593, 0.1574723, 146.5735, 2.158939, 1.646691, 21.70268
 
11.35016, -0.002423028, -0.01707475, 26.94348, 0, 0.0065761469127101350731171942, 7813.789, -950.5809, -2.947957, 0.01947593, 0.1574723, 146.4524, 2.158939, 1.646691, 21.70268
 
11.36016, -0.002429213, -0.01709898, 26.91703, 0, 0.0065923597978687354286901058, 7799.663, -950.5809, -2.947957, 0.01947593, 0.1574723, 146.3313, 2.158939, 1.646691, 21.70268
 
11.37016, -0.002434674, -0.01712327, 26.89059, 0, 0.0066084178888975772262292058, 7785.559, -950.5809, -2.947957, 0.01947593, 0.1574723, 146.2103, 2.158939, 1.646691, 21.70268
 
11.38017, -0.002439915, -0.01714762, 26.86417, 0, 0.0066244633804042128394390942, 7771.473, -950.5809, -2.947957, 0.01947593, 0.1574723, 146.0893, 2.158939, 1.646691, 21.70268
 
11.39017, -0.002445987, -0.01717202, 26.83777, 0, 0.0066407860613990155218847, 7757.412, -950.5809, -2.947957, 0.01947593, 0.1574723, 145.9684, 2.158939, 1.646691, 21.70268
 
11.40017, -0.002447548, -0.01719648, 26.81141, 0, 0.0066558928885026493510329, 7743.373, -950.5809, -2.947957, 0.01947593, 0.1574723, 145.8475, 2.158939, 1.646691, 21.70268
 
11.41017, -0.002451027, -0.01722095, 26.78504, 0, 0.0066715684940365016746582058, 7729.351, -950.5809, -2.947957, 0.01947593, 0.1574723, 145.7267, 2.158939, 1.646691, 21.70268
 
11.42017, -0.002453374, -0.01724546, 26.75871, 0, 0.0066869642101845841747754, 7715.354, -950.5809, -2.947957, 0.01947593, 0.1574723, 145.6059, 2.158939, 1.646691, 21.70268
 
11.43017, -0.002456157, -0.01727, 26.7324, 0, 0.0067025156204282868179114, 7701.375, -950.5809, -2.947957, 0.01947593, 0.1574723, 145.4852, 2.158939, 1.646691, 21.70268
 
11.44017, -0.002458853, -0.01729456, 26.70611, 0, 0.0067180778302624364767718, 7687.421, -950.5809, -2.947957, 0.01947593, 0.1574723, 145.3646, 2.158939, 1.646691, 21.70268
 
11.45017, -0.002461471, -0.01731915, 26.67983, 0, 0.0067336544395505064902726942, 7673.485, -950.5809, -2.947957, 0.01947593, 0.1574723, 145.244, 2.158939, 1.646691, 21.70268
 
11.46017, -0.002465051, -0.01734376, 26.65358, 0, 0.0067495370372345842822902942, 7659.574, -950.5809, -2.947957, 0.01947593, 0.1574723, 145.1234, 2.158939, 1.646691, 21.70268
 
11.47017, -0.002468072, -0.01736841, 26.62735, 0, 0.0067653017393896244856419, 7645.681, -950.5809, -2.947957, 0.01947593, 0.1574723, 145.0029, 2.158939, 1.646691, 21.70268
 
11.48017, -0.002472077, -0.01739309, 26.60114, 0, 0.0067813823295652308992735, 7631.811, -950.5809, -2.947957, 0.01947593, 0.1574723, 144.8825, 2.158939, 1.646691, 21.70268
 
11.49017, -0.002476042, -0.01741781, 26.57495, 0, 0.0067974926186145756058059058, 7617.964, -950.5809, -2.947957, 0.01947593, 0.1574723, 144.7621, 2.158939, 1.646691, 21.70268
 
11.50017, -0.002479483, -0.01744257, 26.54878, 0, 0.0068134958117253027404206, 7604.134, -950.5809, -2.947957, 0.01947593, 0.1574723, 144.6418, 2.158939, 1.646691, 21.70268
 
11.51017, -0.002483927, -0.01746737, 26.52263, 0, 0.0068298256924470611003571, 7590.325, -950.5809, -2.947957, 0.01947593, 0.1574723, 144.5214, 2.158939, 1.646691, 21.70268
 
11.52017, -0.002489386, -0.01749221, 26.4965, 0, 0.0068464894605068063631063, 7576.539, -950.5809, -2.947957, 0.01947593, 0.1574723, 144.4012, 2.158939, 1.646691, 21.70268
 
11.53017, -0.002494848, -0.0175171, 26.47039, 0, 0.0068632045266211749505464, 7562.771, -950.5809, -2.947957, 0.01947593, 0.1574723, 144.281, 2.158939, 1.646691, 21.70268
 
11.54017, -0.002501333, -0.01754205, 26.4443, 0, 0.0068802606798005041176075058, 7549.026, -950.5809, -2.947957, 0.01947593, 0.1574723, 144.1609, 2.158939, 1.646691, 21.70268
 
11.55017, -0.002503106, -0.01756706, 26.41823, 0, 0.0068960109825015969673425, 7535.302, -950.5809, -2.947957, 0.01947593, 0.1574723, 144.0408, 2.158939, 1.646691, 21.70268
 
11.56017, -0.002504961, -0.01759209, 26.39218, 0, 0.0069118170830866660649868942, 7521.599, -950.5809, -2.947957, 0.01947593, 0.1574723, 143.9207, 2.158939, 1.646691, 21.70268
 
11.57017, -0.002507929, -0.01761714, 26.36615, 0, 0.0069279759702930223422791, 7507.917, -950.5809, -2.947957, 0.01947593, 0.1574723, 143.8008, 2.158939, 1.646691, 21.70268
 
11.58017, -0.002510985, -0.01764222, 26.34015, 0, 0.006944199655042051714259, 7494.255, -950.5809, -2.947957, 0.01947593, 0.1574723, 143.6808, 2.158939, 1.646691, 21.70268
 
11.59017, -0.002515184, -0.01766733, 26.31416, 0, 0.0069607932257638913747996, 7480.615, -950.5809, -2.947957, 0.01947593, 0.1574723, 143.5609, 2.158939, 1.646691, 21.70268
 
11.60017, -0.002518972, -0.01769248, 26.28819, 0, 0.0069773111993525929256106942, 7466.993, -950.5809, -2.947957, 0.01947593, 0.1574723, 143.4411, 2.158939, 1.646691, 21.70268
 
11.61017, -0.002523915, -0.01771767, 26.26224, 0, 0.0069942080585728376103956058, 7453.395, -950.5809, -2.947957, 0.01947593, 0.1574723, 143.3213, 2.158939, 1.646691, 21.70268
 
11.62017, -0.002528972, -0.01774291, 26.23631, 0, 0.0070111850147555373294937, 7439.814, -950.5809, -2.947957, 0.01947593, 0.1574723, 143.2016, 2.158939, 1.646691, 21.70268
 
11.63017, -0.00253517, -0.0177682, 26.21041, 0, 0.0070285426565015033525356, 7426.257, -950.5809, -2.947957, 0.01947593, 0.1574723, 143.0819, 2.158939, 1.646691, 21.70268
 
11.64017, -0.002536836, -0.01779355, 26.18452, 0, 0.0070446250466088509354546, 7412.718, -950.5809, -2.947957, 0.01947593, 0.1574723, 142.9623, 2.158939, 1.646691, 21.70268
 
11.65017, -0.002540229, -0.01781892, 26.15865, 0, 0.0070612465162726787199499, 7399.201, -950.5809, -2.947957, 0.01947593, 0.1574723, 142.8427, 2.158939, 1.646691, 21.70268
 
11.66017, -0.002543809, -0.01784432, 26.13279, 0, 0.0070779633823187974763361058, 7385.703, -950.5809, -2.947957, 0.01947593, 0.1574723, 142.7232, 2.158939, 1.646691, 21.70268
 
11.67017, -0.002548122, -0.01786976, 26.10697, 0, 0.0070949376386038854415031, 7372.227, -950.5809, -2.947957, 0.01947593, 0.1574723, 142.6037, 2.158939, 1.646691, 21.70268
 
11.68017, -0.002552642, -0.01789524, 26.08116, 0, 0.0071120162909299792246567058, 7358.773, -950.5809, -2.947957, 0.01947593, 0.1574723, 142.4843, 2.158939, 1.646691, 21.70268
 
11.69017, -0.002556885, -0.01792077, 26.05538, 0, 0.0071290598445870932077298942, 7345.338, -950.5809, -2.947957, 0.01947593, 0.1574723, 142.3649, 2.158939, 1.646691, 21.70268
 
11.70017, -0.002562365, -0.01794634, 26.0296, 0, 0.0071465155826129619565938, 7331.92, -950.5809, -2.947957, 0.01947593, 0.1574723, 142.2456, 2.158939, 1.646691, 21.70268
 
11.71017, -0.002564513, -0.01797196, 26.00385, 0, 0.0071630308563040697527912058, 7318.527, -950.5809, -2.947957, 0.01947593, 0.1574723, 142.1263, 2.158939, 1.646691, 21.70268
 
11.72017, -0.002568404, -0.01799761, 25.97812, 0, 0.0071801005089714396901904, 7305.15, -950.5809, -2.947957, 0.01947593, 0.1574723, 142.0071, 2.158939, 1.646691, 21.70268
 
11.73017, -0.002573106, -0.01802329, 25.95241, 0, 0.0071974545508539233746575, 7291.797, -950.5809, -2.947957, 0.01947593, 0.1574723, 141.8879, 2.158939, 1.646691, 21.70268
 
11.74017, -0.002577094, -0.01804902, 25.92672, 0, 0.0072146438989820900693275, 7278.462, -950.5809, -2.947957, 0.01947593, 0.1574723, 141.7688, 2.158939, 1.646691, 21.70268
 
11.75017, -0.002582894, -0.01807479, 25.90104, 0, 0.0072324182249261367824025, 7265.147, -950.5809, -2.947957, 0.01947593, 0.1574723, 141.6497, 2.158939, 1.646691, 21.70268
 
11.76017, -0.002588498, -0.01810062, 25.87539, 0, 0.0072501871510749689872740058, 7251.854, -950.5809, -2.947957, 0.01947593, 0.1574723, 141.5307, 2.158939, 1.646691, 21.70268
 
11.77017, -0.00259541, -0.01812651, 25.84976, 0, 0.0072684006603638430071571942, 7238.58, -950.5809, -2.947957, 0.01947593, 0.1574723, 141.4117, 2.158939, 1.646691, 21.70268
 
11.78017, -0.002599048, -0.01815246, 25.82415, 0, 0.0072856863048401712583618, 7225.326, -950.5809, -2.947957, 0.01947593, 0.1574723, 141.2928, 2.158939, 1.646691, 21.70268
 
11.79017, -0.002603099, -0.01817845, 25.79856, 0, 0.0073031384430025486689922, 7212.093, -950.5809, -2.947957, 0.01947593, 0.1574723, 141.1739, 2.158939, 1.646691, 21.70268
 
11.80017, -0.002607506, -0.01820448, 25.77298, 0, 0.0073207444753287960536953, 7198.878, -950.5809, -2.947957, 0.01947593, 0.1574723, 141.0551, 2.158939, 1.646691, 21.70268
 
11.81017, -0.002613288, -0.01823056, 25.74743, 0, 0.0073388121901466533606165, 7185.686, -950.5809, -2.947957, 0.01947593, 0.1574723, 140.9363, 2.158939, 1.646691, 21.70268
 
11.82018, -0.002619424, -0.01825669, 25.72189, 0, 0.0073570409988553363191012942, 7172.511, -950.5809, -2.947957, 0.01947593, 0.1574723, 140.8176, 2.158939, 1.646691, 21.70268
 
11.83018, -0.002623437, -0.01828289, 25.69637, 0, 0.0073746785299870631659926, 7159.357, -950.5809, -2.947957, 0.01947593, 0.1574723, 140.6989, 2.158939, 1.646691, 21.70268
 
11.84018, -0.002627355, -0.01830912, 25.67088, 0, 0.0073923322605044425371530942, 7146.224, -950.5809, -2.947957, 0.01947593, 0.1574723, 140.5803, 2.158939, 1.646691, 21.70268
 
11.85018, -0.002632736, -0.01833539, 25.64541, 0, 0.0074104773723871791230912, 7133.113, -950.5809, -2.947957, 0.01947593, 0.1574723, 140.4617, 2.158939, 1.646691, 21.70268
 
11.86018, -0.002638061, -0.01836172, 25.61995, 0, 0.0074286557830071183411875, 7120.019, -950.5809, -2.947957, 0.01947593, 0.1574723, 140.3432, 2.158939, 1.646691, 21.70268
 
11.87018, -0.00264529, -0.0183881, 25.59452, 0, 0.007447469569531690317736, 7106.946, -950.5809, -2.947957, 0.01947593, 0.1574723, 140.2247, 2.158939, 1.646691, 21.70268
 
11.88018, -0.002648458, -0.01841456, 25.5691, 0, 0.0074650990009705819028340058, 7093.893, -950.5809, -2.947957, 0.01947593, 0.1574723, 140.1063, 2.158939, 1.646691, 21.70268
 
11.89018, -0.002654123, -0.01844104, 25.5437, 0, 0.0074835366017612404986572, 7080.857, -950.5809, -2.947957, 0.01947593, 0.1574723, 139.9879, 2.158939, 1.646691, 21.70268
 
11.90018, -0.002659242, -0.01846758, 25.51833, 0, 0.0075018590069204732597455, 7067.844, -950.5809, -2.947957, 0.01947593, 0.1574723, 139.8696, 2.158939, 1.646691, 21.70268
 
11.91018, -0.002665914, -0.01849417, 25.49296, 0, 0.0075207132919092215452605, 7054.849, -950.5809, -2.947957, 0.01947593, 0.1574723, 139.7513, 2.158939, 1.646691, 21.70268
 
11.92018, -0.00267059, -0.01852083, 25.46762, 0, 0.0075390086980923457666965058, 7041.874, -950.5809, -2.947957, 0.01947593, 0.1574723, 139.6331, 2.158939, 1.646691, 21.70268
 
11.93018, -0.002675777, -0.01854754, 25.4423, 0, 0.0075575128963574276261535, 7028.916, -950.5809, -2.947957, 0.01947593, 0.1574723, 139.5149, 2.158939, 1.646691, 21.70268
 
11.94018, -0.002682027, -0.0185743, 25.41699, 0, 0.0075763959802540436199256058, 7015.98, -950.5809, -2.947957, 0.01947593, 0.1574723, 139.3968, 2.158939, 1.646691, 21.70268
 
11.95018, -0.002688791, -0.01860112, 25.39171, 0, 0.0075954959559254615131707058, 7003.064, -950.5809, -2.947957, 0.01947593, 0.1574723, 139.2787, 2.158939, 1.646691, 21.70268
 
11.96018, -0.002693166, -0.018628, 25.36644, 0, 0.0076139119575352260775451, 6990.167, -950.5809, -2.947957, 0.01947593, 0.1574723, 139.1606, 2.158939, 1.646691, 21.70268
 
11.97018, -0.002698571, -0.01865494, 25.34121, 0, 0.0076326987450836715151238942, 6977.291, -950.5809, -2.947957, 0.01947593, 0.1574723, 139.0426, 2.158939, 1.646691, 21.70268
 
11.98018, -0.002704655, -0.01868192, 25.31598, 0, 0.0076517501225980868372679, 6964.434, -950.5809, -2.947957, 0.01947593, 0.1574723, 138.9247, 2.158939, 1.646691, 21.70268
 
11.99018, -0.002711269, -0.01870897, 25.29077, 0, 0.0076710237916825275667471, 6951.595, -950.5809, -2.947957, 0.01947593, 0.1574723, 138.8069, 2.158939, 1.646691, 21.70268
 
12.00018, -0.002716065, -0.01873608, 25.26558, 0, 0.0076897889800500789728770942, 6938.774, -950.5809, -2.947957, 0.01947593, 0.1574723, 138.689, 2.158939, 1.646691, 21.70268
 
12.01018, -0.002722984, -0.01876324, 25.24041, 0, 0.0077092696412847721697247058, 6925.975, -950.5809, -2.947957, 0.01947593, 0.1574723, 138.5712, 2.158939, 1.646691, 21.70268
 
12.02018, -0.002729532, -0.01879047, 25.21526, 0, 0.0077286954046013237046717942, 6913.194, -950.5809, -2.947957, 0.01947593, 0.1574723, 138.4535, 2.158939, 1.646691, 21.70268
 
12.03018, -0.002737696, -0.01881777, 25.19013, 0, 0.0077486890463822411487697, 6900.435, -950.5809, -2.947957, 0.01947593, 0.1574723, 138.3358, 2.158939, 1.646691, 21.70268
 
12.04018, -0.002743098, -0.01884515, 25.16502, 0, 0.0077678781186748469217411, 6887.693, -950.5809, -2.947957, 0.01947593, 0.1574723, 138.2181, 2.158939, 1.646691, 21.70268
 
12.05018, -0.002750117, -0.01887258, 25.13992, 0, 0.0077876332695000504355998, 6874.971, -950.5809, -2.947957, 0.01947593, 0.1574723, 138.1006, 2.158939, 1.646691, 21.70268
 
12.06018, -0.002757353, -0.01890008, 25.11485, 0, 0.0078075198153423593074387, 6862.269, -950.5809, -2.947957, 0.01947593, 0.1574723, 137.983, 2.158939, 1.646691, 21.70268
 
12.07018, -0.002762405, -0.01892765, 25.0898, 0, 0.0078267745851435267590589058, 6849.586, -950.5809, -2.947957, 0.01947593, 0.1574723, 137.8655, 2.158939, 1.646691, 21.70268
 
12.08018, -0.002767647, -0.01895528, 25.06475, 0, 0.0078461445505761110457553, 6836.92, -950.5809, -2.947957, 0.01947593, 0.1574723, 137.7481, 2.158939, 1.646691, 21.70268
 
12.09018, -0.002775593, -0.01898295, 25.03973, 0, 0.0078664297812990979144120058, 6824.274, -950.5809, -2.947957, 0.01947593, 0.1574723, 137.6307, 2.158939, 1.646691, 21.70268
 
12.10018, -0.002780937, -0.01901071, 25.01474, 0, 0.0078859527409296815905374, 6811.647, -950.5809, -2.947957, 0.01947593, 0.1574723, 137.5133, 2.158939, 1.646691, 21.70268
 
12.11018, -0.002788011, -0.01903852, 24.98975, 0, 0.0079060831775229279004777058, 6799.038, -950.5809, -2.947957, 0.01947593, 0.1574723, 137.396, 2.158939, 1.646691, 21.70268
 
12.12018, -0.002795806, -0.0190664, 24.96479, 0, 0.0079265070029899578052880942, 6786.451, -950.5809, -2.947957, 0.01947593, 0.1574723, 137.2787, 2.158939, 1.646691, 21.70268
 
12.13018, -0.002800058, -0.01909436, 24.93985, 0, 0.0079458607690368895677153, 6773.883, -950.5809, -2.947957, 0.01947593, 0.1574723, 137.1615, 2.158939, 1.646691, 21.70268
 
12.14018, -0.002806544, -0.01912236, 24.91492, 0, 0.0079659840059031622008473, 6761.333, -950.5809, -2.947957, 0.01947593, 0.1574723, 137.0444, 2.158939, 1.646691, 21.70268
 
12.15018, -0.002814378, -0.01915042, 24.89002, 0, 0.0079866013240323858033706, 6748.801, -950.5809, -2.947957, 0.01947593, 0.1574723, 136.9273, 2.158939, 1.646691, 21.70268
 
12.16018, -0.002819186, -0.01917857, 24.86513, 0, 0.0080063105765981805007418942, 6736.289, -950.5809, -2.947957, 0.01947593, 0.1574723, 136.8102, 2.158939, 1.646691, 21.70268
 
12.17018, -0.002826261, -0.01920676, 24.84026, 0, 0.0080268045994031340070782942, 6723.797, -950.5809, -2.947957, 0.01947593, 0.1574723, 136.6932, 2.158939, 1.646691, 21.70268
 
12.18018, -0.00283367, -0.01923502, 24.81541, 0, 0.0080474705156893781800201, 6711.322, -950.5809, -2.947957, 0.01947593, 0.1574723, 136.5762, 2.158939, 1.646691, 21.70268
 
12.19018, -0.002839563, -0.01926336, 24.79057, 0, 0.0080677125480505769857792058, 6698.865, -950.5809, -2.947957, 0.01947593, 0.1574723, 136.4593, 2.158939, 1.646691, 21.70268
 
12.20018, -0.002847331, -0.01929175, 24.76576, 0, 0.0080886214551218610132026, 6686.428, -950.5809, -2.947957, 0.01947593, 0.1574723, 136.3424, 2.158939, 1.646691, 21.70268
 
12.21018, -0.002852622, -0.01932023, 24.74096, 0, 0.0081087923901792746324507, 6674.011, -950.5809, -2.947957, 0.01947593, 0.1574723, 136.2256, 2.158939, 1.646691, 21.70268
 
12.22018, -0.002859321, -0.01934875, 24.71618, 0, 0.0081294799056464038371826, 6661.61, -950.5809, -2.947957, 0.01947593, 0.1574723, 136.1088, 2.158939, 1.646691, 21.70268
 
12.23018, -0.002867919, -0.01937735, 24.69142, 0, 0.0081508513951751773711265, 6649.229, -950.5809, -2.947957, 0.01947593, 0.1574723, 135.9921, 2.158939, 1.646691, 21.70268
 
12.24018, -0.002873589, -0.01940603, 24.66668, 0, 0.0081713355183555454467234942, 6636.866, -950.5809, -2.947957, 0.01947593, 0.1574723, 135.8754, 2.158939, 1.646691, 21.70268
 
12.25019, -0.002881692, -0.01943476, 24.64196, 0, 0.0081926782089764692717277, 6624.521, -950.5809, -2.947957, 0.01947593, 0.1574723, 135.7587, 2.158939, 1.646691, 21.70268
 
12.26019, -0.002888409, -0.01946358, 24.61725, 0, 0.0082136339142730327002822, 6612.197, -950.5809, -2.947957, 0.01947593, 0.1574723, 135.6422, 2.158939, 1.646691, 21.70268
 
12.27019, -0.00289508, -0.01949246, 24.59257, 0, 0.0082346391176924872838989058, 6599.89, -950.5809, -2.947957, 0.01947593, 0.1574723, 135.5256, 2.158939, 1.646691, 21.70268
 
12.28019, -0.002903718, -0.01952141, 24.5679, 0, 0.0082563570940814269060086, 6587.603, -950.5809, -2.947957, 0.01947593, 0.1574723, 135.4091, 2.158939, 1.646691, 21.70268
 
12.29019, -0.002909515, -0.01955045, 24.54325, 0, 0.0082772093033028641008788942, 6575.333, -950.5809, -2.947957, 0.01947593, 0.1574723, 135.2926, 2.158939, 1.646691, 21.70268
 
12.30019, -0.002917805, -0.01957954, 24.51861, 0, 0.0082989479789068451691111, 6563.081, -950.5809, -2.947957, 0.01947593, 0.1574723, 135.1762, 2.158939, 1.646691, 21.70268
 
12.31019, -0.002924345, -0.01960872, 24.494, 0, 0.0083201772738280663293504, 6550.851, -950.5809, -2.947957, 0.01947593, 0.1574723, 135.0599, 2.158939, 1.646691, 21.70268
 
12.32019, -0.002931804, -0.01963797, 24.46941, 0, 0.0083417773546879773624528058, 6538.637, -950.5809, -2.947957, 0.01947593, 0.1574723, 134.9436, 2.158939, 1.646691, 21.70268
 
12.33019, -0.00293761, -0.01966728, 24.44483, 0, 0.0083628932539094958579272, 6526.442, -950.5809, -2.947957, 0.01947593, 0.1574723, 134.8273, 2.158939, 1.646691, 21.70268
 
12.34019, -0.002944868, -0.01969666, 24.42028, 0, 0.0083845554324144682317862, 6514.266, -950.5809, -2.947957, 0.01947593, 0.1574723, 134.7111, 2.158939, 1.646691, 21.70268
 
12.35019, -0.002950013, -0.01972611, 24.39573, 0, 0.0084055786351513165089594942, 6502.107, -950.5809, -2.947957, 0.01947593, 0.1574723, 134.5949, 2.158939, 1.646691, 21.70268
 
12.36019, -0.002956792, -0.01975561, 24.37121, 0, 0.0084272066149532156660166, 6489.967, -950.5809, -2.947957, 0.01947593, 0.1574723, 134.4788, 2.158939, 1.646691, 21.70268
 
12.37019, -0.002964549, -0.01978518, 24.3467, 0, 0.0084492296797722834823405942, 6477.845, -950.5809, -2.947957, 0.01947593, 0.1574723, 134.3627, 2.158939, 1.646691, 21.70268
 
12.38019, -0.002971228, -0.01981482, 24.32222, 0, 0.0084709611556492998734232, 6465.742, -950.5809, -2.947957, 0.01947593, 0.1574723, 134.2467, 2.158939, 1.646691, 21.70268
 
12.39019, -0.002979952, -0.01984454, 24.29774, 0, 0.0084934486028575983655551, 6453.654, -950.5809, -2.947957, 0.01947593, 0.1574723, 134.1307, 2.158939, 1.646691, 21.70268
 
12.40019, -0.00298753, -0.01987433, 24.27329, 0, 0.0085156237619088129859818058, 6441.587, -950.5809, -2.947957, 0.01947593, 0.1574723, 134.0148, 2.158939, 1.646691, 21.70268
 
12.41019, -0.00299573, -0.01990421, 24.24886, 0, 0.0085380797103116320159255, 6429.538, -950.5809, -2.947957, 0.01947593, 0.1574723, 133.8989, 2.158939, 1.646691, 21.70268
 
12.42019, -0.003002872, -0.01993417, 24.22443, 0, 0.0085602530694310964674061, 6417.503, -950.5809, -2.947957, 0.01947593, 0.1574723, 133.783, 2.158939, 1.646691, 21.70268
 
12.43019, -0.003012601, -0.0199642, 24.20004, 0, 0.0085833713927146657951129942, 6405.493, -950.5809, -2.947957, 0.01947593, 0.1574723, 133.6672, 2.158939, 1.646691, 21.70268
 
12.44019, -0.003019308, -0.01999432, 24.17566, 0, 0.0086055447518341392462523, 6393.498, -950.5809, -2.947957, 0.01947593, 0.1574723, 133.5515, 2.158939, 1.646691, 21.70268
 
12.45019, -0.003024542, -0.02002452, 24.15129, 0, 0.0086272816275063701455384, 6381.52, -950.5809, -2.947957, 0.01947593, 0.1574723, 133.4357, 2.158939, 1.646691, 21.70268
 
12.46019, -0.003030937, -0.02005476, 24.12696, 0, 0.0086494756858408580438241, 6369.563, -950.5809, -2.947957, 0.01947593, 0.1574723, 133.3201, 2.158939, 1.646691, 21.70268
 
12.47019, -0.003036393, -0.02008507, 24.10263, 0, 0.0086714132539022293186553, 6357.623, -950.5809, -2.947957, 0.01947593, 0.1574723, 133.2045, 2.158939, 1.646691, 21.70268
 
12.48019, -0.003044077, -0.02011544, 24.07832, 0, 0.0086941742907351945421307058, 6345.701, -950.5809, -2.947957, 0.01947593, 0.1574723, 133.0889, 2.158939, 1.646691, 21.70268
 
12.49019, -0.003049299, -0.02014588, 24.05403, 0, 0.0087161640568170507266378, 6333.797, -950.5809, -2.947957, 0.01947593, 0.1574723, 132.9734, 2.158939, 1.646691, 21.70268
 
12.50019, -0.003056768, -0.02017637, 24.02975, 0, 0.0087389880912609388758547942, 6321.908, -950.5809, -2.947957, 0.01947593, 0.1574723, 132.8579, 2.158939, 1.646691, 21.70268
 
12.51019, -0.003062868, -0.02020694, 24.0055, 0, 0.0087614098409606846889965942, 6310.042, -950.5809, -2.947957, 0.01947593, 0.1574723, 132.7425, 2.158939, 1.646691, 21.70268
 
12.52019, -0.003070628, -0.02023757, 23.98126, 0, 0.0087844696664626840141804, 6298.192, -950.5809, -2.947957, 0.01947593, 0.1574723, 132.6271, 2.158939, 1.646691, 21.70268
 
12.53019, -0.003077092, -0.02026827, 23.95705, 0, 0.00880715600612838171257, 6286.359, -950.5809, -2.947957, 0.01947593, 0.1574723, 132.5117, 2.158939, 1.646691, 21.70268
 
12.54019, -0.003082695, -0.02029904, 23.93284, 0, 0.0088296092546335979882413, 6274.544, -950.5809, -2.947957, 0.01947593, 0.1574723, 132.3965, 2.158939, 1.646691, 21.70268
 
12.55019, -0.003089122, -0.02032987, 23.90866, 0, 0.0088524125898624716903119, 6262.748, -950.5809, -2.947957, 0.01947593, 0.1574723, 132.2812, 2.158939, 1.646691, 21.70268
 
12.56019, -0.003094275, -0.02036076, 23.88449, 0, 0.0088748406393233115959596, 6250.969, -950.5809, -2.947957, 0.01947593, 0.1574723, 132.166, 2.158939, 1.646691, 21.70268
 
12.57019, -0.003102255, -0.0203917, 23.86033, 0, 0.0088983153490916414422304, 6239.205, -950.5809, -2.947957, 0.01947593, 0.1574723, 132.0508, 2.158939, 1.646691, 21.70268
 
12.58019, -0.003109423, -0.02042273, 23.8362, 0, 0.0089215803668121340661778058, 6227.461, -950.5809, -2.947957, 0.01947593, 0.1574723, 131.9357, 2.158939, 1.646691, 21.70268
 
12.59019, -0.003116948, -0.02045382, 23.81209, 0, 0.0089450433770241373124218, 6215.736, -950.5809, -2.947957, 0.01947593, 0.1574723, 131.8207, 2.158939, 1.646691, 21.70268
 
12.60019, -0.00312332, -0.02048499, 23.78799, 0, 0.0089681751997957744094429, 6204.027, -950.5809, -2.947957, 0.01947593, 0.1574723, 131.7056, 2.158939, 1.646691, 21.70268
 
12.61019, -0.003129873, -0.02051622, 23.76391, 0, 0.0089914375176186462798005, 6192.336, -950.5809, -2.947957, 0.01947593, 0.1574723, 131.5907, 2.158939, 1.646691, 21.70268
 
12.62019, -0.00313684, -0.02054752, 23.73985, 0, 0.009014913127352846710715, 6180.664, -950.5809, -2.947957, 0.01947593, 0.1574723, 131.4757, 2.158939, 1.646691, 21.70268
 
12.63019, -0.003143139, -0.02057889, 23.7158, 0, 0.009038231243059694828982, 6169.007, -950.5809, -2.947957, 0.01947593, 0.1574723, 131.3608, 2.158939, 1.646691, 21.70268
 
12.64019, -0.003148812, -0.02061032, 23.69177, 0, 0.009061387364909837711383, 6157.37, -950.5809, -2.947957, 0.01947593, 0.1574723, 131.246, 2.158939, 1.646691, 21.70268
 
12.65019, -0.003155375, -0.02064181, 23.66776, 0, 0.009084930472084331990575, 6145.75, -950.5809, -2.947957, 0.01947593, 0.1574723, 131.1312, 2.158939, 1.646691, 21.70268
 
12.66019, -0.003161334, -0.02067336, 23.64377, 0, 0.009108320585060826880338, 6134.146, -950.5809, -2.947957, 0.01947593, 0.1574723, 131.0165, 2.158939, 1.646691, 21.70268
 
12.67019, -0.003166717, -0.02070498, 23.61979, 0, 0.009131584702815439919983, 6122.558, -950.5809, -2.947957, 0.01947593, 0.1574723, 130.9017, 2.158939, 1.646691, 21.70268
 
12.68019, -0.003174514, -0.02073664, 23.59583, 0, 0.009155766785758049296202, 6110.991, -950.5809, -2.947957, 0.01947593, 0.1574723, 130.7871, 2.158939, 1.646691, 21.70268
 
12.6902, -0.003180273, -0.02076839, 23.57189, 0, 0.00917929189361513188252, 6099.442, -950.5809, -2.947957, 0.01947593, 0.1574723, 130.6725, 2.158939, 1.646691, 21.70268
 
12.7002, -0.003185939, -0.02080019, 23.54796, 0, 0.009202861999765743701023, 6087.906, -950.5809, -2.947957, 0.01947593, 0.1574723, 130.5579, 2.158939, 1.646691, 21.70268
 
12.7102, -0.00319276, -0.02083205, 23.52405, 0, 0.00922690008816905953425, 6076.391, -950.5809, -2.947957, 0.01947593, 0.1574723, 130.4434, 2.158939, 1.646691, 21.70268
 
12.7202, -0.003198468, -0.02086398, 23.50017, 0, 0.009250614188858964895745, 6064.895, -950.5809, -2.947957, 0.01947593, 0.1574723, 130.3289, 2.158939, 1.646691, 21.70268
 
12.7302, -0.00320322, -0.02089596, 23.47629, 0, 0.00927405829978769486413, 6053.413, -950.5809, -2.947957, 0.01947593, 0.1574723, 130.2145, 2.158939, 1.646691, 21.70268
 
12.7402, -0.003210944, -0.020928, 23.45243, 0, 0.00929862736805465563714, 6041.947, -950.5809, -2.947957, 0.01947593, 0.1574723, 130.1001, 2.158939, 1.646691, 21.70268
 
12.7502, -0.003217787, -0.02096011, 23.4286, 0, 0.009322953445536558556351, 6030.502, -950.5809, -2.947957, 0.01947593, 0.1574723, 129.9857, 2.158939, 1.646691, 21.70268
 
12.7602, -0.003223594, -0.02099228, 23.40478, 0, 0.009346982534281168543141, 6019.073, -950.5809, -2.947957, 0.01947593, 0.1574723, 129.8714, 2.158939, 1.646691, 21.70268
 
12.7702, -0.003231043, -0.02102452, 23.38097, 0, 0.009371677597770011166269, 6007.66, -950.5809, -2.947957, 0.01947593, 0.1574723, 129.7572, 2.158939, 1.646691, 21.70268
 
12.7802, -0.00323718, -0.02105683, 23.35718, 0, 0.009395967676617090699732, 5996.266, -950.5809, -2.947957, 0.01947593, 0.1574723, 129.643, 2.158939, 1.646691, 21.70268
 
12.7902, -0.003242824, -0.0210892, 23.33341, 0, 0.009420140759900994229514, 5984.889, -950.5809, -2.947957, 0.01947593, 0.1574723, 129.5288, 2.158939, 1.646691, 21.70268
 
12.8002, -0.003250156, -0.02112163, 23.30966, 0, 0.009445006816905247934945, 5973.529, -950.5809, -2.947957, 0.01947593, 0.1574723, 129.4147, 2.158939, 1.646691, 21.70268
 
12.8102, -0.003257075, -0.02115413, 23.28592, 0, 0.00946980087663985486888, 5962.185, -950.5809, -2.947957, 0.01947593, 0.1574723, 129.3006, 2.158939, 1.646691, 21.70268
 
12.8202, -0.003264589, -0.0211867, 23.2622, 0, 0.009494873925794343042362, 5950.859, -950.5809, -2.947957, 0.01947593, 0.1574723, 129.1866, 2.158939, 1.646691, 21.70268
 
12.8302, -0.003269409, -0.02121935, 23.2385, 0, 0.009519047009078246572144, 5939.551, -950.5809, -2.947957, 0.01947593, 0.1574723, 129.0726, 2.158939, 1.646691, 21.70268
 
12.8402, -0.003276398, -0.02125204, 23.21482, 0, 0.009544084059597911359878, 5928.258, -950.5809, -2.947957, 0.01947593, 0.1574723, 128.9586, 2.158939, 1.646691, 21.70268
 
12.8502, -0.003283538, -0.02128481, 23.19114, 0, 0.00956924710533945799773, 5916.981, -950.5809, -2.947957, 0.01947593, 0.1574723, 128.8447, 2.158939, 1.646691, 21.70268
 
12.8602, -0.003290427, -0.02131764, 23.16749, 0, 0.009594392151763592942708, 5905.725, -950.5809, -2.947957, 0.01947593, 0.1574723, 128.7309, 2.158939, 1.646691, 21.70268
 
12.8702, -0.003295192, -0.02135055, 23.14385, 0, 0.009618826225149966019163, 5894.483, -950.5809, -2.947957, 0.01947593, 0.1574723, 128.6171, 2.158939, 1.646691, 21.70268
 
12.8802, -0.0033026, -0.0213835, 23.12024, 0, 0.00964430425894621728231, 5883.259, -950.5809, -2.947957, 0.01947593, 0.1574723, 128.5033, 2.158939, 1.646691, 21.70268
 
12.8902, -0.003310221, -0.02141652, 23.09663, 0, 0.009669944286599173781323, 5872.051, -950.5809, -2.947957, 0.01947593, 0.1574723, 128.3895, 2.158939, 1.646691, 21.70268
 
12.9002, -0.003317643, -0.02144963, 23.07304, 0, 0.009695584314252130280336, 5860.858, -950.5809, -2.947957, 0.01947593, 0.1574723, 128.2758, 2.158939, 1.646691, 21.70268
 
12.9102, -0.003324419, -0.0214828, 23.04948, 0, 0.009721062348048381543483, 5849.686, -950.5809, -2.947957, 0.01947593, 0.1574723, 128.1622, 2.158939, 1.646691, 21.70268
 
12.9202, -0.003329996, -0.02151605, 23.02592, 0, 0.009746171395837693102713, 5838.529, -950.5809, -2.947957, 0.01947593, 0.1574723, 128.0486, 2.158939, 1.646691, 21.70268
 
12.9302, -0.003337429, -0.02154935, 23.00239, 0, 0.009772045414617001609088, 5827.389, -950.5809, -2.947957, 0.01947593, 0.1574723, 127.935, 2.158939, 1.646691, 21.70268
 
12.9402, -0.003345648, -0.02158272, 22.97887, 0, 0.00979828841940324981938, 5816.265, -950.5809, -2.947957, 0.01947593, 0.1574723, 127.8215, 2.158939, 1.646691, 21.70268
 
12.9502, -0.00335327, -0.02161618, 22.95537, 0, 0.009824396429308910333117, 5805.158, -950.5809, -2.947957, 0.01947593, 0.1574723, 127.7081, 2.158939, 1.646691, 21.70268
 
12.9602, -0.003358852, -0.02164971, 22.93188, 0, 0.009849811465494220671205, 5794.069, -950.5809, -2.947957, 0.01947593, 0.1574723, 127.5946, 2.158939, 1.646691, 21.70268
 
12.9702, -0.003364387, -0.0216833, 22.90841, 0, 0.009875289499290471934352, 5782.995, -950.5809, -2.947957, 0.01947593, 0.1574723, 127.4813, 2.158939, 1.646691, 21.70268
 
12.9802, -0.003372744, -0.02171694, 22.88496, 0, 0.009901892490424954002124, 5771.939, -950.5809, -2.947957, 0.01947593, 0.1574723, 127.3679, 2.158939, 1.646691, 21.70268
 
12.9902, -0.003381479, -0.02175067, 22.86153, 0, 0.009928729472685788077258, 5760.9, -950.5809, -2.947957, 0.01947593, 0.1574723, 127.2546, 2.158939, 1.646691, 21.70268
 
13.0002, -0.003388225, -0.02178449, 22.83811, 0, 0.009954900480202389516054, 5749.877, -950.5809, -2.947957, 0.01947593, 0.1574723, 127.1414, 2.158939, 1.646691, 21.70268
 
13.0102, -0.003394492, -0.02181837, 22.8147, 0, 0.009980963491814520797606, 5738.87, -950.5809, -2.947957, 0.01947593, 0.1574723, 127.0282, 2.158939, 1.646691, 21.70268
 
13.0202, -0.003401279, -0.02185231, 22.79131, 0, 0.010007296493187827472268, 5727.879, -950.5809, -2.947957, 0.01947593, 0.1574723, 126.915, 2.158939, 1.646691, 21.70268
 
13.0302, -0.003407629, -0.02188632, 22.76795, 0, 0.010033548497632781528997, 5716.908, -950.5809, -2.947957, 0.01947593, 0.1574723, 126.8019, 2.158939, 1.646691, 21.70268
 
13.0402, -0.003415393, -0.0219204, 22.7446, 0, 0.010060412478869733143442, 5705.953, -950.5809, -2.947957, 0.01947593, 0.1574723, 126.6888, 2.158939, 1.646691, 21.70268
 
13.0502, -0.00342315, -0.02195456, 22.72126, 0, 0.01008735745703503737582, 5695.012, -950.5809, -2.947957, 0.01947593, 0.1574723, 126.5758, 2.158939, 1.646691, 21.70268
 
13.0602, -0.003430984, -0.02198879, 22.69794, 0, 0.010114410431104811765442, 5684.087, -950.5809, -2.947957, 0.01947593, 0.1574723, 126.4628, 2.158939, 1.646691, 21.70268
 
13.0702, -0.003438916, -0.0220231, 22.67463, 0, 0.010141589400396468005182, 5673.179, -950.5809, -2.947957, 0.01947593, 0.1574723, 126.3499, 2.158939, 1.646691, 21.70268
 
13.0802, -0.003446965, -0.02205749, 22.65135, 0, 0.01016889436491000609504, 5662.291, -950.5809, -2.947957, 0.01947593, 0.1574723, 126.237, 2.158939, 1.646691, 21.70268
 
13.0902, -0.003453197, -0.02209196, 22.62807, 0, 0.010195596352290252473619, 5651.416, -950.5809, -2.947957, 0.01947593, 0.1574723, 126.1241, 2.158939, 1.646691, 21.70268
 
13.1002, -0.003459112, -0.02212649, 22.60482, 0, 0.010222244341718263773576, 5640.558, -950.5809, -2.947957, 0.01947593, 0.1574723, 126.0113, 2.158939, 1.646691, 21.70268
 
13.1102, -0.003466116, -0.02216108, 22.58158, 0, 0.010249387312375096627568, 5629.717, -950.5809, -2.947957, 0.01947593, 0.1574723, 125.8985, 2.158939, 1.646691, 21.70268
 
13.1202, -0.003475596, -0.02219574, 22.55836, 0, 0.010277574243441807668252, 5618.889, -950.5809, -2.947957, 0.01947593, 0.1574723, 125.7858, 2.158939, 1.646691, 21.70268
 
13.13021, -0.003485257, -0.0222305, 22.53515, 0, 0.010305923168365223944802, 5608.08, -950.5809, -2.947957, 0.01947593, 0.1574723, 125.6731, 2.158939, 1.646691, 21.70268
 
13.14021, -0.003494628, -0.02226535, 22.51196, 0, 0.010334254093971228528478, 5597.287, -950.5809, -2.947957, 0.01947593, 0.1574723, 125.5604, 2.158939, 1.646691, 21.70268
 
13.15021, -0.003502756, -0.0223003, 22.48878, 0, 0.010362198034252881715363, 5586.511, -950.5809, -2.947957, 0.01947593, 0.1574723, 125.4478, 2.158939, 1.646691, 21.70268
 
13.16021, -0.003511127, -0.02233532, 22.46563, 0, 0.010390321967708651830988, 5575.751, -950.5809, -2.947957, 0.01947593, 0.1574723, 125.3353, 2.158939, 1.646691, 21.70268
 
13.17021, -0.00351976, -0.02237043, 22.44248, 0, 0.010418643893655950568227, 5565.005, -950.5809, -2.947957, 0.01947593, 0.1574723, 125.2227, 2.158939, 1.646691, 21.70268
 
13.18021, -0.003528594, -0.02240563, 22.41936, 0, 0.010447127813459954541332, 5554.279, -950.5809, -2.947957, 0.01947593, 0.1574723, 125.1103, 2.158939, 1.646691, 21.70268
 
13.19021, -0.003536262, -0.02244092, 22.39625, 0, 0.010475251746915724656957, 5543.569, -950.5809, -2.947957, 0.01947593, 0.1574723, 124.9978, 2.158939, 1.646691, 21.70268
 
13.20021, -0.003543764, -0.02247628, 22.37316, 0, 0.010503393679688906465456, 5532.874, -950.5809, -2.947957, 0.01947593, 0.1574723, 124.8855, 2.158939, 1.646691, 21.70268
 
13.21021, -0.003551604, -0.02251172, 22.35008, 0, 0.01053176060392973443488, 5522.194, -950.5809, -2.947957, 0.01947593, 0.1574723, 124.7731, 2.158939, 1.646691, 21.70268
 
13.22021, -0.003560198, -0.02254723, 22.32702, 0, 0.010560505513836207954658, 5511.529, -950.5809, -2.947957, 0.01947593, 0.1574723, 124.6608, 2.158939, 1.646691, 21.70268
 
13.23021, -0.003568745, -0.02258284, 22.30398, 0, 0.010589331420671034092369, 5500.883, -950.5809, -2.947957, 0.01947593, 0.1574723, 124.5485, 2.158939, 1.646691, 21.70268
 
13.24021, -0.003577194, -0.02261852, 22.28095, 0, 0.010618202325799389462265, 5490.252, -950.5809, -2.947957, 0.01947593, 0.1574723, 124.4363, 2.158939, 1.646691, 21.70268
 
13.25021, -0.003584586, -0.0226543, 22.25794, 0, 0.010646749243214334360429, 5479.638, -950.5809, -2.947957, 0.01947593, 0.1574723, 124.3241, 2.158939, 1.646691, 21.70268
 
13.26021, -0.003591914, -0.02269014, 22.23494, 0, 0.010675359158240220183652, 5469.039, -950.5809, -2.947957, 0.01947593, 0.1574723, 124.212, 2.158939, 1.646691, 21.70268
 
13.27021, -0.003599684, -0.02272606, 22.21196, 0, 0.010704221063709869707111, 5458.457, -950.5809, -2.947957, 0.01947593, 0.1574723, 124.0999, 2.158939, 1.646691, 21.70268
 
13.28021, -0.00360872, -0.02276206, 22.18899, 0, 0.010733685946312810941849, 5447.89, -950.5809, -2.947957, 0.01947593, 0.1574723, 123.9879, 2.158939, 1.646691, 21.70268
 
13.29021, -0.003615875, -0.02279815, 22.16605, 0, 0.010762493853830225386686, 5437.341, -950.5809, -2.947957, 0.01947593, 0.1574723, 123.8759, 2.158939, 1.646691, 21.70268
 
13.30021, -0.003623999, -0.02283431, 22.14311, 0, 0.010791778743259049692684, 5426.803, -950.5809, -2.947957, 0.01947593, 0.1574723, 123.7639, 2.158939, 1.646691, 21.70268
 
13.31021, -0.003633596, -0.02287055, 22.12019, 0, 0.010821738607090812481457, 5416.285, -950.5809, -2.947957, 0.01947593, 0.1574723, 123.652, 2.158939, 1.646691, 21.70268
 
13.32021, -0.003642159, -0.02290688, 22.0973, 0, 0.010851392482526576491372, 5405.783, -950.5809, -2.947957, 0.01947593, 0.1574723, 123.5401, 2.158939, 1.646691, 21.70268
 
13.33021, -0.003650439, -0.0229433, 22.0744, 0, 0.010881019358986222961976, 5395.293, -950.5809, -2.947957, 0.01947593, 0.1574723, 123.4282, 2.158939, 1.646691, 21.70268
 
13.34021, -0.003659672, -0.02297981, 22.05154, 0, 0.010911123217357279293741, 5384.822, -950.5809, -2.947957, 0.01947593, 0.1574723, 123.3164, 2.158939, 1.646691, 21.70268
 
13.35021, -0.00366905, -0.02301641, 22.02868, 0, 0.010941389069585040861372, 5374.364, -950.5809, -2.947957, 0.01947593, 0.1574723, 123.2047, 2.158939, 1.646691, 21.70268
 
13.36021, -0.003678521, -0.0230531, 22.00584, 0, 0.010971789916693390125558, 5363.925, -950.5809, -2.947957, 0.01947593, 0.1574723, 123.093, 2.158939, 1.646691, 21.70268
 
13.37021, -0.003687526, -0.02308988, 21.98302, 0, 0.011002109766873386771811, 5353.502, -950.5809, -2.947957, 0.01947593, 0.1574723, 122.9813, 2.158939, 1.646691, 21.70268
 
13.38021, -0.003697533, -0.02312676, 21.96021, 0, 0.011032924598282204972099, 5343.093, -950.5809, -2.947957, 0.01947593, 0.1574723, 122.8697, 2.158939, 1.646691, 21.70268
 
13.39021, -0.003704634, -0.02316373, 21.93742, 0, 0.011062659470646321599947, 5332.7, -950.5809, -2.947957, 0.01947593, 0.1574723, 122.7581, 2.158939, 1.646691, 21.70268
 
13.40021, -0.003711999, -0.02320078, 21.91465, 0, 0.011092592335501966849409, 5322.323, -950.5809, -2.947957, 0.01947593, 0.1574723, 122.6465, 2.158939, 1.646691, 21.70268
 
13.41021, -0.003720835, -0.0232379, 21.89189, 0, 0.011123227173736668120957, 5311.961, -950.5809, -2.947957, 0.01947593, 0.1574723, 122.535, 2.158939, 1.646691, 21.70268
 
13.42021, -0.003729473, -0.02327511, 21.86914, 0, 0.011153862011971369392505, 5301.616, -950.5809, -2.947957, 0.01947593, 0.1574723, 122.4235, 2.158939, 1.646691, 21.70268
 
13.43021, -0.003737756, -0.0233124, 21.84641, 0, 0.011184460851571247278305, 5291.286, -950.5809, -2.947957, 0.01947593, 0.1574723, 122.3121, 2.158939, 1.646691, 21.70268
 
13.44021, -0.003746353, -0.02334978, 21.82371, 0, 0.011215275682980065478593, 5280.974, -950.5809, -2.947957, 0.01947593, 0.1574723, 122.2008, 2.158939, 1.646691, 21.70268
 
13.45021, -0.003755587, -0.02338724, 21.80101, 0, 0.011246459500395823382798, 5270.674, -950.5809, -2.947957, 0.01947593, 0.1574723, 122.0894, 2.158939, 1.646691, 21.70268
 
13.46021, -0.003765953, -0.0234248, 21.77832, 0, 0.011278201296651343766097, 5260.389, -950.5809, -2.947957, 0.01947593, 0.1574723, 121.9781, 2.158939, 1.646691, 21.70268
 
13.47021, -0.003774465, -0.02346246, 21.75566, 0, 0.011309295117480043205932, 5250.123, -950.5809, -2.947957, 0.01947593, 0.1574723, 121.8669, 2.158939, 1.646691, 21.70268
 
13.48021, -0.003783356, -0.0235002, 21.73301, 0, 0.011340640928752506346003, 5239.868, -950.5809, -2.947957, 0.01947593, 0.1574723, 121.7556, 2.158939, 1.646691, 21.70268
 
13.49021, -0.00379217, -0.02353804, 21.71038, 0, 0.011372049737635910411133, 5229.633, -950.5809, -2.947957, 0.01947593, 0.1574723, 121.6445, 2.158939, 1.646691, 21.70268
 
13.50021, -0.003800337, -0.02357596, 21.68775, 0, 0.011403296552662609240397, 5219.41, -950.5809, -2.947957, 0.01947593, 0.1574723, 121.5333, 2.158939, 1.646691, 21.70268
 
13.51021, -0.0038107, -0.02361396, 21.66515, 0, 0.011435560329123068717042, 5209.205, -950.5809, -2.947957, 0.01947593, 0.1574723, 121.4222, 2.158939, 1.646691, 21.70268
 
13.52021, -0.003820918, -0.02365207, 21.64256, 0, 0.011467860104218351579435, 5199.015, -950.5809, -2.947957, 0.01947593, 0.1574723, 121.3112, 2.158939, 1.646691, 21.70268
 
13.53021, -0.003828451, -0.02369028, 21.61999, 0, 0.011499151917538579640884, 5188.839, -950.5809, -2.947957, 0.01947593, 0.1574723, 121.2002, 2.158939, 1.646691, 21.70268
 
13.54021, -0.003837354, -0.02372856, 21.59743, 0, 0.011531109705603040338671, 5178.68, -950.5809, -2.947957, 0.01947593, 0.1574723, 121.0892, 2.158939, 1.646691, 21.70268
 
13.55021, -0.00384666, -0.02376694, 21.57489, 0, 0.011563346483087382276005, 5168.534, -950.5809, -2.947957, 0.01947593, 0.1574723, 120.9783, 2.158939, 1.646691, 21.70268
 
13.56021, -0.003856871, -0.0238054, 21.55236, 0, 0.0115960602424831340745, 5158.406, -950.5809, -2.947957, 0.01947593, 0.1574723, 120.8674, 2.158939, 1.646691, 21.70268
 
13.57022, -0.003864, -0.02384397, 21.52985, 0, 0.011627586046929714143311, 5148.292, -950.5809, -2.947957, 0.01947593, 0.1574723, 120.7565, 2.158939, 1.646691, 21.70268
 
13.58022, -0.003873053, -0.02388261, 21.50735, 0, 0.011660020816905584702259, 5138.193, -950.5809, -2.947957, 0.01947593, 0.1574723, 120.6457, 2.158939, 1.646691, 21.70268
 
13.59022, -0.003881619, -0.02392134, 21.48487, 0, 0.011692347590976985103963, 5128.112, -950.5809, -2.947957, 0.01947593, 0.1574723, 120.535, 2.158939, 1.646691, 21.70268
 
13.60022, -0.003891157, -0.02396016, 21.46241, 0, 0.011725196345253324599013, 5118.044, -950.5809, -2.947957, 0.01947593, 0.1574723, 120.4243, 2.158939, 1.646691, 21.70268
 
13.61022, -0.003899061, -0.02399907, 21.43996, 0, 0.011757451122055078229221, 5107.991, -950.5809, -2.947957, 0.01947593, 0.1574723, 120.3136, 2.158939, 1.646691, 21.70268
 
13.62022, -0.00390768, -0.02403806, 21.41752, 0, 0.011790110883498594949094, 5097.954, -950.5809, -2.947957, 0.01947593, 0.1574723, 120.2029, 2.158939, 1.646691, 21.70268
 
13.63022, -0.003916749, -0.02407714, 21.3951, 0, 0.011823067633679404601388, 5087.931, -950.5809, -2.947957, 0.01947593, 0.1574723, 120.0923, 2.158939, 1.646691, 21.70268
 
13.64022, -0.003926942, -0.0241163, 21.3727, 0, 0.011856609361676094272087, 5077.924, -950.5809, -2.947957, 0.01947593, 0.1574723, 119.9818, 2.158939, 1.646691, 21.70268
 
13.65022, -0.003935189, -0.02415557, 21.35031, 0, 0.011889431116976316227826, 5067.931, -950.5809, -2.947957, 0.01947593, 0.1574723, 119.8712, 2.158939, 1.646691, 21.70268
 
13.66022, -0.00394491, -0.02419493, 21.32794, 0, 0.011922990844290417591399, 5057.956, -950.5809, -2.947957, 0.01947593, 0.1574723, 119.7608, 2.158939, 1.646691, 21.70268
 
13.67022, -0.003954264, -0.02423437, 21.30557, 0, 0.01195649657365228387635, 5047.993, -950.5809, -2.947957, 0.01947593, 0.1574723, 119.6504, 2.158939, 1.646691, 21.70268
 
13.68022, -0.003961746, -0.02427392, 21.28323, 0, 0.011989300329635094139215, 5038.047, -950.5809, -2.947957, 0.01947593, 0.1574723, 119.54, 2.158939, 1.646691, 21.70268
 
13.69022, -0.003970366, -0.02431353, 21.26091, 0, 0.012022698063092490266922, 5028.118, -950.5809, -2.947957, 0.01947593, 0.1574723, 119.4296, 2.158939, 1.646691, 21.70268
 
13.70022, -0.003979637, -0.02435324, 21.2386, 0, 0.01205648278187423779142, 5018.202, -950.5809, -2.947957, 0.01947593, 0.1574723, 119.3193, 2.158939, 1.646691, 21.70268
 
13.71022, -0.003988057, -0.02439304, 21.2163, 0, 0.012090006510553515769245, 5008.3, -950.5809, -2.947957, 0.01947593, 0.1574723, 119.209, 2.158939, 1.646691, 21.70268
 
13.72022, -0.003996785, -0.02443292, 21.19401, 0, 0.012123764230359145754432, 4998.413, -950.5809, -2.947957, 0.01947593, 0.1574723, 119.0988, 2.158939, 1.646691, 21.70268
 
13.73022, -0.004006991, -0.02447288, 21.17174, 0, 0.012158277921496066840327, 4988.541, -950.5809, -2.947957, 0.01947593, 0.1574723, 118.9886, 2.158939, 1.646691, 21.70268
 
13.74022, -0.00401601, -0.02451295, 21.14949, 0, 0.012192386627991224836557, 4978.683, -950.5809, -2.947957, 0.01947593, 0.1574723, 118.8784, 2.158939, 1.646691, 21.70268
 
13.75022, -0.004025767, -0.02455311, 21.12725, 0, 0.012226927318104263461763, 4968.841, -950.5809, -2.947957, 0.01947593, 0.1574723, 118.7683, 2.158939, 1.646691, 21.70268
 
13.76022, -0.004036751, -0.02459337, 21.10503, 0, 0.012262115983644123030433, 4959.016, -950.5809, -2.947957, 0.01947593, 0.1574723, 118.6583, 2.158939, 1.646691, 21.70268
 
13.77022, -0.004045069, -0.02463374, 21.08282, 0, 0.012296260688774104412411, 4949.203, -950.5809, -2.947957, 0.01947593, 0.1574723, 118.5482, 2.158939, 1.646691, 21.70268
 
13.78022, -0.004055616, -0.02467419, 21.06063, 0, 0.012331485352948787366829, 4939.407, -950.5809, -2.947957, 0.01947593, 0.1574723, 118.4382, 2.158939, 1.646691, 21.70268
 
13.79022, -0.004063562, -0.02471475, 21.03845, 0, 0.012365684056031003827429, 4929.625, -950.5809, -2.947957, 0.01947593, 0.1574723, 118.3283, 2.158939, 1.646691, 21.70268
 
13.80022, -0.004071951, -0.02475538, 21.01629, 0, 0.01240017974785051322045, 4919.859, -950.5809, -2.947957, 0.01947593, 0.1574723, 118.2184, 2.158939, 1.646691, 21.70268
 
13.81022, -0.004082513, -0.0247961, 20.99414, 0, 0.012435746399056018339474, 4910.105, -950.5809, -2.947957, 0.01947593, 0.1574723, 118.1085, 2.158939, 1.646691, 21.70268
 
13.82022, -0.004091104, -0.02483693, 20.97201, 0, 0.01247055707893023235779, 4900.37, -950.5809, -2.947957, 0.01947593, 0.1574723, 117.9987, 2.158939, 1.646691, 21.70268
 
13.83022, -0.004100945, -0.02487784, 20.94989, 0, 0.012506033733548679012444, 4890.646, -950.5809, -2.947957, 0.01947593, 0.1574723, 117.8889, 2.158939, 1.646691, 21.70268
 
13.84022, -0.004110579, -0.02491885, 20.92778, 0, 0.012541537387143243206409, 4880.937, -950.5809, -2.947957, 0.01947593, 0.1574723, 117.7792, 2.158939, 1.646691, 21.70268
 
13.85022, -0.004121101, -0.02495995, 20.90569, 0, 0.012577554021284040647283, 4871.243, -950.5809, -2.947957, 0.01947593, 0.1574723, 117.6694, 2.158939, 1.646691, 21.70268
 
13.86022, -0.004130217, -0.02500116, 20.88362, 0, 0.012613057674878604841248, 4861.564, -950.5809, -2.947957, 0.01947593, 0.1574723, 117.5598, 2.158939, 1.646691, 21.70268
 
13.87022, -0.004140361, -0.02504247, 20.86156, 0, 0.012649137306630343207181, 4851.899, -950.5809, -2.947957, 0.01947593, 0.1574723, 117.4501, 2.158939, 1.646691, 21.70268
 
13.88022, -0.004151434, -0.02508387, 20.83951, 0, 0.012685747918245726512897, 4842.25, -950.5809, -2.947957, 0.01947593, 0.1574723, 117.3405, 2.158939, 1.646691, 21.70268
 
13.89022, -0.004161541, -0.02512538, 20.81749, 0, 0.012722052541465111039755, 4832.617, -950.5809, -2.947957, 0.01947593, 0.1574723, 117.231, 2.158939, 1.646691, 21.70268
 
13.90022, -0.004171653, -0.025167, 20.79547, 0, 0.012758483159906377416731, 4822.995, -950.5809, -2.947957, 0.01947593, 0.1574723, 117.1215, 2.158939, 1.646691, 21.70268
 
13.91022, -0.004181801, -0.02520872, 20.77347, 0, 0.012795039773569525643825, 4813.39, -950.5809, -2.947957, 0.01947593, 0.1574723, 117.012, 2.158939, 1.646691, 21.70268
 
13.92022, -0.004191993, -0.02525053, 20.75148, 0, 0.012831740381771967413911, 4803.799, -950.5809, -2.947957, 0.01947593, 0.1574723, 116.9026, 2.158939, 1.646691, 21.70268
 
13.93022, -0.004201305, -0.02529245, 20.72952, 0, 0.012868171000213233790887, 4794.225, -950.5809, -2.947957, 0.01947593, 0.1574723, 116.7932, 2.158939, 1.646691, 21.70268
 
13.94022, -0.004211647, -0.02533447, 20.70756, 0, 0.012905177596811674339831, 4784.663, -950.5809, -2.947957, 0.01947593, 0.1574723, 116.6839, 2.158939, 1.646691, 21.70268
 
13.95022, -0.004221153, -0.02537658, 20.68562, 0, 0.012941932202966351188539, 4775.116, -950.5809, -2.947957, 0.01947593, 0.1574723, 116.5746, 2.158939, 1.646691, 21.70268
 
13.96022, -0.004229845, -0.0254188, 20.6637, 0, 0.012978425819018558490574, 4765.584, -950.5809, -2.947957, 0.01947593, 0.1574723, 116.4653, 2.158939, 1.646691, 21.70268
 
13.97022, -0.004240109, -0.02546109, 20.64178, 0, 0.01301575640333040951125, 4756.066, -950.5809, -2.947957, 0.01947593, 0.1574723, 116.3561, 2.158939, 1.646691, 21.70268
 
13.98022, -0.004249116, -0.0255035, 20.61989, 0, 0.013052637004706968210076, 4746.563, -950.5809, -2.947957, 0.01947593, 0.1574723, 116.2469, 2.158939, 1.646691, 21.70268
 
13.99022, -0.004259722, -0.02554599, 20.598, 0, 0.01309036357400187647398, 4737.072, -950.5809, -2.947957, 0.01947593, 0.1574723, 116.1377, 2.158939, 1.646691, 21.70268
 
14.00023, -0.004268841, -0.02558858, 20.57613, 0, 0.01312753216445702225879, 4727.597, -950.5809, -2.947957, 0.01947593, 0.1574723, 116.0286, 2.158939, 1.646691, 21.70268
 
14.01023, -0.004279485, -0.02563127, 20.55428, 0, 0.013165528723513105915804, 4718.137, -950.5809, -2.947957, 0.01947593, 0.1574723, 115.9196, 2.158939, 1.646691, 21.70268
 
14.02023, -0.004289528, -0.02567407, 20.53244, 0, 0.013203372288371190183389, 4708.69, -950.5809, -2.947957, 0.01947593, 0.1574723, 115.8105, 2.158939, 1.646691, 21.70268
 
14.03023, -0.004301121, -0.02571696, 20.51061, 0, 0.013242052821488918169615, 4699.257, -950.5809, -2.947957, 0.01947593, 0.1574723, 115.7015, 2.158939, 1.646691, 21.70268
 
14.04023, -0.004311935, -0.02575997, 20.48881, 0, 0.013280499363480294148479, 4689.84, -950.5809, -2.947957, 0.01947593, 0.1574723, 115.5926, 2.158939, 1.646691, 21.70268
 
14.05023, -0.004322583, -0.02580309, 20.467, 0, 0.013319008903082611052402, 4680.436, -950.5809, -2.947957, 0.01947593, 0.1574723, 115.4837, 2.158939, 1.646691, 21.70268
 
14.06023, -0.004334075, -0.02584632, 20.44522, 0, 0.013358040422889867049671, 4671.046, -950.5809, -2.947957, 0.01947593, 0.1574723, 115.3748, 2.158939, 1.646691, 21.70268
 
14.07023, -0.004344497, -0.02588966, 20.42346, 0, 0.013396702956690183343023, 4661.674, -950.5809, -2.947957, 0.01947593, 0.1574723, 115.266, 2.158939, 1.646691, 21.70268
 
14.08023, -0.004353384, -0.0259331, 20.40171, 0, 0.013434771513015913771533, 4652.313, -950.5809, -2.947957, 0.01947593, 0.1574723, 115.1571, 2.158939, 1.646691, 21.70268
 
14.09023, -0.004364607, -0.02597664, 20.37996, 0, 0.013474055023266933469038, 4642.965, -950.5809, -2.947957, 0.01947593, 0.1574723, 115.0484, 2.158939, 1.646691, 21.70268
 
14.10023, -0.004375297, -0.02602028, 20.35825, 0, 0.013513221537954777162862, 4633.635, -950.5809, -2.947957, 0.01947593, 0.1574723, 114.9397, 2.158939, 1.646691, 21.70268
 
14.11023, -0.004383205, -0.02606403, 20.33654, 0, 0.013551218097010860819876, 4624.319, -950.5809, -2.947957, 0.01947593, 0.1574723, 114.831, 2.158939, 1.646691, 21.70268
 
14.12023, -0.004393758, -0.02610787, 20.31484, 0, 0.01359056460487282144244, 4615.014, -950.5809, -2.947957, 0.01947593, 0.1574723, 114.7224, 2.158939, 1.646691, 21.70268
 
14.13023, -0.004404426, -0.0261518, 20.29316, 0, 0.013630100105567604840181, 4605.726, -950.5809, -2.947957, 0.01947593, 0.1574723, 114.6138, 2.158939, 1.646691, 21.70268
 
14.14023, -0.004413111, -0.02619585, 20.2715, 0, 0.013668825636978862058592, 4596.452, -950.5809, -2.947957, 0.01947593, 0.1574723, 114.5052, 2.158939, 1.646691, 21.70268
 
14.15023, -0.004424488, -0.02623998, 20.24985, 0, 0.013708955115148231321175, 4587.192, -950.5809, -2.947957, 0.01947593, 0.1574723, 114.3967, 2.158939, 1.646691, 21.70268
 
14.16023, -0.004434967, -0.02628423, 20.22821, 0, 0.013748787604580307651337, 4577.945, -950.5809, -2.947957, 0.01947593, 0.1574723, 114.2883, 2.158939, 1.646691, 21.70268
 
14.17023, -0.004444309, -0.02632857, 20.20658, 0, 0.013788215109370620891834, 4568.711, -950.5809, -2.947957, 0.01947593, 0.1574723, 114.1798, 2.158939, 1.646691, 21.70268
 
14.18023, -0.004456501, -0.02637302, 20.18498, 0, 0.013829118558188692947999, 4559.493, -950.5809, -2.947957, 0.01947593, 0.1574723, 114.0714, 2.158939, 1.646691, 21.70268
 
14.19023, -0.004467369, -0.02641758, 20.16339, 0, 0.013869536025436649296566, 4550.29, -950.5809, -2.947957, 0.01947593, 0.1574723, 113.963, 2.158939, 1.646691, 21.70268
 
14.20023, -0.004477325, -0.02646226, 20.14181, 0, 0.013909647504288606866275, 4541.101, -950.5809, -2.947957, 0.01947593, 0.1574723, 113.8547, 2.158939, 1.646691, 21.70268
 
14.21023, -0.004486714, -0.02650703, 20.12024, 0, 0.013949623988259976739429, 4531.924, -950.5809, -2.947957, 0.01947593, 0.1574723, 113.7465, 2.158939, 1.646691, 21.70268
 
14.22023, -0.004498419, -0.0265519, 20.09869, 0, 0.013990842425132753420889, 4522.762, -950.5809, -2.947957, 0.01947593, 0.1574723, 113.6382, 2.158939, 1.646691, 21.70268
 
14.23023, -0.004509001, -0.02659688, 20.07716, 0, 0.014031655877363767012684, 4513.615, -950.5809, -2.947957, 0.01947593, 0.1574723, 113.53, 2.158939, 1.646691, 21.70268
 
14.24023, -0.004519219, -0.02664197, 20.05563, 0, 0.014072424331301251372294, 4504.479, -950.5809, -2.947957, 0.01947593, 0.1574723, 113.4219, 2.158939, 1.646691, 21.70268
 
14.25023, -0.004529318, -0.02668716, 20.03412, 0, 0.014113273782167088349837, 4495.359, -950.5809, -2.947957, 0.01947593, 0.1574723, 113.3137, 2.158939, 1.646691, 21.70268
 
14.26023, -0.004538737, -0.02673246, 20.01263, 0, 0.014153925240541396705766, 4486.253, -950.5809, -2.947957, 0.01947593, 0.1574723, 113.2057, 2.158939, 1.646691, 21.70268
 
14.27023, -0.004550186, -0.02677784, 19.99115, 0, 0.014195692656595230019883, 4477.162, -950.5809, -2.947957, 0.01947593, 0.1574723, 113.0976, 2.158939, 1.646691, 21.70268
 
14.28023, -0.004561448, -0.02682335, 19.96968, 0, 0.014237505070942592566185, 4468.083, -950.5809, -2.947957, 0.01947593, 0.1574723, 112.9896, 2.158939, 1.646691, 21.70268
 
14.29023, -0.004572554, -0.02686896, 19.94823, 0, 0.014279389482559601883983, 4459.019, -950.5809, -2.947957, 0.01947593, 0.1574723, 112.8816, 2.158939, 1.646691, 21.70268
 
14.30023, -0.004582685, -0.02691469, 19.9268, 0, 0.014320931907145789037175, 4449.968, -950.5809, -2.947957, 0.01947593, 0.1574723, 112.7737, 2.158939, 1.646691, 21.70268
 
14.31023, -0.004592699, -0.02696051, 19.90536, 0, 0.0143625553286603288083, 4440.928, -950.5809, -2.947957, 0.01947593, 0.1574723, 112.6658, 2.158939, 1.646691, 21.70268
 
14.32023, -0.004603693, -0.02700644, 19.88396, 0, 0.014404790726966866137141, 4431.905, -950.5809, -2.947957, 0.01947593, 0.1574723, 112.5579, 2.158939, 1.646691, 21.70268
 
14.33023, -0.004615627, -0.02705248, 19.86256, 0, 0.014447638102065401023698, 4422.896, -950.5809, -2.947957, 0.01947593, 0.1574723, 112.4501, 2.158939, 1.646691, 21.70268
 
14.34023, -0.004627131, -0.02709864, 19.84118, 0, 0.014490413479894289138759, 4413.901, -950.5809, -2.947957, 0.01947593, 0.1574723, 112.3423, 2.158939, 1.646691, 21.70268
 
14.35023, -0.004638587, -0.02714491, 19.81981, 0, 0.014533305853286353257501, 4404.918, -950.5809, -2.947957, 0.01947593, 0.1574723, 112.2346, 2.158939, 1.646691, 21.70268
 
14.36023, -0.004649194, -0.02719129, 19.79846, 0, 0.014575928236917241983133, 4395.951, -950.5809, -2.947957, 0.01947593, 0.1574723, 112.1269, 2.158939, 1.646691, 21.70268
 
14.37023, -0.004660161, -0.02723778, 19.77712, 0, 0.01461886560860283533406, 4386.996, -950.5809, -2.947957, 0.01947593, 0.1574723, 112.0193, 2.158939, 1.646691, 21.70268
 
14.38023, -0.004670792, -0.02728439, 19.75579, 0, 0.014661784980971016992113, 4378.056, -950.5809, -2.947957, 0.01947593, 0.1574723, 111.9116, 2.158939, 1.646691, 21.70268
 
14.39023, -0.004681113, -0.02733109, 19.73449, 0, 0.014704686354021786957292, 4369.13, -950.5809, -2.947957, 0.01947593, 0.1574723, 111.8041, 2.158939, 1.646691, 21.70268
 
14.40023, -0.004691502, -0.02737791, 19.71318, 0, 0.014747758720587968004774, 4360.215, -950.5809, -2.947957, 0.01947593, 0.1574723, 111.6965, 2.158939, 1.646691, 21.70268
 
14.41023, -0.004701864, -0.02742482, 19.6919, 0, 0.014790966082034736748811, 4351.316, -950.5809, -2.947957, 0.01947593, 0.1574723, 111.589, 2.158939, 1.646691, 21.70268
 
14.42023, -0.004711972, -0.02747184, 19.67063, 0, 0.014834182443140211339285, 4342.429, -950.5809, -2.947957, 0.01947593, 0.1574723, 111.4815, 2.158939, 1.646691, 21.70268
 
14.43023, -0.004725298, -0.02751896, 19.64938, 0, 0.014879144738034620138537, 4333.557, -950.5809, -2.947957, 0.01947593, 0.1574723, 111.3741, 2.158939, 1.646691, 21.70268
 
14.44024, -0.004737794, -0.02756621, 19.62814, 0, 0.01492386404214397108399, 4324.699, -950.5809, -2.947957, 0.01947593, 0.1574723, 111.2667, 2.158939, 1.646691, 21.70268
 
14.45024, -0.004750315, -0.02761359, 19.6069, 0, 0.014968745340110027265309, 4315.853, -950.5809, -2.947957, 0.01947593, 0.1574723, 111.1594, 2.158939, 1.646691, 21.70268
 
14.46024, -0.004761819, -0.02766109, 19.58569, 0, 0.015013266651727849589148, 4307.021, -950.5809, -2.947957, 0.01947593, 0.1574723, 111.0521, 2.158939, 1.646691, 21.70268
 
14.47024, -0.004773974, -0.02770871, 19.56448, 0, 0.015058273944915787620585, 4298.201, -950.5809, -2.947957, 0.01947593, 0.1574723, 110.9448, 2.158939, 1.646691, 21.70268
 
14.48024, -0.004787269, -0.02775645, 19.54329, 0, 0.015104010210458899213419, 4289.396, -950.5809, -2.947957, 0.01947593, 0.1574723, 110.8375, 2.158939, 1.646691, 21.70268
 
14.49024, -0.004801249, -0.02780432, 19.52212, 0, 0.015150259456548244053162, 4280.603, -950.5809, -2.947957, 0.01947593, 0.1574723, 110.7303, 2.158939, 1.646691, 21.70268
 
14.50024, -0.004814981, -0.02785234, 19.50095, 0, 0.01519655370093111812509, 4271.823, -950.5809, -2.947957, 0.01947593, 0.1574723, 110.6231, 2.158939, 1.646691, 21.70268
 
14.51024, -0.004828141, -0.02790049, 19.4798, 0, 0.015242712950433404500463, 4263.058, -950.5809, -2.947957, 0.01947593, 0.1574723, 110.516, 2.158939, 1.646691, 21.70268
 
14.52024, -0.004842039, -0.02794877, 19.45867, 0, 0.015289421179116747508493, 4254.305, -950.5809, -2.947957, 0.01947593, 0.1574723, 110.4089, 2.158939, 1.646691, 21.70268
 
14.53024, -0.004853662, -0.02799719, 19.43755, 0, 0.015335130445683741562016, 4245.567, -950.5809, -2.947957, 0.01947593, 0.1574723, 110.3018, 2.158939, 1.646691, 21.70268
 
14.54024, -0.00486514, -0.02804572, 19.41644, 0, 0.015380920709179088233472, 4236.841, -950.5809, -2.947957, 0.01947593, 0.1574723, 110.1948, 2.158939, 1.646691, 21.70268
 
14.55024, -0.004877094, -0.02809438, 19.39535, 0, 0.015427106957657492148156, 4228.131, -950.5809, -2.947957, 0.01947593, 0.1574723, 110.0878, 2.158939, 1.646691, 21.70268
 
14.56024, -0.004888942, -0.02814315, 19.37427, 0, 0.015473392202381660373647, 4219.432, -950.5809, -2.947957, 0.01947593, 0.1574723, 109.9809, 2.158939, 1.646691, 21.70268
 
14.57024, -0.004901177, -0.02819204, 19.3532, 0, 0.015520046433112768303055, 4210.747, -950.5809, -2.947957, 0.01947593, 0.1574723, 109.874, 2.158939, 1.646691, 21.70268
 
14.58024, -0.004913816, -0.02824105, 19.33215, 0, 0.015567051650533404243506, 4202.077, -950.5809, -2.947957, 0.01947593, 0.1574723, 109.7671, 2.158939, 1.646691, 21.70268
 
14.59024, -0.004926398, -0.02829019, 19.31111, 0, 0.015614200862493333726949, 4193.417, -950.5809, -2.947957, 0.01947593, 0.1574723, 109.6603, 2.158939, 1.646691, 21.70268
 
14.60024, -0.00493907, -0.02833945, 19.29008, 0, 0.015661557066603497678443, 4184.773, -950.5809, -2.947957, 0.01947593, 0.1574723, 109.5535, 2.158939, 1.646691, 21.70268
 
14.61024, -0.004952193, -0.02838884, 19.26907, 0, 0.015709318255355424719602, 4176.142, -950.5809, -2.947957, 0.01947593, 0.1574723, 109.4467, 2.158939, 1.646691, 21.70268
 
14.62024, -0.004963728, -0.02843836, 19.24808, 0, 0.015756413469363119124423, 4167.524, -950.5809, -2.947957, 0.01947593, 0.1574723, 109.34, 2.158939, 1.646691, 21.70268
 
14.63024, -0.0049753, -0.028488, 19.22709, 0, 0.015803688676544930457984, 4158.919, -950.5809, -2.947957, 0.01947593, 0.1574723, 109.2334, 2.158939, 1.646691, 21.70268
 
14.64024, -0.004987053, -0.02853775, 19.20613, 0, 0.015851206874511799645344, 4150.329, -950.5809, -2.947957, 0.01947593, 0.1574723, 109.1267, 2.158939, 1.646691, 21.70268
 
14.65024, -0.004999346, -0.02858762, 19.18517, 0, 0.015899175055413961154554, 4141.751, -950.5809, -2.947957, 0.01947593, 0.1574723, 109.0202, 2.158939, 1.646691, 21.70268
 
14.66024, -0.005012196, -0.02863762, 19.16423, 0, 0.0159476022189102108286380585, 4133.187, -950.5809, -2.947957, 0.01947593, 0.1574723, 108.9136, 2.158939, 1.646691, 21.70268
 
14.67024, -0.005025486, -0.02868774, 19.1433, 0, 0.015996425367389337752776, 4124.636, -950.5809, -2.947957, 0.01947593, 0.1574723, 108.8071, 2.158939, 1.646691, 21.70268
 
14.68024, -0.005036292, -0.02873799, 19.12239, 0, 0.0160441055592128221794149415, 4116.097, -950.5809, -2.947957, 0.01947593, 0.1574723, 108.7006, 2.158939, 1.646691, 21.70268
 
14.69024, -0.005047262, -0.02878835, 19.10149, 0, 0.0160920287418216344496140585, 4107.574, -950.5809, -2.947957, 0.01947593, 0.1574723, 108.5942, 2.158939, 1.646691, 21.70268
 
14.70024, -0.005059677, -0.02883883, 19.08059, 0, 0.0161408878889355847595, 4099.059, -950.5809, -2.947957, 0.01947593, 0.1574723, 108.4878, 2.158939, 1.646691, 21.70268
 
14.71024, -0.005073332, -0.02888942, 19.05972, 0, 0.0161905660049917670951529415, 4090.559, -950.5809, -2.947957, 0.01947593, 0.1574723, 108.3814, 2.158939, 1.646691, 21.70268
 
14.72024, -0.005085289, -0.02894016, 19.03885, 0, 0.016239515148692955862583, 4082.073, -950.5809, -2.947957, 0.01947593, 0.1574723, 108.275, 2.158939, 1.646691, 21.70268
 
14.73024, -0.005098284, -0.02899101, 19.018, 0, 0.016289184265090522348386, 4073.598, -950.5809, -2.947957, 0.01947593, 0.1574723, 108.1687, 2.158939, 1.646691, 21.70268
 
14.74024, -0.005111982, -0.02904199, 18.99717, 0, 0.016339402360669145466846, 4065.138, -950.5809, -2.947957, 0.01947593, 0.1574723, 108.0625, 2.158939, 1.646691, 21.70268
 
14.75024, -0.005125579, -0.02909311, 18.97634, 0, 0.016389746451469650435424, 4056.69, -950.5809, -2.947957, 0.01947593, 0.1574723, 107.9563, 2.158939, 1.646691, 21.70268
 
14.76024, -0.005138256, -0.02914437, 18.95554, 0, 0.016439775554215450778707, 4048.257, -950.5809, -2.947957, 0.01947593, 0.1574723, 107.8501, 2.158939, 1.646691, 21.70268
 
14.77024, -0.005151356, -0.02919575, 18.93474, 0, 0.0164901916422855125221939415, 4039.835, -950.5809, -2.947957, 0.01947593, 0.1574723, 107.7439, 2.158939, 1.646691, 21.70268
 
14.78024, -0.005164769, -0.02924726, 18.91396, 0, 0.016540967716703988116335, 4031.428, -950.5809, -2.947957, 0.01947593, 0.1574723, 107.6378, 2.158939, 1.646691, 21.70268
 
14.79024, -0.005176645, -0.02929891, 18.89319, 0, 0.016591077816378141077551, 4023.033, -950.5809, -2.947957, 0.01947593, 0.1574723, 107.5318, 2.158939, 1.646691, 21.70268
 
14.80024, -0.00518969, -0.02935068, 18.87243, 0, 0.016641997885335820218097, 4014.651, -950.5809, -2.947957, 0.01947593, 0.1574723, 107.4257, 2.158939, 1.646691, 21.70268
 
14.81024, -0.005203231, -0.02940257, 18.8517, 0, 0.016693358937570085834056, 4006.283, -950.5809, -2.947957, 0.01947593, 0.1574723, 107.3198, 2.158939, 1.646691, 21.70268
 
14.82024, -0.005215181, -0.02945461, 18.83097, 0, 0.0167440360157426171242159415, 3997.928, -950.5809, -2.947957, 0.01947593, 0.1574723, 107.2138, 2.158939, 1.646691, 21.70268
 
14.83024, -0.005227338, -0.02950676, 18.81025, 0, 0.0167949920833352996436840585, 3989.584, -950.5809, -2.947957, 0.01947593, 0.1574723, 107.1079, 2.158939, 1.646691, 21.70268
 
14.84024, -0.005240732, -0.02955903, 18.78955, 0, 0.016846803118504767584906, 3981.256, -950.5809, -2.947957, 0.01947593, 0.1574723, 107.002, 2.158939, 1.646691, 21.70268
 
14.85024, -0.005252609, -0.02961144, 18.76887, 0, 0.0168979571785888887294010585, 3972.939, -950.5809, -2.947957, 0.01947593, 0.1574723, 106.8962, 2.158939, 1.646691, 21.70268
 
14.86024, -0.005265543, -0.02966397, 18.74819, 0, 0.0169498762096629168244540585, 3964.634, -950.5809, -2.947957, 0.01947593, 0.1574723, 106.7904, 2.158939, 1.646691, 21.70268
 
14.87024, -0.005278743, -0.02971662, 18.72752, 0, 0.0170021102287916495448020585, 3956.341, -950.5809, -2.947957, 0.01947593, 0.1574723, 106.6846, 2.158939, 1.646691, 21.70268
 
14.88025, -0.005292573, -0.02976941, 18.70687, 0, 0.017054875227783937208346, 3948.062, -950.5809, -2.947957, 0.01947593, 0.1574723, 106.5789, 2.158939, 1.646691, 21.70268
 
14.89025, -0.005307046, -0.02982233, 18.68624, 0, 0.017108180206298665654697, 3939.796, -950.5809, -2.947957, 0.01947593, 0.1574723, 106.4732, 2.158939, 1.646691, 21.70268
 
14.90025, -0.005320107, -0.02987541, 18.66562, 0, 0.0171609002069974240860559415, 3931.543, -950.5809, -2.947957, 0.01947593, 0.1574723, 106.3675, 2.158939, 1.646691, 21.70268
 
14.91025, -0.005334188, -0.02992861, 18.64501, 0, 0.0172143671793690377614470585, 3923.302, -950.5809, -2.947957, 0.01947593, 0.1574723, 106.2619, 2.158939, 1.646691, 21.70268
 
14.92025, -0.005347039, -0.02998195, 18.62441, 0, 0.017267330170852854046605, 3915.075, -950.5809, -2.947957, 0.01947593, 0.1574723, 106.1564, 2.158939, 1.646691, 21.70268
 
14.93025, -0.005360486, -0.03003542, 18.60383, 0, 0.0173208151425416094251089415, 3906.861, -950.5809, -2.947957, 0.01947593, 0.1574723, 106.0508, 2.158939, 1.646691, 21.70268
 
14.94025, -0.005373548, -0.03008902, 18.58326, 0, 0.017374273115254427257476, 3898.658, -950.5809, -2.947957, 0.01947593, 0.1574723, 105.9453, 2.158939, 1.646691, 21.70268
 
14.95025, -0.005386903, -0.03014276, 18.5627, 0, 0.017428073074997977257862, 3890.468, -950.5809, -2.947957, 0.01947593, 0.1574723, 105.8398, 2.158939, 1.646691, 21.70268
 
14.96025, -0.005400851, -0.03019663, 18.54215, 0, 0.017482404014605172198031, 3882.29, -950.5809, -2.947957, 0.01947593, 0.1574723, 105.7344, 2.158939, 1.646691, 21.70268
 
14.97025, -0.005415932, -0.03025064, 18.52162, 0, 0.017537553923154599163967, 3874.126, -950.5809, -2.947957, 0.01947593, 0.1574723, 105.629, 2.158939, 1.646691, 21.70268
 
14.98025, -0.005429436, -0.0303048, 18.5011, 0, 0.017592019857642381800691, 3865.973, -950.5809, -2.947957, 0.01947593, 0.1574723, 105.5236, 2.158939, 1.646691, 21.70268
 
14.99025, -0.005444118, -0.03035909, 18.4806, 0, 0.01764734075970721984893, 3857.834, -950.5809, -2.947957, 0.01947593, 0.1574723, 105.4183, 2.158939, 1.646691, 21.70268
 
15.00025, -0.005458076, -0.03041353, 18.4601, 0, 0.0177024456699632075792680585, 3849.708, -950.5809, -2.947957, 0.01947593, 0.1574723, 105.313, 2.158939, 1.646691, 21.70268
 
15.01025, -0.00547101, -0.03046812, 18.43962, 0, 0.0177571725945534597626650585, 3841.594, -950.5809, -2.947957, 0.01947593, 0.1574723, 105.2078, 2.158939, 1.646691, 21.70268
 
15.02025, -0.005484384, -0.03052283, 18.41916, 0, 0.0178123315027614125818639415, 3833.493, -950.5809, -2.947957, 0.01947593, 0.1574723, 105.1026, 2.158939, 1.646691, 21.70268
 
15.03025, -0.005497451, -0.03057767, 18.3987, 0, 0.0178674994106284312338480585, 3825.405, -950.5809, -2.947957, 0.01947593, 0.1574723, 104.9974, 2.158939, 1.646691, 21.70268
 
15.04025, -0.005511123, -0.03063264, 18.37827, 0, 0.0179232072980174406857039415, 3817.33, -950.5809, -2.947957, 0.01947593, 0.1574723, 104.8923, 2.158939, 1.646691, 21.70268
 
15.05025, -0.005524059, -0.03068775, 18.35784, 0, 0.0179786901939391639629830585, 3809.267, -950.5809, -2.947957, 0.01947593, 0.1574723, 104.7872, 2.158939, 1.646691, 21.70268
 
15.06025, -0.005536886, -0.030743, 18.33743, 0, 0.018034299085082499100619, 3801.216, -950.5809, -2.947957, 0.01947593, 0.1574723, 104.6822, 2.158939, 1.646691, 21.70268
 
15.07025, -0.005551636, -0.03079836, 18.31702, 0, 0.01809120392707956612177, 3793.177, -950.5809, -2.947957, 0.01947593, 0.1574723, 104.5771, 2.158939, 1.646691, 21.70268
 
15.08025, -0.005565848, -0.03085388, 18.29664, 0, 0.018148000773172162985677, 3785.152, -950.5809, -2.947957, 0.01947593, 0.1574723, 104.4721, 2.158939, 1.646691, 21.70268
 
15.09025, -0.005579547, -0.03090954, 18.27626, 0, 0.018204707622677701385214, 3777.137, -950.5809, -2.947957, 0.01947593, 0.1574723, 104.3672, 2.158939, 1.646691, 21.70268
 
15.10025, -0.005593827, -0.03096533, 18.2559, 0, 0.0182619454520467947279469415, 3769.138, -950.5809, -2.947957, 0.01947593, 0.1574723, 104.2623, 2.158939, 1.646691, 21.70268
 
15.11025, -0.005607638, -0.03102127, 18.23555, 0, 0.0183191112841465112889450585, 3761.149, -950.5809, -2.947957, 0.01947593, 0.1574723, 104.1574, 2.158939, 1.646691, 21.70268
 
15.12025, -0.005621341, -0.03107735, 18.21521, 0, 0.0183764121111264555601499415, 3753.174, -950.5809, -2.947957, 0.01947593, 0.1574723, 104.0526, 2.158939, 1.646691, 21.70268
 
15.13025, -0.005636133, -0.03113356, 18.19489, 0, 0.018434549906366313539757, 3745.209, -950.5809, -2.947957, 0.01947593, 0.1574723, 103.9478, 2.158939, 1.646691, 21.70268
 
15.14025, -0.005651116, -0.03118992, 18.17457, 0, 0.018493002689660786148072, 3737.257, -950.5809, -2.947957, 0.01947593, 0.1574723, 103.843, 2.158939, 1.646691, 21.70268
 
15.15025, -0.005665528, -0.03124643, 18.15427, 0, 0.018551338477392082752706, 3729.318, -950.5809, -2.947957, 0.01947593, 0.1574723, 103.7383, 2.158939, 1.646691, 21.70268
 
15.16025, -0.005679444, -0.03130309, 18.13399, 0, 0.018609593268195026739407, 3721.391, -950.5809, -2.947957, 0.01947593, 0.1574723, 103.6336, 2.158939, 1.646691, 21.70268
 
15.17025, -0.005694406, -0.03135988, 18.11371, 0, 0.018668649028622791059001, 3713.477, -950.5809, -2.947957, 0.01947593, 0.1574723, 103.5289, 2.158939, 1.646691, 21.70268
 
15.18025, -0.005709505, -0.03141683, 18.09346, 0, 0.0187280107774464641608659415, 3705.575, -950.5809, -2.947957, 0.01947593, 0.1574723, 103.4243, 2.158939, 1.646691, 21.70268
 
15.19025, -0.005723527, -0.03147392, 18.07321, 0, 0.018786940542652436626929, 3697.686, -950.5809, -2.947957, 0.01947593, 0.1574723, 103.3197, 2.158939, 1.646691, 21.70268
 
15.20025, -0.005736959, -0.03153116, 18.05297, 0, 0.01884573531297773139985, 3689.81, -950.5809, -2.947957, 0.01947593, 0.1574723, 103.2152, 2.158939, 1.646691, 21.70268
 
15.21025, -0.00575196, -0.03158853, 18.03275, 0, 0.0189056640403000528204200585, 3681.944, -950.5809, -2.947957, 0.01947593, 0.1574723, 103.1107, 2.158939, 1.646691, 21.70268
 
15.22025, -0.005767655, -0.03164605, 18.01254, 0, 0.0189662137440729876485560585, 3674.09, -950.5809, -2.947957, 0.01947593, 0.1574723, 103.0062, 2.158939, 1.646691, 21.70268
 
15.23025, -0.005783278, -0.03170372, 17.99234, 0, 0.019026943441019949408845, 3666.249, -950.5809, -2.947957, 0.01947593, 0.1574723, 102.9018, 2.158939, 1.646691, 21.70268
 
15.24025, -0.005798247, -0.03176155, 17.97216, 0, 0.0190875021444515000868309415, 3658.422, -950.5809, -2.947957, 0.01947593, 0.1574723, 102.7974, 2.158939, 1.646691, 21.70268
 
15.25025, -0.005813051, -0.03181954, 17.95199, 0, 0.0191481778434464967582590585, 3650.606, -950.5809, -2.947957, 0.01947593, 0.1574723, 102.693, 2.158939, 1.646691, 21.70268
 
15.26025, -0.005826938, -0.03187767, 17.93183, 0, 0.019208520555069107121757, 3642.802, -950.5809, -2.947957, 0.01947593, 0.1574723, 102.5887, 2.158939, 1.646691, 21.70268
 
15.27025, -0.005840718, -0.03193594, 17.91168, 0, 0.0192690072612310110282469415, 3635.011, -950.5809, -2.947957, 0.01947593, 0.1574723, 102.4844, 2.158939, 1.646691, 21.70268
 
15.28025, -0.0058562, -0.03199435, 17.89156, 0, 0.01933072692063579588978, 3627.234, -950.5809, -2.947957, 0.01947593, 0.1574723, 102.3802, 2.158939, 1.646691, 21.70268
 
15.29025, -0.005871278, -0.03205291, 17.87143, 0, 0.019392428580723079061852, 3619.466, -950.5809, -2.947957, 0.01947593, 0.1574723, 102.276, 2.158939, 1.646691, 21.70268
 
15.30025, -0.005887677, -0.03211162, 17.85132, 0, 0.0194551472022440328847179415, 3611.71, -950.5809, -2.947957, 0.01947593, 0.1574723, 102.1718, 2.158939, 1.646691, 21.70268
 
15.31026, -0.005903257, -0.0321705, 17.83123, 0, 0.019517604833662697154085, 3603.968, -950.5809, -2.947957, 0.01947593, 0.1574723, 102.0676, 2.158939, 1.646691, 21.70268
 
15.32026, -0.005918827, -0.03222953, 17.81114, 0, 0.019580269457231505894916, 3596.237, -950.5809, -2.947957, 0.01947593, 0.1574723, 101.9636, 2.158939, 1.646691, 21.70268
 
15.33026, -0.0059344, -0.03228872, 17.79107, 0, 0.019643177071585372489546, 3588.519, -950.5809, -2.947957, 0.01947593, 0.1574723, 101.8595, 2.158939, 1.646691, 21.70268
 
15.34026, -0.005949356, -0.03234806, 17.77102, 0, 0.019705931691741239694747, 3580.811, -950.5809, -2.947957, 0.01947593, 0.1574723, 101.7554, 2.158939, 1.646691, 21.70268
 
15.35026, -0.00596562, -0.03240756, 17.75097, 0, 0.0197697032733309575439160585, 3573.118, -950.5809, -2.947957, 0.01947593, 0.1574723, 101.6515, 2.158939, 1.646691, 21.70268
 
15.36026, -0.005980249, -0.03246721, 17.73094, 0, 0.019832709883930498452766, 3565.436, -950.5809, -2.947957, 0.01947593, 0.1574723, 101.5475, 2.158939, 1.646691, 21.70268
 
15.37026, -0.005996821, -0.03252701, 17.71092, 0, 0.0198971294409468572522249415, 3557.765, -950.5809, -2.947957, 0.01947593, 0.1574723, 101.4436, 2.158939, 1.646691, 21.70268
 
15.38026, -0.006011947, -0.03258698, 17.69091, 0, 0.019960901022536575101394, 3550.107, -950.5809, -2.947957, 0.01947593, 0.1574723, 101.3397, 2.158939, 1.646691, 21.70268
 
15.39026, -0.006027995, -0.0326471, 17.67092, 0, 0.0200254555744335215974079415, 3542.461, -950.5809, -2.947957, 0.01947593, 0.1574723, 101.2359, 2.158939, 1.646691, 21.70268
 
15.40026, -0.006043429, -0.03270738, 17.65094, 0, 0.020089875131450060390041, 3534.828, -950.5809, -2.947957, 0.01947593, 0.1574723, 101.1321, 2.158939, 1.646691, 21.70268
 
15.41026, -0.006059044, -0.03276782, 17.63097, 0, 0.020154636675497331350693, 3527.206, -950.5809, -2.947957, 0.01947593, 0.1574723, 101.0283, 2.158939, 1.646691, 21.70268
 
15.42026, -0.006074539, -0.03282841, 17.61102, 0, 0.0202195602134013975437980585, 3519.596, -950.5809, -2.947957, 0.01947593, 0.1574723, 100.9246, 2.158939, 1.646691, 21.70268
 
15.43026, -0.006090868, -0.03288915, 17.59107, 0, 0.0202852307229779589945870585, 3511.997, -950.5809, -2.947957, 0.01947593, 0.1574723, 100.8209, 2.158939, 1.646691, 21.70268
 
15.44026, -0.006108209, -0.03295006, 17.57113, 0, 0.020351765199790191706741, 3504.41, -950.5809, -2.947957, 0.01947593, 0.1574723, 100.7172, 2.158939, 1.646691, 21.70268
 
15.45026, -0.006123306, -0.03301115, 17.55122, 0, 0.020417156719946871917983, 3496.837, -950.5809, -2.947957, 0.01947593, 0.1574723, 100.6136, 2.158939, 1.646691, 21.70268
 
15.46026, -0.006138697, -0.03307238, 17.53131, 0, 0.020482971224062726911764, 3489.273, -950.5809, -2.947957, 0.01947593, 0.1574723, 100.51, 2.158939, 1.646691, 21.70268
 
15.47026, -0.00615502, -0.03313376, 17.51141, 0, 0.020549586697803402238438, 3481.723, -950.5809, -2.947957, 0.01947593, 0.1574723, 100.4064, 2.158939, 1.646691, 21.70268
 
15.48026, -0.006170744, -0.03319531, 17.49153, 0, 0.020616085175980901561431, 3474.184, -950.5809, -2.947957, 0.01947593, 0.1574723, 100.3029, 2.158939, 1.646691, 21.70268
 
15.49026, -0.006187438, -0.03325702, 17.47165, 0, 0.020683420622418044603065, 3466.657, -950.5809, -2.947957, 0.01947593, 0.1574723, 100.1994, 2.158939, 1.646691, 21.70268
 
15.50026, -0.006204496, -0.03331889, 17.45179, 0, 0.02075123305076659750586, 3459.141, -950.5809, -2.947957, 0.01947593, 0.1574723, 100.096, 2.158939, 1.646691, 21.70268
 
15.51026, -0.006220547, -0.03338094, 17.43195, 0, 0.0208186674934494148617139415, 3451.638, -950.5809, -2.947957, 0.01947593, 0.1574723, 99.99259, 2.158939, 1.646691, 21.70268
 
15.52026, -0.006235945, -0.03344314, 17.41212, 0, 0.020885921942958295282002, 3444.149, -950.5809, -2.947957, 0.01947593, 0.1574723, 99.88923, 2.158939, 1.646691, 21.70268
 
15.53026, -0.006251778, -0.0335055, 17.3923, 0, 0.020953707372330730645486, 3436.668, -950.5809, -2.947957, 0.01947593, 0.1574723, 99.78589, 2.158939, 1.646691, 21.70268
 
15.54026, -0.006269906, -0.03356802, 17.37249, 0, 0.021023184737539865139126, 3429.2, -950.5809, -2.947957, 0.01947593, 0.1574723, 99.68258, 2.158939, 1.646691, 21.70268
 
15.55026, -0.006285583, -0.03363072, 17.35269, 0, 0.0210913661518952677492509415, 3421.744, -950.5809, -2.947957, 0.01947593, 0.1574723, 99.57932, 2.158939, 1.646691, 21.70268
 
15.56026, -0.006301925, -0.03369357, 17.33291, 0, 0.0211602135409949929923009415, 3414.3, -950.5809, -2.947957, 0.01947593, 0.1574723, 99.4761, 2.158939, 1.646691, 21.70268
 
15.57026, -0.006318331, -0.0337566, 17.31314, 0, 0.021229348919173395317922, 3406.868, -950.5809, -2.947957, 0.01947593, 0.1574723, 99.37292, 2.158939, 1.646691, 21.70268
 
15.58026, -0.006335425, -0.03381978, 17.29337, 0, 0.0212991862707306736724549415, 3399.446, -950.5809, -2.947957, 0.01947593, 0.1574723, 99.26975, 2.158939, 1.646691, 21.70268
 
15.59026, -0.006352629, -0.03388314, 17.27363, 0, 0.0213693476100014524953069415, 3392.037, -950.5809, -2.947957, 0.01947593, 0.1574723, 99.16663, 2.158939, 1.646691, 21.70268
 
15.60026, -0.006369342, -0.03394666, 17.25389, 0, 0.021439445951661380389687, 3384.64, -950.5809, -2.947957, 0.01947593, 0.1574723, 99.06355, 2.158939, 1.646691, 21.70268
 
15.61026, -0.006387119, -0.03401036, 17.23417, 0, 0.0215104982571441280063890585, 3377.255, -950.5809, -2.947957, 0.01947593, 0.1574723, 98.9605, 2.158939, 1.646691, 21.70268
 
15.62026, -0.006403093, -0.03407423, 17.21446, 0, 0.021580632597438699293343, 3369.882, -950.5809, -2.947957, 0.01947593, 0.1574723, 98.85751, 2.158939, 1.646691, 21.70268
 
15.63026, -0.006419416, -0.03413826, 17.19477, 0, 0.021651252919303476284482, 3362.52, -950.5809, -2.947957, 0.01947593, 0.1574723, 98.75455, 2.158939, 1.646691, 21.70268
 
15.64026, -0.006436708, -0.03420245, 17.17508, 0, 0.021722764207380132072884, 3355.168, -950.5809, -2.947957, 0.01947593, 0.1574723, 98.6516, 2.158939, 1.646691, 21.70268
 
15.65026, -0.006453354, -0.03426682, 17.15541, 0, 0.0217941045019412867823959415, 3347.832, -950.5809, -2.947957, 0.01947593, 0.1574723, 98.54873, 2.158939, 1.646691, 21.70268
 
15.66026, -0.006470092, -0.03433135, 17.13575, 0, 0.0218657777838748277998380585, 3340.504, -950.5809, -2.947957, 0.01947593, 0.1574723, 98.44587, 2.158939, 1.646691, 21.70268
 
15.67026, -0.006486535, -0.03439605, 17.1161, 0, 0.0219375140634189497559909415, 3333.189, -950.5809, -2.947957, 0.01947593, 0.1574723, 98.34306, 2.158939, 1.646691, 21.70268
 
15.68026, -0.006503427, -0.03446092, 17.09646, 0, 0.0220097993221443083379749415, 3325.886, -950.5809, -2.947957, 0.01947593, 0.1574723, 98.24027, 2.158939, 1.646691, 21.70268
 
15.69026, -0.006519006, -0.03452595, 17.07684, 0, 0.0220814906033952610482910585, 3318.595, -950.5809, -2.947957, 0.01947593, 0.1574723, 98.13754, 2.158939, 1.646691, 21.70268
 
15.70026, -0.006535396, -0.03459114, 17.05723, 0, 0.0221539648549534424054520585, 3311.316, -950.5809, -2.947957, 0.01947593, 0.1574723, 98.03485, 2.158939, 1.646691, 21.70268
 
15.71026, -0.006552602, -0.03465649, 17.03763, 0, 0.022227240076136354098919, 3304.047, -950.5809, -2.947957, 0.01947593, 0.1574723, 97.93217, 2.158939, 1.646691, 21.70268
 
15.72026, -0.006570232, -0.03472202, 17.01804, 0, 0.0223010732761590282714799415, 3296.789, -950.5809, -2.947957, 0.01947593, 0.1574723, 97.82954, 2.158939, 1.646691, 21.70268
 
15.73026, -0.006588109, -0.03478773, 16.99847, 0, 0.0223753384597996730696039415, 3289.544, -950.5809, -2.947957, 0.01947593, 0.1574723, 97.72694, 2.158939, 1.646691, 21.70268
 
15.74026, -0.006605383, -0.03485361, 16.9789, 0, 0.022449477648218526014197, 3282.309, -950.5809, -2.947957, 0.01947593, 0.1574723, 97.62436, 2.158939, 1.646691, 21.70268
 
15.75027, -0.006622554, -0.03491966, 16.95935, 0, 0.0225238238287876134268410585, 3275.085, -950.5809, -2.947957, 0.01947593, 0.1574723, 97.52183, 2.158939, 1.646691, 21.70268
 
15.76027, -0.00664095, -0.03498589, 16.93981, 0, 0.0225992589680598382686009415, 3267.873, -950.5809, -2.947957, 0.01947593, 0.1574723, 97.41933, 2.158939, 1.646691, 21.70268
 
15.77027, -0.006658068, -0.0350523, 16.92028, 0, 0.0226741271288339547711780585, 3260.674, -950.5809, -2.947957, 0.01947593, 0.1574723, 97.31687, 2.158939, 1.646691, 21.70268
 
15.78027, -0.006676156, -0.03511888, 16.90077, 0, 0.022749904255137091774131, 3253.486, -950.5809, -2.947957, 0.01947593, 0.1574723, 97.21446, 2.158939, 1.646691, 21.70268
 
15.79027, -0.006693164, -0.03518564, 16.88127, 0, 0.0228252493978223481481079415, 3246.309, -950.5809, -2.947957, 0.01947593, 0.1574723, 97.1121, 2.158939, 1.646691, 21.70268
 
15.80027, -0.006710868, -0.03525257, 16.86178, 0, 0.022901332512521663923093, 3239.144, -950.5809, -2.947957, 0.01947593, 0.1574723, 97.00974, 2.158939, 1.646691, 21.70268
 
15.81027, -0.006729069, -0.03531968, 16.8423, 0, 0.022978036603671593105644, 3231.99, -950.5809, -2.947957, 0.01947593, 0.1574723, 96.90742, 2.158939, 1.646691, 21.70268
 
15.82027, -0.006746722, -0.03538697, 16.82283, 0, 0.023054650698234463823825, 3224.847, -950.5809, -2.947957, 0.01947593, 0.1574723, 96.80516, 2.158939, 1.646691, 21.70268
 
15.83027, -0.006765141, -0.03545444, 16.80338, 0, 0.0231320657624220648783119415, 3217.717, -950.5809, -2.947957, 0.01947593, 0.1574723, 96.70293, 2.158939, 1.646691, 21.70268
 
15.84027, -0.006782291, -0.03552209, 16.78394, 0, 0.0232089138481114675970290585, 3210.596, -950.5809, -2.947957, 0.01947593, 0.1574723, 96.60072, 2.158939, 1.646691, 21.70268
 
15.85027, -0.006800338, -0.03558991, 16.76451, 0, 0.0232866529000125691198350585, 3203.487, -950.5809, -2.947957, 0.01947593, 0.1574723, 96.49854, 2.158939, 1.646691, 21.70268
 
15.86027, -0.006819216, -0.03565792, 16.74508, 0, 0.023365237919831930211132, 3196.39, -950.5809, -2.947957, 0.01947593, 0.1574723, 96.39642, 2.158939, 1.646691, 21.70268
 
15.87027, -0.006837659, -0.03572611, 16.72568, 0, 0.023443822939651381299016, 3189.305, -950.5809, -2.947957, 0.01947593, 0.1574723, 96.29433, 2.158939, 1.646691, 21.70268
 
15.88027, -0.006854942, -0.03579449, 16.70629, 0, 0.023521912978242010832865, 3182.231, -950.5809, -2.947957, 0.01947593, 0.1574723, 96.19228, 2.158939, 1.646691, 21.70268
 
15.89027, -0.006872602, -0.03586303, 16.6869, 0, 0.023600542996354991152934, 3175.167, -950.5809, -2.947957, 0.01947593, 0.1574723, 96.09026, 2.158939, 1.646691, 21.70268
 
15.90027, -0.006891794, -0.03593176, 16.66753, 0, 0.023680513963615142592116, 3168.115, -950.5809, -2.947957, 0.01947593, 0.1574723, 95.98827, 2.158939, 1.646691, 21.70268
 
15.91027, -0.006910642, -0.03600068, 16.64817, 0, 0.0237605569281448508062069415, 3161.075, -950.5809, -2.947957, 0.01947593, 0.1574723, 95.88633, 2.158939, 1.646691, 21.70268
 
15.92027, -0.006928426, -0.03606978, 16.62883, 0, 0.0238401589093982425346460585, 3154.047, -950.5809, -2.947957, 0.01947593, 0.1574723, 95.78442, 2.158939, 1.646691, 21.70268
 
15.93027, -0.00694638, -0.03613907, 16.60949, 0, 0.0239201748749517432128389415, 3147.028, -950.5809, -2.947957, 0.01947593, 0.1574723, 95.68254, 2.158939, 1.646691, 21.70268
 
15.94027, -0.006965948, -0.03620853, 16.59017, 0, 0.0240016127865809476212519415, 3140.021, -950.5809, -2.947957, 0.01947593, 0.1574723, 95.5807, 2.158939, 1.646691, 21.70268
 
15.95027, -0.006985558, -0.03627819, 16.57086, 0, 0.024083374685923652497984, 3133.025, -950.5809, -2.947957, 0.01947593, 0.1574723, 95.47889, 2.158939, 1.646691, 21.70268
 
15.96027, -0.007004951, -0.03634805, 16.55156, 0, 0.0241652985791228826174079415, 3126.041, -950.5809, -2.947957, 0.01947593, 0.1574723, 95.37714, 2.158939, 1.646691, 21.70268
 
15.97027, -0.00702309, -0.0364181, 16.53227, 0, 0.0242466734931413260939360585, 3119.067, -950.5809, -2.947957, 0.01947593, 0.1574723, 95.27539, 2.158939, 1.646691, 21.70268
 
15.98027, -0.007042894, -0.03648833, 16.51299, 0, 0.0243294973522110508604729415, 3112.105, -950.5809, -2.947957, 0.01947593, 0.1574723, 95.17369, 2.158939, 1.646691, 21.70268
 
15.99027, -0.007061796, -0.03655876, 16.49373, 0, 0.0244120062232262509948889415, 3105.155, -950.5809, -2.947957, 0.01947593, 0.1574723, 95.07203, 2.158939, 1.646691, 21.70268
 
16.00027, -0.007080584, -0.03662938, 16.47448, 0, 0.024494749085367893133254, 3098.215, -950.5809, -2.947957, 0.01947593, 0.1574723, 94.97041, 2.158939, 1.646691, 21.70268
 
16.01027, -0.007098237, -0.03670018, 16.45524, 0, 0.024576996966280623720997, 3091.288, -950.5809, -2.947957, 0.01947593, 0.1574723, 94.86884, 2.158939, 1.646691, 21.70268
 
16.02027, -0.007116281, -0.03677116, 16.43601, 0, 0.0246598208253506184772950585, 3084.37, -950.5809, -2.947957, 0.01947593, 0.1574723, 94.76729, 2.158939, 1.646691, 21.70268
 
16.03027, -0.007135189, -0.03684233, 16.4168, 0, 0.024743562649608429576993, 3077.463, -950.5809, -2.947957, 0.01947593, 0.1574723, 94.66577, 2.158939, 1.646691, 21.70268
 
16.04027, -0.007154084, -0.03691368, 16.39759, 0, 0.0248276104622624194487230585, 3070.569, -950.5809, -2.947957, 0.01947593, 0.1574723, 94.5643, 2.158939, 1.646691, 21.70268
 
16.05027, -0.007172689, -0.03698522, 16.3784, 0, 0.024911757271161993638086, 3063.686, -950.5809, -2.947957, 0.01947593, 0.1574723, 94.46288, 2.158939, 1.646691, 21.70268
 
16.06027, -0.007190732, -0.03705695, 16.35922, 0, 0.0249958230831333952026900585, 3056.812, -950.5809, -2.947957, 0.01947593, 0.1574723, 94.36146, 2.158939, 1.646691, 21.70268
 
16.07027, -0.007210038, -0.03712885, 16.34005, 0, 0.025081094849371200196678, 3049.95, -950.5809, -2.947957, 0.01947593, 0.1574723, 94.26009, 2.158939, 1.646691, 21.70268
 
16.08027, -0.007229286, -0.03720095, 16.32089, 0, 0.025166654604687682273237, 3043.1, -950.5809, -2.947957, 0.01947593, 0.1574723, 94.15877, 2.158939, 1.646691, 21.70268
 
16.09027, -0.007248454, -0.03727324, 16.30175, 0, 0.0252524753501067238930560585, 3036.26, -950.5809, -2.947957, 0.01947593, 0.1574723, 94.05746, 2.158939, 1.646691, 21.70268
 
16.10027, -0.007268375, -0.03734573, 16.28261, 0, 0.025339151063102640931216, 3029.432, -950.5809, -2.947957, 0.01947593, 0.1574723, 93.95621, 2.158939, 1.646691, 21.70268
 
16.11027, -0.007287511, -0.03741841, 16.26349, 0, 0.0254255927849722059620139415, 3022.614, -950.5809, -2.947957, 0.01947593, 0.1574723, 93.85499, 2.158939, 1.646691, 21.70268
 
16.12027, -0.007307437, -0.03749128, 16.24438, 0, 0.025512925473053829783249, 3015.808, -950.5809, -2.947957, 0.01947593, 0.1574723, 93.75381, 2.158939, 1.646691, 21.70268
 
16.13027, -0.007327713, -0.03756436, 16.22529, 0, 0.0256008431389513336228890585, 3009.013, -950.5809, -2.947957, 0.01947593, 0.1574723, 93.65267, 2.158939, 1.646691, 21.70268
 
16.14027, -0.007347284, -0.03763764, 16.20621, 0, 0.0256885808116746305372020585, 3002.23, -950.5809, -2.947957, 0.01947593, 0.1574723, 93.55157, 2.158939, 1.646691, 21.70268
 
16.15027, -0.007366958, -0.03771111, 16.18713, 0, 0.02577673246869830639103, 2995.457, -950.5809, -2.947957, 0.01947593, 0.1574723, 93.4505, 2.158939, 1.646691, 21.70268
 
16.16027, -0.007387341, -0.03778478, 16.16807, 0, 0.025865730093640421806523, 2988.694, -950.5809, -2.947957, 0.01947593, 0.1574723, 93.34946, 2.158939, 1.646691, 21.70268
 
16.17027, -0.00740698, -0.03785865, 16.14902, 0, 0.025954520726432302753965, 2981.944, -950.5809, -2.947957, 0.01947593, 0.1574723, 93.24847, 2.158939, 1.646691, 21.70268
 
16.18027, -0.007426909, -0.03793272, 16.12997, 0, 0.026043869338063946180501, 2975.202, -950.5809, -2.947957, 0.01947593, 0.1574723, 93.1475, 2.158939, 1.646691, 21.70268
 
16.19028, -0.007448236, -0.03800699, 16.11095, 0, 0.0261345768981600824224369415, 2968.472, -950.5809, -2.947957, 0.01947593, 0.1574723, 93.04656, 2.158939, 1.646691, 21.70268
 
16.20028, -0.007469618, -0.03808147, 16.09193, 0, 0.0262256624439219542113139415, 2961.754, -950.5809, -2.947957, 0.01947593, 0.1574723, 92.94568, 2.158939, 1.646691, 21.70268
 
16.21028, -0.007489167, -0.03815617, 16.07293, 0, 0.026315758027226272888708, 2955.046, -950.5809, -2.947957, 0.01947593, 0.1574723, 92.84483, 2.158939, 1.646691, 21.70268
 
16.22028, -0.007509552, -0.03823106, 16.05393, 0, 0.026406816574012027138274, 2948.349, -950.5809, -2.947957, 0.01947593, 0.1574723, 92.744, 2.158939, 1.646691, 21.70268
 
16.23028, -0.007531262, -0.03830616, 16.03496, 0, 0.0264991890709687449710549415, 2941.663, -950.5809, -2.947957, 0.01947593, 0.1574723, 92.64322, 2.158939, 1.646691, 21.70268
 
16.24028, -0.007551666, -0.03838147, 16.01599, 0, 0.0265909585907922610891439415, 2934.989, -950.5809, -2.947957, 0.01947593, 0.1574723, 92.54247, 2.158939, 1.646691, 21.70268
 
16.25028, -0.007571801, -0.03845699, 15.99704, 0, 0.0266828721051552507433990585, 2928.325, -950.5809, -2.947957, 0.01947593, 0.1574723, 92.44177, 2.158939, 1.646691, 21.70268
 
16.26028, -0.007592584, -0.0385327, 15.97808, 0, 0.0267756225877775241299469415, 2921.67, -950.5809, -2.947957, 0.01947593, 0.1574723, 92.34109, 2.158939, 1.646691, 21.70268
 
16.27028, -0.007613339, -0.03860863, 15.95915, 0, 0.026868706057772183824425, 2915.028, -950.5809, -2.947957, 0.01947593, 0.1574723, 92.24046, 2.158939, 1.646691, 21.70268
 
16.28028, -0.007634345, -0.03868476, 15.94023, 0, 0.026962329507289104308536, 2908.397, -950.5809, -2.947957, 0.01947593, 0.1574723, 92.13986, 2.158939, 1.646691, 21.70268
 
16.29028, -0.007655904, -0.03876111, 15.92132, 0, 0.027056717927796021739792, 2901.777, -950.5809, -2.947957, 0.01947593, 0.1574723, 92.03931, 2.158939, 1.646691, 21.70268
 
16.30028, -0.007676025, -0.03883766, 15.90242, 0, 0.027150404374923883148962, 2895.166, -950.5809, -2.947957, 0.01947593, 0.1574723, 91.93877, 2.158939, 1.646691, 21.70268
 
16.31028, -0.007697663, -0.03891442, 15.88354, 0, 0.0272455847653968250700869415, 2888.567, -950.5809, -2.947957, 0.01947593, 0.1574723, 91.83829, 2.158939, 1.646691, 21.70268
 
16.32028, -0.00771922, -0.0389914, 15.86466, 0, 0.027341062144607239916807, 2881.979, -950.5809, -2.947957, 0.01947593, 0.1574723, 91.73784, 2.158939, 1.646691, 21.70268
 
16.33028, -0.007740402, -0.03906859, 15.84579, 0, 0.0274366385200634190743340585, 2875.4, -950.5809, -2.947957, 0.01947593, 0.1574723, 91.63741, 2.158939, 1.646691, 21.70268
 
16.34028, -0.007762185, -0.03914599, 15.82694, 0, 0.0275330338644615602678669415, 2868.833, -950.5809, -2.947957, 0.01947593, 0.1574723, 91.53703, 2.158939, 1.646691, 21.70268
 
16.35028, -0.007783927, -0.03922362, 15.8081, 0, 0.02762976219623208776933, 2862.277, -950.5809, -2.947957, 0.01947593, 0.1574723, 91.43668, 2.158939, 1.646691, 21.70268
 
16.36028, -0.00780514, -0.03930146, 15.78927, 0, 0.027726463529026407734895, 2855.732, -950.5809, -2.947957, 0.01947593, 0.1574723, 91.33639, 2.158939, 1.646691, 21.70268
 
16.37028, -0.007826625, -0.03937951, 15.77045, 0, 0.0278237498396365177222779415, 2849.196, -950.5809, -2.947957, 0.01947593, 0.1574723, 91.23611, 2.158939, 1.646691, 21.70268
 
16.38028, -0.007848543, -0.03945777, 15.75165, 0, 0.027921738123625863724921, 2842.672, -950.5809, -2.947957, 0.01947593, 0.1574723, 91.13587, 2.158939, 1.646691, 21.70268
 
16.39028, -0.007870963, -0.03953626, 15.73285, 0, 0.0280204823789463208350979415, 2836.159, -950.5809, -2.947957, 0.01947593, 0.1574723, 91.03568, 2.158939, 1.646691, 21.70268
 
16.40028, -0.007892766, -0.03961496, 15.71406, 0, 0.028119154636997311166953, 2829.655, -950.5809, -2.947957, 0.01947593, 0.1574723, 90.9355, 2.158939, 1.646691, 21.70268
 
16.41028, -0.007916018, -0.03969389, 15.69529, 0, 0.028219311838734676164326, 2823.163, -950.5809, -2.947957, 0.01947593, 0.1574723, 90.83537, 2.158939, 1.646691, 21.70268
 
16.42028, -0.007939164, -0.03977305, 15.67653, 0, 0.028319784028526745786994, 2816.681, -950.5809, -2.947957, 0.01947593, 0.1574723, 90.73528, 2.158939, 1.646691, 21.70268
 
16.43028, -0.007960782, -0.03985244, 15.65778, 0, 0.028419464248352700923206, 2810.211, -950.5809, -2.947957, 0.01947593, 0.1574723, 90.63525, 2.158939, 1.646691, 21.70268
 
16.44028, -0.007983281, -0.03993205, 15.63905, 0, 0.0285202244272232676352709415, 2803.75, -950.5809, -2.947957, 0.01947593, 0.1574723, 90.53522, 2.158939, 1.646691, 21.70268
 
16.45028, -0.008005656, -0.04001189, 15.62032, 0, 0.028621272595172601426494, 2797.3, -950.5809, -2.947957, 0.01947593, 0.1574723, 90.43523, 2.158939, 1.646691, 21.70268
 
16.46028, -0.008028322, -0.04009194, 15.60161, 0, 0.0287229417395726386218700585, 2790.862, -950.5809, -2.947957, 0.01947593, 0.1574723, 90.3353, 2.158939, 1.646691, 21.70268
 
16.47028, -0.008049826, -0.04017223, 15.5829, 0, 0.0288240979034263525737500585, 2784.432, -950.5809, -2.947957, 0.01947593, 0.1574723, 90.23538, 2.158939, 1.646691, 21.70268
 
16.48028, -0.008073396, -0.04025273, 15.56421, 0, 0.0289272699908301761275180585, 2778.014, -950.5809, -2.947957, 0.01947593, 0.1574723, 90.13551, 2.158939, 1.646691, 21.70268
 
16.49028, -0.008096594, -0.04033346, 15.54553, 0, 0.029030541074479673995506, 2771.607, -950.5809, -2.947957, 0.01947593, 0.1574723, 90.03568, 2.158939, 1.646691, 21.70268
 
16.50028, -0.008119176, -0.04041443, 15.52686, 0, 0.029133731161200909242148, 2765.211, -950.5809, -2.947957, 0.01947593, 0.1574723, 89.93589, 2.158939, 1.646691, 21.70268
 
16.51028, -0.008141156, -0.04049562, 15.5082, 0, 0.029236867249969909410168, 2758.824, -950.5809, -2.947957, 0.01947593, 0.1574723, 89.83612, 2.158939, 1.646691, 21.70268
 
16.52028, -0.008165115, -0.04057703, 15.48955, 0, 0.02934194726501937240858, 2752.448, -950.5809, -2.947957, 0.01947593, 0.1574723, 89.7364, 2.158939, 1.646691, 21.70268
 
16.53028, -0.008188526, -0.04065868, 15.47092, 0, 0.0294470092807515137107050585, 2746.083, -950.5809, -2.947957, 0.01947593, 0.1574723, 89.63673, 2.158939, 1.646691, 21.70268
 
16.54028, -0.008211428, -0.04074057, 15.45231, 0, 0.029552080296142180866093, 2739.73, -950.5809, -2.947957, 0.01947593, 0.1574723, 89.53709, 2.158939, 1.646691, 21.70268
 
16.55028, -0.008234368, -0.04082268, 15.43369, 0, 0.0296576012944683203365050585, 2733.385, -950.5809, -2.947957, 0.01947593, 0.1574723, 89.43748, 2.158939, 1.646691, 21.70268
 
16.56028, -0.008257207, -0.04090502, 15.41509, 0, 0.029763446280507690285475, 2727.052, -950.5809, -2.947957, 0.01947593, 0.1574723, 89.33791, 2.158939, 1.646691, 21.70268
 
16.57028, -0.008280159, -0.0409876, 15.39651, 0, 0.0298697862477760617816540585, 2720.729, -950.5809, -2.947957, 0.01947593, 0.1574723, 89.23838, 2.158939, 1.646691, 21.70268
 
16.58028, -0.008303144, -0.0410704, 15.37793, 0, 0.029976576197979545606509, 2714.417, -950.5809, -2.947957, 0.01947593, 0.1574723, 89.13887, 2.158939, 1.646691, 21.70268
 
16.59028, -0.008326644, -0.04115343, 15.35936, 0, 0.030084194116784057300155, 2708.115, -950.5809, -2.947957, 0.01947593, 0.1574723, 89.03941, 2.158939, 1.646691, 21.70268
 
16.60028, -0.008349345, -0.0412367, 15.34082, 0, 0.030191587044120922832876, 2701.824, -950.5809, -2.947957, 0.01947593, 0.1574723, 88.93999, 2.158939, 1.646691, 21.70268
 
16.61028, -0.00837269, -0.04132019, 15.32227, 0, 0.030299933935280608087919, 2695.542, -950.5809, -2.947957, 0.01947593, 0.1574723, 88.84059, 2.158939, 1.646691, 21.70268
 
16.62029, -0.008396633, -0.04140392, 15.30374, 0, 0.030409171792652172140225, 2689.271, -950.5809, -2.947957, 0.01947593, 0.1574723, 88.74123, 2.158939, 1.646691, 21.70268
 
16.63029, -0.008420029, -0.04148789, 15.28522, 0, 0.0305183916507062345030699415, 2683.01, -950.5809, -2.947957, 0.01947593, 0.1574723, 88.64193, 2.158939, 1.646691, 21.70268
 
16.64029, -0.00844344, -0.04157209, 15.26671, 0, 0.0306280524920369733379149415, 2676.761, -950.5809, -2.947957, 0.01947593, 0.1574723, 88.54266, 2.158939, 1.646691, 21.70268
 
16.65029, -0.008466618, -0.04165652, 15.24822, 0, 0.030737956324152860023146, 2670.522, -950.5809, -2.947957, 0.01947593, 0.1574723, 88.44342, 2.158939, 1.646691, 21.70268
 
16.66029, -0.008490937, -0.04174118, 15.22973, 0, 0.0308492191047331495271899415, 2664.292, -950.5809, -2.947957, 0.01947593, 0.1574723, 88.34422, 2.158939, 1.646691, 21.70268
 
16.67029, -0.008514614, -0.0418261, 15.21126, 0, 0.0309604098880438822563249415, 2658.073, -950.5809, -2.947957, 0.01947593, 0.1574723, 88.24503, 2.158939, 1.646691, 21.70268
 
16.68029, -0.008539483, -0.04191124, 15.19279, 0, 0.0310730046181129070228060585, 2651.864, -950.5809, -2.947957, 0.01947593, 0.1574723, 88.1459, 2.158939, 1.646691, 21.70268
 
16.69029, -0.008564931, -0.04199664, 15.17434, 0, 0.031186526313028363982537, 2645.665, -950.5809, -2.947957, 0.01947593, 0.1574723, 88.0468, 2.158939, 1.646691, 21.70268
 
16.70029, -0.008588073, -0.04208228, 15.1559, 0, 0.0312985900632336538126480585, 2639.478, -950.5809, -2.947957, 0.01947593, 0.1574723, 87.94775, 2.158939, 1.646691, 21.70268
 
16.71029, -0.008611846, -0.04216816, 15.13747, 0, 0.031411625776578995064781, 2633.3, -950.5809, -2.947957, 0.01947593, 0.1574723, 87.84872, 2.158939, 1.646691, 21.70268
 
16.72029, -0.00863647, -0.04225428, 15.11906, 0, 0.031525795446921362964563, 2627.133, -950.5809, -2.947957, 0.01947593, 0.1574723, 87.74974, 2.158939, 1.646691, 21.70268
 
16.73029, -0.008661512, -0.04234064, 15.10065, 0, 0.0316407660868884612006509415, 2620.977, -950.5809, -2.947957, 0.01947593, 0.1574723, 87.65081, 2.158939, 1.646691, 21.70268
 
16.74029, -0.008686084, -0.04242726, 15.08225, 0, 0.031755817723784092047846, 2614.829, -950.5809, -2.947957, 0.01947593, 0.1574723, 87.55189, 2.158939, 1.646691, 21.70268
 
16.75029, -0.008710996, -0.04251412, 15.06387, 0, 0.0318715983330348964564380585, 2608.692, -950.5809, -2.947957, 0.01947593, 0.1574723, 87.45302, 2.158939, 1.646691, 21.70268
 
16.76029, -0.008735511, -0.04260123, 15.0455, 0, 0.0319875049375074927185610585, 2602.566, -950.5809, -2.947957, 0.01947593, 0.1574723, 87.35419, 2.158939, 1.646691, 21.70268
 
16.77029, -0.008760538, -0.04268859, 15.02714, 0, 0.0321043025081917877847729415, 2596.45, -950.5809, -2.947957, 0.01947593, 0.1574723, 87.25538, 2.158939, 1.646691, 21.70268
 
16.78029, -0.008785537, -0.04277619, 15.00879, 0, 0.032221541062152939316159, 2590.344, -950.5809, -2.947957, 0.01947593, 0.1574723, 87.15662, 2.158939, 1.646691, 21.70268
 
16.79029, -0.008810659, -0.04286404, 14.99045, 0, 0.032339337594953763330052, 2584.249, -950.5809, -2.947957, 0.01947593, 0.1574723, 87.0579, 2.158939, 1.646691, 21.70268
 
16.80029, -0.008835917, -0.04295215, 14.97212, 0, 0.0324577281052292632053740585, 2578.163, -950.5809, -2.947957, 0.01947593, 0.1574723, 86.95921, 2.158939, 1.646691, 21.70268
 
16.81029, -0.008861415, -0.04304051, 14.9538, 0, 0.0325767935899076115668840585, 2572.088, -950.5809, -2.947957, 0.01947593, 0.1574723, 86.86055, 2.158939, 1.646691, 21.70268
 
16.82029, -0.008887375, -0.04312912, 14.9355, 0, 0.032696723041821631189759, 2566.023, -950.5809, -2.947957, 0.01947593, 0.1574723, 86.76195, 2.158939, 1.646691, 21.70268
 
16.83029, -0.008911822, -0.043218, 14.9172, 0, 0.0328158515241110104729150585, 2559.968, -950.5809, -2.947957, 0.01947593, 0.1574723, 86.66336, 2.158939, 1.646691, 21.70268
 
16.84029, -0.008937869, -0.04330711, 14.89892, 0, 0.0329368069371174065930209415, 2553.923, -950.5809, -2.947957, 0.01947593, 0.1574723, 86.56482, 2.158939, 1.646691, 21.70268
 
16.85029, -0.00896293, -0.04339649, 14.88066, 0, 0.033057402363775838845408, 2547.889, -950.5809, -2.947957, 0.01947593, 0.1574723, 86.46632, 2.158939, 1.646691, 21.70268
 
16.86029, -0.008988812, -0.04348612, 14.8624, 0, 0.033179176745724646984455, 2541.866, -950.5809, -2.947957, 0.01947593, 0.1574723, 86.36788, 2.158939, 1.646691, 21.70268
 
16.87029, -0.009013483, -0.04357601, 14.84415, 0, 0.0333004021484924884874320585, 2535.852, -950.5809, -2.947957, 0.01947593, 0.1574723, 86.26945, 2.158939, 1.646691, 21.70268
 
16.88029, -0.009039148, -0.04366614, 14.82591, 0, 0.0334229595007487052664980585, 2529.848, -950.5809, -2.947957, 0.01947593, 0.1574723, 86.17107, 2.158939, 1.646691, 21.70268
 
16.89029, -0.009064201, -0.04375653, 14.80769, 0, 0.033545471854711302816792, 2523.855, -950.5809, -2.947957, 0.01947593, 0.1574723, 86.07273, 2.158939, 1.646691, 21.70268
 
16.90029, -0.009089897, -0.04384718, 14.78948, 0, 0.033669037168742574396802, 2517.872, -950.5809, -2.947957, 0.01947593, 0.1574723, 85.97441, 2.158939, 1.646691, 21.70268
 
16.91029, -0.009116116, -0.04393808, 14.77128, 0, 0.03379353844727925400626, 2511.898, -950.5809, -2.947957, 0.01947593, 0.1574723, 85.87614, 2.158939, 1.646691, 21.70268
 
16.92029, -0.009141281, -0.04402924, 14.75309, 0, 0.033917625741515464679616, 2505.935, -950.5809, -2.947957, 0.01947593, 0.1574723, 85.77792, 2.158939, 1.646691, 21.70268
 
16.93029, -0.009166729, -0.04412065, 14.7349, 0, 0.034042451007765554760806, 2499.982, -950.5809, -2.947957, 0.01947593, 0.1574723, 85.67972, 2.158939, 1.646691, 21.70268
 
16.94029, -0.009193484, -0.04421232, 14.71674, 0, 0.034168905212241403047093, 2494.039, -950.5809, -2.947957, 0.01947593, 0.1574723, 85.58156, 2.158939, 1.646691, 21.70268
 
16.95029, -0.00921932, -0.04430426, 14.69858, 0, 0.0342950804272972800972459415, 2488.105, -950.5809, -2.947957, 0.01947593, 0.1574723, 85.48342, 2.158939, 1.646691, 21.70268
 
16.96029, -0.009246789, -0.04439645, 14.68043, 0, 0.0344231815693164782746780585, 2482.182, -950.5809, -2.947957, 0.01947593, 0.1574723, 85.38533, 2.158939, 1.646691, 21.70268
 
16.97029, -0.009273597, -0.04448892, 14.6623, 0, 0.03455121971372446553729, 2476.269, -950.5809, -2.947957, 0.01947593, 0.1574723, 85.28728, 2.158939, 1.646691, 21.70268
 
16.98029, -0.009299835, -0.04458166, 14.64417, 0, 0.0346792668577911586463389415, 2470.366, -950.5809, -2.947957, 0.01947593, 0.1574723, 85.18929, 2.158939, 1.646691, 21.70268
 
16.99029, -0.009325403, -0.04467465, 14.62606, 0, 0.0348072420045882949804789415, 2464.473, -950.5809, -2.947957, 0.01947593, 0.1574723, 85.09131, 2.158939, 1.646691, 21.70268
 
17.00029, -0.009353022, -0.04476791, 14.60796, 0, 0.034937539063331629691952, 2458.59, -950.5809, -2.947957, 0.01947593, 0.1574723, 84.99338, 2.158939, 1.646691, 21.70268
 
17.01029, -0.009379819, -0.04486144, 14.58986, 0, 0.035067638129583345785224, 2452.716, -950.5809, -2.947957, 0.01947593, 0.1574723, 84.89547, 2.158939, 1.646691, 21.70268
 
17.02029, -0.009407436, -0.04495524, 14.57178, 0, 0.0351989881483950845366519415, 2446.853, -950.5809, -2.947957, 0.01947593, 0.1574723, 84.79761, 2.158939, 1.646691, 21.70268
 
17.03029, -0.009434589, -0.04504931, 14.55372, 0, 0.0353304551627700892883479415, 2441, -950.5809, -2.947957, 0.01947593, 0.1574723, 84.69979, 2.158939, 1.646691, 21.70268
 
17.04029, -0.00946126, -0.04514366, 14.53566, 0, 0.035462030173049654193875, 2435.156, -950.5809, -2.947957, 0.01947593, 0.1574723, 84.60199, 2.158939, 1.646691, 21.70268
 
17.05029, -0.009488585, -0.04523827, 14.51761, 0, 0.0355947031416913323647160585, 2429.323, -950.5809, -2.947957, 0.01947593, 0.1574723, 84.50424, 2.158939, 1.646691, 21.70268
 
17.0603, -0.009515733, -0.04533316, 14.49957, 0, 0.0357277810949746836286350585, 2423.498, -950.5809, -2.947957, 0.01947593, 0.1574723, 84.40651, 2.158939, 1.646691, 21.70268
 
17.0703, -0.009543617, -0.04542832, 14.48155, 0, 0.035862038003548410779214, 2417.685, -950.5809, -2.947957, 0.01947593, 0.1574723, 84.30882, 2.158939, 1.646691, 21.70268
 
17.0803, -0.00957115, -0.04552375, 14.46354, 0, 0.035996519903589874087305, 2411.881, -950.5809, -2.947957, 0.01947593, 0.1574723, 84.21119, 2.158939, 1.646691, 21.70268
 
17.0903, -0.009598368, -0.04561946, 14.44553, 0, 0.036131271793392512788506, 2406.086, -950.5809, -2.947957, 0.01947593, 0.1574723, 84.11358, 2.158939, 1.646691, 21.70268
 
17.1003, -0.009626621, -0.04571544, 14.42754, 0, 0.0362674996272230003019620585, 2400.302, -950.5809, -2.947957, 0.01947593, 0.1574723, 84.01601, 2.158939, 1.646691, 21.70268
 
17.1103, -0.009654601, -0.04581171, 14.40956, 0, 0.036404024449790600754665, 2394.528, -950.5809, -2.947957, 0.01947593, 0.1574723, 83.91849, 2.158939, 1.646691, 21.70268
 
17.1203, -0.009682095, -0.04590825, 14.39159, 0, 0.036540675267580173054073, 2388.763, -950.5809, -2.947957, 0.01947593, 0.1574723, 83.82099, 2.158939, 1.646691, 21.70268
 
17.1303, -0.009710707, -0.04600507, 14.37363, 0, 0.0366788920259846526301060585, 2383.009, -950.5809, -2.947957, 0.01947593, 0.1574723, 83.72354, 2.158939, 1.646691, 21.70268
 
17.1403, -0.00973962, -0.04610218, 14.35569, 0, 0.036817945752648595931606, 2377.265, -950.5809, -2.947957, 0.01947593, 0.1574723, 83.62614, 2.158939, 1.646691, 21.70268
 
17.1503, -0.009767865, -0.04619958, 14.33775, 0, 0.036956963480677805843945, 2371.529, -950.5809, -2.947957, 0.01947593, 0.1574723, 83.52876, 2.158939, 1.646691, 21.70268
 
17.1603, -0.009796138, -0.04629726, 14.31983, 0, 0.037096566186522895774689, 2365.805, -950.5809, -2.947957, 0.01947593, 0.1574723, 83.43142, 2.158939, 1.646691, 21.70268
 
17.1703, -0.009823833, -0.04639522, 14.30191, 0, 0.037236204891002809091181, 2360.09, -950.5809, -2.947957, 0.01947593, 0.1574723, 83.33413, 2.158939, 1.646691, 21.70268
 
17.1803, -0.009851926, -0.04649346, 14.28402, 0, 0.0373767705603295145872710585, 2354.385, -950.5809, -2.947957, 0.01947593, 0.1574723, 83.23686, 2.158939, 1.646691, 21.70268
 
17.1903, -0.009881291, -0.04659197, 14.26612, 0, 0.0375190911631035901488149415, 2348.69, -950.5809, -2.947957, 0.01947593, 0.1574723, 83.13964, 2.158939, 1.646691, 21.70268
 
17.2003, -0.009909242, -0.04669079, 14.24825, 0, 0.0376606737938639662956989415, 2343.005, -950.5809, -2.947957, 0.01947593, 0.1574723, 83.04247, 2.158939, 1.646691, 21.70268
 
17.2103, -0.009937176, -0.04678988, 14.23038, 0, 0.037802814403464194918264, 2337.329, -950.5809, -2.947957, 0.01947593, 0.1574723, 82.94533, 2.158939, 1.646691, 21.70268
 
17.2203, -0.009966468, -0.04688925, 14.21252, 0, 0.037946799943099032063827, 2331.663, -950.5809, -2.947957, 0.01947593, 0.1574723, 82.84822, 2.158939, 1.646691, 21.70268
 
17.2303, -0.009994414, -0.04698892, 14.19467, 0, 0.038090128507648342419489, 2326.006, -950.5809, -2.947957, 0.01947593, 0.1574723, 82.75114, 2.158939, 1.646691, 21.70268
 
17.2403, -0.01002425, -0.04708887, 14.17684, 0, 0.0382357879838023770057469415, 2320.36, -950.5809, -2.947957, 0.01947593, 0.1574723, 82.65411, 2.158939, 1.646691, 21.70268
 
17.2503, -0.01005373, -0.04718911, 14.15901, 0, 0.0383817264493763828281389415, 2314.724, -950.5809, -2.947957, 0.01947593, 0.1574723, 82.55713, 2.158939, 1.646691, 21.70268
 
17.2603, -0.01008193, -0.04728965, 14.1412, 0, 0.038527052938158481089402, 2309.096, -950.5809, -2.947957, 0.01947593, 0.1574723, 82.46017, 2.158939, 1.646691, 21.70268
 
17.2703, -0.01011209, -0.04739046, 14.12339, 0, 0.038674818334449773738505, 2303.478, -950.5809, -2.947957, 0.01947593, 0.1574723, 82.36325, 2.158939, 1.646691, 21.70268
 
17.2803, -0.01014085, -0.04749158, 14.10561, 0, 0.038821854758385892826211, 2297.871, -950.5809, -2.947957, 0.01947593, 0.1574723, 82.26639, 2.158939, 1.646691, 21.70268
 
17.2903, -0.0101698, -0.04759299, 14.08783, 0, 0.0389696831522882163969600585, 2292.274, -950.5809, -2.947957, 0.01947593, 0.1574723, 82.16954, 2.158939, 1.646691, 21.70268
 
17.3003, -0.01019942, -0.04769469, 14.07006, 0, 0.0391187534990916767862539415, 2286.685, -950.5809, -2.947957, 0.01947593, 0.1574723, 82.07275, 2.158939, 1.646691, 21.70268
 
17.3103, -0.0102293, -0.04779669, 14.0523, 0, 0.039268678813472462576824, 2281.106, -950.5809, -2.947957, 0.01947593, 0.1574723, 81.97598, 2.158939, 1.646691, 21.70268
 
17.3203, -0.01025944, -0.04789898, 14.03455, 0, 0.0394194680950888296321719415, 2275.537, -950.5809, -2.947957, 0.01947593, 0.1574723, 81.87925, 2.158939, 1.646691, 21.70268
 
17.3303, -0.01028988, -0.04800157, 14.01682, 0, 0.039571166342234667170831, 2269.979, -950.5809, -2.947957, 0.01947593, 0.1574723, 81.78257, 2.158939, 1.646691, 21.70268
 
17.3403, -0.01031952, -0.04810447, 13.99909, 0, 0.0397227385941584428661979415, 2264.428, -950.5809, -2.947957, 0.01947593, 0.1574723, 81.68591, 2.158939, 1.646691, 21.70268
 
17.3503, -0.01034928, -0.04820767, 13.98138, 0, 0.039875021819120160423262, 2258.889, -950.5809, -2.947957, 0.01947593, 0.1574723, 81.58931, 2.158939, 1.646691, 21.70268
 
17.3603, -0.0103799, -0.04831116, 13.96368, 0, 0.040028780988109546799407, 2253.358, -950.5809, -2.947957, 0.01947593, 0.1574723, 81.49273, 2.158939, 1.646691, 21.70268
 
17.3703, -0.01041115, -0.04841496, 13.94598, 0, 0.040183764110682928290984, 2247.837, -950.5809, -2.947957, 0.01947593, 0.1574723, 81.39619, 2.158939, 1.646691, 21.70268
 
17.3803, -0.0104415, -0.04851907, 13.9283, 0, 0.0403385312414472794714859415, 2242.326, -950.5809, -2.947957, 0.01947593, 0.1574723, 81.29971, 2.158939, 1.646691, 21.70268
 
17.3903, -0.01047231, -0.04862348, 13.91063, 0, 0.0404943783312566022141890585, 2236.824, -950.5809, -2.947957, 0.01947593, 0.1574723, 81.20325, 2.158939, 1.646691, 21.70268
 
17.4003, -0.0105036, -0.04872821, 13.89298, 0, 0.040651341378745179925319, 2231.332, -950.5809, -2.947957, 0.01947593, 0.1574723, 81.10683, 2.158939, 1.646691, 21.70268
 
17.4103, -0.01053431, -0.04883324, 13.87533, 0, 0.040808376423503494404532, 2225.851, -950.5809, -2.947957, 0.01947593, 0.1574723, 81.01047, 2.158939, 1.646691, 21.70268
 
17.4203, -0.01056469, -0.04893858, 13.85769, 0, 0.040965744455633925201914, 2220.377, -950.5809, -2.947957, 0.01947593, 0.1574723, 80.91412, 2.158939, 1.646691, 21.70268
 
17.4303, -0.01059563, -0.04904423, 13.84007, 0, 0.041124318442030939421854, 2214.914, -950.5809, -2.947957, 0.01947593, 0.1574723, 80.81783, 2.158939, 1.646691, 21.70268
 
17.4403, -0.01062585, -0.04915018, 13.82246, 0, 0.0412828384304758085597590585, 2209.461, -950.5809, -2.947957, 0.01947593, 0.1574723, 80.72156, 2.158939, 1.646691, 21.70268
 
17.4503, -0.01065802, -0.04925644, 13.80485, 0, 0.041443923321651663939035, 2204.016, -950.5809, -2.947957, 0.01947593, 0.1574723, 80.62534, 2.158939, 1.646691, 21.70268
 
17.4603, -0.01068976, -0.04936302, 13.78726, 0, 0.041605251203612667168697, 2198.583, -950.5809, -2.947957, 0.01947593, 0.1574723, 80.52917, 2.158939, 1.646691, 21.70268
 
17.4703, -0.01072131, -0.04946992, 13.76968, 0, 0.0417670740668025819489810585, 2193.157, -950.5809, -2.947957, 0.01947593, 0.1574723, 80.43302, 2.158939, 1.646691, 21.70268
 
17.4803, -0.01075356, -0.04957714, 13.75211, 0, 0.041930255878456899548078, 2187.742, -950.5809, -2.947957, 0.01947593, 0.1574723, 80.33692, 2.158939, 1.646691, 21.70268
 
17.4903, -0.01078542, -0.04968467, 13.73455, 0, 0.042093752678166011769057, 2182.335, -950.5809, -2.947957, 0.01947593, 0.1574723, 80.24084, 2.158939, 1.646691, 21.70268
 
17.50031, -0.01081783, -0.04979252, 13.717, 0, 0.0422584644318003232624439415, 2176.938, -950.5809, -2.947957, 0.01947593, 0.1574723, 80.14481, 2.158939, 1.646691, 21.70268
 
17.51031, -0.01085041, -0.0499007, 13.69947, 0, 0.042424022153353164314083, 2171.552, -950.5809, -2.947957, 0.01947593, 0.1574723, 80.04884, 2.158939, 1.646691, 21.70268
 
17.52031, -0.01088116, -0.05000921, 13.68194, 0, 0.042588463917226390410947, 2166.174, -950.5809, -2.947957, 0.01947593, 0.1574723, 79.95288, 2.158939, 1.646691, 21.70268
 
17.53031, -0.01091278, -0.05011802, 13.66443, 0, 0.0427544356230795204055139415, 2160.806, -950.5809, -2.947957, 0.01947593, 0.1574723, 79.85698, 2.158939, 1.646691, 21.70268
 
17.54031, -0.01094465, -0.05022715, 13.64692, 0, 0.0429213522930968542725529415, 2155.447, -950.5809, -2.947957, 0.01947593, 0.1574723, 79.7611, 2.158939, 1.646691, 21.70268
 
17.55031, -0.01097765, -0.05033659, 13.62943, 0, 0.0430901048934901808127399415, 2150.098, -950.5809, -2.947957, 0.01947593, 0.1574723, 79.66527, 2.158939, 1.646691, 21.70268
 
17.56031, -0.01101027, -0.05044637, 13.61195, 0, 0.043259172481938301974809, 2144.758, -950.5809, -2.947957, 0.01947593, 0.1574723, 79.56949, 2.158939, 1.646691, 21.70268
 
17.57031, -0.01104274, -0.05055647, 13.59447, 0, 0.043428807048884801465822, 2139.427, -950.5809, -2.947957, 0.01947593, 0.1574723, 79.47373, 2.158939, 1.646691, 21.70268
 
17.58031, -0.01107516, -0.0506669, 13.57701, 0, 0.043599098590916827746736, 2134.107, -950.5809, -2.947957, 0.01947593, 0.1574723, 79.37803, 2.158939, 1.646691, 21.70268
 
17.59031, -0.01110771, -0.05077765, 13.55957, 0, 0.043770227101208497746291, 2128.795, -950.5809, -2.947957, 0.01947593, 0.1574723, 79.28234, 2.158939, 1.646691, 21.70268
 
17.60031, -0.01114132, -0.05088873, 13.54213, 0, 0.043943155543241337033246, 2123.493, -950.5809, -2.947957, 0.01947593, 0.1574723, 79.18671, 2.158939, 1.646691, 21.70268
 
17.61031, -0.01117364, -0.05100014, 13.5247, 0, 0.044115481008140884608922, 2118.2, -950.5809, -2.947957, 0.01947593, 0.1574723, 79.09113, 2.158939, 1.646691, 21.70268
 
17.62031, -0.01120596, -0.05111188, 13.50729, 0, 0.0442885354453955157494079415, 2112.917, -950.5809, -2.947957, 0.01947593, 0.1574723, 78.99557, 2.158939, 1.646691, 21.70268
 
17.63031, -0.01123988, -0.05122394, 13.48989, 0, 0.044463947793231258649562, 2107.644, -950.5809, -2.947957, 0.01947593, 0.1574723, 78.90006, 2.158939, 1.646691, 21.70268
 
17.64031, -0.01127234, -0.05133634, 13.47249, 0, 0.044638613169394326298858, 2102.378, -950.5809, -2.947957, 0.01947593, 0.1574723, 78.80458, 2.158939, 1.646691, 21.70268
 
17.65031, -0.01130668, -0.05144906, 13.45511, 0, 0.044815933444875618647069, 2097.123, -950.5809, -2.947957, 0.01947593, 0.1574723, 78.70914, 2.158939, 1.646691, 21.70268
 
17.66031, -0.01133986, -0.05156213, 13.43773, 0, 0.0449928217367391203628910585, 2091.876, -950.5809, -2.947957, 0.01947593, 0.1574723, 78.61374, 2.158939, 1.646691, 21.70268
 
17.67031, -0.01137429, -0.05167552, 13.42037, 0, 0.045171725952152551687427, 2086.639, -950.5809, -2.947957, 0.01947593, 0.1574723, 78.51838, 2.158939, 1.646691, 21.70268
 
17.68031, -0.01140787, -0.05178927, 13.40303, 0, 0.0453505041723442811550190585, 2081.413, -950.5809, -2.947957, 0.01947593, 0.1574723, 78.42307, 2.158939, 1.646691, 21.70268
 
17.69031, -0.01144163, -0.05190335, 13.38568, 0, 0.0455302363563585603551719415, 2076.194, -950.5809, -2.947957, 0.01947593, 0.1574723, 78.32779, 2.158939, 1.646691, 21.70268
 
17.70031, -0.01147571, -0.05201776, 13.36836, 0, 0.045711039499759105271089, 2070.986, -950.5809, -2.947957, 0.01947593, 0.1574723, 78.23256, 2.158939, 1.646691, 21.70268
 
17.71031, -0.01151025, -0.05213252, 13.35104, 0, 0.045893102595378378691599, 2065.786, -950.5809, -2.947957, 0.01947593, 0.1574723, 78.13735, 2.158939, 1.646691, 21.70268
 
17.72031, -0.01154515, -0.05224762, 13.33374, 0, 0.0460763086476533846061950585, 2060.596, -950.5809, -2.947957, 0.01947593, 0.1574723, 78.0422, 2.158939, 1.646691, 21.70268
 
17.73031, -0.01157955, -0.05236308, 13.31644, 0, 0.0462597756900305900777029415, 2055.414, -950.5809, -2.947957, 0.01947593, 0.1574723, 77.94706, 2.158939, 1.646691, 21.70268
 
17.74031, -0.01161516, -0.05247887, 13.29915, 0, 0.0464453036542517943696320585, 2050.242, -950.5809, -2.947957, 0.01947593, 0.1574723, 77.85198, 2.158939, 1.646691, 21.70268
 
17.75031, -0.01165012, -0.05259502, 13.28188, 0, 0.0466309126154009912931459415, 2045.08, -950.5809, -2.947957, 0.01947593, 0.1574723, 77.75695, 2.158939, 1.646691, 21.70268
 
17.76031, -0.01168423, -0.05271152, 13.26462, 0, 0.0468164045809871922061529415, 2039.927, -950.5809, -2.947957, 0.01947593, 0.1574723, 77.66195, 2.158939, 1.646691, 21.70268
 
17.77031, -0.01171908, -0.05282837, 13.24737, 0, 0.047003462487188300395785, 2034.783, -950.5809, -2.947957, 0.01947593, 0.1574723, 77.56699, 2.158939, 1.646691, 21.70268
 
17.78031, -0.01175438, -0.05294556, 13.23013, 0, 0.0471917893452669329330340585, 2029.649, -950.5809, -2.947957, 0.01947593, 0.1574723, 77.4721, 2.158939, 1.646691, 21.70268
 
17.79031, -0.01178913, -0.0530631, 13.2129, 0, 0.047380341194813031638034, 2024.523, -950.5809, -2.947957, 0.01947593, 0.1574723, 77.37722, 2.158939, 1.646691, 21.70268
 
17.80031, -0.01182449, -0.05318099, 13.19569, 0, 0.047570332989752155769541, 2019.408, -950.5809, -2.947957, 0.01947593, 0.1574723, 77.28239, 2.158939, 1.646691, 21.70268
 
17.81031, -0.01185937, -0.05329924, 13.17848, 0, 0.047760612773769866987032, 2014.301, -950.5809, -2.947957, 0.01947593, 0.1574723, 77.1876, 2.158939, 1.646691, 21.70268
 
17.82031, -0.01189513, -0.05341783, 13.16129, 0, 0.047952647491235218259738, 2009.204, -950.5809, -2.947957, 0.01947593, 0.1574723, 77.09285, 2.158939, 1.646691, 21.70268
 
17.83031, -0.01193046, -0.05353678, 13.1441, 0, 0.0481450511947074192397739415, 2004.114, -950.5809, -2.947957, 0.01947593, 0.1574723, 76.99813, 2.158939, 1.646691, 21.70268
 
17.84031, -0.01196696, -0.05365609, 13.12692, 0, 0.048339533819340850739931, 1999.035, -950.5809, -2.947957, 0.01947593, 0.1574723, 76.90347, 2.158939, 1.646691, 21.70268
 
17.85031, -0.01200266, -0.05377576, 13.10976, 0, 0.048533971445680663011316, 1993.964, -950.5809, -2.947957, 0.01947593, 0.1574723, 76.80882, 2.158939, 1.646691, 21.70268
 
17.86031, -0.01203957, -0.05389579, 13.09261, 0, 0.048730559990451172581144, 1988.904, -950.5809, -2.947957, 0.01947593, 0.1574723, 76.71423, 2.158939, 1.646691, 21.70268
 
17.87031, -0.01207596, -0.05401618, 13.07547, 0, 0.048927418524982857544082, 1983.852, -950.5809, -2.947957, 0.01947593, 0.1574723, 76.61969, 2.158939, 1.646691, 21.70268
 
17.88031, -0.01211208, -0.05413694, 13.05834, 0, 0.04912481703903689329324, 1978.809, -950.5809, -2.947957, 0.01947593, 0.1574723, 76.52518, 2.158939, 1.646691, 21.70268
 
17.89031, -0.01214928, -0.05425806, 13.04122, 0, 0.0493242404762998344873100585, 1973.776, -950.5809, -2.947957, 0.01947593, 0.1574723, 76.43072, 2.158939, 1.646691, 21.70268
 
17.90031, -0.01218506, -0.05437955, 13.02411, 0, 0.04952296194018353966612, 1968.751, -950.5809, -2.947957, 0.01947593, 0.1574723, 76.33629, 2.158939, 1.646691, 21.70268
 
17.91031, -0.01222221, -0.0545014, 13.00702, 0, 0.049724050314306972454448, 1963.736, -950.5809, -2.947957, 0.01947593, 0.1574723, 76.24191, 2.158939, 1.646691, 21.70268
 
17.92031, -0.01225897, -0.05462363, 12.98993, 0, 0.049925570672048285871752, 1958.729, -950.5809, -2.947957, 0.01947593, 0.1574723, 76.14754, 2.158939, 1.646691, 21.70268
 
17.93032, -0.01229672, -0.05474621, 12.97286, 0, 0.050129034956070062119448, 1953.731, -950.5809, -2.947957, 0.01947593, 0.1574723, 76.05325, 2.158939, 1.646691, 21.70268
 
17.94032, -0.01233341, -0.05486918, 12.9558, 0, 0.050332193251695839588286, 1948.744, -950.5809, -2.947957, 0.01947593, 0.1574723, 75.95899, 2.158939, 1.646691, 21.70268
 
17.95032, -0.01237003, -0.05499252, 12.93875, 0, 0.050536152516946437390017, 1943.765, -950.5809, -2.947957, 0.01947593, 0.1574723, 75.86477, 2.158939, 1.646691, 21.70268
 
17.96032, -0.01240773, -0.05511622, 12.92171, 0, 0.0507421727040407640224080585, 1938.796, -950.5809, -2.947957, 0.01947593, 0.1574723, 75.7706, 2.158939, 1.646691, 21.70268
 
17.97032, -0.01244445, -0.0552403, 12.90468, 0, 0.0509479858989845861969869415, 1933.835, -950.5809, -2.947957, 0.01947593, 0.1574723, 75.67646, 2.158939, 1.646691, 21.70268
 
17.98032, -0.01248251, -0.05536474, 12.88765, 0, 0.0511561930031443435169819415, 1928.883, -950.5809, -2.947957, 0.01947593, 0.1574723, 75.58237, 2.158939, 1.646691, 21.70268
 
17.99032, -0.01251923, -0.05548956, 12.87065, 0, 0.051363779130853487429411, 1923.94, -950.5809, -2.947957, 0.01947593, 0.1574723, 75.4883, 2.158939, 1.646691, 21.70268
 
18.00032, -0.01255779, -0.05561475, 12.85365, 0, 0.0515743351459353806728759415, 1919.006, -950.5809, -2.947957, 0.01947593, 0.1574723, 75.39429, 2.158939, 1.646691, 21.70268
 
18.01032, -0.01259527, -0.05574033, 12.83666, 0, 0.051784585172621455130657, 1914.081, -950.5809, -2.947957, 0.01947593, 0.1574723, 75.30031, 2.158939, 1.646691, 21.70268
 
18.02032, -0.01263401, -0.05586629, 12.81969, 0, 0.0519971481115949321227470585, 1909.165, -950.5809, -2.947957, 0.01947593, 0.1574723, 75.20638, 2.158939, 1.646691, 21.70268
 
18.03032, -0.01267219, -0.05599263, 12.80273, 0, 0.05220999003998811036121, 1904.26, -950.5809, -2.947957, 0.01947593, 0.1574723, 75.1125, 2.158939, 1.646691, 21.70268
 
18.04032, -0.01271034, -0.05611935, 12.78577, 0, 0.052423722934593257393523, 1899.362, -950.5809, -2.947957, 0.01947593, 0.1574723, 75.01865, 2.158939, 1.646691, 21.70268
 
18.05032, -0.01274908, -0.05624645, 12.76883, 0, 0.052639048768789339245185, 1894.474, -950.5809, -2.947957, 0.01947593, 0.1574723, 74.92485, 2.158939, 1.646691, 21.70268
 
18.06032, -0.01278671, -0.05637394, 12.7519, 0, 0.052854023616295893085804, 1889.594, -950.5809, -2.947957, 0.01947593, 0.1574723, 74.83109, 2.158939, 1.646691, 21.70268
 
18.07032, -0.01282615, -0.05650181, 12.73498, 0, 0.053072013349468905482818, 1884.723, -950.5809, -2.947957, 0.01947593, 0.1574723, 74.73737, 2.158939, 1.646691, 21.70268
 
18.08032, -0.01286496, -0.05663007, 12.71807, 0, 0.05329021907445085819432, 1879.861, -950.5809, -2.947957, 0.01947593, 0.1574723, 74.64368, 2.158939, 1.646691, 21.70268
 
18.09032, -0.01290428, -0.05675872, 12.70117, 0, 0.053509945741754098953675, 1875.009, -950.5809, -2.947957, 0.01947593, 0.1574723, 74.55005, 2.158939, 1.646691, 21.70268
 
18.10032, -0.01294302, -0.05688776, 12.68428, 0, 0.053729969397794632645451, 1870.164, -950.5809, -2.947957, 0.01947593, 0.1574723, 74.45644, 2.158939, 1.646691, 21.70268
 
18.11032, -0.01298256, -0.0570172, 12.66741, 0, 0.0539518649828458923995359415, 1865.33, -950.5809, -2.947957, 0.01947593, 0.1574723, 74.36289, 2.158939, 1.646691, 21.70268
 
18.12032, -0.0130225, -0.05714702, 12.65054, 0, 0.054175200513290267576715, 1860.503, -950.5809, -2.947957, 0.01947593, 0.1574723, 74.26936, 2.158939, 1.646691, 21.70268
 
18.13032, -0.01306308, -0.05727725, 12.63369, 0, 0.0544002369792299577339, 1855.686, -950.5809, -2.947957, 0.01947593, 0.1574723, 74.1759, 2.158939, 1.646691, 21.70268
 
18.14032, -0.01310301, -0.05740788, 12.61685, 0, 0.054625480437319882359136, 1850.879, -950.5809, -2.947957, 0.01947593, 0.1574723, 74.08248, 2.158939, 1.646691, 21.70268
 
18.15032, -0.0131425, -0.05753891, 12.60002, 0, 0.05485120987697992269197, 1846.08, -950.5809, -2.947957, 0.01947593, 0.1574723, 73.9891, 2.158939, 1.646691, 21.70268
 
18.16032, -0.01318294, -0.05767033, 12.5832, 0, 0.0550790272374596294016009415, 1841.29, -950.5809, -2.947957, 0.01947593, 0.1574723, 73.89576, 2.158939, 1.646691, 21.70268
 
18.17032, -0.0132226, -0.05780216, 12.56639, 0, 0.055306907595550457029465, 1836.509, -950.5809, -2.947957, 0.01947593, 0.1574723, 73.80246, 2.158939, 1.646691, 21.70268
 
18.18032, -0.01326325, -0.05793439, 12.54959, 0, 0.055536947871730597805622, 1831.736, -950.5809, -2.947957, 0.01947593, 0.1574723, 73.70921, 2.158939, 1.646691, 21.70268
 
18.19032, -0.01330403, -0.05806702, 12.53281, 0, 0.055768149103883792772152, 1826.972, -950.5809, -2.947957, 0.01947593, 0.1574723, 73.61599, 2.158939, 1.646691, 21.70268
 
18.20032, -0.01334453, -0.05820006, 12.51603, 0, 0.056000025310439926221457, 1822.218, -950.5809, -2.947957, 0.01947593, 0.1574723, 73.52282, 2.158939, 1.646691, 21.70268
 
18.21032, -0.01338481, -0.0583335, 12.49926, 0, 0.056232648488668644925033, 1817.472, -950.5809, -2.947957, 0.01947593, 0.1574723, 73.42969, 2.158939, 1.646691, 21.70268
 
18.22032, -0.01342598, -0.05846735, 12.48251, 0, 0.0564673505880585041521430585, 1812.735, -950.5809, -2.947957, 0.01947593, 0.1574723, 73.3366, 2.158939, 1.646691, 21.70268
 
18.23032, -0.013467, -0.05860161, 12.46577, 0, 0.056702871656390415411846, 1808.007, -950.5809, -2.947957, 0.01947593, 0.1574723, 73.24358, 2.158939, 1.646691, 21.70268
 
18.24032, -0.01350698, -0.05873628, 12.44904, 0, 0.056938176732913476353648, 1803.288, -950.5809, -2.947957, 0.01947593, 0.1574723, 73.15058, 2.158939, 1.646691, 21.70268
 
18.25032, -0.01354818, -0.05887135, 12.43232, 0, 0.0571759657152394409086490585, 1798.579, -950.5809, -2.947957, 0.01947593, 0.1574723, 73.05764, 2.158939, 1.646691, 21.70268
 
18.26032, -0.01358907, -0.05900684, 12.41562, 0, 0.057414429671968163953251, 1793.877, -950.5809, -2.947957, 0.01947593, 0.1574723, 72.96472, 2.158939, 1.646691, 21.70268
 
18.27032, -0.01363035, -0.05914273, 12.39892, 0, 0.0576543965717009433460060585, 1789.185, -950.5809, -2.947957, 0.01947593, 0.1574723, 72.87186, 2.158939, 1.646691, 21.70268
 
18.28032, -0.01367139, -0.05927903, 12.38223, 0, 0.0578951194427649238428820585, 1784.501, -950.5809, -2.947957, 0.01947593, 0.1574723, 72.77904, 2.158939, 1.646691, 21.70268
 
18.29032, -0.01371397, -0.05941575, 12.36556, 0, 0.058138776202566920281633, 1779.826, -950.5809, -2.947957, 0.01947593, 0.1574723, 72.68626, 2.158939, 1.646691, 21.70268
 
18.30032, -0.01375549, -0.05955289, 12.3489, 0, 0.058382207970901360556046, 1775.16, -950.5809, -2.947957, 0.01947593, 0.1574723, 72.59352, 2.158939, 1.646691, 21.70268
 
18.31032, -0.01379819, -0.05969044, 12.33224, 0, 0.0586281326446972302969209415, 1770.503, -950.5809, -2.947957, 0.01947593, 0.1574723, 72.50084, 2.158939, 1.646691, 21.70268
 
18.32032, -0.01384009, -0.05982842, 12.3156, 0, 0.058874174314056456034651, 1765.853, -950.5809, -2.947957, 0.01947593, 0.1574723, 72.40818, 2.158939, 1.646691, 21.70268
 
18.33032, -0.01388258, -0.05996682, 12.29897, 0, 0.0591219979158392593737329415, 1761.214, -950.5809, -2.947957, 0.01947593, 0.1574723, 72.31558, 2.158939, 1.646691, 21.70268
 
18.34032, -0.0139252, -0.06010565, 12.28235, 0, 0.059371099469158472900043, 1756.582, -950.5809, -2.947957, 0.01947593, 0.1574723, 72.22301, 2.158939, 1.646691, 21.70268
 
18.35032, -0.01396826, -0.0602449, 12.26574, 0, 0.059621820961044648788426, 1751.96, -950.5809, -2.947957, 0.01947593, 0.1574723, 72.13049, 2.158939, 1.646691, 21.70268
 
18.36032, -0.01401045, -0.06038459, 12.24914, 0, 0.059872560452248236369683, 1747.346, -950.5809, -2.947957, 0.01947593, 0.1574723, 72.03801, 2.158939, 1.646691, 21.70268
 
18.37033, -0.01405442, -0.06052469, 12.23255, 0, 0.06012662981717298713263, 1742.741, -950.5809, -2.947957, 0.01947593, 0.1574723, 71.94558, 2.158939, 1.646691, 21.70268
 
18.38033, -0.01409736, -0.06066523, 12.21598, 0, 0.060380528188582326813274, 1738.144, -950.5809, -2.947957, 0.01947593, 0.1574723, 71.85318, 2.158939, 1.646691, 21.70268
 
18.39033, -0.01414128, -0.06080621, 12.19941, 0, 0.0606367664712550965709509415, 1733.557, -950.5809, -2.947957, 0.01947593, 0.1574723, 71.76084, 2.158939, 1.646691, 21.70268
 
18.40033, -0.01418467, -0.06094762, 12.18286, 0, 0.0608934547368634286402390585, 1728.978, -950.5809, -2.947957, 0.01947593, 0.1574723, 71.66856, 2.158939, 1.646691, 21.70268
 
18.41033, -0.01422737, -0.06108947, 12.16632, 0, 0.061150412992232666112876, 1724.409, -950.5809, -2.947957, 0.01947593, 0.1574723, 71.57631, 2.158939, 1.646691, 21.70268
 
18.42033, -0.01427072, -0.06123174, 12.1498, 0, 0.0614092971745649547230309415, 1719.848, -950.5809, -2.947957, 0.01947593, 0.1574723, 71.48412, 2.158939, 1.646691, 21.70268
 
18.43033, -0.01431468, -0.06137445, 12.13328, 0, 0.061670116283519180310315, 1715.295, -950.5809, -2.947957, 0.01947593, 0.1574723, 71.39194, 2.158939, 1.646691, 21.70268
 
18.44033, -0.01435954, -0.0615176, 12.11677, 0, 0.0619332483047608084319080585, 1710.75, -950.5809, -2.947957, 0.01947593, 0.1574723, 71.29981, 2.158939, 1.646691, 21.70268
 
18.45033, -0.01440513, -0.06166119, 12.10027, 0, 0.062198468246822012933711, 1706.215, -950.5809, -2.947957, 0.01947593, 0.1574723, 71.20773, 2.158939, 1.646691, 21.70268
 
18.46033, -0.01444914, -0.06180524, 12.08379, 0, 0.0624628242216474561775619415, 1701.689, -950.5809, -2.947957, 0.01947593, 0.1574723, 71.11572, 2.158939, 1.646691, 21.70268
 
18.47033, -0.01449284, -0.06194973, 12.06731, 0, 0.062727954167121782208169, 1697.171, -950.5809, -2.947957, 0.01947593, 0.1574723, 71.02373, 2.158939, 1.646691, 21.70268
 
18.48033, -0.01453758, -0.06209466, 12.05085, 0, 0.062995595017374949398112, 1692.662, -950.5809, -2.947957, 0.01947593, 0.1574723, 70.93179, 2.158939, 1.646691, 21.70268
 
18.49033, -0.01458166, -0.06224004, 12.0344, 0, 0.063263568855000232906224, 1688.161, -950.5809, -2.947957, 0.01947593, 0.1574723, 70.8399, 2.158939, 1.646691, 21.70268
 
18.50033, -0.01462726, -0.06238585, 12.01796, 0, 0.0635346835735137668242619415, 1683.669, -950.5809, -2.947957, 0.01947593, 0.1574723, 70.74805, 2.158939, 1.646691, 21.70268
 
18.51033, -0.01467245, -0.06253213, 12.00153, 0, 0.063806482266089125064686, 1679.186, -950.5809, -2.947957, 0.01947593, 0.1574723, 70.65624, 2.158939, 1.646691, 21.70268
 
18.52033, -0.01471798, -0.06267885, 11.98512, 0, 0.0640799098968902415102070585, 1674.711, -950.5809, -2.947957, 0.01947593, 0.1574723, 70.56449, 2.158939, 1.646691, 21.70268
 
18.53033, -0.01476317, -0.06282603, 11.96871, 0, 0.064354111498339880756136, 1670.245, -950.5809, -2.947957, 0.01947593, 0.1574723, 70.47277, 2.158939, 1.646691, 21.70268
 
18.54033, -0.01480938, -0.06297366, 11.95231, 0, 0.0646308690028619803901729415, 1665.787, -950.5809, -2.947957, 0.01947593, 0.1574723, 70.38111, 2.158939, 1.646691, 21.70268
 
18.55033, -0.0148547, -0.06312176, 11.93593, 0, 0.064907689504995200942443, 1661.339, -950.5809, -2.947957, 0.01947593, 0.1574723, 70.28947, 2.158939, 1.646691, 21.70268
 
18.56033, -0.01490112, -0.06327031, 11.91956, 0, 0.0651871649064466461936280585, 1656.898, -950.5809, -2.947957, 0.01947593, 0.1574723, 70.19791, 2.158939, 1.646691, 21.70268
 
18.57033, -0.01494669, -0.06341932, 11.9032, 0, 0.0654667933020960008376550585, 1652.466, -950.5809, -2.947957, 0.01947593, 0.1574723, 70.10637, 2.158939, 1.646691, 21.70268
 
18.58033, -0.01499341, -0.06356879, 11.88685, 0, 0.06574916659365054864838, 1648.043, -950.5809, -2.947957, 0.01947593, 0.1574723, 70.01488, 2.158939, 1.646691, 21.70268
 
18.59033, -0.01503958, -0.06371872, 11.87051, 0, 0.066032070865068831395475, 1643.628, -950.5809, -2.947957, 0.01947593, 0.1574723, 69.92344, 2.158939, 1.646691, 21.70268
 
18.60033, -0.01508673, -0.06386912, 11.85418, 0, 0.066317531039559574530678, 1639.222, -950.5809, -2.947957, 0.01947593, 0.1574723, 69.83205, 2.158939, 1.646691, 21.70268
 
18.61033, -0.01513339, -0.06401999, 11.83787, 0, 0.066603630189818432762908, 1634.825, -950.5809, -2.947957, 0.01947593, 0.1574723, 69.74069, 2.158939, 1.646691, 21.70268
 
18.62033, -0.01518091, -0.06417132, 11.82156, 0, 0.066892132248951751993817, 1630.436, -950.5809, -2.947957, 0.01947593, 0.1574723, 69.6494, 2.158939, 1.646691, 21.70268
 
18.63033, -0.01522821, -0.06432313, 11.80527, 0, 0.067181633270201420179233, 1626.055, -950.5809, -2.947957, 0.01947593, 0.1574723, 69.55814, 2.158939, 1.646691, 21.70268
 
18.64033, -0.01527602, -0.06447541, 11.78899, 0, 0.0674731142163664645773760585, 1621.683, -950.5809, -2.947957, 0.01947593, 0.1574723, 69.46693, 2.158939, 1.646691, 21.70268
 
18.65033, -0.01532326, -0.06462817, 11.77271, 0, 0.067765135142053679768565, 1617.32, -950.5809, -2.947957, 0.01947593, 0.1574723, 69.37576, 2.158939, 1.646691, 21.70268
 
18.66033, -0.0153713, -0.06478141, 11.75646, 0, 0.0680595229779805325726849415, 1612.965, -950.5809, -2.947957, 0.01947593, 0.1574723, 69.28465, 2.158939, 1.646691, 21.70268
 
18.67033, -0.01541882, -0.06493512, 11.74021, 0, 0.0683545677889930021632929415, 1608.618, -950.5809, -2.947957, 0.01947593, 0.1574723, 69.19357, 2.158939, 1.646691, 21.70268
 
18.68033, -0.01546699, -0.06508931, 11.72397, 0, 0.068651781517753670741805, 1604.281, -950.5809, -2.947957, 0.01947593, 0.1574723, 69.10255, 2.158939, 1.646691, 21.70268
 
18.69033, -0.01551473, -0.06524397, 11.70775, 0, 0.068949742218186834578001, 1599.951, -950.5809, -2.947957, 0.01947593, 0.1574723, 69.01157, 2.158939, 1.646691, 21.70268
 
18.70033, -0.0155634, -0.06539913, 11.69154, 0, 0.0692502858206684863450289415, 1595.631, -950.5809, -2.947957, 0.01947593, 0.1574723, 68.92064, 2.158939, 1.646691, 21.70268
 
18.71033, -0.01561107, -0.06555476, 11.67533, 0, 0.069550856422126435644542, 1591.318, -950.5809, -2.947957, 0.01947593, 0.1574723, 68.82974, 2.158939, 1.646691, 21.70268
 
18.72033, -0.01566015, -0.06571087, 11.65914, 0, 0.069854666900718399664788, 1587.014, -950.5809, -2.947957, 0.01947593, 0.1574723, 68.73891, 2.158939, 1.646691, 21.70268
 
18.73033, -0.01570848, -0.06586748, 11.64296, 0, 0.070158837365658597542514, 1582.718, -950.5809, -2.947957, 0.01947593, 0.1574723, 68.64812, 2.158939, 1.646691, 21.70268
 
18.74033, -0.01575808, -0.06602456, 11.6268, 0, 0.0704660947135348107515439415, 1578.432, -950.5809, -2.947957, 0.01947593, 0.1574723, 68.55738, 2.158939, 1.646691, 21.70268
 
18.75033, -0.01580723, -0.06618214, 11.61064, 0, 0.070774117032401200900893, 1574.153, -950.5809, -2.947957, 0.01947593, 0.1574723, 68.46668, 2.158939, 1.646691, 21.70268
 
18.76033, -0.01585727, -0.06634022, 11.59449, 0, 0.071084758251950902366822, 1569.883, -950.5809, -2.947957, 0.01947593, 0.1574723, 68.37604, 2.158939, 1.646691, 21.70268
 
18.77033, -0.01590636, -0.06649879, 11.57836, 0, 0.071395489468087662297121, 1565.621, -950.5809, -2.947957, 0.01947593, 0.1574723, 68.28543, 2.158939, 1.646691, 21.70268
 
18.78033, -0.01595662, -0.06665785, 11.56224, 0, 0.0717092355698907907872279415, 1561.368, -950.5809, -2.947957, 0.01947593, 0.1574723, 68.19489, 2.158939, 1.646691, 21.70268
 
18.79033, -0.01600635, -0.06681742, 11.54613, 0, 0.072023674645414449446158, 1557.123, -950.5809, -2.947957, 0.01947593, 0.1574723, 68.10438, 2.158939, 1.646691, 21.70268
 
18.80033, -0.01605673, -0.06697748, 11.53003, 0, 0.0723404266332253306462229415, 1552.886, -950.5809, -2.947957, 0.01947593, 0.1574723, 68.01392, 2.158939, 1.646691, 21.70268
 
18.81034, -0.01610706, -0.06713805, 11.51394, 0, 0.072658546569159680497886, 1548.658, -950.5809, -2.947957, 0.01947593, 0.1574723, 67.92351, 2.158939, 1.646691, 21.70268
 
18.82034, -0.0161575, -0.06729912, 11.49786, 0, 0.0729782504450262593224610585, 1544.439, -950.5809, -2.947957, 0.01947593, 0.1574723, 67.83315, 2.158939, 1.646691, 21.70268
 
18.83034, -0.01620796, -0.06746069, 11.4818, 0, 0.0732994302649203269729429415, 1540.228, -950.5809, -2.947957, 0.01947593, 0.1574723, 67.74284, 2.158939, 1.646691, 21.70268
 
18.84034, -0.01625901, -0.06762277, 11.46575, 0, 0.073622868999149832068873, 1536.025, -950.5809, -2.947957, 0.01947593, 0.1574723, 67.65258, 2.158939, 1.646691, 21.70268
 
18.85034, -0.01630991, -0.06778536, 11.44971, 0, 0.073947594684574183208707, 1531.83, -950.5809, -2.947957, 0.01947593, 0.1574723, 67.56236, 2.158939, 1.646691, 21.70268
 
18.86034, -0.01636169, -0.06794846, 11.43368, 0, 0.074275002268292876586767, 1527.645, -950.5809, -2.947957, 0.01947593, 0.1574723, 67.4722, 2.158939, 1.646691, 21.70268
 
18.87034, -0.01641243, -0.06811208, 11.41766, 0, 0.074602445850646393350575, 1523.467, -950.5809, -2.947957, 0.01947593, 0.1574723, 67.38208, 2.158939, 1.646691, 21.70268
 
18.88034, -0.01646391, -0.0682762, 11.40166, 0, 0.074932391338120135423869, 1519.298, -950.5809, -2.947957, 0.01947593, 0.1574723, 67.29202, 2.158939, 1.646691, 21.70268
 
18.89034, -0.01651537, -0.06844083, 11.38566, 0, 0.075263821769280342159268, 1515.137, -950.5809, -2.947957, 0.01947593, 0.1574723, 67.202, 2.158939, 1.646691, 21.70268
 
18.90034, -0.01656779, -0.06860599, 11.36968, 0, 0.0755981320912265097510940585, 1510.985, -950.5809, -2.947957, 0.01947593, 0.1574723, 67.11203, 2.158939, 1.646691, 21.70268
 
18.91034, -0.01661972, -0.06877167, 11.35371, 0, 0.0759332613821148193721000585, 1506.841, -950.5809, -2.947957, 0.01947593, 0.1574723, 67.0221, 2.158939, 1.646691, 21.70268
 
18.92034, -0.01667192, -0.06893787, 11.33774, 0, 0.0762703345992835918234980585, 1502.704, -950.5809, -2.947957, 0.01947593, 0.1574723, 66.93221, 2.158939, 1.646691, 21.70268
 
18.93034, -0.01672538, -0.06910459, 11.32179, 0, 0.0766107376901733474634119415, 1498.576, -950.5809, -2.947957, 0.01947593, 0.1574723, 66.84238, 2.158939, 1.646691, 21.70268
 
18.94034, -0.01677805, -0.06927184, 11.30586, 0, 0.076951554765363842029189, 1494.456, -950.5809, -2.947957, 0.01947593, 0.1574723, 66.75259, 2.158939, 1.646691, 21.70268
 
18.95034, -0.01683167, -0.06943962, 11.28993, 0, 0.07729527873031623499753, 1490.345, -950.5809, -2.947957, 0.01947593, 0.1574723, 66.66287, 2.158939, 1.646691, 21.70268
 
18.96034, -0.01688514, -0.06960794, 11.27402, 0, 0.077640388642709328317169, 1486.242, -950.5809, -2.947957, 0.01947593, 0.1574723, 66.57318, 2.158939, 1.646691, 21.70268
 
18.97034, -0.01693922, -0.06977679, 11.25812, 0, 0.0779879374626116160246479415, 1482.148, -950.5809, -2.947957, 0.01947593, 0.1574723, 66.48355, 2.158939, 1.646691, 21.70268
 
18.98034, -0.01699305, -0.06994618, 11.24222, 0, 0.0783367462347328122298939415, 1478.061, -950.5809, -2.947957, 0.01947593, 0.1574723, 66.39397, 2.158939, 1.646691, 21.70268
 
18.99034, -0.01704702, -0.07011611, 11.22634, 0, 0.078687318939960444333379, 1473.983, -950.5809, -2.947957, 0.01947593, 0.1574723, 66.30444, 2.158939, 1.646691, 21.70268
 
19.00034, -0.01710038, -0.07028658, 11.21047, 0, 0.079038620617543160001674, 1469.913, -950.5809, -2.947957, 0.01947593, 0.1574723, 66.21495, 2.158939, 1.646691, 21.70268
 
19.01034, -0.01715511, -0.07045759, 11.19462, 0, 0.0793935221586083042413560585, 1465.852, -950.5809, -2.947957, 0.01947593, 0.1574723, 66.12552, 2.158939, 1.646691, 21.70268
 
19.02034, -0.01720876, -0.07062913, 11.17878, 0, 0.0797484506986494760237620585, 1461.798, -950.5809, -2.947957, 0.01947593, 0.1574723, 66.03613, 2.158939, 1.646691, 21.70268
 
19.03034, -0.01726362, -0.07080122, 11.16295, 0, 0.0801067991089986894590539415, 1457.754, -950.5809, -2.947957, 0.01947593, 0.1574723, 65.94681, 2.158939, 1.646691, 21.70268
 
19.04034, -0.01731819, -0.07097386, 11.14712, 0, 0.0804663624732735521496890585, 1453.717, -950.5809, -2.947957, 0.01947593, 0.1574723, 65.85753, 2.158939, 1.646691, 21.70268
 
19.05034, -0.01737353, -0.07114704, 11.13132, 0, 0.080828697732429545553159, 1449.689, -950.5809, -2.947957, 0.01947593, 0.1574723, 65.7683, 2.158939, 1.646691, 21.70268
 
19.06034, -0.01742773, -0.07132077, 11.11552, 0, 0.081191014992268217260342, 1445.668, -950.5809, -2.947957, 0.01947593, 0.1574723, 65.67912, 2.158939, 1.646691, 21.70268
 
19.07034, -0.01748289, -0.07149505, 11.09974, 0, 0.0815563921360669667526920585, 1441.657, -950.5809, -2.947957, 0.01947593, 0.1574723, 65.59, 2.158939, 1.646691, 21.70268
 
19.08034, -0.01753778, -0.07166988, 11.08397, 0, 0.081923065230719178138796, 1437.653, -950.5809, -2.947957, 0.01947593, 0.1574723, 65.50092, 2.158939, 1.646691, 21.70268
 
19.09034, -0.01759404, -0.07184526, 11.0682, 0, 0.082293464184075699946405, 1433.658, -950.5809, -2.947957, 0.01947593, 0.1574723, 65.41191, 2.158939, 1.646691, 21.70268
 
19.10034, -0.01764933, -0.07202119, 11.05246, 0, 0.0826641151278758954576629415, 1429.671, -950.5809, -2.947957, 0.01947593, 0.1574723, 65.32293, 2.158939, 1.646691, 21.70268
 
19.11034, -0.01770536, -0.07219769, 11.03672, 0, 0.083037609963827318436187, 1425.691, -950.5809, -2.947957, 0.01947593, 0.1574723, 65.23399, 2.158939, 1.646691, 21.70268
 
19.12034, -0.01776217, -0.07237475, 11.02099, 0, 0.083413993690223228124401, 1421.72, -950.5809, -2.947957, 0.01947593, 0.1574723, 65.14513, 2.158939, 1.646691, 21.70268
 
19.13034, -0.01781827, -0.07255237, 11.00528, 0, 0.0837910343917047545991030585, 1417.757, -950.5809, -2.947957, 0.01947593, 0.1574723, 65.05629, 2.158939, 1.646691, 21.70268
 
19.14034, -0.01787505, -0.07273055, 10.98958, 0, 0.084170828988750090090353, 1413.802, -950.5809, -2.947957, 0.01947593, 0.1574723, 64.96752, 2.158939, 1.646691, 21.70268
 
19.15034, -0.01793141, -0.0729093, 10.97388, 0, 0.0845517395434749505397909415, 1409.856, -950.5809, -2.947957, 0.01947593, 0.1574723, 64.8788, 2.158939, 1.646691, 21.70268
 
19.16034, -0.01798848, -0.07308861, 10.95821, 0, 0.084935466991374920917184, 1405.918, -950.5809, -2.947957, 0.01947593, 0.1574723, 64.79014, 2.158939, 1.646691, 21.70268
 
19.17034, -0.01804539, -0.0732685, 10.94254, 0, 0.085320751380230912731591, 1401.987, -950.5809, -2.947957, 0.01947593, 0.1574723, 64.70152, 2.158939, 1.646691, 21.70268
 
19.18034, -0.01810308, -0.07344895, 10.92688, 0, 0.0857089876571425121739210585, 1398.066, -950.5809, -2.947957, 0.01947593, 0.1574723, 64.61296, 2.158939, 1.646691, 21.70268
 
19.19034, -0.01815989, -0.07362998, 10.91124, 0, 0.086097673916989223944927, 1394.152, -950.5809, -2.947957, 0.01947593, 0.1574723, 64.52444, 2.158939, 1.646691, 21.70268
 
19.20034, -0.01821833, -0.07381158, 10.89561, 0, 0.086490662013697420309406, 1390.246, -950.5809, -2.947957, 0.01947593, 0.1574723, 64.436, 2.158939, 1.646691, 21.70268
 
19.21034, -0.01827615, -0.07399376, 10.88, 0, 0.0868845050779825820888129415, 1386.349, -950.5809, -2.947957, 0.01947593, 0.1574723, 64.34759, 2.158939, 1.646691, 21.70268
 
19.22034, -0.01833422, -0.07417653, 10.86439, 0, 0.087280544058992150392022, 1382.46, -950.5809, -2.947957, 0.01947593, 0.1574723, 64.25925, 2.158939, 1.646691, 21.70268
 
19.23034, -0.01839191, -0.07435987, 10.8488, 0, 0.0876778249929031255035370585, 1378.579, -950.5809, -2.947957, 0.01947593, 0.1574723, 64.17094, 2.158939, 1.646691, 21.70268
 
19.24035, -0.018451, -0.07454379, 10.83322, 0, 0.0880791287742553439826299415, 1374.706, -950.5809, -2.947957, 0.01947593, 0.1574723, 64.08271, 2.158939, 1.646691, 21.70268
 
19.25035, -0.01850909, -0.0747283, 10.81765, 0, 0.088480720544686419537468, 1370.841, -950.5809, -2.947957, 0.01947593, 0.1574723, 63.99452, 2.158939, 1.646691, 21.70268
 
19.26035, -0.01856823, -0.07491339, 10.80209, 0, 0.088885840181330096899023, 1366.984, -950.5809, -2.947957, 0.01947593, 0.1574723, 63.90637, 2.158939, 1.646691, 21.70268
 
19.27035, -0.01862797, -0.07509907, 10.78654, 0, 0.089293776711148704195359, 1363.135, -950.5809, -2.947957, 0.01947593, 0.1574723, 63.81829, 2.158939, 1.646691, 21.70268
 
19.28035, -0.01868698, -0.07528535, 10.77101, 0, 0.08970247821195730843884, 1359.294, -950.5809, -2.947957, 0.01947593, 0.1574723, 63.73024, 2.158939, 1.646691, 21.70268
 
19.29035, -0.01874699, -0.07547222, 10.75549, 0, 0.09011466258068507525344, 1355.462, -950.5809, -2.947957, 0.01947593, 0.1574723, 63.64227, 2.158939, 1.646691, 21.70268
 
19.30035, -0.01880638, -0.07565969, 10.73997, 0, 0.09052774691528342671174, 1351.636, -950.5809, -2.947957, 0.01947593, 0.1574723, 63.55433, 2.158939, 1.646691, 21.70268
 
19.31035, -0.01886653, -0.07584775, 10.72448, 0, 0.09094389113384176595862, 1347.821, -950.5809, -2.947957, 0.01947593, 0.1574723, 63.46647, 2.158939, 1.646691, 21.70268
 
19.32035, -0.01892639, -0.07603642, 10.70899, 0, 0.09136156529438009909979, 1344.011, -950.5809, -2.947957, 0.01947593, 0.1574723, 63.37865, 2.158939, 1.646691, 21.70268
 
19.33035, -0.01898707, -0.07622568, 10.69352, 0, 0.09178256932863959542265, 1340.212, -950.5809, -2.947957, 0.01947593, 0.1574723, 63.29089, 2.158939, 1.646691, 21.70268
 
19.34035, -0.01904709, -0.07641555, 10.67806, 0, 0.09220438333218261792484, 1336.419, -950.5809, -2.947957, 0.01947593, 0.1574723, 63.20318, 2.158939, 1.646691, 21.70268
 
19.35035, -0.01910813, -0.07660603, 10.66261, 0, 0.09262979719920797900183, 1332.634, -950.5809, -2.947957, 0.01947593, 0.1574723, 63.11551, 2.158939, 1.646691, 21.70268
 
19.36035, -0.01916991, -0.07679711, 10.64717, 0, 0.09305845094336744479614, 1328.858, -950.5809, -2.947957, 0.01947593, 0.1574723, 63.02791, 2.158939, 1.646691, 21.70268
 
19.37035, -0.01923109, -0.0769888, 10.63174, 0, 0.09348809464998455369852, 1325.089, -950.5809, -2.947957, 0.01947593, 0.1574723, 62.94035, 2.158939, 1.646691, 21.70268
 
19.38035, -0.01929325, -0.07718112, 10.61634, 0, 0.0939213382200840011757, 1321.33, -950.5809, -2.947957, 0.01947593, 0.1574723, 62.85286, 2.158939, 1.646691, 21.70268
 
19.39035, -0.01935405, -0.07737405, 10.60093, 0, 0.09435440179700933172414, 1317.577, -950.5809, -2.947957, 0.01947593, 0.1574723, 62.76542, 2.158939, 1.646691, 21.70268
 
19.40035, -0.01941627, -0.07756759, 10.58554, 0, 0.09479178521011346856234, 1313.833, -950.5809, -2.947957, 0.01947593, 0.1574723, 62.67804, 2.158939, 1.646691, 21.70268
 
19.41035, -0.01947788, -0.07776175, 10.57017, 0, 0.09523015858567524850861, 1310.096, -950.5809, -2.947957, 0.01947593, 0.1574723, 62.59071, 2.158939, 1.646691, 21.70268
 
19.42035, -0.01954042, -0.07795653, 10.55481, 0, 0.09567213182471936702968, 1306.369, -950.5809, -2.947957, 0.01947593, 0.1574723, 62.50344, 2.158939, 1.646691, 21.70268
 
19.43035, -0.01960213, -0.07815194, 10.53946, 0, 0.09611482503645995326571, 1302.648, -950.5809, -2.947957, 0.01947593, 0.1574723, 62.41623, 2.158939, 1.646691, 21.70268
 
19.44035, -0.0196648, -0.07834797, 10.52412, 0, 0.09656111811168287807654, 1298.937, -950.5809, -2.947957, 0.01947593, 0.1574723, 62.32907, 2.158939, 1.646691, 21.70268
 
19.45035, -0.01972656, -0.07854462, 10.5088, 0, 0.09700804116301521213796, 1295.233, -950.5809, -2.947957, 0.01947593, 0.1574723, 62.24197, 2.158939, 1.646691, 21.70268
 
19.46035, -0.01978952, -0.07874189, 10.49348, 0, 0.09745901406076517709603, 1291.536, -950.5809, -2.947957, 0.01947593, 0.1574723, 62.15491, 2.158939, 1.646691, 21.70268
 
19.47035, -0.01985311, -0.07893978, 10.47818, 0, 0.09791313683906218830705, 1287.848, -950.5809, -2.947957, 0.01947593, 0.1574723, 62.06792, 2.158939, 1.646691, 21.70268
 
19.48035, -0.01991614, -0.07913831, 10.46289, 0, 0.09836851956957801801925, 1284.167, -950.5809, -2.947957, 0.01947593, 0.1574723, 61.98097, 2.158939, 1.646691, 21.70268
 
19.49035, -0.01998026, -0.07933747, 10.44761, 0, 0.09882777215333736169936, 1280.495, -950.5809, -2.947957, 0.01947593, 0.1574723, 61.8941, 2.158939, 1.646691, 21.70268
 
19.50035, -0.02004335, -0.07953727, 10.43235, 0, 0.09928747472003199770132, 1276.83, -950.5809, -2.947957, 0.01947593, 0.1574723, 61.80727, 2.158939, 1.646691, 21.70268
 
19.51035, -0.02010791, -0.07973771, 10.4171, 0, 0.09975176711266661538615, 1273.174, -950.5809, -2.947957, 0.01947593, 0.1574723, 61.72051, 2.158939, 1.646691, 21.70268
 
19.52035, -0.02017177, -0.07993878, 10.40186, 0, 0.10021713946434593464342, 1269.526, -950.5809, -2.947957, 0.01947593, 0.1574723, 61.6338, 2.158939, 1.646691, 21.70268
 
19.53035, -0.0202364, -0.0801405, 10.38663, 0, 0.10068593168633347554675, 1265.884, -950.5809, -2.947957, 0.01947593, 0.1574723, 61.54713, 2.158939, 1.646691, 21.70268
 
19.54035, -0.0203019, -0.08034287, 10.37142, 0, 0.10115841376839041348925, 1262.252, -950.5809, -2.947957, 0.01947593, 0.1574723, 61.46054, 2.158939, 1.646691, 21.70268
 
19.55035, -0.02036697, -0.08054589, 10.35621, 0, 0.10163242579242734532604, 1258.627, -950.5809, -2.947957, 0.01947593, 0.1574723, 61.37399, 2.158939, 1.646691, 21.70268
 
19.56035, -0.02043282, -0.08074956, 10.34103, 0, 0.10210994768335955727326, 1255.01, -950.5809, -2.947957, 0.01947593, 0.1574723, 61.28751, 2.158939, 1.646691, 21.70268
 
19.57035, -0.02049795, -0.08095388, 10.32585, 0, 0.10258845953674941232855, 1251.401, -950.5809, -2.947957, 0.01947593, 0.1574723, 61.20108, 2.158939, 1.646691, 21.70268
 
19.58035, -0.02056345, -0.08115886, 10.31069, 0, 0.10306994127751219670805, 1247.8, -950.5809, -2.947957, 0.01947593, 0.1574723, 61.11472, 2.158939, 1.646691, 21.70268
 
19.59035, -0.02062863, -0.0813645, 10.29554, 0, 0.10355304295684203344621, 1244.207, -950.5809, -2.947957, 0.01947593, 0.1574723, 61.02841, 2.158939, 1.646691, 21.70268
 
19.60035, -0.02069476, -0.08157078, 10.2804, 0, 0.10404001448941538415228, 1240.622, -950.5809, -2.947957, 0.01947593, 0.1574723, 60.94217, 2.158939, 1.646691, 21.70268
 
19.61035, -0.02076049, -0.08177773, 10.26528, 0, 0.10452860596055578721701, 1237.045, -950.5809, -2.947957, 0.01947593, 0.1574723, 60.85598, 2.158939, 1.646691, 21.70268
 
19.62035, -0.02082669, -0.08198533, 10.25016, 0, 0.10502043730883029499906, 1233.475, -950.5809, -2.947957, 0.01947593, 0.1574723, 60.76983, 2.158939, 1.646691, 21.70268
 
19.63035, -0.02089391, -0.0821936, 10.23506, 0, 0.10551622850693537521339, 1229.913, -950.5809, -2.947957, 0.01947593, 0.1574723, 60.68376, 2.158939, 1.646691, 21.70268
 
19.64035, -0.02096041, -0.08240253, 10.21997, 0, 0.10601318966067221546453, 1226.359, -950.5809, -2.947957, 0.01947593, 0.1574723, 60.59774, 2.158939, 1.646691, 21.70268
 
19.65035, -0.02102793, -0.08261214, 10.2049, 0, 0.10651420066082668661232, 1222.814, -950.5809, -2.947957, 0.01947593, 0.1574723, 60.51179, 2.158939, 1.646691, 21.70268
 
19.66035, -0.02109463, -0.08282242, 10.18984, 0, 0.10701620162343880086818, 1219.275, -950.5809, -2.947957, 0.01947593, 0.1574723, 60.42589, 2.158939, 1.646691, 21.70268
 
19.67035, -0.02116251, -0.08303337, 10.17479, 0, 0.1075225224222297214138, 1215.746, -950.5809, -2.947957, 0.01947593, 0.1574723, 60.34006, 2.158939, 1.646691, 21.70268
 
19.68036, -0.02122993, -0.08324499, 10.15975, 0, 0.10803046315958769431808, 1212.223, -950.5809, -2.947957, 0.01947593, 0.1574723, 60.25428, 2.158939, 1.646691, 21.70268
 
19.69036, -0.02129756, -0.08345729, 10.14473, 0, 0.1085412837877315380822, 1208.708, -950.5809, -2.947957, 0.01947593, 0.1574723, 60.16855, 2.158939, 1.646691, 21.70268
 
19.70036, -0.02136631, -0.08367027, 10.12972, 0, 0.10905642425205418813608, 1205.202, -950.5809, -2.947957, 0.01947593, 0.1574723, 60.08289, 2.158939, 1.646691, 21.70268
 
19.71036, -0.02143456, -0.08388393, 10.11472, 0, 0.10957309465835683208425, 1201.703, -950.5809, -2.947957, 0.01947593, 0.1574723, 59.99728, 2.158939, 1.646691, 21.70268
 
19.72036, -0.02150368, -0.08409827, 10.09974, 0, 0.1100937249144900484647, 1198.212, -950.5809, -2.947957, 0.01947593, 0.1574723, 59.91175, 2.158939, 1.646691, 21.70268
 
19.73036, -0.02157218, -0.08431331, 10.08477, 0, 0.1106157051194291418107, 1194.729, -950.5809, -2.947957, 0.01947593, 0.1574723, 59.82627, 2.158939, 1.646691, 21.70268
 
19.74036, -0.02164149, -0.08452903, 10.06981, 0, 0.11114173517078586605335, 1191.253, -950.5809, -2.947957, 0.01947593, 0.1574723, 59.74083, 2.158939, 1.646691, 21.70268
 
19.75036, -0.02171124, -0.08474545, 10.05486, 0, 0.11167100509927669501332, 1187.785, -950.5809, -2.947957, 0.01947593, 0.1574723, 59.65547, 2.158939, 1.646691, 21.70268
 
19.76036, -0.02178068, -0.08496256, 10.03992, 0, 0.11220216495609575172506, 1184.324, -950.5809, -2.947957, 0.01947593, 0.1574723, 59.57016, 2.158939, 1.646691, 21.70268
 
19.77036, -0.02185066, -0.08518037, 10.025, 0, 0.11273683467981008854723, 1180.872, -950.5809, -2.947957, 0.01947593, 0.1574723, 59.48493, 2.158939, 1.646691, 21.70268
 
19.78036, -0.02192046, -0.08539888, 10.0101, 0, 0.11327366432161382851428, 1177.428, -950.5809, -2.947957, 0.01947593, 0.1574723, 59.39975, 2.158939, 1.646691, 21.70268
 
19.79036, -0.02199084, -0.08561808, 9.995203, 0, 0.1138141838234869655205, 1173.992, -950.5809, -2.947957, 0.01947593, 0.1574723, 59.31464, 2.158939, 1.646691, 21.70268
 
19.80036, -0.02206056, -0.08583799, 9.980323, 0, 0.1143559632775789210279, 1170.563, -950.5809, -2.947957, 0.01947593, 0.1574723, 59.22958, 2.158939, 1.646691, 21.70268
 
19.81036, -0.02213123, -0.08605859, 9.96546, 0, 0.11490197257126262436069, 1167.143, -950.5809, -2.947957, 0.01947593, 0.1574723, 59.1446, 2.158939, 1.646691, 21.70268
 
19.82036, -0.02220112, -0.08627991, 9.950603, 0, 0.11544924181716514619466, 1163.729, -950.5809, -2.947957, 0.01947593, 0.1574723, 59.05967, 2.158939, 1.646691, 21.70268
 
19.83036, -0.02227226, -0.08650192, 9.935761, 0, 0.11600137087876882510461, 1160.324, -950.5809, -2.947957, 0.01947593, 0.1574723, 58.9748, 2.158939, 1.646691, 21.70268
 
19.84036, -0.02234405, -0.08672464, 9.920933, 0, 0.11655736979361601798247, 1156.926, -950.5809, -2.947957, 0.01947593, 0.1574723, 58.89, 2.158939, 1.646691, 21.70268
 
19.85036, -0.02241528, -0.08694808, 9.906118, 0, 0.11711489865044320475462, 1153.536, -950.5809, -2.947957, 0.01947593, 0.1574723, 58.80524, 2.158939, 1.646691, 21.70268
 
19.86036, -0.02248718, -0.08717223, 9.891319, 0, 0.11767638735710096395905, 1150.154, -950.5809, -2.947957, 0.01947593, 0.1574723, 58.72057, 2.158939, 1.646691, 21.70268
 
19.87036, -0.02255858, -0.08739711, 9.876531, 0, 0.11823949600232577552214, 1146.78, -950.5809, -2.947957, 0.01947593, 0.1574723, 58.63596, 2.158939, 1.646691, 21.70268
 
19.88036, -0.02263093, -0.08762269, 9.861755, 0, 0.1188071944734905687681, 1143.413, -950.5809, -2.947957, 0.01947593, 0.1574723, 58.55139, 2.158939, 1.646691, 21.70268
 
19.89036, -0.022704, -0.08784901, 9.846994, 0, 0.11937885279448593444634, 1140.054, -950.5809, -2.947957, 0.01947593, 0.1574723, 58.4669, 2.158939, 1.646691, 21.70268
 
19.90036, -0.0227765, -0.08807605, 9.832244, 0, 0.11995213105404835248324, 1136.702, -950.5809, -2.947957, 0.01947593, 0.1574723, 58.38247, 2.158939, 1.646691, 21.70268
 
19.91036, -0.02284958, -0.08830381, 9.817512, 0, 0.12052927916685428448805, 1133.359, -950.5809, -2.947957, 0.01947593, 0.1574723, 58.29811, 2.158939, 1.646691, 21.70268
 
19.92036, -0.02292232, -0.08853231, 9.802789, 0, 0.12110849720116256117337, 1130.023, -950.5809, -2.947957, 0.01947593, 0.1574723, 58.21381, 2.158939, 1.646691, 21.70268
 
19.93036, -0.02299586, -0.08876153, 9.788078, 0, 0.12169203507164964414845, 1126.694, -950.5809, -2.947957, 0.01947593, 0.1574723, 58.12955, 2.158939, 1.646691, 21.70268
 
19.94036, -0.02307002, -0.08899149, 9.773382, 0, 0.12227953279196729955581, 1123.373, -950.5809, -2.947957, 0.01947593, 0.1574723, 58.04538, 2.158939, 1.646691, 21.70268
 
19.95036, -0.02314361, -0.08922219, 9.758699, 0, 0.12286865045085200732183, 1120.06, -950.5809, -2.947957, 0.01947593, 0.1574723, 57.96126, 2.158939, 1.646691, 21.70268
 
19.96036, -0.02321815, -0.08945363, 9.744035, 0, 0.12346244793226375523509, 1116.755, -950.5809, -2.947957, 0.01947593, 0.1574723, 57.87722, 2.158939, 1.646691, 21.70268
 
19.97036, -0.02329224, -0.08968581, 9.729379, 0, 0.12405822533859078936449, 1113.458, -950.5809, -2.947957, 0.01947593, 0.1574723, 57.79324, 2.158939, 1.646691, 21.70268
 
19.98036, -0.02336708, -0.08991873, 9.714741, 0, 0.12465823258450957131928, 1110.168, -950.5809, -2.947957, 0.01947593, 0.1574723, 57.70934, 2.158939, 1.646691, 21.70268
 
19.99036, -0.02344132, -0.09015241, 9.700111, 0, 0.1252599497655824640971, 1106.886, -950.5809, -2.947957, 0.01947593, 0.1574723, 57.62548, 2.158939, 1.646691, 21.70268
 
20.00036, -0.02351608, -0.09038682, 9.685498, 0, 0.12586553679989887084283, 1103.611, -950.5809, -2.947957, 0.01947593, 0.1574723, 57.54169, 2.158939, 1.646691, 21.70268
 
20.01036, -0.02359199, -0.09062198, 9.670899, 0, 0.12647616364309055159328, 1100.345, -950.5809, -2.947957, 0.01947593, 0.1574723, 57.45798, 2.158939, 1.646691, 21.70268
 
20.02036, -0.02366719, -0.0908579, 9.656311, 0, 0.12708841042484928470239, 1097.085, -950.5809, -2.947957, 0.01947593, 0.1574723, 57.37432, 2.158939, 1.646691, 21.70268
 
20.03036, -0.02374331, -0.09109458, 9.641742, 0, 0.12770533702913505795874, 1093.834, -950.5809, -2.947957, 0.01947593, 0.1574723, 57.29074, 2.158939, 1.646691, 21.70268
 
20.04036, -0.02381874, -0.09133201, 9.62718, 0, 0.12832388357198788357375, 1090.59, -950.5809, -2.947957, 0.01947593, 0.1574723, 57.20722, 2.158939, 1.646691, 21.70268
 
20.05036, -0.02389485, -0.0915702, 9.612636, 0, 0.12894665995443245701415, 1087.353, -950.5809, -2.947957, 0.01947593, 0.1574723, 57.12375, 2.158939, 1.646691, 21.70268
 
20.06036, -0.02397186, -0.09180915, 9.598103, 0, 0.12957420615599112906616, 1084.125, -950.5809, -2.947957, 0.01947593, 0.1574723, 57.04037, 2.158939, 1.646691, 21.70268
 
20.07036, -0.02404835, -0.09204886, 9.583585, 0, 0.13020373228246508733431, 1080.904, -950.5809, -2.947957, 0.01947593, 0.1574723, 56.95704, 2.158939, 1.646691, 21.70268
 
20.08036, -0.02412558, -0.09228934, 9.569081, 0, 0.13083775823829196882096, 1077.69, -950.5809, -2.947957, 0.01947593, 0.1574723, 56.87379, 2.158939, 1.646691, 21.70268
 
20.09036, -0.0242021, -0.0925306, 9.554592, 0, 0.1314733141360988442019, 1074.485, -950.5809, -2.947957, 0.01947593, 0.1574723, 56.79061, 2.158939, 1.646691, 21.70268
 
20.10036, -0.02427961, -0.09277263, 9.540115, 0, 0.13211390984278099358756, 1071.286, -950.5809, -2.947957, 0.01947593, 0.1574723, 56.70747, 2.158939, 1.646691, 21.70268
 
20.11036, -0.02435778, -0.09301542, 9.525653, 0, 0.13275891538222900772735, 1068.095, -950.5809, -2.947957, 0.01947593, 0.1574723, 56.62442, 2.158939, 1.646691, 21.70268
 
20.12037, -0.02443526, -0.093259, 9.511202, 0, 0.13340563085683113269017, 1064.912, -950.5809, -2.947957, 0.01947593, 0.1574723, 56.54144, 2.158939, 1.646691, 21.70268
 
20.13037, -0.02451384, -0.09350335, 9.49677, 0, 0.13405756613348264858645, 1061.737, -950.5809, -2.947957, 0.01947593, 0.1574723, 56.45853, 2.158939, 1.646691, 21.70268
 
20.14037, -0.02459165, -0.09374849, 9.482348, 0, 0.13471103135211415837702, 1058.569, -950.5809, -2.947957, 0.01947593, 0.1574723, 56.37568, 2.158939, 1.646691, 21.70268
 
20.15037, -0.02467036, -0.0939944, 9.467942, 0, 0.13536953637962094217231, 1055.409, -950.5809, -2.947957, 0.01947593, 0.1574723, 56.29288, 2.158939, 1.646691, 21.70268
 
20.16037, -0.02475006, -0.09424111, 9.453551, 0, 0.13603317121259005843669, 1052.256, -950.5809, -2.947957, 0.01947593, 0.1574723, 56.21018, 2.158939, 1.646691, 21.70268
 
20.17037, -0.02482882, -0.09448861, 9.439172, 0, 0.13669806599777799320225, 1049.111, -950.5809, -2.947957, 0.01947593, 0.1574723, 56.12753, 2.158939, 1.646691, 21.70268
 
20.18037, -0.02490848, -0.0947369, 9.424808, 0, 0.13736800059184120197253, 1045.973, -950.5809, -2.947957, 0.01947593, 0.1574723, 56.04496, 2.158939, 1.646691, 21.70268
 
20.19037, -0.02498751, -0.09498598, 9.410458, 0, 0.13803973511764558003021, 1042.843, -950.5809, -2.947957, 0.01947593, 0.1574723, 55.96246, 2.158939, 1.646691, 21.70268
 
20.20037, -0.02506736, -0.09523586, 9.396123, 0, 0.13871650945232523209261, 1039.721, -950.5809, -2.947957, 0.01947593, 0.1574723, 55.88001, 2.158939, 1.646691, 21.70268
 
20.21037, -0.02514808, -0.09548654, 9.3818, 0, 0.13939823359929309969536, 1036.606, -950.5809, -2.947957, 0.01947593, 0.1574723, 55.79765, 2.158939, 1.646691, 21.70268
 
20.22037, -0.02522807, -0.09573802, 9.367492, 0, 0.14008175767800213658551, 1033.498, -950.5809, -2.947957, 0.01947593, 0.1574723, 55.71535, 2.158939, 1.646691, 21.70268
 
20.23037, -0.02530901, -0.0959903, 9.3532, 0, 0.14077041156217350594475, 1030.399, -950.5809, -2.947957, 0.01947593, 0.1574723, 55.63314, 2.158939, 1.646691, 21.70268
 
20.24037, -0.02538923, -0.09624339, 9.338923, 0, 0.14146086537808604459139, 1027.307, -950.5809, -2.947957, 0.01947593, 0.1574723, 55.55098, 2.158939, 1.646691, 21.70268
 
20.25037, -0.02547007, -0.09649728, 9.324655, 0, 0.14215608901311268184964, 1024.221, -950.5809, -2.947957, 0.01947593, 0.1574723, 55.46888, 2.158939, 1.646691, 21.70268
 
20.26037, -0.02555194, -0.09675198, 9.310408, 0, 0.14285662244677576850572, 1021.144, -950.5809, -2.947957, 0.01947593, 0.1574723, 55.38688, 2.158939, 1.646691, 21.70268
 
20.27037, -0.02563298, -0.0970075, 9.296169, 0, 0.14355886581559296598483, 1018.074, -950.5809, -2.947957, 0.01947593, 0.1574723, 55.30493, 2.158939, 1.646691, 21.70268
 
20.28037, -0.0257147, -0.09726383, 9.281946, 0, 0.14426587900352426207555, 1015.011, -950.5809, -2.947957, 0.01947593, 0.1574723, 55.22304, 2.158939, 1.646691, 21.70268
 
20.29037, -0.02579734, -0.09752098, 9.267739, 0, 0.1449782019900920075641, 1011.957, -950.5809, -2.947957, 0.01947593, 0.1574723, 55.14124, 2.158939, 1.646691, 21.70268
 
20.30037, -0.0258796, -0.09777895, 9.253543, 0, 0.14569313487768444851938, 1008.909, -950.5809, -2.947957, 0.01947593, 0.1574723, 55.05951, 2.158939, 1.646691, 21.70268
 
20.31037, -0.02596249, -0.09803775, 9.239367, 0, 0.1464127475878039296219, 1005.869, -950.5809, -2.947957, 0.01947593, 0.1574723, 54.97786, 2.158939, 1.646691, 21.70268
 
20.32037, -0.02604483, -0.09829737, 9.225203, 0, 0.14713470020918693079804, 1002.837, -950.5809, -2.947957, 0.01947593, 0.1574723, 54.89627, 2.158939, 1.646691, 21.70268
 
20.33037, -0.02612821, -0.09855782, 9.211058, 0, 0.14786232261555461522949, 999.8127, -950.5809, -2.947957, 0.01947593, 0.1574723, 54.81477, 2.158939, 1.646691, 21.70268
 
20.34037, -0.02621097, -0.09881911, 9.196924, 0, 0.14859201494342464434145, 996.7955, -950.5809, -2.947957, 0.01947593, 0.1574723, 54.73334, 2.158939, 1.646691, 21.70268
 
20.35037, -0.02629405, -0.09908122, 9.182804, 0, 0.14932602710747347974317, 993.7853, -950.5809, -2.947957, 0.01947593, 0.1574723, 54.65196, 2.158939, 1.646691, 21.70268
 
20.36037, -0.02637838, -0.09934416, 9.168699, 0, 0.15006615903944229072205, 990.7831, -950.5809, -2.947957, 0.01947593, 0.1574723, 54.57068, 2.158939, 1.646691, 21.70268
 
20.37037, -0.02646199, -0.09960794, 9.154609, 0, 0.15080827089632638791707, 987.7881, -950.5809, -2.947957, 0.01947593, 0.1574723, 54.48946, 2.158939, 1.646691, 21.70268
 
20.38037, -0.02654614, -0.09987256, 9.140531, 0, 0.15155524256891164218807, 984.8002, -950.5809, -2.947957, 0.01947593, 0.1574723, 54.4083, 2.158939, 1.646691, 21.70268
 
20.39037, -0.02663107, -0.100138, 9.12647, 0, 0.15230734404695922892816, 981.8202, -950.5809, -2.947957, 0.01947593, 0.1574723, 54.32724, 2.158939, 1.646691, 21.70268
 
20.40037, -0.02671556, -0.1004043, 9.112424, 0, 0.15306214542261856959935, 978.8475, -950.5809, -2.947957, 0.01947593, 0.1574723, 54.24623, 2.158939, 1.646691, 21.70268
 
20.41037, -0.0268009, -0.1006715, 9.098394, 0, 0.15382234659350141813274, 975.8827, -950.5809, -2.947957, 0.01947593, 0.1574723, 54.16532, 2.158939, 1.646691, 21.70268
 
20.42037, -0.0268858, -0.1009395, 9.08438, 0, 0.15458524766199602059723, 972.9252, -950.5809, -2.947957, 0.01947593, 0.1574723, 54.08448, 2.158939, 1.646691, 21.70268
 
20.43037, -0.02697139, -0.1012084, 9.070375, 0, 0.15535345852912707245955, 969.9744, -950.5809, -2.947957, 0.01947593, 0.1574723, 54.0037, 2.158939, 1.646691, 21.70268
 
20.44037, -0.02705768, -0.1014781, 9.056391, 0, 0.15612670920513339832659, 967.0318, -950.5809, -2.947957, 0.01947593, 0.1574723, 53.923, 2.158939, 1.646691, 21.70268
 
20.45037, -0.02714313, -0.1017487, 9.04242, 0, 0.15690193980605501040977, 964.0964, -950.5809, -2.947957, 0.01947593, 0.1574723, 53.84238, 2.158939, 1.646691, 21.70268
 
20.46037, -0.02722954, -0.1020201, 9.028463, 0, 0.15768293018854836421263, 961.168, -950.5809, -2.947957, 0.01947593, 0.1574723, 53.76182, 2.158939, 1.646691, 21.70268
 
20.47037, -0.0273166, -0.1022924, 9.014523, 0, 0.1584691403730902089830794154, 958.2476, -950.5809, -2.947957, 0.01947593, 0.1574723, 53.68135, 2.158939, 1.646691, 21.70268
 
20.48037, -0.02740316, -0.1025655, 9.000595, 0, 0.15925805045524560761637, 955.334, -950.5809, -2.947957, 0.01947593, 0.1574723, 53.60095, 2.158939, 1.646691, 21.70268
 
20.49037, -0.02749042, -0.1028396, 8.986682, 0, 0.1600523603326227141801194154, 952.4277, -950.5809, -2.947957, 0.01947593, 0.1574723, 53.52062, 2.158939, 1.646691, 21.70268
 
20.50037, -0.02757836, -0.1031145, 8.972786, 0, 0.1608518900120519115749405846, 949.5293, -950.5809, -2.947957, 0.01947593, 0.1574723, 53.44038, 2.158939, 1.646691, 21.70268
 
20.51037, -0.02766577, -0.1033903, 8.958902, 0, 0.16165411958909016300325, 946.6379, -950.5809, -2.947957, 0.01947593, 0.1574723, 53.36021, 2.158939, 1.646691, 21.70268
 
20.52037, -0.02775435, -0.1036669, 8.94504, 0, 0.1624627389238095654018294154, 943.7545, -950.5809, -2.947957, 0.01947593, 0.1574723, 53.28013, 2.158939, 1.646691, 21.70268
 
20.53037, -0.02784183, -0.1039445, 8.93119, 0, 0.1632727982039246031279405846, 940.8782, -950.5809, -2.947957, 0.01947593, 0.1574723, 53.20012, 2.158939, 1.646691, 21.70268
 
20.54037, -0.02793037, -0.1042229, 8.917351, 0, 0.16408915724513103346234, 938.0087, -950.5809, -2.947957, 0.01947593, 0.1574723, 53.12017, 2.158939, 1.646691, 21.70268
 
20.55037, -0.02801952, -0.1045022, 8.903534, 0, 0.16491082608497481316044, 935.1475, -950.5809, -2.947957, 0.01947593, 0.1574723, 53.04033, 2.158939, 1.646691, 21.70268
 
20.56038, -0.02810823, -0.1047824, 8.88973, 0, 0.16573537481560446371838, 932.2933, -950.5809, -2.947957, 0.01947593, 0.1574723, 52.96054, 2.158939, 1.646691, 21.70268
 
20.57038, -0.02819783, -0.1050635, 8.875941, 0, 0.1665659533175661314232394154, 929.4467, -950.5809, -2.947957, 0.01947593, 0.1574723, 52.88086, 2.158939, 1.646691, 21.70268
 
20.58038, -0.02828664, -0.1053454, 8.862169, 0, 0.16739869173761900220472, 926.6072, -950.5809, -2.947957, 0.01947593, 0.1574723, 52.80124, 2.158939, 1.646691, 21.70268
 
20.59038, -0.02837595, -0.1056283, 8.848412, 0, 0.1682365599631342054552905846, 923.775, -950.5809, -2.947957, 0.01947593, 0.1574723, 52.72169, 2.158939, 1.646691, 21.70268
 
20.60038, -0.02846645, -0.1059121, 8.83467, 0, 0.16908117793267699360187, 920.9504, -950.5809, -2.947957, 0.01947593, 0.1574723, 52.64224, 2.158939, 1.646691, 21.70268
 
20.61038, -0.02855612, -0.1061967, 8.820945, 0, 0.16992786582372302639483, 918.1331, -950.5809, -2.947957, 0.01947593, 0.1574723, 52.56286, 2.158939, 1.646691, 21.70268
 
20.62038, -0.02864671, -0.1064823, 8.807232, 0, 0.17078085347586315169369, 915.3226, -950.5809, -2.947957, 0.01947593, 0.1574723, 52.48355, 2.158939, 1.646691, 21.70268
 
20.63038, -0.02873769, -0.1067688, 8.793536, 0, 0.1716387909402914925329, 912.5199, -950.5809, -2.947957, 0.01947593, 0.1574723, 52.40434, 2.158939, 1.646691, 21.70268
 
20.64038, -0.02882834, -0.1070561, 8.779859, 0, 0.17250014827502805501817, 909.7245, -950.5809, -2.947957, 0.01947593, 0.1574723, 52.3252, 2.158939, 1.646691, 21.70268
 
20.65038, -0.02891974, -0.1073444, 8.766197, 0, 0.17336717539474930075875, 906.9368, -950.5809, -2.947957, 0.01947593, 0.1574723, 52.24615, 2.158939, 1.646691, 21.70268
 
20.66038, -0.02901043, -0.1076336, 8.752548, 0, 0.17423681241549524196606, 904.156, -950.5809, -2.947957, 0.01947593, 0.1574723, 52.16718, 2.158939, 1.646691, 21.70268
 
20.67038, -0.02910208, -0.1079237, 8.738917, 0, 0.17511292919050939260801, 901.3824, -950.5809, -2.947957, 0.01947593, 0.1574723, 52.08827, 2.158939, 1.646691, 21.70268
 
20.68038, -0.02919442, -0.1082147, 8.725303, 0, 0.17599471575050822650527, 898.6166, -950.5809, -2.947957, 0.01947593, 0.1574723, 52.00947, 2.158939, 1.646691, 21.70268
 
20.69038, -0.02928596, -0.1085067, 8.711702, 0, 0.17687893221835763894052, 895.8577, -950.5809, -2.947957, 0.01947593, 0.1574723, 51.93074, 2.158939, 1.646691, 21.70268
 
20.70038, -0.02937839, -0.1087995, 8.698121, 0, 0.1777693584507131854514294154, 893.1068, -950.5809, -2.947957, 0.01947593, 0.1574723, 51.8521, 2.158939, 1.646691, 21.70268
 
20.71038, -0.02947029, -0.1090933, 8.684555, 0, 0.17866284456703051968266, 890.3627, -950.5809, -2.947957, 0.01947593, 0.1574723, 51.77354, 2.158939, 1.646691, 21.70268
 
20.72038, -0.02956288, -0.109388, 8.671002, 0, 0.17956227045809281259644, 887.6257, -950.5809, -2.947957, 0.01947593, 0.1574723, 51.69506, 2.158939, 1.646691, 21.70268
 
20.73038, -0.02965612, -0.1096837, 8.65747, 0, 0.18046754612731390569427, 884.8965, -950.5809, -2.947957, 0.01947593, 0.1574723, 51.61667, 2.158939, 1.646691, 21.70268
 
20.74038, -0.02974871, -0.1099802, 8.643952, 0, 0.1813755216941476526890705846, 882.1744, -950.5809, -2.947957, 0.01947593, 0.1574723, 51.53836, 2.158939, 1.646691, 21.70268
 
20.75038, -0.02984231, -0.1102777, 8.630447, 0, 0.1822904269981840014744905846, 879.459, -950.5809, -2.947957, 0.01947593, 0.1574723, 51.46012, 2.158939, 1.646691, 21.70268
 
20.76038, -0.02993642, -0.1105761, 8.61696, 0, 0.18321082209403001662061, 876.7513, -950.5809, -2.947957, 0.01947593, 0.1574723, 51.38198, 2.158939, 1.646691, 21.70268
 
20.77038, -0.03002993, -0.1108755, 8.60349, 0, 0.18413418707724986105681, 874.0509, -950.5809, -2.947957, 0.01947593, 0.1574723, 51.30392, 2.158939, 1.646691, 21.70268
 
20.78038, -0.0301244, -0.1111758, 8.590034, 0, 0.18506430180449909032076, 871.3574, -950.5809, -2.947957, 0.01947593, 0.1574723, 51.22594, 2.158939, 1.646691, 21.70268
 
20.79038, -0.03021964, -0.111477, 8.576598, 0, 0.1860007162928415121247394154, 868.6718, -950.5809, -2.947957, 0.01947593, 0.1574723, 51.14805, 2.158939, 1.646691, 21.70268
 
20.80038, -0.03031408, -0.1117792, 8.563177, 0, 0.1869396506856224708969494154, 865.993, -950.5809, -2.947957, 0.01947593, 0.1574723, 51.07024, 2.158939, 1.646691, 21.70268
 
20.81038, -0.0304094, -0.1120824, 8.549771, 0, 0.18788533482243371446278, 863.3212, -950.5809, -2.947957, 0.01947593, 0.1574723, 50.99251, 2.158939, 1.646691, 21.70268
 
20.82038, -0.0305056, -0.1123865, 8.536385, 0, 0.18883758871009932596175, 860.6573, -950.5809, -2.947957, 0.01947593, 0.1574723, 50.91488, 2.158939, 1.646691, 21.70268
 
20.83038, -0.03060101, -0.1126915, 8.523013, 0, 0.1897924524987905328933205846, 858.0002, -950.5809, -2.947957, 0.01947593, 0.1574723, 50.83733, 2.158939, 1.646691, 21.70268
 
20.84038, -0.03069722, -0.1129975, 8.509659, 0, 0.1907537960417472493619194154, 855.3509, -950.5809, -2.947957, 0.01947593, 0.1574723, 50.75988, 2.158939, 1.646691, 21.70268
 
20.85038, -0.03079285, -0.1133045, 8.49632, 0, 0.1917183794618416704113205846, 852.7083, -950.5809, -2.947957, 0.01947593, 0.1574723, 50.68251, 2.158939, 1.646691, 21.70268
 
20.86038, -0.03088919, -0.1136124, 8.482997, 0, 0.19268926264302748406901, 850.0728, -950.5809, -2.947957, 0.01947593, 0.1574723, 50.60522, 2.158939, 1.646691, 21.70268
 
20.87038, -0.03098608, -0.1139213, 8.469693, 0, 0.19366617559554711480536, 847.4451, -950.5809, -2.947957, 0.01947593, 0.1574723, 50.52803, 2.158939, 1.646691, 21.70268
 
20.88038, -0.03108242, -0.1142312, 8.456407, 0, 0.19464632842520085025903, 844.8244, -950.5809, -2.947957, 0.01947593, 0.1574723, 50.45092, 2.158939, 1.646691, 21.70268
 
20.89038, -0.03117956, -0.114542, 8.443136, 0, 0.1956332309988848705063205846, 842.2106, -950.5809, -2.947957, 0.01947593, 0.1574723, 50.37388, 2.158939, 1.646691, 21.70268
 
20.90038, -0.03127749, -0.1148538, 8.429882, 0, 0.1966267033234232586867505846, 839.6044, -950.5809, -2.947957, 0.01947593, 0.1574723, 50.29696, 2.158939, 1.646691, 21.70268
 
20.91038, -0.03137472, -0.1151666, 8.416643, 0, 0.19762323553192073468989, 837.0051, -950.5809, -2.947957, 0.01947593, 0.1574723, 50.22011, 2.158939, 1.646691, 21.70268
 
20.92038, -0.03147272, -0.1154803, 8.403426, 0, 0.19862633749127437855791, 834.4137, -950.5809, -2.947957, 0.01947593, 0.1574723, 50.14337, 2.158939, 1.646691, 21.70268
 
20.93038, -0.03157019, -0.1157951, 8.390224, 0, 0.19963285932093624407199, 831.8291, -950.5809, -2.947957, 0.01947593, 0.1574723, 50.06671, 2.158939, 1.646691, 21.70268
 
20.94038, -0.03166822, -0.1161108, 8.377039, 0, 0.20064568091169220209197, 829.2516, -950.5809, -2.947957, 0.01947593, 0.1574723, 49.99013, 2.158939, 1.646691, 21.70268
 
20.95038, -0.03176723, -0.1164274, 8.363873, 0, 0.20166579222599989572592, 826.6817, -950.5809, -2.947957, 0.01947593, 0.1574723, 49.91365, 2.158939, 1.646691, 21.70268
 
20.96038, -0.03186549, -0.1167451, 8.350721, 0, 0.20268869343450640175534, 824.1186, -950.5809, -2.947957, 0.01947593, 0.1574723, 49.83727, 2.158939, 1.646691, 21.70268
 
20.97038, -0.03196473, -0.1170638, 8.337585, 0, 0.2037191543563267187577105846, 821.5624, -950.5809, -2.947957, 0.01947593, 0.1574723, 49.76096, 2.158939, 1.646691, 21.70268
 
20.98038, -0.03206449, -0.1173834, 8.324471, 0, 0.20475582504265226986987, 819.014, -950.5809, -2.947957, 0.01947593, 0.1574723, 49.68476, 2.158939, 1.646691, 21.70268
 
20.99039, -0.03216353, -0.117704, 8.311372, 0, 0.20579546561635165027211, 816.4725, -950.5809, -2.947957, 0.01947593, 0.1574723, 49.60864, 2.158939, 1.646691, 21.70268
 
21.00039, -0.03226363, -0.1180257, 8.298286, 0, 0.2068429358931260170404105846, 813.9376, -950.5809, -2.947957, 0.01947593, 0.1574723, 49.5326, 2.158939, 1.646691, 21.70268
 
21.01039, -0.03236425, -0.1183483, 8.285224, 0, 0.2078966159344056179185, 811.4106, -950.5809, -2.947957, 0.01947593, 0.1574723, 49.45668, 2.158939, 1.646691, 21.70268
 
21.02039, -0.03246414, -0.118672, 8.272178, 0, 0.2089533558596452065851694154, 808.8906, -950.5809, -2.947957, 0.01947593, 0.1574723, 49.38083, 2.158939, 1.646691, 21.70268
 
21.03039, -0.03256491, -0.1189966, 8.259149, 0, 0.21001747550502538926192, 806.3776, -950.5809, -2.947957, 0.01947593, 0.1574723, 49.30508, 2.158939, 1.646691, 21.70268
 
21.04039, -0.03266631, -0.1193223, 8.246138, 0, 0.21108825489784699833618, 803.872, -950.5809, -2.947957, 0.01947593, 0.1574723, 49.22943, 2.158939, 1.646691, 21.70268
 
21.05039, -0.03276717, -0.1196489, 8.233145, 0, 0.2121627241507371044837394154, 801.3734, -950.5809, -2.947957, 0.01947593, 0.1574723, 49.15387, 2.158939, 1.646691, 21.70268
 
21.06039, -0.03286895, -0.1199766, 8.220169, 0, 0.21324457312376780464138, 798.8822, -950.5809, -2.947957, 0.01947593, 0.1574723, 49.07841, 2.158939, 1.646691, 21.70268
 
21.07039, -0.03296995, -0.1203053, 8.207212, 0, 0.2143294819807566926558594154, 796.3981, -950.5809, -2.947957, 0.01947593, 0.1574723, 49.00304, 2.158939, 1.646691, 21.70268
 
21.08039, -0.03307145, -0.120635, 8.194271, 0, 0.21542096058860264850109, 793.9208, -950.5809, -2.947957, 0.01947593, 0.1574723, 48.92776, 2.158939, 1.646691, 21.70268
 
21.09039, -0.03317389, -0.1209657, 8.181349, 0, 0.21651999890976061538753, 791.451, -950.5809, -2.947957, 0.01947593, 0.1574723, 48.85259, 2.158939, 1.646691, 21.70268
 
21.10039, -0.03327567, -0.1212974, 8.168446, 0, 0.21762245710122680392003, 788.9883, -950.5809, -2.947957, 0.01947593, 0.1574723, 48.77751, 2.158939, 1.646691, 21.70268
 
21.11039, -0.03337815, -0.1216302, 8.155559, 0, 0.21873202502307061113776, 786.5324, -950.5809, -2.947957, 0.01947593, 0.1574723, 48.70251, 2.158939, 1.646691, 21.70268
 
21.12039, -0.03348143, -0.121964, 8.14269, 0, 0.21984897266505321243383, 784.0839, -950.5809, -2.947957, 0.01947593, 0.1574723, 48.62763, 2.158939, 1.646691, 21.70268
 
21.13039, -0.03358404, -0.1222988, 8.129842, 0, 0.22096934017734403537596, 781.6425, -950.5809, -2.947957, 0.01947593, 0.1574723, 48.55283, 2.158939, 1.646691, 21.70268
 
21.14039, -0.03368695, -0.1226346, 8.117007, 0, 0.2220958274575539339293794154, 779.2078, -950.5809, -2.947957, 0.01947593, 0.1574723, 48.47813, 2.158939, 1.646691, 21.70268
 
21.15039, -0.03379112, -0.1229715, 8.104194, 0, 0.2232310444067094034925594154, 776.7807, -950.5809, -2.947957, 0.01947593, 0.1574723, 48.40353, 2.158939, 1.646691, 21.70268
 
21.16039, -0.03389439, -0.1233094, 8.0914, 0, 0.2243690512500636854512094154, 774.3606, -950.5809, -2.947957, 0.01947593, 0.1574723, 48.32903, 2.158939, 1.646691, 21.70268
 
21.17039, -0.0339986, -0.1236484, 8.078621, 0, 0.22551506778966707070466, 771.9473, -950.5809, -2.947957, 0.01947593, 0.1574723, 48.25462, 2.158939, 1.646691, 21.70268
 
21.18039, -0.0341034, -0.1239883, 8.065864, 0, 0.2266681040630610161789705846, 769.5415, -950.5809, -2.947957, 0.01947593, 0.1574723, 48.18032, 2.158939, 1.646691, 21.70268
 
21.19039, -0.03420774, -0.1243294, 8.053123, 0, 0.22782519018287079261819, 767.1426, -950.5809, -2.947957, 0.01947593, 0.1574723, 48.10611, 2.158939, 1.646691, 21.70268
 
21.20039, -0.03431256, -0.1246715, 8.040404, 0, 0.2289890260467099538851594154, 764.7513, -950.5809, -2.947957, 0.01947593, 0.1574723, 48.03201, 2.158939, 1.646691, 21.70268
 
21.21039, -0.03441685, -0.1250146, 8.027701, 0, 0.23015682176038148751615, 762.3666, -950.5809, -2.947957, 0.01947593, 0.1574723, 47.95801, 2.158939, 1.646691, 21.70268
 
21.22039, -0.03452166, -0.1253588, 8.015017, 0, 0.2313315472112547229718894154, 759.989, -950.5809, -2.947957, 0.01947593, 0.1574723, 47.8841, 2.158939, 1.646691, 21.70268
 
21.23039, -0.03462736, -0.125704, 8.002353, 0, 0.23251419236179090322393, 757.6188, -950.5809, -2.947957, 0.01947593, 0.1574723, 47.81031, 2.158939, 1.646691, 21.70268
 
21.24039, -0.03473224, -0.1260502, 7.989707, 0, 0.23370007738946028822742, 755.2555, -950.5809, -2.947957, 0.01947593, 0.1574723, 47.7366, 2.158939, 1.646691, 21.70268
 
21.25039, -0.03483802, -0.1263976, 7.977078, 0, 0.2348941521065510935227094154, 752.899, -950.5809, -2.947957, 0.01947593, 0.1574723, 47.66299, 2.158939, 1.646691, 21.70268
 
21.26039, -0.03494436, -0.1267459, 7.964468, 0, 0.2360952465574342589706, 750.5497, -950.5809, -2.947957, 0.01947593, 0.1574723, 47.5895, 2.158939, 1.646691, 21.70268
 
21.27039, -0.03505003, -0.1270954, 7.95188, 0, 0.2373000308683868214576605846, 748.2078, -950.5809, -2.947957, 0.01947593, 0.1574723, 47.51611, 2.158939, 1.646691, 21.70268
 
21.28039, -0.03515646, -0.1274459, 7.939308, 0, 0.23851264488241167041317, 745.8723, -950.5809, -2.947957, 0.01947593, 0.1574723, 47.4428, 2.158939, 1.646691, 21.70268
 
21.29039, -0.03526369, -0.1277975, 7.926756, 0, 0.23973317859609856419911, 743.5443, -950.5809, -2.947957, 0.01947593, 0.1574723, 47.36961, 2.158939, 1.646691, 21.70268
 
21.30039, -0.03537013, -0.1281501, 7.914223, 0, 0.2409570421835075211326105846, 741.2233, -950.5809, -2.947957, 0.01947593, 0.1574723, 47.29652, 2.158939, 1.646691, 21.70268
 
21.31039, -0.03547728, -0.1285038, 7.90171, 0, 0.2421887354739896645004305846, 738.9091, -950.5809, -2.947957, 0.01947593, 0.1574723, 47.22353, 2.158939, 1.646691, 21.70268
 
21.32039, -0.03558522, -0.1288586, 7.889216, 0, 0.24342834846413205276694, 736.6024, -950.5809, -2.947957, 0.01947593, 0.1574723, 47.15065, 2.158939, 1.646691, 21.70268
 
21.33039, -0.03569227, -0.1292144, 7.876741, 0, 0.24467111133482238725227, 734.3024, -950.5809, -2.947957, 0.01947593, 0.1574723, 47.07788, 2.158939, 1.646691, 21.70268
 
21.34039, -0.03580013, -0.1295713, 7.864285, 0, 0.24592206389493504199527, 732.0094, -950.5809, -2.947957, 0.01947593, 0.1574723, 47.0052, 2.158939, 1.646691, 21.70268
 
21.35039, -0.03590886, -0.1299293, 7.851847, 0, 0.24718129614105707546031, 729.7235, -950.5809, -2.947957, 0.01947593, 0.1574723, 46.93264, 2.158939, 1.646691, 21.70268
 
21.36039, -0.03601682, -0.1302884, 7.83943, 0, 0.2484441282506623474660205846, 727.4446, -950.5809, -2.947957, 0.01947593, 0.1574723, 46.86018, 2.158939, 1.646691, 21.70268
 
21.37039, -0.03612539, -0.1306486, 7.827034, 0, 0.24971452007357873054707, 725.1727, -950.5809, -2.947957, 0.01947593, 0.1574723, 46.78781, 2.158939, 1.646691, 21.70268
 
21.38039, -0.03623484, -0.1310098, 7.814657, 0, 0.25099337157567950924477, 722.9081, -950.5809, -2.947957, 0.01947593, 0.1574723, 46.71557, 2.158939, 1.646691, 21.70268
 
21.39039, -0.0363435, -0.1313722, 7.802298, 0, 0.2522758229412617265513994154, 720.6502, -950.5809, -2.947957, 0.01947593, 0.1574723, 46.64343, 2.158939, 1.646691, 21.70268
 
21.40039, -0.03645288, -0.1317356, 7.789957, 0, 0.25356637399968100558307, 718.399, -950.5809, -2.947957, 0.01947593, 0.1574723, 46.57138, 2.158939, 1.646691, 21.70268
 
21.41039, -0.03656287, -0.1321001, 7.77764, 0, 0.2548645747679984541544494154, 716.1555, -950.5809, -2.947957, 0.01947593, 0.1574723, 46.49947, 2.158939, 1.646691, 21.70268
 
21.42039, -0.03667227, -0.1324658, 7.765342, 0, 0.2561670053759103504488305846, 713.9187, -950.5809, -2.947957, 0.01947593, 0.1574723, 46.42765, 2.158939, 1.646691, 21.70268
 
21.4304, -0.03678237, -0.1328325, 7.753067, 0, 0.2574772656868945332116605846, 711.6895, -950.5809, -2.947957, 0.01947593, 0.1574723, 46.35595, 2.158939, 1.646691, 21.70268
 
21.4404, -0.03689194, -0.1332003, 7.740809, 0, 0.25879211582381779769149, 709.4669, -950.5809, -2.947957, 0.01947593, 0.1574723, 46.28436, 2.158939, 1.646691, 21.70268
 
21.4504, -0.037002, -0.1335692, 7.728571, 0, 0.26011452567405487314427, 707.2511, -950.5809, -2.947957, 0.01947593, 0.1574723, 46.21287, 2.158939, 1.646691, 21.70268
 
21.4604, -0.03711282, -0.1339393, 7.716352, 0, 0.2614452152103004273532194154, 705.0425, -950.5809, -2.947957, 0.01947593, 0.1574723, 46.1415, 2.158939, 1.646691, 21.70268
 
21.4704, -0.03722275, -0.1343104, 7.704156, 0, 0.26277914462368188621123, 702.8409, -950.5809, -2.947957, 0.01947593, 0.1574723, 46.07024, 2.158939, 1.646691, 21.70268
 
21.4804, -0.03733349, -0.1346826, 7.691978, 0, 0.26412180370600711614726, 700.646, -950.5809, -2.947957, 0.01947593, 0.1574723, 45.99907, 2.158939, 1.646691, 21.70268
 
21.4904, -0.0374449, -0.135056, 7.679821, 0, 0.2654724724845796494463494154, 698.4584, -950.5809, -2.947957, 0.01947593, 0.1574723, 45.92804, 2.158939, 1.646691, 21.70268
 
21.5004, -0.03755562, -0.1354304, 7.667686, 0, 0.2668272811061586720382, 696.2778, -950.5809, -2.947957, 0.01947593, 0.1574723, 45.85711, 2.158939, 1.646691, 21.70268
 
21.5104, -0.03766695, -0.135806, 7.65557, 0, 0.26819009942398499799311, 694.1038, -950.5809, -2.947957, 0.01947593, 0.1574723, 45.78629, 2.158939, 1.646691, 21.70268
 
21.5204, -0.03777905, -0.1361826, 7.643474, 0, 0.26956146741758187806317, 691.9371, -950.5809, -2.947957, 0.01947593, 0.1574723, 45.71558, 2.158939, 1.646691, 21.70268
 
21.5304, -0.03789037, -0.1365604, 7.631401, 0, 0.27093661526783521363677, 689.7773, -950.5809, -2.947957, 0.01947593, 0.1574723, 45.64499, 2.158939, 1.646691, 21.70268
 
21.5404, -0.03800231, -0.1369393, 7.619345, 0, 0.2723199528075117694339105846, 687.6242, -950.5809, -2.947957, 0.01947593, 0.1574723, 45.57451, 2.158939, 1.646691, 21.70268
 
21.5504, -0.03811503, -0.1373194, 7.607315, 0, 0.27371184002295707941446, 685.4786, -950.5809, -2.947957, 0.01947593, 0.1574723, 45.50415, 2.158939, 1.646691, 21.70268
 
21.5604, -0.03822706, -0.1377005, 7.595301, 0, 0.27510804707458209565064, 683.3395, -950.5809, -2.947957, 0.01947593, 0.1574723, 45.4339, 2.158939, 1.646691, 21.70268
 
21.5704, -0.0383397, -0.1380828, 7.583308, 0, 0.2765124438156303321103605846, 681.2072, -950.5809, -2.947957, 0.01947593, 0.1574723, 45.36376, 2.158939, 1.646691, 21.70268
 
21.5804, -0.03845278, -0.1384662, 7.571341, 0, 0.2779244002699887796795494154, 679.0825, -950.5809, -2.947957, 0.01947593, 0.1574723, 45.29374, 2.158939, 1.646691, 21.70268
 
21.5904, -0.03856537, -0.1388507, 7.559389, 0, 0.27934121654005108422233, 676.9642, -950.5809, -2.947957, 0.01947593, 0.1574723, 45.22384, 2.158939, 1.646691, 21.70268
 
21.6004, -0.03867849, -0.1392364, 7.547461, 0, 0.2807661325029468506266694154, 674.8528, -950.5809, -2.947957, 0.01947593, 0.1574723, 45.15405, 2.158939, 1.646691, 21.70268
 
21.6104, -0.0387924, -0.1396232, 7.535556, 0, 0.2821998681313752465051394154, 672.7488, -950.5809, -2.947957, 0.01947593, 0.1574723, 45.08438, 2.158939, 1.646691, 21.70268
 
21.6204, -0.03890564, -0.1400111, 7.523669, 0, 0.2836378335993953902089994154, 670.6514, -950.5809, -2.947957, 0.01947593, 0.1574723, 45.01483, 2.158939, 1.646691, 21.70268
 
21.6304, -0.03901934, -0.1404001, 7.511803, 0, 0.2850838987602525956379005846, 668.5607, -950.5809, -2.947957, 0.01947593, 0.1574723, 44.94539, 2.158939, 1.646691, 21.70268
 
21.6404, -0.03913385, -0.1407903, 7.49996, 0, 0.28653878358663883067745, 666.4774, -950.5809, -2.947957, 0.01947593, 0.1574723, 44.87608, 2.158939, 1.646691, 21.70268
 
21.6504, -0.03924761, -0.1411816, 7.488141, 0, 0.28799780825603065504389, 664.401, -950.5809, -2.947957, 0.01947593, 0.1574723, 44.80688, 2.158939, 1.646691, 21.70268
 
21.6604, -0.03936201, -0.1415741, 7.476341, 0, 0.28946538260119303352548, 662.3314, -950.5809, -2.947957, 0.01947593, 0.1574723, 44.73781, 2.158939, 1.646691, 21.70268
 
21.6704, -0.03947657, -0.1419677, 7.464562, 0, 0.2909400666767321307264294154, 660.2687, -950.5809, -2.947957, 0.01947593, 0.1574723, 44.66885, 2.158939, 1.646691, 21.70268
 
21.6804, -0.03959123, -0.1423625, 7.452807, 0, 0.29242159049288947115124, 658.213, -950.5809, -2.947957, 0.01947593, 0.1574723, 44.60002, 2.158939, 1.646691, 21.70268
 
21.6904, -0.03970587, -0.1427584, 7.441073, 0, 0.2939095040667279625463205846, 656.1641, -950.5809, -2.947957, 0.01947593, 0.1574723, 44.5313, 2.158939, 1.646691, 21.70268
 
21.7004, -0.03982066, -0.1431555, 7.42936, 0, 0.2954046173675284311933894154, 654.1222, -950.5809, -2.947957, 0.01947593, 0.1574723, 44.46271, 2.158939, 1.646691, 21.70268
 
21.7104, -0.03993559, -0.1435537, 7.417672, 0, 0.29690666040553510149456, 652.0873, -950.5809, -2.947957, 0.01947593, 0.1574723, 44.39424, 2.158939, 1.646691, 21.70268
 
21.7204, -0.04005074, -0.143953, 7.406001, 0, 0.2984160831636796659082, 650.059, -950.5809, -2.947957, 0.01947593, 0.1574723, 44.32589, 2.158939, 1.646691, 21.70268
 
21.7304, -0.0401662, -0.1443535, 7.394356, 0, 0.2999332456283121582235305846, 648.0378, -950.5809, -2.947957, 0.01947593, 0.1574723, 44.25766, 2.158939, 1.646691, 21.70268
 
21.7404, -0.04028178, -0.1447552, 7.382731, 0, 0.30145733783014635236361, 646.0234, -950.5809, -2.947957, 0.01947593, 0.1574723, 44.18956, 2.158939, 1.646691, 21.70268
 
21.7504, -0.04039742, -0.145158, 7.37113, 0, 0.30298844976577200669042, 644.016, -950.5809, -2.947957, 0.01947593, 0.1574723, 44.12158, 2.158939, 1.646691, 21.70268
 
21.7604, -0.04051323, -0.145562, 7.359549, 0, 0.30452676142836233816683, 642.0153, -950.5809, -2.947957, 0.01947593, 0.1574723, 44.05373, 2.158939, 1.646691, 21.70268
 
21.7704, -0.040629, -0.1459671, 7.347993, 0, 0.30607155284522087907788, 640.0217, -950.5809, -2.947957, 0.01947593, 0.1574723, 43.986, 2.158939, 1.646691, 21.70268
 
21.7804, -0.04074521, -0.1463734, 7.336457, 0, 0.30762471394467585717534, 638.0347, -950.5809, -2.947957, 0.01947593, 0.1574723, 43.91839, 2.158939, 1.646691, 21.70268
 
21.7904, -0.04086138, -0.1467809, 7.324945, 0, 0.3091843547983981447415694154, 636.0549, -950.5809, -2.947957, 0.01947593, 0.1574723, 43.85092, 2.158939, 1.646691, 21.70268
 
21.8004, -0.04097776, -0.1471895, 7.313457, 0, 0.31075146536884808478225, 634.0819, -950.5809, -2.947957, 0.01947593, 0.1574723, 43.78357, 2.158939, 1.646691, 21.70268
 
21.8104, -0.04109434, -0.1475993, 7.301991, 0, 0.31232613565261003586414, 632.1158, -950.5809, -2.947957, 0.01947593, 0.1574723, 43.71634, 2.158939, 1.646691, 21.70268
 
21.8204, -0.04121102, -0.1480102, 7.290547, 0, 0.31390791566674960563126, 630.1564, -950.5809, -2.947957, 0.01947593, 0.1574723, 43.64924, 2.158939, 1.646691, 21.70268
 
21.8304, -0.04132786, -0.1484223, 7.279125, 0, 0.31549707540102796947672, 628.2038, -950.5809, -2.947957, 0.01947593, 0.1574723, 43.58227, 2.158939, 1.646691, 21.70268
 
21.8404, -0.04144469, -0.1488356, 7.267727, 0, 0.3170930748759227766143, 626.2582, -950.5809, -2.947957, 0.01947593, 0.1574723, 43.51543, 2.158939, 1.646691, 21.70268
 
21.8504, -0.04156182, -0.1492501, 7.256352, 0, 0.31869699405047872861644, 624.3194, -950.5809, -2.947957, 0.01947593, 0.1574723, 43.44872, 2.158939, 1.646691, 21.70268
 
21.8604, -0.04167894, -0.1496657, 7.245002, 0, 0.3203075729724761070160894154, 622.3876, -950.5809, -2.947957, 0.01947593, 0.1574723, 43.38213, 2.158939, 1.646691, 21.70268
 
21.87041, -0.04179633, -0.1500825, 7.233672, 0, 0.32192616159072348867641, 620.4624, -950.5809, -2.947957, 0.01947593, 0.1574723, 43.31568, 2.158939, 1.646691, 21.70268
 
21.88041, -0.04191396, -0.1505004, 7.222367, 0, 0.32355248991545699830668, 618.5441, -950.5809, -2.947957, 0.01947593, 0.1574723, 43.24936, 2.158939, 1.646691, 21.70268
 
21.89041, -0.04203149, -0.1509196, 7.211086, 0, 0.32518529799445871737159, 616.6329, -950.5809, -2.947957, 0.01947593, 0.1574723, 43.18317, 2.158939, 1.646691, 21.70268
 
21.90041, -0.04214935, -0.1513399, 7.199826, 0, 0.3268262957628818567282994154, 614.7282, -950.5809, -2.947957, 0.01947593, 0.1574723, 43.11711, 2.158939, 1.646691, 21.70268
 
21.91041, -0.0422672, -0.1517614, 7.188591, 0, 0.32847413327192323930887, 612.8305, -950.5809, -2.947957, 0.01947593, 0.1574723, 43.05118, 2.158939, 1.646691, 21.70268
 
21.92041, -0.04238525, -0.1521841, 7.177382, 0, 0.3301297104874516498252605846, 610.9398, -950.5809, -2.947957, 0.01947593, 0.1574723, 42.98539, 2.158939, 1.646691, 21.70268
 
21.93041, -0.04250328, -0.1526079, 7.166194, 0, 0.3317922174401817621664, 609.0557, -950.5809, -2.947957, 0.01947593, 0.1574723, 42.91972, 2.158939, 1.646691, 21.70268
 
21.94041, -0.04262147, -0.1530329, 7.155031, 0, 0.33346228410622568548049, 607.1785, -950.5809, -2.947957, 0.01947593, 0.1574723, 42.85419, 2.158939, 1.646691, 21.70268
 
21.95041, -0.04273994, -0.1534591, 7.143893, 0, 0.33514018047534369519477, 605.3083, -950.5809, -2.947957, 0.01947593, 0.1574723, 42.78881, 2.158939, 1.646691, 21.70268
 
21.96041, -0.04285842, -0.1538865, 7.132775, 0, 0.3368253665680143404888905846, 603.4446, -950.5809, -2.947957, 0.01947593, 0.1574723, 42.72355, 2.158939, 1.646691, 21.70268
 
21.97041, -0.04297698, -0.1543151, 7.121685, 0, 0.3385178423842340214993694154, 601.5879, -950.5809, -2.947957, 0.01947593, 0.1574723, 42.65842, 2.158939, 1.646691, 21.70268
 
21.98041, -0.04309565, -0.1547449, 7.11062, 0, 0.3402176979205960964516705846, 599.7381, -950.5809, -2.947957, 0.01947593, 0.1574723, 42.59344, 2.158939, 1.646691, 21.70268
 
21.99041, -0.04321451, -0.1551758, 7.099574, 0, 0.34192547315661661637092, 597.8948, -950.5809, -2.947957, 0.01947593, 0.1574723, 42.52859, 2.158939, 1.646691, 21.70268
 
22.00041, -0.04333327, -0.155608, 7.088556, 0, 0.34363990814008036261942, 596.0585, -950.5809, -2.947957, 0.01947593, 0.1574723, 42.46387, 2.158939, 1.646691, 21.70268
 
22.01041, -0.04345213, -0.1560413, 7.077561, 0, 0.3453617228436820029803894154, 594.229, -950.5809, -2.947957, 0.01947593, 0.1574723, 42.3993, 2.158939, 1.646691, 21.70268
 
22.02041, -0.04357114, -0.1564758, 7.066592, 0, 0.34709127725377247120892, 592.4063, -950.5809, -2.947957, 0.01947593, 0.1574723, 42.33486, 2.158939, 1.646691, 21.70268
 
22.03041, -0.04369014, -0.1569116, 7.055648, 0, 0.34882785139765259969244, 590.5905, -950.5809, -2.947957, 0.01947593, 0.1574723, 42.27057, 2.158939, 1.646691, 21.70268
 
22.04041, -0.04380932, -0.1573485, 7.044726, 0, 0.35057234524119387304052, 588.7813, -950.5809, -2.947957, 0.01947593, 0.1574723, 42.20641, 2.158939, 1.646691, 21.70268
 
22.05041, -0.04392875, -0.1577865, 7.033832, 0, 0.3523247587843971912190305846, 586.9791, -950.5809, -2.947957, 0.01947593, 0.1574723, 42.14239, 2.158939, 1.646691, 21.70268
 
22.06041, -0.04404809, -0.1582258, 7.022962, 0, 0.35408410206480221122229, 585.1837, -950.5809, -2.947957, 0.01947593, 0.1574723, 42.07851, 2.158939, 1.646691, 21.70268
 
22.07041, -0.04416754, -0.1586663, 7.012115, 0, 0.3558510050585210421985, 583.3949, -950.5809, -2.947957, 0.01947593, 0.1574723, 42.01477, 2.158939, 1.646691, 21.70268
 
22.08041, -0.04428695, -0.159108, 7.001294, 0, 0.3576249277860313333614405846, 581.6129, -950.5809, -2.947957, 0.01947593, 0.1574723, 41.95118, 2.158939, 1.646691, 21.70268
 
22.09041, -0.04440657, -0.1595508, 6.990498, 0, 0.3594067702132009694572, 579.8376, -950.5809, -2.947957, 0.01947593, 0.1574723, 41.88773, 2.158939, 1.646691, 21.70268
 
22.10041, -0.04452628, -0.1599949, 6.979728, 0, 0.36119626235027147499028, 578.0693, -950.5809, -2.947957, 0.01947593, 0.1574723, 41.82442, 2.158939, 1.646691, 21.70268
 
22.11041, -0.04464598, -0.1604402, 6.968984, 0, 0.3629927742211316407783494154, 576.3078, -950.5809, -2.947957, 0.01947593, 0.1574723, 41.76125, 2.158939, 1.646691, 21.70268
 
22.12041, -0.0447657, -0.1608866, 6.958264, 0, 0.3647966658121333005423705846, 574.553, -950.5809, -2.947957, 0.01947593, 0.1574723, 41.69823, 2.158939, 1.646691, 21.70268
 
22.13041, -0.04488535, -0.1613343, 6.947571, 0, 0.36660757713692282062964, 572.8049, -950.5809, -2.947957, 0.01947593, 0.1574723, 41.63535, 2.158939, 1.646691, 21.70268
 
22.14041, -0.04500509, -0.1617831, 6.936901, 0, 0.3684259581784399931913605846, 571.0635, -950.5809, -2.947957, 0.01947593, 0.1574723, 41.57262, 2.158939, 1.646691, 21.70268
 
22.15041, -0.04512501, -0.1622332, 6.926259, 0, 0.37025234891620356915027, 569.3289, -950.5809, -2.947957, 0.01947593, 0.1574723, 41.51003, 2.158939, 1.646691, 21.70268
 
22.16041, -0.04524481, -0.1626844, 6.915642, 0, 0.3720853994014112714043005846, 567.6011, -950.5809, -2.947957, 0.01947593, 0.1574723, 41.44759, 2.158939, 1.646691, 21.70268
 
22.17041, -0.04536469, -0.1631369, 6.905051, 0, 0.3739260995965180431639105846, 565.8801, -950.5809, -2.947957, 0.01947593, 0.1574723, 41.38529, 2.158939, 1.646691, 21.70268
 
22.18041, -0.0454846, -0.1635905, 6.894485, 0, 0.37577417951176270903599, 564.1658, -950.5809, -2.947957, 0.01947593, 0.1574723, 41.32315, 2.158939, 1.646691, 21.70268
 
22.19041, -0.04560454, -0.1640454, 6.883945, 0, 0.37762963914714706895228, 562.4581, -950.5809, -2.947957, 0.01947593, 0.1574723, 41.26115, 2.158939, 1.646691, 21.70268
 
22.20041, -0.04572444, -0.1645014, 6.873434, 0, 0.37949211851632198908943, 560.7575, -950.5809, -2.947957, 0.01947593, 0.1574723, 41.1993, 2.158939, 1.646691, 21.70268
 
22.21041, -0.0458444, -0.1649587, 6.862946, 0, 0.3813621575988107201995305846, 559.0634, -950.5809, -2.947957, 0.01947593, 0.1574723, 41.1376, 2.158939, 1.646691, 21.70268
 
22.22041, -0.04596436, -0.1654171, 6.852488, 0, 0.3832394864048484870259894154, 557.3762, -950.5809, -2.947957, 0.01947593, 0.1574723, 41.07605, 2.158939, 1.646691, 21.70268
 
22.23041, -0.04608441, -0.1658768, 6.842052, 0, 0.3851243749242009647912694154, 555.6956, -950.5809, -2.947957, 0.01947593, 0.1574723, 41.01465, 2.158939, 1.646691, 21.70268
 
22.24041, -0.04620437, -0.1663376, 6.831646, 0, 0.3870162831773440027774094154, 554.0217, -950.5809, -2.947957, 0.01947593, 0.1574723, 40.9534, 2.158939, 1.646691, 21.70268
 
22.25041, -0.04632447, -0.1667996, 6.821265, 0, 0.38891584114038791020087, 552.3547, -950.5809, -2.947957, 0.01947593, 0.1574723, 40.8923, 2.158939, 1.646691, 21.70268
 
22.26041, -0.04644457, -0.1672629, 6.810911, 0, 0.3908228688201558702352994154, 550.6943, -950.5809, -2.947957, 0.01947593, 0.1574723, 40.83136, 2.158939, 1.646691, 21.70268
 
22.27041, -0.04656458, -0.1677273, 6.800585, 0, 0.3927367362405429734594605846, 549.0407, -950.5809, -2.947957, 0.01947593, 0.1574723, 40.77057, 2.158939, 1.646691, 21.70268
 
22.28041, -0.04668462, -0.168193, 6.790285, 0, 0.3946580733776523293628494154, 547.3937, -950.5809, -2.947957, 0.01947593, 0.1574723, 40.70993, 2.158939, 1.646691, 21.70268
 
22.29041, -0.0468048, -0.1686598, 6.780011, 0, 0.39658724021783847156404, 545.7535, -950.5809, -2.947957, 0.01947593, 0.1574723, 40.64944, 2.158939, 1.646691, 21.70268
 
22.30042, -0.04692473, -0.1691279, 6.769763, 0, 0.39852270681911780630526, 544.1198, -950.5809, -2.947957, 0.01947593, 0.1574723, 40.58911, 2.158939, 1.646691, 21.70268
 
22.31042, -0.04704465, -0.1695971, 6.759544, 0, 0.4004653731473627181619505846, 542.493, -950.5809, -2.947957, 0.01947593, 0.1574723, 40.52894, 2.158939, 1.646691, 21.70268
 
22.32042, -0.04716459, -0.1700676, 6.749354, 0, 0.4024153291991566657349994154, 540.8731, -950.5809, -2.947957, 0.01947593, 0.1574723, 40.46892, 2.158939, 1.646691, 21.70268
 
22.33042, -0.04728446, -0.1705392, 6.739189, 0, 0.40437239498133093189089, 539.2596, -950.5809, -2.947957, 0.01947593, 0.1574723, 40.40906, 2.158939, 1.646691, 21.70268
 
22.34042, -0.04740442, -0.1710121, 6.729052, 0, 0.4063370204768181090538605846, 537.653, -950.5809, -2.947957, 0.01947593, 0.1574723, 40.34936, 2.158939, 1.646691, 21.70268
 
22.35042, -0.04752421, -0.1714861, 6.718943, 0, 0.40830830571974581264847, 536.053, -950.5809, -2.947957, 0.01947593, 0.1574723, 40.28981, 2.158939, 1.646691, 21.70268
 
22.36042, -0.04764397, -0.1719614, 6.708863, 0, 0.4102866106964658763956805846, 534.4598, -950.5809, -2.947957, 0.01947593, 0.1574723, 40.23043, 2.158939, 1.646691, 21.70268
 
22.37042, -0.04776371, -0.1724378, 6.698811, 0, 0.41227211540014881736075, 532.8734, -950.5809, -2.947957, 0.01947593, 0.1574723, 40.1712, 2.158939, 1.646691, 21.70268
 
22.38042, -0.04788335, -0.1729154, 6.688785, 0, 0.41426445984444910158381, 531.2936, -950.5809, -2.947957, 0.01947593, 0.1574723, 40.11214, 2.158939, 1.646691, 21.70268
 
22.39042, -0.04800293, -0.1733943, 6.678788, 0, 0.4162638240225408459936005846, 529.7205, -950.5809, -2.947957, 0.01947593, 0.1574723, 40.05323, 2.158939, 1.646691, 21.70268
 
22.40042, -0.04812254, -0.1738743, 6.668817, 0, 0.41827065791735664301436, 528.1538, -950.5809, -2.947957, 0.01947593, 0.1574723, 39.99448, 2.158939, 1.646691, 21.70268
 
22.41042, -0.04824196, -0.1743555, 6.658878, 0, 0.42028379157326743250689, 526.5942, -950.5809, -2.947957, 0.01947593, 0.1574723, 39.9359, 2.158939, 1.646691, 21.70268
 
22.42042, -0.04836156, -0.1748379, 6.648963, 0, 0.42230502492201348379272, 525.041, -950.5809, -2.947957, 0.01947593, 0.1574723, 39.87748, 2.158939, 1.646691, 21.70268
 
22.43042, -0.04848084, -0.1753216, 6.63908, 0, 0.4243321080489183352626, 523.4946, -950.5809, -2.947957, 0.01947593, 0.1574723, 39.81922, 2.158939, 1.646691, 21.70268
 
22.44042, -0.04860003, -0.1758064, 6.629224, 0, 0.42636594091985257156023, 521.9548, -950.5809, -2.947957, 0.01947593, 0.1574723, 39.76112, 2.158939, 1.646691, 21.70268
 
22.45042, -0.04871917, -0.1762924, 6.619395, 0, 0.42840688352116442654309, 520.4216, -950.5809, -2.947957, 0.01947593, 0.1574723, 39.70319, 2.158939, 1.646691, 21.70268
 
22.46042, -0.04883836, -0.1767796, 6.609598, 0, 0.43045511584602801713992, 518.8953, -950.5809, -2.947957, 0.01947593, 0.1574723, 39.64543, 2.158939, 1.646691, 21.70268
 
22.47042, -0.04895726, -0.177268, 6.599829, 0, 0.4325093779422254248154105846, 517.3755, -950.5809, -2.947957, 0.01947593, 0.1574723, 39.58783, 2.158939, 1.646691, 21.70268
 
22.48042, -0.04907614, -0.1777575, 6.59009, 0, 0.43457056977562453431565, 515.8626, -950.5809, -2.947957, 0.01947593, 0.1574723, 39.5304, 2.158939, 1.646691, 21.70268
 
22.49042, -0.04919499, -0.1782483, 6.580378, 0, 0.4366388713394012625011194154, 514.3562, -950.5809, -2.947957, 0.01947593, 0.1574723, 39.47314, 2.158939, 1.646691, 21.70268
 
22.50042, -0.04931366, -0.1787402, 6.570697, 0, 0.4387135626608600416227294154, 512.8565, -950.5809, -2.947957, 0.01947593, 0.1574723, 39.41603, 2.158939, 1.646691, 21.70268
 
22.51042, -0.04943214, -0.1792334, 6.561041, 0, 0.4407945537434129132502394154, 511.3633, -950.5809, -2.947957, 0.01947593, 0.1574723, 39.35911, 2.158939, 1.646691, 21.70268
 
22.52042, -0.04955056, -0.1797277, 6.55142, 0, 0.44288229456999606967137, 509.877, -950.5809, -2.947957, 0.01947593, 0.1574723, 39.30235, 2.158939, 1.646691, 21.70268
 
22.53042, -0.04966885, -0.1802232, 6.541825, 0, 0.4449766951440197525241394154, 508.3972, -950.5809, -2.947957, 0.01947593, 0.1574723, 39.24576, 2.158939, 1.646691, 21.70268
 
22.54042, -0.04978694, -0.1807199, 6.53226, 0, 0.44707730548255226935018, 506.924, -950.5809, -2.947957, 0.01947593, 0.1574723, 39.18933, 2.158939, 1.646691, 21.70268
 
22.55042, -0.04990489, -0.1812177, 6.522725, 0, 0.44918421558217797871625, 505.4576, -950.5809, -2.947957, 0.01947593, 0.1574723, 39.13309, 2.158939, 1.646691, 21.70268
 
22.56042, -0.0500228, -0.1817168, 6.51322, 0, 0.45129814541559424830318, 503.9977, -950.5809, -2.947957, 0.01947593, 0.1574723, 39.07701, 2.158939, 1.646691, 21.70268
 
22.57042, -0.05014032, -0.182217, 6.503744, 0, 0.45341738504764696728794, 502.5445, -950.5809, -2.947957, 0.01947593, 0.1574723, 39.0211, 2.158939, 1.646691, 21.70268
 
22.58042, -0.05025785, -0.1827184, 6.4943, 0, 0.4555435544169022880633194154, 501.0981, -950.5809, -2.947957, 0.01947593, 0.1574723, 38.96537, 2.158939, 1.646691, 21.70268
 
22.59042, -0.05037525, -0.183221, 6.484885, 0, 0.4576761135438396597748394154, 499.6582, -950.5809, -2.947957, 0.01947593, 0.1574723, 38.90982, 2.158939, 1.646691, 21.70268
 
22.60042, -0.05049229, -0.1837248, 6.4755, 0, 0.4598141624625884977788, 498.2248, -950.5809, -2.947957, 0.01947593, 0.1574723, 38.85443, 2.158939, 1.646691, 21.70268
 
22.61042, -0.0506094, -0.1842297, 6.466143, 0, 0.4619595011048890713967305846, 496.798, -950.5809, -2.947957, 0.01947593, 0.1574723, 38.79922, 2.158939, 1.646691, 21.70268
 
22.62042, -0.05072616, -0.1847358, 6.45682, 0, 0.4641099695526510775178805846, 495.3781, -950.5809, -2.947957, 0.01947593, 0.1574723, 38.74419, 2.158939, 1.646691, 21.70268
 
22.63042, -0.05084278, -0.185243, 6.447528, 0, 0.46626682775809333464343, 493.9648, -950.5809, -2.947957, 0.01947593, 0.1574723, 38.68933, 2.158939, 1.646691, 21.70268
 
22.64042, -0.05095917, -0.1857515, 6.438264, 0, 0.4684295357416952919189, 492.5579, -950.5809, -2.947957, 0.01947593, 0.1574723, 38.63465, 2.158939, 1.646691, 21.70268
 
22.65042, -0.05107526, -0.1862611, 6.429032, 0, 0.47059764352052075705657, 491.1578, -950.5809, -2.947957, 0.01947593, 0.1574723, 38.58015, 2.158939, 1.646691, 21.70268
 
22.66042, -0.05119124, -0.1867718, 6.41983, 0, 0.47277214105702737316451, 489.7642, -950.5809, -2.947957, 0.01947593, 0.1574723, 38.52583, 2.158939, 1.646691, 21.70268
 
22.67042, -0.05130713, -0.1872837, 6.410661, 0, 0.4749530283512142402768494154, 488.3773, -950.5809, -2.947957, 0.01947593, 0.1574723, 38.47168, 2.158939, 1.646691, 21.70268
 
22.68042, -0.05142277, -0.1877968, 6.401521, 0, 0.4771394054372134736475, 486.997, -950.5809, -2.947957, 0.01947593, 0.1574723, 38.41772, 2.158939, 1.646691, 21.70268
 
22.69042, -0.05153805, -0.188311, 6.392414, 0, 0.47933100232526119798574, 485.6233, -950.5809, -2.947957, 0.01947593, 0.1574723, 38.36393, 2.158939, 1.646691, 21.70268
 
22.70042, -0.05165303, -0.1888264, 6.383336, 0, 0.4815279090119462716876805846, 484.2561, -950.5809, -2.947957, 0.01947593, 0.1574723, 38.31033, 2.158939, 1.646691, 21.70268
 
22.71042, -0.05176791, -0.1893429, 6.374291, 0, 0.4837309354665486210691694154, 482.8957, -950.5809, -2.947957, 0.01947593, 0.1574723, 38.25691, 2.158939, 1.646691, 21.70268
 
22.72042, -0.05188236, -0.1898606, 6.365277, 0, 0.48593864174368071049551, 481.5417, -950.5809, -2.947957, 0.01947593, 0.1574723, 38.20367, 2.158939, 1.646691, 21.70268
 
22.73042, -0.0519966, -0.1903795, 6.356297, 0, 0.4881520178057974831771605846, 480.1946, -950.5809, -2.947957, 0.01947593, 0.1574723, 38.15062, 2.158939, 1.646691, 21.70268
 
22.74043, -0.05211063, -0.1908994, 6.347345, 0, 0.4903708836597239222195105846, 478.8539, -950.5809, -2.947957, 0.01947593, 0.1574723, 38.09775, 2.158939, 1.646691, 21.70268
 
22.75043, -0.05222443, -0.1914205, 6.338427, 0, 0.49259523930546002762256, 477.5198, -950.5809, -2.947957, 0.01947593, 0.1574723, 38.04507, 2.158939, 1.646691, 21.70268
 
22.76043, -0.05233778, -0.1919428, 6.329542, 0, 0.49482391478737583928124, 476.1924, -950.5809, -2.947957, 0.01947593, 0.1574723, 37.99257, 2.158939, 1.646691, 21.70268
 
22.77043, -0.05245093, -0.1924661, 6.320688, 0, 0.4970581700576901756967305846, 474.8716, -950.5809, -2.947957, 0.01947593, 0.1574723, 37.94026, 2.158939, 1.646691, 21.70268
 
22.78043, -0.05256376, -0.1929906, 6.311866, 0, 0.49929737514029092772083, 473.5573, -950.5809, -2.947957, 0.01947593, 0.1574723, 37.88813, 2.158939, 1.646691, 21.70268
 
22.79043, -0.05267626, -0.1935163, 6.303075, 0, 0.5015414400385928368209094154, 472.2495, -950.5809, -2.947957, 0.01947593, 0.1574723, 37.83619, 2.158939, 1.646691, 21.70268
 
22.80043, -0.05278854, -0.194043, 6.294319, 0, 0.5037906347423579783559494154, 470.9484, -950.5809, -2.947957, 0.01947593, 0.1574723, 37.78444, 2.158939, 1.646691, 21.70268
 
22.81043, -0.05290043, -0.1945709, 6.285595, 0, 0.5060444192720631015738594154, 469.6539, -950.5809, -2.947957, 0.01947593, 0.1574723, 37.73288, 2.158939, 1.646691, 21.70268
 
22.82043, -0.05301204, -0.1950999, 6.276903, 0, 0.50830306361747028183362, 468.3658, -950.5809, -2.947957, 0.01947593, 0.1574723, 37.68151, 2.158939, 1.646691, 21.70268
 
22.83043, -0.05312334, -0.1956301, 6.268244, 0, 0.51056638778540360227475, 467.0845, -950.5809, -2.947957, 0.01947593, 0.1574723, 37.63033, 2.158939, 1.646691, 21.70268
 
22.84043, -0.05323417, -0.1961613, 6.259618, 0, 0.5128337617997536536466594154, 465.8097, -950.5809, -2.947957, 0.01947593, 0.1574723, 37.57934, 2.158939, 1.646691, 21.70268
 
22.85043, -0.05334464, -0.1966936, 6.251025, 0, 0.51510554564687136970444, 464.5414, -950.5809, -2.947957, 0.01947593, 0.1574723, 37.52855, 2.158939, 1.646691, 21.70268
 
22.86043, -0.05345495, -0.1972271, 6.242465, 0, 0.51738245929945051826544, 463.2798, -950.5809, -2.947957, 0.01947593, 0.1574723, 37.47794, 2.158939, 1.646691, 21.70268
 
22.87043, -0.05356477, -0.1977616, 6.233938, 0, 0.5196631528086870222958505846, 462.0246, -950.5809, -2.947957, 0.01947593, 0.1574723, 37.42753, 2.158939, 1.646691, 21.70268
 
22.88043, -0.05367411, -0.1982973, 6.225444, 0, 0.52194744618140406496932, 460.7761, -950.5809, -2.947957, 0.01947593, 0.1574723, 37.37731, 2.158939, 1.646691, 21.70268
 
22.89043, -0.05378314, -0.198834, 6.216983, 0, 0.5242362393834740308612894154, 459.534, -950.5809, -2.947957, 0.01947593, 0.1574723, 37.32729, 2.158939, 1.646691, 21.70268
 
22.90043, -0.05389179, -0.1993718, 6.208557, 0, 0.52652899243537636911728, 458.2986, -950.5809, -2.947957, 0.01947593, 0.1574723, 37.27747, 2.158939, 1.646691, 21.70268
 
22.91043, -0.05400002, -0.1999108, 6.200166, 0, 0.52882543534734720444657, 457.0699, -950.5809, -2.947957, 0.01947593, 0.1574723, 37.22784, 2.158939, 1.646691, 21.70268
 
22.92043, -0.05410783, -0.2004508, 6.191806, 0, 0.5311257481125606537778994154, 455.8475, -950.5809, -2.947957, 0.01947593, 0.1574723, 37.1784, 2.158939, 1.646691, 21.70268
 
22.93043, -0.05421534, -0.2009918, 6.183481, 0, 0.5334302007207796924361194154, 454.6318, -950.5809, -2.947957, 0.01947593, 0.1574723, 37.12917, 2.158939, 1.646691, 21.70268
 
22.94043, -0.05432237, -0.201534, 6.175191, 0, 0.5357379832027198942760294154, 453.4226, -950.5809, -2.947957, 0.01947593, 0.1574723, 37.08013, 2.158939, 1.646691, 21.70268
 
22.95043, -0.05442892, -0.2020772, 6.166936, 0, 0.53804891556520804233476, 452.2201, -950.5809, -2.947957, 0.01947593, 0.1574723, 37.0313, 2.158939, 1.646691, 21.70268
 
22.96043, -0.05453498, -0.2026215, 6.158711, 0, 0.54036317780141645360931, 451.0238, -950.5809, -2.947957, 0.01947593, 0.1574723, 36.98266, 2.158939, 1.646691, 21.70268
 
22.97043, -0.05464063, -0.2031669, 6.150526, 0, 0.5426806799147598695670505846, 449.8344, -950.5809, -2.947957, 0.01947593, 0.1574723, 36.93422, 2.158939, 1.646691, 21.70268
 
22.98043, -0.05474579, -0.2037133, 6.142372, 0, 0.5450012419120605734157594154, 448.6514, -950.5809, -2.947957, 0.01947593, 0.1574723, 36.88599, 2.158939, 1.646691, 21.70268
 
22.99043, -0.05485053, -0.2042607, 6.134253, 0, 0.54732513378308514034377, 447.4749, -950.5809, -2.947957, 0.01947593, 0.1574723, 36.83796, 2.158939, 1.646691, 21.70268
 
23.00043, -0.05495479, -0.2048092, 6.126169, 0, 0.5496519055448937781998794154, 446.305, -950.5809, -2.947957, 0.01947593, 0.1574723, 36.79012, 2.158939, 1.646691, 21.70268
 
23.01043, -0.05505846, -0.2053588, 6.118118, 0, 0.5519811072145556944915905846, 445.1414, -950.5809, -2.947957, 0.01947593, 0.1574723, 36.74249, 2.158939, 1.646691, 21.70268
 
23.02043, -0.05516161, -0.2059094, 6.110105, 0, 0.55431264879547843095931, 443.9846, -950.5809, -2.947957, 0.01947593, 0.1574723, 36.69507, 2.158939, 1.646691, 21.70268
 
23.03043, -0.05526427, -0.206461, 6.102126, 0, 0.556646890274013821324, 442.8343, -950.5809, -2.947957, 0.01947593, 0.1574723, 36.64785, 2.158939, 1.646691, 21.70268
 
23.04043, -0.05536643, -0.2070136, 6.094182, 0, 0.55898365165698684869105, 441.6904, -950.5809, -2.947957, 0.01947593, 0.1574723, 36.60084, 2.158939, 1.646691, 21.70268
 
23.05043, -0.05546807, -0.2075673, 6.086274, 0, 0.5613227529512224961658494154, 440.5532, -950.5809, -2.947957, 0.01947593, 0.1574723, 36.55404, 2.158939, 1.646691, 21.70268
 
23.06043, -0.05556919, -0.208122, 6.078402, 0, 0.5636640141635484467513994154, 439.4225, -950.5809, -2.947957, 0.01947593, 0.1574723, 36.50744, 2.158939, 1.646691, 21.70268
 
23.07043, -0.05566967, -0.2086777, 6.070565, 0, 0.56600698531102940812585, 438.2983, -950.5809, -2.947957, 0.01947593, 0.1574723, 36.46105, 2.158939, 1.646691, 21.70268
 
23.08043, -0.05576973, -0.2092344, 6.062762, 0, 0.5683525663595332650352894154, 437.1805, -950.5809, -2.947957, 0.01947593, 0.1574723, 36.41487, 2.158939, 1.646691, 21.70268
 
23.09043, -0.0558692, -0.209792, 6.054996, 0, 0.57069976734660597423513, 436.0693, -950.5809, -2.947957, 0.01947593, 0.1574723, 36.36889, 2.158939, 1.646691, 21.70268
 
23.10043, -0.05596806, -0.2103507, 6.047266, 0, 0.57304840827907071889902, 434.9646, -950.5809, -2.947957, 0.01947593, 0.1574723, 36.32314, 2.158939, 1.646691, 21.70268
 
23.11043, -0.05606628, -0.2109104, 6.039573, 0, 0.5753983991603422404943305846, 433.8665, -950.5809, -2.947957, 0.01947593, 0.1574723, 36.27758, 2.158939, 1.646691, 21.70268
 
23.12043, -0.056164, -0.2114711, 6.031916, 0, 0.5777501899733522314794294154, 432.7749, -950.5809, -2.947957, 0.01947593, 0.1574723, 36.23224, 2.158939, 1.646691, 21.70268
 
23.13043, -0.05626102, -0.2120327, 6.024293, 0, 0.58010279075564844854147, 431.6897, -950.5809, -2.947957, 0.01947593, 0.1574723, 36.18712, 2.158939, 1.646691, 21.70268
 
23.14043, -0.05635747, -0.2125953, 6.016709, 0, 0.58245674148674964260319, 430.6111, -950.5809, -2.947957, 0.01947593, 0.1574723, 36.1422, 2.158939, 1.646691, 21.70268
 
23.15043, -0.05645322, -0.2131589, 6.009161, 0, 0.5848113221939602459155, 429.5389, -950.5809, -2.947957, 0.01947593, 0.1574723, 36.0975, 2.158939, 1.646691, 21.70268
 
23.16043, -0.0565483, -0.2137234, 6.001649, 0, 0.5871665328772802584784, 428.4733, -950.5809, -2.947957, 0.01947593, 0.1574723, 36.05302, 2.158939, 1.646691, 21.70268
 
23.17043, -0.05664288, -0.2142889, 5.994175, 0, 0.5895230935094052480409794154, 427.4142, -950.5809, -2.947957, 0.01947593, 0.1574723, 36.00875, 2.158939, 1.646691, 21.70268
 
23.18044, -0.05673667, -0.2148553, 5.986736, 0, 0.5918796541415311375694294154, 426.3615, -950.5809, -2.947957, 0.01947593, 0.1574723, 35.96469, 2.158939, 1.646691, 21.70268
 
23.19044, -0.05682981, -0.2154227, 5.979336, 0, 0.5942365747600070608871005846, 425.3155, -950.5809, -2.947957, 0.01947593, 0.1574723, 35.92086, 2.158939, 1.646691, 21.70268
 
23.20044, -0.05692222, -0.215991, 5.971972, 0, 0.5965934953784811842730305846, 424.2758, -950.5809, -2.947957, 0.01947593, 0.1574723, 35.87724, 2.158939, 1.646691, 21.70268
 
23.21044, -0.0570139, -0.2165602, 5.964645, 0, 0.59895023600378029076435, 423.2427, -950.5809, -2.947957, 0.01947593, 0.1574723, 35.83384, 2.158939, 1.646691, 21.70268
 
23.22044, -0.05710478, -0.2171304, 5.957356, 0, 0.60130652664614500489969, 422.216, -950.5809, -2.947957, 0.01947593, 0.1574723, 35.79065, 2.158939, 1.646691, 21.70268
 
23.23044, -0.05719504, -0.2177014, 5.950103, 0, 0.60366299728168383596377, 421.1958, -950.5809, -2.947957, 0.01947593, 0.1574723, 35.7477, 2.158939, 1.646691, 21.70268
 
23.24044, -0.05728462, -0.2182734, 5.942889, 0, 0.60601928792404855009911, 420.1821, -950.5809, -2.947957, 0.01947593, 0.1574723, 35.70495, 2.158939, 1.646691, 21.70268
 
23.25044, -0.05737337, -0.2188462, 5.935712, 0, 0.60837449860736856266201, 419.175, -950.5809, -2.947957, 0.01947593, 0.1574723, 35.66243, 2.158939, 1.646691, 21.70268
 
23.26044, -0.05746133, -0.2194199, 5.928575, 0, 0.6107287193282300321509694154, 418.1743, -950.5809, -2.947957, 0.01947593, 0.1574723, 35.62013, 2.158939, 1.646691, 21.70268
 
23.27044, -0.05754856, -0.2199946, 5.921473, 0, 0.6130823100729829923552094154, 417.18, -950.5809, -2.947957, 0.01947593, 0.1574723, 35.57806, 2.158939, 1.646691, 21.70268
 
23.28044, -0.05763496, -0.22057, 5.914409, 0, 0.61543455086893097555977, 416.1922, -950.5809, -2.947957, 0.01947593, 0.1574723, 35.53621, 2.158939, 1.646691, 21.70268
 
23.29044, -0.05772053, -0.2211464, 5.907386, 0, 0.6177851717263110064398, 415.211, -950.5809, -2.947957, 0.01947593, 0.1574723, 35.49458, 2.158939, 1.646691, 21.70268
 
23.30044, -0.05780534, -0.2217236, 5.9004, 0, 0.62013462262805927728302, 414.2362, -950.5809, -2.947957, 0.01947593, 0.1574723, 35.45317, 2.158939, 1.646691, 21.70268
 
23.31044, -0.0578893, -0.2223017, 5.893453, 0, 0.62248227359806637883884, 413.2679, -950.5809, -2.947957, 0.01947593, 0.1574723, 35.41199, 2.158939, 1.646691, 21.70268
 
23.32044, -0.05797236, -0.2228806, 5.886543, 0, 0.62482776464998407724978, 412.306, -950.5809, -2.947957, 0.01947593, 0.1574723, 35.37104, 2.158939, 1.646691, 21.70268
 
23.33044, -0.05805454, -0.2234603, 5.879673, 0, 0.62717100578722531405147, 411.3506, -950.5809, -2.947957, 0.01947593, 0.1574723, 35.33031, 2.158939, 1.646691, 21.70268
 
23.34044, -0.05813586, -0.2240408, 5.87284, 0, 0.62951199700979008924391, 410.4017, -950.5809, -2.947957, 0.01947593, 0.1574723, 35.28982, 2.158939, 1.646691, 21.70268
 
23.35044, -0.05821636, -0.2246222, 5.866047, 0, 0.63185091831085251975584, 409.4592, -950.5809, -2.947957, 0.01947593, 0.1574723, 35.24955, 2.158939, 1.646691, 21.70268
 
23.36044, -0.05829598, -0.2252043, 5.859292, 0, 0.63418731970747731326541, 408.5231, -950.5809, -2.947957, 0.01947593, 0.1574723, 35.20951, 2.158939, 1.646691, 21.70268
 
23.37044, -0.05837473, -0.2257873, 5.852578, 0, 0.6365210212064912528097505846, 407.5937, -950.5809, -2.947957, 0.01947593, 0.1574723, 35.1697, 2.158939, 1.646691, 21.70268
 
23.38044, -0.05845243, -0.2263711, 5.845904, 0, 0.63885094284884693691881, 406.6707, -950.5809, -2.947957, 0.01947593, 0.1574723, 35.13013, 2.158939, 1.646691, 21.70268
 
23.39044, -0.05852916, -0.2269556, 5.839267, 0, 0.6411776246140703162422905846, 405.7541, -950.5809, -2.947957, 0.01947593, 0.1574723, 35.09078, 2.158939, 1.646691, 21.70268
 
23.40044, -0.05860503, -0.2275409, 5.83267, 0, 0.64350133649191896630982, 404.8439, -950.5809, -2.947957, 0.01947593, 0.1574723, 35.05167, 2.158939, 1.646691, 21.70268
 
23.41044, -0.05867989, -0.2281269, 5.826112, 0, 0.6458210885199388438768105846, 403.9402, -950.5809, -2.947957, 0.01947593, 0.1574723, 35.01279, 2.158939, 1.646691, 21.70268
 
23.42044, -0.05875386, -0.2287137, 5.819596, 0, 0.64813751067423575833037, 403.043, -950.5809, -2.947957, 0.01947593, 0.1574723, 34.97414, 2.158939, 1.646691, 21.70268
 
23.43044, -0.05882681, -0.2293013, 5.813118, 0, 0.65044988298211594185315, 402.1522, -950.5809, -2.947957, 0.01947593, 0.1574723, 34.93573, 2.158939, 1.646691, 21.70268
 
23.44044, -0.05889877, -0.2298895, 5.806681, 0, 0.65275802545040437755054, 401.2678, -950.5809, -2.947957, 0.01947593, 0.1574723, 34.89754, 2.158939, 1.646691, 21.70268
 
23.45044, -0.05896966, -0.2304785, 5.800282, 0, 0.65506157809275283156506, 400.3898, -950.5809, -2.947957, 0.01947593, 0.1574723, 34.8596, 2.158939, 1.646691, 21.70268
 
23.46044, -0.05903954, -0.2310682, 5.793924, 0, 0.65736045091257424543234, 399.5184, -950.5809, -2.947957, 0.01947593, 0.1574723, 34.8219, 2.158939, 1.646691, 21.70268
 
23.47044, -0.05910828, -0.2316586, 5.787607, 0, 0.6596541039303453684002894154, 398.6534, -950.5809, -2.947957, 0.01947593, 0.1574723, 34.78443, 2.158939, 1.646691, 21.70268
 
23.48044, -0.05917587, -0.2322497, 5.78133, 0, 0.66194217715972066650904, 397.7948, -950.5809, -2.947957, 0.01947593, 0.1574723, 34.7472, 2.158939, 1.646691, 21.70268
 
23.49044, -0.05924249, -0.2328414, 5.775094, 0, 0.6642254805699800660744394154, 396.9427, -950.5809, -2.947957, 0.01947593, 0.1574723, 34.71021, 2.158939, 1.646691, 21.70268
 
23.50044, -0.05930804, -0.2334339, 5.768898, 0, 0.66650356417819187463812, 396.097, -950.5809, -2.947957, 0.01947593, 0.1574723, 34.67345, 2.158939, 1.646691, 21.70268
 
23.51044, -0.05937242, -0.234027, 5.762744, 0, 0.66877534802530869073003, 395.2578, -950.5809, -2.947957, 0.01947593, 0.1574723, 34.63694, 2.158939, 1.646691, 21.70268
 
23.52044, -0.05943565, -0.2346207, 5.756629, 0, 0.67104128209426670663789, 394.4249, -950.5809, -2.947957, 0.01947593, 0.1574723, 34.60067, 2.158939, 1.646691, 21.70268
 
23.53044, -0.05949783, -0.235215, 5.750556, 0, 0.6733013663850659223617, 393.5985, -950.5809, -2.947957, 0.01947593, 0.1574723, 34.56464, 2.158939, 1.646691, 21.70268
 
23.54044, -0.05955879, -0.23581, 5.744524, 0, 0.67555461093524869479339, 392.7786, -950.5809, -2.947957, 0.01947593, 0.1574723, 34.52885, 2.158939, 1.646691, 21.70268
 
23.55044, -0.05961855, -0.2364056, 5.738533, 0, 0.6778011957379882408958294154, 391.965, -950.5809, -2.947957, 0.01947593, 0.1574723, 34.49331, 2.158939, 1.646691, 21.70268
 
23.56044, -0.05967714, -0.2370018, 5.732583, 0, 0.68004103079670020210226, 391.1578, -950.5809, -2.947957, 0.01947593, 0.1574723, 34.45801, 2.158939, 1.646691, 21.70268
 
23.57044, -0.05973454, -0.2375986, 5.726677, 0, 0.6822736661284456862273494154, 390.3573, -950.5809, -2.947957, 0.01947593, 0.1574723, 34.42295, 2.158939, 1.646691, 21.70268
 
23.58044, -0.05979057, -0.2381959, 5.720809, 0, 0.68449838176053182541962, 389.5629, -950.5809, -2.947957, 0.01947593, 0.1574723, 34.38813, 2.158939, 1.646691, 21.70268
 
23.59044, -0.0598454, -0.2387938, 5.714984, 0, 0.68671553767930415363894, 388.7751, -950.5809, -2.947957, 0.01947593, 0.1574723, 34.35357, 2.158939, 1.646691, 21.70268
 
23.60044, -0.05989892, -0.2393923, 5.7092, 0, 0.68892468390182827852933, 387.9936, -950.5809, -2.947957, 0.01947593, 0.1574723, 34.31924, 2.158939, 1.646691, 21.70268
 
23.61045, -0.05995115, -0.2399912, 5.70346, 0, 0.69112537044516890776894, 387.2186, -950.5809, -2.947957, 0.01947593, 0.1574723, 34.28517, 2.158939, 1.646691, 21.70268
 
23.62045, -0.0600021, -0.2405908, 5.697761, 0, 0.69331786729908721675088, 386.4501, -950.5809, -2.947957, 0.01947593, 0.1574723, 34.25135, 2.158939, 1.646691, 21.70268
 
23.63045, -0.0600518, -0.2411908, 5.692104, 0, 0.6955020844669952470449094154, 385.688, -950.5809, -2.947957, 0.01947593, 0.1574723, 34.21778, 2.158939, 1.646691, 21.70268
 
23.64045, -0.06010012, -0.2417913, 5.68649, 0, 0.6976771219830260138708105846, 384.9323, -950.5809, -2.947957, 0.01947593, 0.1574723, 34.18445, 2.158939, 1.646691, 21.70268
 
23.65045, -0.06014699, -0.2423923, 5.680916, 0, 0.6998426198608249836100094154, 384.1829, -950.5809, -2.947957, 0.01947593, 0.1574723, 34.15137, 2.158939, 1.646691, 21.70268
 
23.66045, -0.06019261, -0.2429938, 5.675387, 0, 0.70199929807309492373856, 383.4401, -950.5809, -2.947957, 0.01947593, 0.1574723, 34.11855, 2.158939, 1.646691, 21.70268
 
23.67045, -0.06023674, -0.2435957, 5.669899, 0, 0.7041458966676134158918, 382.7035, -950.5809, -2.947957, 0.01947593, 0.1574723, 34.08597, 2.158939, 1.646691, 21.70268
 
23.68045, -0.06027949, -0.2441981, 5.664454, 0, 0.70628250564096841849997, 381.9734, -950.5809, -2.947957, 0.01947593, 0.1574723, 34.05364, 2.158939, 1.646691, 21.70268
 
23.69045, -0.06032079, -0.2448009, 5.659051, 0, 0.70840894499998581463433, 381.2497, -950.5809, -2.947957, 0.01947593, 0.1574723, 34.02157, 2.158939, 1.646691, 21.70268
 
23.70045, -0.0603606, -0.2454041, 5.65369, 0, 0.7105245847685570950101605846, 380.5323, -950.5809, -2.947957, 0.01947593, 0.1574723, 33.98975, 2.158939, 1.646691, 21.70268
 
23.71045, -0.06039901, -0.2460077, 5.648375, 0, 0.71262996492620191051607, 379.8214, -950.5809, -2.947957, 0.01947593, 0.1574723, 33.95818, 2.158939, 1.646691, 21.70268
 
23.72045, -0.06043582, -0.2466117, 5.643101, 0, 0.7147235555309438671212505846, 379.1169, -950.5809, -2.947957, 0.01947593, 0.1574723, 33.92687, 2.158939, 1.646691, 21.70268
 
23.73045, -0.06047118, -0.247216, 5.637872, 0, 0.71680607655547583267718, 378.4189, -950.5809, -2.947957, 0.01947593, 0.1574723, 33.89582, 2.158939, 1.646691, 21.70268
 
23.74045, -0.06050517, -0.2478208, 5.632683, 0, 0.71887806797932285786769, 377.7271, -950.5809, -2.947957, 0.01947593, 0.1574723, 33.86502, 2.158939, 1.646691, 21.70268
 
23.75045, -0.0605375, -0.2484258, 5.62754, 0, 0.7209374598809816980464, 377.0419, -950.5809, -2.947957, 0.01947593, 0.1574723, 33.83448, 2.158939, 1.646691, 21.70268
 
23.76045, -0.06056825, -0.2490312, 5.622441, 0, 0.7229847022433867455692894154, 376.3631, -950.5809, -2.947957, 0.01947593, 0.1574723, 33.80419, 2.158939, 1.646691, 21.70268
 
23.77045, -0.06059749, -0.2496369, 5.617383, 0, 0.72501997505971481726271, 375.6905, -950.5809, -2.947957, 0.01947593, 0.1574723, 33.77417, 2.158939, 1.646691, 21.70268
 
23.78045, -0.06062513, -0.2502429, 5.61237, 0, 0.72704273835044086244283, 375.0244, -950.5809, -2.947957, 0.01947593, 0.1574723, 33.74439, 2.158939, 1.646691, 21.70268
 
23.79045, -0.06065109, -0.2508491, 5.607401, 0, 0.7290520921496942964659494154, 374.3646, -950.5809, -2.947957, 0.01947593, 0.1574723, 33.71488, 2.158939, 1.646691, 21.70268
 
23.80045, -0.06067538, -0.2514556, 5.602477, 0, 0.7310480364574787191955505846, 373.7113, -950.5809, -2.947957, 0.01947593, 0.1574723, 33.68563, 2.158939, 1.646691, 21.70268
 
23.81045, -0.06069799, -0.2520624, 5.597595, 0, 0.73303048127720167237204, 373.0643, -950.5809, -2.947957, 0.01947593, 0.1574723, 33.65664, 2.158939, 1.646691, 21.70268
 
23.82045, -0.06071891, -0.2526693, 5.592758, 0, 0.73499888662934440507268, 372.4237, -950.5809, -2.947957, 0.01947593, 0.1574723, 33.62791, 2.158939, 1.646691, 21.70268
 
23.83045, -0.06073811, -0.2532765, 5.587965, 0, 0.7369531625173180589013594154, 371.7896, -950.5809, -2.947957, 0.01947593, 0.1574723, 33.59944, 2.158939, 1.646691, 21.70268
 
23.84045, -0.0607556, -0.2538839, 5.583217, 0, 0.7388931289479521167928205846, 371.1618, -950.5809, -2.947957, 0.01947593, 0.1574723, 33.57123, 2.158939, 1.646691, 21.70268
 
23.85045, -0.06077139, -0.2544914, 5.578512, 0, 0.7408188759178273374503394154, 370.5403, -950.5809, -2.947957, 0.01947593, 0.1574723, 33.54329, 2.158939, 1.646691, 21.70268
 
23.86045, -0.06078534, -0.2550991, 5.573851, 0, 0.7427292334713191605640705846, 369.9252, -950.5809, -2.947957, 0.01947593, 0.1574723, 33.5156, 2.158939, 1.646691, 21.70268
 
23.87045, -0.06079751, -0.255707, 5.569237, 0, 0.7446241116118333279426794154, 369.3166, -950.5809, -2.947957, 0.01947593, 0.1574723, 33.48819, 2.158939, 1.646691, 21.70268
 
23.88045, -0.06080785, -0.256315, 5.564666, 0, 0.74650351033937613934726, 368.7143, -950.5809, -2.947957, 0.01947593, 0.1574723, 33.46103, 2.158939, 1.646691, 21.70268
 
23.89045, -0.06081632, -0.256923, 5.560141, 0, 0.74836679967783458566374, 368.1184, -950.5809, -2.947957, 0.01947593, 0.1574723, 33.43414, 2.158939, 1.646691, 21.70268
 
23.90045, -0.06082286, -0.2575312, 5.555658, 0, 0.7502135296442751745020105846, 367.5287, -950.5809, -2.947957, 0.01947593, 0.1574723, 33.40752, 2.158939, 1.646691, 21.70268
 
23.91045, -0.06082769, -0.2581395, 5.551222, 0, 0.7520446002045666905740305846, 366.9456, -950.5809, -2.947957, 0.01947593, 0.1574723, 33.38117, 2.158939, 1.646691, 21.70268
 
23.92045, -0.06083059, -0.2587477, 5.546833, 0, 0.75385866140990325691425, 366.3689, -950.5809, -2.947957, 0.01947593, 0.1574723, 33.35508, 2.158939, 1.646691, 21.70268
 
23.93045, -0.06083152, -0.259356, 5.542488, 0, 0.7556554432705263980271705846, 365.7986, -950.5809, -2.947957, 0.01947593, 0.1574723, 33.32927, 2.158939, 1.646691, 21.70268
 
23.94045, -0.06083044, -0.2599643, 5.538188, 0, 0.75743458580008428019183, 365.2345, -950.5809, -2.947957, 0.01947593, 0.1574723, 33.30371, 2.158939, 1.646691, 21.70268
 
23.95045, -0.06082742, -0.2605726, 5.533932, 0, 0.75919599900199254484147, 364.6768, -950.5809, -2.947957, 0.01947593, 0.1574723, 33.27843, 2.158939, 1.646691, 21.70268
 
23.96045, -0.06082244, -0.2611809, 5.529723, 0, 0.76093968287625029201022, 364.1255, -950.5809, -2.947957, 0.01947593, 0.1574723, 33.25341, 2.158939, 1.646691, 21.70268
 
23.97045, -0.06081532, -0.2617891, 5.525559, 0, 0.76266428747405164473253, 363.5806, -950.5809, -2.947957, 0.01947593, 0.1574723, 33.22867, 2.158939, 1.646691, 21.70268
 
23.98045, -0.06080627, -0.2623973, 5.52144, 0, 0.76437098275102836304521, 363.042, -950.5809, -2.947957, 0.01947593, 0.1574723, 33.20419, 2.158939, 1.646691, 21.70268
 
23.99045, -0.06079511, -0.2630053, 5.517369, 0, 0.76605832876178751151834, 362.5098, -950.5809, -2.947957, 0.01947593, 0.1574723, 33.17999, 2.158939, 1.646691, 21.70268
 
24.00045, -0.06078181, -0.2636133, 5.51334, 0, 0.76772623550974203168755, 361.9838, -950.5809, -2.947957, 0.01947593, 0.1574723, 33.15606, 2.158939, 1.646691, 21.70268
 
24.01045, -0.06076632, -0.2642211, 5.50936, 0, 0.76937398302219545583788, 361.4644, -950.5809, -2.947957, 0.01947593, 0.1574723, 33.1324, 2.158939, 1.646691, 21.70268
 
24.02045, -0.06074879, -0.2648288, 5.505424, 0, 0.77100247126501836861303, 360.9512, -950.5809, -2.947957, 0.01947593, 0.1574723, 33.10901, 2.158939, 1.646691, 21.70268
 
24.03045, -0.06072901, -0.2654363, 5.501536, 0, 0.77261008029964371765434, 360.4445, -950.5809, -2.947957, 0.01947593, 0.1574723, 33.0859, 2.158939, 1.646691, 21.70268
 
24.04045, -0.06070703, -0.2660435, 5.497693, 0, 0.7741969901192447199246794154, 359.9441, -950.5809, -2.947957, 0.01947593, 0.1574723, 33.06306, 2.158939, 1.646691, 21.70268
 
24.05046, -0.06068293, -0.2666506, 5.493897, 0, 0.7757635607101732091450105846, 359.4501, -950.5809, -2.947957, 0.01947593, 0.1574723, 33.04049, 2.158939, 1.646691, 21.70268
 
24.06046, -0.06065648, -0.2672575, 5.490147, 0, 0.7773083521270317500560605846, 358.9623, -950.5809, -2.947957, 0.01947593, 0.1574723, 33.0182, 2.158939, 1.646691, 21.70268
 
24.07046, -0.06062786, -0.267864, 5.486443, 0, 0.77883217433910476880303, 358.4809, -950.5809, -2.947957, 0.01947593, 0.1574723, 32.99618, 2.158939, 1.646691, 21.70268
 
24.08046, -0.06059681, -0.2684703, 5.482785, 0, 0.780333407407827012959, 358.0059, -950.5809, -2.947957, 0.01947593, 0.1574723, 32.97444, 2.158939, 1.646691, 21.70268
 
24.09046, -0.0605636, -0.2690763, 5.479175, 0, 0.7818132212888302425607805846, 357.5372, -950.5809, -2.947957, 0.01947593, 0.1574723, 32.95297, 2.158939, 1.646691, 21.70268
 
24.10046, -0.06052789, -0.2696819, 5.475611, 0, 0.78326963605719647149462, 357.0749, -950.5809, -2.947957, 0.01947593, 0.1574723, 32.93179, 2.158939, 1.646691, 21.70268
 
24.11046, -0.06048993, -0.2702872, 5.472094, 0, 0.7847037316719740011964405846, 356.619, -950.5809, -2.947957, 0.01947593, 0.1574723, 32.91088, 2.158939, 1.646691, 21.70268
 
24.12046, -0.06044944, -0.2708921, 5.468623, 0, 0.78611415818435335483721, 356.1693, -950.5809, -2.947957, 0.01947593, 0.1574723, 32.89024, 2.158939, 1.646691, 21.70268
 
24.13046, -0.06040651, -0.2714966, 5.465201, 0, 0.78750055560798899845706, 355.7262, -950.5809, -2.947957, 0.01947593, 0.1574723, 32.86988, 2.158939, 1.646691, 21.70268
 
24.14046, -0.06036118, -0.2721006, 5.461823, 0, 0.78886364391557649980508, 355.2892, -950.5809, -2.947957, 0.01947593, 0.1574723, 32.84981, 2.158939, 1.646691, 21.70268
 
24.15046, -0.06031343, -0.2727042, 5.458494, 0, 0.79020288312759350809505, 354.8586, -950.5809, -2.947957, 0.01947593, 0.1574723, 32.83001, 2.158939, 1.646691, 21.70268
 
24.16046, -0.06026302, -0.2733074, 5.455212, 0, 0.79151665330547297096831, 354.4344, -950.5809, -2.947957, 0.01947593, 0.1574723, 32.81049, 2.158939, 1.646691, 21.70268
 
24.17046, -0.06021017, -0.27391, 5.451976, 0, 0.79280621440143370692604, 354.0165, -950.5809, -2.947957, 0.01947593, 0.1574723, 32.79126, 2.158939, 1.646691, 21.70268
 
24.18046, -0.06015467, -0.2745121, 5.448789, 0, 0.7940699464769095635754505846, 353.605, -950.5809, -2.947957, 0.01947593, 0.1574723, 32.7723, 2.158939, 1.646691, 21.70268
 
24.19046, -0.06009665, -0.2751137, 5.445648, 0, 0.79530856950459430873389, 353.1998, -950.5809, -2.947957, 0.01947593, 0.1574723, 32.75362, 2.158939, 1.646691, 21.70268
 
24.20046, -0.06003598, -0.2757146, 5.442554, 0, 0.7965213635117950745498805846, 352.8008, -950.5809, -2.947957, 0.01947593, 0.1574723, 32.73522, 2.158939, 1.646691, 21.70268
 
24.21046, -0.05997263, -0.276315, 5.439508, 0, 0.7977074285326367765503694154, 352.4083, -950.5809, -2.947957, 0.01947593, 0.1574723, 32.71711, 2.158939, 1.646691, 21.70268
 
24.22046, -0.05990659, -0.2769147, 5.436508, 0, 0.7988672145500610068183005846, 352.0219, -950.5809, -2.947957, 0.01947593, 0.1574723, 32.69928, 2.158939, 1.646691, 21.70268
 
24.23046, -0.05983792, -0.2775138, 5.433558, 0, 0.80000018158453911480636, 351.6421, -950.5809, -2.947957, 0.01947593, 0.1574723, 32.68173, 2.158939, 1.646691, 21.70268
 
24.24046, -0.05976641, -0.2781121, 5.430655, 0, 0.80110542967020411573433, 351.2686, -950.5809, -2.947957, 0.01947593, 0.1574723, 32.66446, 2.158939, 1.646691, 21.70268
 
24.25046, -0.05969222, -0.2787098, 5.427801, 0, 0.8021836787797515773513, 350.9014, -950.5809, -2.947957, 0.01947593, 0.1574723, 32.64748, 2.158939, 1.646691, 21.70268
 
24.26046, -0.05961524, -0.2793067, 5.424993, 0, 0.8032340289473100150476994154, 350.5405, -950.5809, -2.947957, 0.01947593, 0.1574723, 32.63078, 2.158939, 1.646691, 21.70268
 
24.27046, -0.05953531, -0.2799029, 5.422235, 0, 0.80425531021725036868433, 350.186, -950.5809, -2.947957, 0.01947593, 0.1574723, 32.61437, 2.158939, 1.646691, 21.70268
 
24.28046, -0.05945258, -0.2804982, 5.419522, 0, 0.80524842255544052300728, 349.8378, -950.5809, -2.947957, 0.01947593, 0.1574723, 32.59824, 2.158939, 1.646691, 21.70268
 
24.29046, -0.05936695, -0.2810928, 5.416859, 0, 0.80621264598918491026746, 349.4958, -950.5809, -2.947957, 0.01947593, 0.1574723, 32.58239, 2.158939, 1.646691, 21.70268
 
24.30046, -0.05927844, -0.2816864, 5.414242, 0, 0.8071478005253085135702594154, 349.1602, -950.5809, -2.947957, 0.01947593, 0.1574723, 32.56683, 2.158939, 1.646691, 21.70268
 
24.31046, -0.05918691, -0.2822792, 5.411675, 0, 0.8080527162081813728106094154, 348.831, -950.5809, -2.947957, 0.01947593, 0.1574723, 32.55156, 2.158939, 1.646691, 21.70268
 
24.32046, -0.05909238, -0.2828711, 5.409155, 0, 0.80892775302415172184599, 348.508, -950.5809, -2.947957, 0.01947593, 0.1574723, 32.53657, 2.158939, 1.646691, 21.70268
 
24.33046, -0.05899486, -0.283462, 5.406683, 0, 0.8097725509868686269213094154, 348.1913, -950.5809, -2.947957, 0.01947593, 0.1574723, 32.52187, 2.158939, 1.646691, 21.70268
 
24.34046, -0.05889433, -0.284052, 5.404262, 0, 0.81058702009974862943568, 347.8811, -950.5809, -2.947957, 0.01947593, 0.1574723, 32.50745, 2.158939, 1.646691, 21.70268
 
24.35046, -0.05879072, -0.2846409, 5.401887, 0, 0.81137044039009256177653, 347.5771, -950.5809, -2.947957, 0.01947593, 0.1574723, 32.49332, 2.158939, 1.646691, 21.70268
 
24.36046, -0.05868403, -0.2852288, 5.39956, 0, 0.81212272186131426544536, 347.2794, -950.5809, -2.947957, 0.01947593, 0.1574723, 32.47948, 2.158939, 1.646691, 21.70268
 
24.37046, -0.05857423, -0.2858157, 5.397284, 0, 0.81284350452706550658469, 346.9881, -950.5809, -2.947957, 0.01947593, 0.1574723, 32.46593, 2.158939, 1.646691, 21.70268
 
24.38046, -0.05846129, -0.2864014, 5.395054, 0, 0.8135323384044100929067994154, 346.7032, -950.5809, -2.947957, 0.01947593, 0.1574723, 32.45267, 2.158939, 1.646691, 21.70268
 
24.39046, -0.05834513, -0.286986, 5.392874, 0, 0.8141888635070015904859494154, 346.4245, -950.5809, -2.947957, 0.01947593, 0.1574723, 32.4397, 2.158939, 1.646691, 21.70268
 
24.40046, -0.05822577, -0.2875694, 5.390742, 0, 0.8148128998416658823934, 346.1521, -950.5809, -2.947957, 0.01947593, 0.1574723, 32.42701, 2.158939, 1.646691, 21.70268
 
24.41046, -0.05810313, -0.2881517, 5.388659, 0, 0.8154039074288779179453194154, 345.8861, -950.5809, -2.947957, 0.01947593, 0.1574723, 32.41462, 2.158939, 1.646691, 21.70268
 
24.42046, -0.05797721, -0.2887327, 5.386625, 0, 0.81596179627205423854082, 345.6264, -950.5809, -2.947957, 0.01947593, 0.1574723, 32.40251, 2.158939, 1.646691, 21.70268
 
24.43046, -0.05784795, -0.2893125, 5.38464, 0, 0.8164859363950827350317, 345.373, -950.5809, -2.947957, 0.01947593, 0.1574723, 32.39069, 2.158939, 1.646691, 21.70268
 
24.44046, -0.05771532, -0.289891, 5.382703, 0, 0.81697614780479019045509, 345.1259, -950.5809, -2.947957, 0.01947593, 0.1574723, 32.37916, 2.158939, 1.646691, 21.70268
 
24.45046, -0.05757924, -0.2904681, 5.380815, 0, 0.81743198051824131248914, 344.885, -950.5809, -2.947957, 0.01947593, 0.1574723, 32.36792, 2.158939, 1.646691, 21.70268
 
24.46046, -0.05743976, -0.2910439, 5.378975, 0, 0.8178530745490869673104994154, 344.6505, -950.5809, -2.947957, 0.01947593, 0.1574723, 32.35698, 2.158939, 1.646691, 21.70268
 
24.47046, -0.05729681, -0.2916183, 5.377184, 0, 0.8182391599075695793895405846, 344.4224, -950.5809, -2.947957, 0.01947593, 0.1574723, 32.34632, 2.158939, 1.646691, 21.70268
 
24.48046, -0.0571504, -0.2921913, 5.375443, 0, 0.8185903265902717073612805846, 344.2005, -950.5809, -2.947957, 0.01947593, 0.1574723, 32.33596, 2.158939, 1.646691, 21.70268
 
24.49047, -0.05700054, -0.2927628, 5.373753, 0, 0.81890612461425895886974, 343.9851, -950.5809, -2.947957, 0.01947593, 0.1574723, 32.32589, 2.158939, 1.646691, 21.70268
 
24.50047, -0.05684708, -0.2933328, 5.372108, 0, 0.81918619399318489998918, 343.7758, -950.5809, -2.947957, 0.01947593, 0.1574723, 32.3161, 2.158939, 1.646691, 21.70268
 
24.51047, -0.05669005, -0.2939013, 5.370516, 0, 0.8194299947475271799333805846, 343.573, -950.5809, -2.947957, 0.01947593, 0.1574723, 32.30661, 2.158939, 1.646691, 21.70268
 
24.52047, -0.0565294, -0.2944682, 5.368971, 0, 0.81963734688410898187599, 343.3763, -950.5809, -2.947957, 0.01947593, 0.1574723, 32.29742, 2.158939, 1.646691, 21.70268
 
24.53047, -0.0563651, -0.2950335, 5.367476, 0, 0.81980789041658477185714, 343.1861, -950.5809, -2.947957, 0.01947593, 0.1574723, 32.28851, 2.158939, 1.646691, 21.70268
 
24.54047, -0.05619712, -0.2955971, 5.366029, 0, 0.8199414453517804329480905846, 343.0021, -950.5809, -2.947957, 0.01947593, 0.1574723, 32.2799, 2.158939, 1.646691, 21.70268
 
24.55047, -0.0560254, -0.2961591, 5.364632, 0, 0.82003765170334503139375, 342.8243, -950.5809, -2.947957, 0.01947593, 0.1574723, 32.27158, 2.158939, 1.646691, 21.70268
 
24.56047, -0.05584994, -0.2967193, 5.363284, 0, 0.8200959694917598162713805846, 342.653, -950.5809, -2.947957, 0.01947593, 0.1574723, 32.26355, 2.158939, 1.646691, 21.70268
 
24.57047, -0.05567069, -0.2972778, 5.361986, 0, 0.8201164887136073462159994154, 342.4879, -950.5809, -2.947957, 0.01947593, 0.1574723, 32.25582, 2.158939, 1.646691, 21.70268
 
24.58047, -0.05548762, -0.2978345, 5.360736, 0, 0.82009866938937067023661, 342.3291, -950.5809, -2.947957, 0.01947593, 0.1574723, 32.24837, 2.158939, 1.646691, 21.70268
 
24.59047, -0.05530067, -0.2983894, 5.359537, 0, 0.82004206153611089614788, 342.1766, -950.5809, -2.947957, 0.01947593, 0.1574723, 32.24123, 2.158939, 1.646691, 21.70268
 
24.60047, -0.05510988, -0.2989424, 5.358387, 0, 0.81994684514700304084442, 342.0305, -950.5809, -2.947957, 0.01947593, 0.1574723, 32.23438, 2.158939, 1.646691, 21.70268
 
24.61047, -0.05491513, -0.2994936, 5.357285, 0, 0.81981239024593769507564, 341.8905, -950.5809, -2.947957, 0.01947593, 0.1574723, 32.22781, 2.158939, 1.646691, 21.70268
 
24.62047, -0.05471642, -0.3000427, 5.356232, 0, 0.8196383368465657250181894154, 341.7569, -950.5809, -2.947957, 0.01947593, 0.1574723, 32.22155, 2.158939, 1.646691, 21.70268
 
24.63047, -0.05451375, -0.3005899, 5.35523, 0, 0.81942459495230277210531, 341.6296, -950.5809, -2.947957, 0.01947593, 0.1574723, 32.21557, 2.158939, 1.646691, 21.70268
 
24.64047, -0.05430705, -0.301135, 5.354276, 0, 0.81917098456997201951065, 341.5086, -950.5809, -2.947957, 0.01947593, 0.1574723, 32.2099, 2.158939, 1.646691, 21.70268
 
24.65047, -0.05409632, -0.3016781, 5.353374, 0, 0.81887696572005201641386, 341.394, -950.5809, -2.947957, 0.01947593, 0.1574723, 32.20451, 2.158939, 1.646691, 21.70268
 
24.66047, -0.05388149, -0.302219, 5.352521, 0, 0.8185423584093686458862, 341.2856, -950.5809, -2.947957, 0.01947593, 0.1574723, 32.19942, 2.158939, 1.646691, 21.70268
 
24.67047, -0.05366248, -0.3027579, 5.351717, 0, 0.8181667126549857156399494154, 341.1835, -950.5809, -2.947957, 0.01947593, 0.1574723, 32.19463, 2.158939, 1.646691, 21.70268
 
24.68047, -0.05343932, -0.3032945, 5.350961, 0, 0.8177499384603179671424794154, 341.0877, -950.5809, -2.947957, 0.01947593, 0.1574723, 32.19013, 2.158939, 1.646691, 21.70268
 
24.69047, -0.05321197, -0.3038289, 5.350257, 0, 0.81729176583560422500068, 340.9982, -950.5809, -2.947957, 0.01947593, 0.1574723, 32.18592, 2.158939, 1.646691, 21.70268
 
24.70047, -0.0529804, -0.304361, 5.349601, 0, 0.81679201478766857235407, 340.915, -950.5809, -2.947957, 0.01947593, 0.1574723, 32.18201, 2.158939, 1.646691, 21.70268
 
24.71047, -0.05274454, -0.3048908, 5.348995, 0, 0.8162501453369895583823, 340.8381, -950.5809, -2.947957, 0.01947593, 0.1574723, 32.1784, 2.158939, 1.646691, 21.70268
 
24.72047, -0.0525044, -0.3054182, 5.34844, 0, 0.8156661574835662831194994154, 340.7675, -950.5809, -2.947957, 0.01947593, 0.1574723, 32.17508, 2.158939, 1.646691, 21.70268
 
24.73047, -0.0522599, -0.3059433, 5.347933, 0, 0.8150396012444652541755594154, 340.7032, -950.5809, -2.947957, 0.01947593, 0.1574723, 32.17205, 2.158939, 1.646691, 21.70268
 
24.74047, -0.05201104, -0.3064659, 5.347477, 0, 0.8143702966265132545876105846, 340.6452, -950.5809, -2.947957, 0.01947593, 0.1574723, 32.16932, 2.158939, 1.646691, 21.70268
 
24.75047, -0.05175775, -0.306986, 5.347068, 0, 0.8136581536331196260278005846, 340.5934, -950.5809, -2.947957, 0.01947593, 0.1574723, 32.16688, 2.158939, 1.646691, 21.70268
 
24.76047, -0.05150005, -0.3075036, 5.34671, 0, 0.8129026322847620177099094154, 340.548, -950.5809, -2.947957, 0.01947593, 0.1574723, 32.16475, 2.158939, 1.646691, 21.70268
 
24.77047, -0.05123785, -0.3080186, 5.346402, 0, 0.8121037325814458294291605846, 340.5088, -950.5809, -2.947957, 0.01947593, 0.1574723, 32.1629, 2.158939, 1.646691, 21.70268
 
24.78047, -0.05097115, -0.308531, 5.346145, 0, 0.81126118453340358603135, 340.476, -950.5809, -2.947957, 0.01947593, 0.1574723, 32.16135, 2.158939, 1.646691, 21.70268
 
24.79047, -0.0506999, -0.3090407, 5.345936, 0, 0.8103745381577026950922394154, 340.4494, -950.5809, -2.947957, 0.01947593, 0.1574723, 32.16009, 2.158939, 1.646691, 21.70268
 
