Time,Altitude,Pressure,Velocity,Temperature,Events,Voltages
0.00,-6.334705E-05,915.50,0,102.56, -,8.245819
0.05,5.92809,915.30,5.666667,102.56, -,8.245819
0.10,20.75216,914.80,19.76191,102.56, -,8.245819
0.15,32.61505,914.40,31.04762,102.56, -,8.245819
0.20,41.51725,914.10,39.52381,102.56, -,8.245819
0.25,56.35707,913.60,53.66667,102.56, -,8.245819
0.30,74.17283,913.00,70.61905,102.56, -,8.245819
0.35,112.8074,911.70,107.4286,102.56, -,8.245819
0.40,142.5569,910.70,135.7619,102.56, -,8.245819
0.45,175.313,909.60,166.9524,102.56, -,8.245819
0.50,205.1182,908.60,195.3333,102.56, -,8.245819
0.55,231.9645,907.70,220.9048,102.56, -,8.245819
0.60,240.918,907.40,229.4286,102.56, -,8.245819
0.65,240.918,907.40,229.4286,102.56, -,8.245819
0.70,228.9811,907.80,218.0476,102.56, -,8.245819
0.75,231.9645,907.70,220.9048,102.56, -,8.245819
0.80,246.889,907.20,235.0952,102.56, -,8.245819
0.85,264.8083,906.60,252.1429,102.56, -,8.245819
0.90,285.7236,905.90,272.0476,102.56, -,8.245819
0.95,324.6051,904.60,309.0952,102.56, -,8.245819
1.00,351.5475,903.70,334.7619,102.56, -,8.245819
1.05,384.5091,902.60,366.1429,102.56, -,8.245819
1.10,417.5014,901.50,391.9048,102.56, -,8.245819
1.15,456.5348,900.20,415,102.56, -,8.245819
1.20,504.6402,898.60,449.5238,102.56, -,8.245819
1.25,555.8256,896.90,489.8095,102.56, -,8.245819
1.30,601.0557,895.40,518.7619,102.56, -,8.245819
1.35,637.2844,894.20,536.3333,102.56, -,8.245819
1.40,673.5525,893.00,534.0476,102.56, -,8.245819
1.45,709.86,891.80,540.2857,102.56, -,8.245819
1.50,743.1757,890.70,540.8095,102.56, -,8.245819
1.55,785.6273,889.30,552.8571,102.56, -,8.245819
1.60,831.1705,887.80,570.6667,102.56, -,8.245819
1.65,873.7325,886.40,602.6667,102.56, -,8.245819
1.70,910.259,885.20,637.4762,102.56, -,8.245819
1.75,946.8256,884.00,683.6667,102.56, -,8.245819
1.80,983.4324,882.80,715.6667,102.56, -,8.245819
1.85,1026.19,881.40,742.1905,102.56, -,8.245819
1.90,1065.945,880.10,763,102.56, -,8.245819
1.95,1105.745,878.80,781,102.56, -,8.245819
2.00,1139.46,877.70,776.0476,102.56, -,8.245819
2.05,1179.349,876.40,788.381,102.56, -,8.245819
2.10,1216.213,875.20,792.0952,102.56, -,8.245819
2.15,1259.272,873.80,801.6667,102.56, -,8.245819
2.20,1296.225,872.60,799.6667,102.56, -,8.245819
2.25,1336.303,871.30,792.0476,102.56, -,8.245819
2.30,1370.252,870.20,775.619,102.56, -,8.245819
2.35,1407.328,869.00,767.8571,102.56, -,8.245819
2.40,1444.446,867.80,768.6667,102.56, -,8.245819
2.45,1484.704,866.50,772.4762,102.56, -,8.245819
2.50,1521.908,865.30,773.3333,102.56, -,8.245819
2.55,1559.155,864.10,777.0952,102.56, -,8.265266
2.60,1596.441,862.90,772.1905,102.56, -,8.265266
2.65,1633.772,861.70,764.381,102.56, -,8.265266
2.70,1671.144,860.50,759.4286,102.56, -,8.265266
2.75,1708.559,859.30,760.2381,102.56, -,8.265266
2.80,1742.892,858.20,758.1429,102.56, -,8.265266
2.85,1780.388,857.00,759,102.56, -,8.265266
2.90,1814.796,855.90,751.0476,102.56, -,8.265266
2.95,1855.508,854.60,751.9524,102.56, -,8.265266
3.00,1889.994,853.50,746.9048,102.56, -,8.265266
3.05,1930.797,852.20,753.6667,102.56, -,8.265266
3.10,1965.363,851.10,748.5714,102.56, -,8.265266
3.15,2003.11,849.90,749.4286,102.56, -,8.265266
3.20,2034.601,848.90,738.4286,102.56, -,8.265266
3.25,2072.429,847.70,739.2857,102.56, -,8.265266
3.30,2107.144,846.60,734.1429,102.56, -,8.265266
3.35,2141.894,845.50,734.9048,102.56, -,8.265266
3.40,2179.845,844.30,735.7143,102.56, -,8.265266
3.45,2214.672,843.20,733.5714,102.56, -,8.265266
3.50,2249.537,842.10,728.4286,102.56, -,8.245819
3.55,2284.437,841.00,726.2381,102.56, -,8.245819
3.60,2316.197,840.00,721,102.56, -,8.245819
3.65,2354.35,838.80,721.8095,102.56, -,8.245819
3.70,2389.361,837.70,719.5714,102.56, -,8.245819
3.75,2424.412,836.60,717.381,102.56, -,8.245819
3.80,2456.307,835.60,712.1429,102.56, -,8.245819
3.85,2491.427,834.50,712.8571,102.56, -,8.245819
3.90,2526.584,833.40,710.619,102.56, -,8.245819
3.95,2561.781,832.30,711.381,102.56, -,8.245819
4.00,2597.014,831.20,706.1905,102.56, -,8.245819
4.05,2629.077,830.20,703.8571,102.56, -,8.245819
4.10,2661.171,829.20,695.5714,102.56, -,8.245819
4.15,2696.512,828.10,696.3333,102.56, -,8.245819
4.20,2728.673,827.10,691,102.56, -,8.245819
4.25,2764.085,826.00,694.7143,102.56, -,8.245819
4.30,2796.311,825.00,689.381,102.56, -,8.245819
4.35,2828.57,824.00,687.0476,102.56, -,8.245819
4.40,2860.86,823.00,684.7143,102.56, -,8.245819
4.45,2893.181,822.00,679.3333,102.56, -,8.245819
4.50,2925.535,821.00,676.9524,102.56, -,8.245819
4.55,2961.16,819.90,677.6667,102.56, -,8.245819
4.60,2990.338,819.00,672.2381,102.56, -,8.245819
4.65,3026.033,817.90,676,102.56, -,8.245819
4.70,3055.269,817.00,667.5238,102.56, -,8.245819
4.75,3087.783,816.00,665.1429,102.56, -,8.245819
4.80,3120.329,815.00,662.7619,102.56, -,8.245819
4.85,3152.908,814.00,663.4286,102.56, -,8.245819
4.90,3185.519,813.00,661.0476,102.56, -,8.245819
4.95,3218.162,812.00,658.6667,102.56, -,8.245819
5.00,3250.838,811.00,656.2857,102.56, -,8.245819
5.05,3283.547,810.00,653.8571,102.56, -,8.245819
5.10,3313.013,809.10,651.381,102.56, -,8.245819
5.15,3345.784,808.10,652,102.56, -,8.245819
5.20,3375.305,807.20,646.4286,102.56, -,8.245819
5.25,3408.138,806.20,647.0952,102.56, -,8.245819
5.30,3437.717,805.30,641.5714,102.56, -,8.245819
5.35,3470.614,804.30,642.1905,102.56, -,8.245819
5.40,3500.247,803.40,639.7143,102.56, -,8.245819
5.45,3533.206,802.40,640.3333,102.56, -,8.245819
5.50,3559.599,801.60,634.7143,102.56, -,8.245819
5.55,3592.618,800.60,635.3333,102.56, -,8.245819
5.60,3622.363,799.70,629.7619,102.56, -,8.245819
5.65,3655.445,798.70,633.4762,102.56, -,8.245819
5.70,3681.935,797.90,624.7143,102.56, -,8.245819
5.75,3711.763,797.00,625.2857,102.56, -,8.245819
5.80,3741.619,796.10,622.7619,102.56, -,8.245819
5.85,3774.823,795.10,623.381,102.56, -,8.245819
5.90,3801.409,794.30,617.6667,102.56, -,8.245819
5.95,3834.674,793.30,618.2857,102.56, -,8.245819
6.00,3861.31,792.50,612.5714,102.56, -,8.245819
6.05,3891.303,791.60,610,102.56, -,8.245819
6.10,3917.985,790.80,604.2857,102.56, -,8.245819
6.15,3948.028,789.90,604.8571,102.56, -,8.245819
6.20,3974.759,789.10,599.1429,102.56, -,8.245819
6.25,4004.854,788.20,599.7143,102.56, -,8.245819
6.30,4031.629,787.40,593.9524,102.56, -,8.245819
6.35,4061.779,786.50,594.4762,102.56, -,8.245819
6.40,4088.601,785.70,588.6667,102.56, -,8.245819
6.45,4115.446,784.90,586,102.56, -,8.245819
6.50,4142.314,784.10,580.1905,102.56, -,8.245819
6.55,4175.929,783.10,587.0476,102.56, -,8.245819
6.60,4202.846,782.30,581.2381,102.56, -,8.245819
6.65,4229.785,781.50,578.5714,102.56, -,8.245819
6.70,4253.375,780.80,569.5238,102.56, -,8.245819
6.75,4280.356,780.00,570,102.56, -,8.245819
6.80,4307.359,779.20,567.2857,102.56, -,8.245819
6.85,4337.766,778.30,567.8095,102.56, -,8.245819
6.90,4364.817,777.50,561.9524,102.56, -,8.245819
6.95,4395.277,776.60,565.619,102.56, -,8.245819
7.00,4422.376,775.80,559.7619,102.56, -,8.245819
7.05,4449.498,775.00,560.1905,102.56, -,8.245819
7.10,4473.249,774.30,554.2381,102.56, -,8.245819
7.15,4500.413,773.50,554.6667,102.56, -,8.245819
7.20,4527.6,772.70,551.9524,102.56, -,8.245819
7.25,4554.81,771.90,552.381,102.56, -,8.245819
7.30,4578.637,771.20,546.4286,102.56, -,8.245819
7.35,4609.299,770.30,550.0952,102.56, -,8.245819
7.40,4633.167,769.60,544.0952,102.56, -,8.245819
7.45,4660.466,768.80,544.5714,102.56, -,8.245819
7.50,4684.372,768.10,541.7619,102.56, -,8.245819
7.55,4711.713,767.30,542.2381,102.56, -,8.245819
7.60,4739.078,766.50,536.2857,102.56, -,8.245819
7.65,4766.466,765.70,536.7619,102.56, -,8.245819
7.70,4790.45,765.00,533.9524,102.56, -,8.245819
7.75,4817.881,764.20,537.619,102.56, -,8.245819
7.80,4841.904,763.50,534.7619,102.56, -,8.245819
7.85,4869.379,762.70,535.2381,102.56, -,8.245819
7.90,4893.439,762.00,529.1905,102.56, -,8.245819
7.95,4920.958,761.20,529.619,102.56, -,8.245819
8.00,4945.057,760.50,523.5714,102.56, -,8.245819
8.05,4969.174,759.80,520.7143,102.56, -,8.245819
8.10,4993.309,759.10,517.9048,102.56, -,8.245819
8.15,5020.913,758.30,521.5714,102.56, -,8.245819
8.20,5045.086,757.60,518.7143,102.56, -,8.245819
8.25,5069.276,756.90,515.8571,102.56, -,8.245819
8.30,5093.486,756.20,513,102.56, -,8.245819
8.35,5117.714,755.50,513.381,102.56, -,8.245819
8.40,5141.96,754.80,507.2857,102.56, -,8.245819
8.45,5166.225,754.10,507.6667,102.56, -,8.245819
8.50,5190.505,753.40,504.8095,102.56, -,8.245819
8.55,5214.806,752.70,505.1905,102.56, -,8.245819
8.60,5235.65,752.10,499,102.56, -,8.245819
8.65,5263.462,751.30,499.4286,102.56, -,8.245819
8.70,5287.818,750.60,496.5238,102.56, -,8.245819
8.75,5312.19,749.90,496.8571,102.56, -,8.245819
8.80,5333.098,749.30,490.619,102.56, -,8.245819
8.85,5357.507,748.60,491,102.56, -,8.245819
8.90,5381.932,747.90,488.0476,102.56, -,8.245819
8.95,5406.377,747.20,488.4286,102.56, -,8.245819
9.00,5427.346,746.60,482.1905,102.56, -,8.245819
9.05,5451.824,745.90,482.5714,102.56, -,8.245819
9.10,5476.323,745.20,482.9524,102.56, -,8.245819
9.15,5500.84,744.50,483.2857,102.56, -,8.245819
9.20,5521.869,743.90,477.0476,102.56, -,8.245819
9.25,5546.42,743.20,477.4286,102.56, -,8.245819
9.30,5567.481,742.60,474.4286,102.56, -,8.245819
9.35,5588.553,742.00,471.4286,102.56, -,8.245819
9.40,5609.639,741.40,468.4286,102.56, -,8.245819
9.45,5634.258,740.70,468.7619,102.56, -,8.245819
9.50,5655.376,740.10,465.7619,102.56, -,8.245819
9.55,5680.028,739.40,466.0952,102.56, -,8.245819
9.60,5701.176,738.80,463.0952,102.56, -,8.245819
9.65,5722.335,738.20,463.381,102.56, -,8.245819
9.70,5747.041,737.50,460.4286,102.56, -,8.245819
9.75,5768.231,736.90,457.4286,102.56, -,8.245819
9.80,5785.9,736.40,451.0476,102.56, -,8.245819
9.85,5810.655,735.70,454.7143,102.56, -,8.245819
9.90,5831.889,735.10,451.7143,102.56, -,8.245819
9.95,5853.135,734.50,448.7143,102.56, -,8.245819
10.00,5874.395,733.90,445.6667,102.56, -,8.245819
10.05,5895.671,733.30,446,102.56, -,8.245819
10.10,5916.96,732.70,442.9524,102.56, -,8.245819
10.15,5938.264,732.10,439.9048,102.56, -,8.245819
10.20,5959.581,731.50,436.8571,102.56, -,8.245819
10.25,5980.912,730.90,437.1429,102.56, -,8.245819
10.30,6002.258,730.30,434.0952,102.56, -,8.245819
10.35,6023.618,729.70,434.381,102.56, -,8.245819
10.40,6044.993,729.10,434.7143,102.56, -,8.245819
10.45,6066.38,728.50,435,102.56, -,8.245819
10.50,6084.215,728.00,428.5714,102.56, -,8.245819
10.55,6105.629,727.40,428.8571,102.56, -,8.245819
10.60,6123.485,726.90,422.381,102.56, -,8.245819
10.65,6148.501,726.20,426.0476,102.56, -,8.245819
10.70,6166.381,725.70,422.9524,102.56, -,8.245819
10.75,6187.853,725.10,419.8571,102.56, -,8.245819
10.80,6205.754,724.60,416.7143,102.56, -,8.245819
10.85,6227.25,724.00,420.381,102.56, -,8.245819
10.90,6245.174,723.50,413.8571,102.56, -,8.245819
10.95,6266.695,722.90,414.0952,102.56, -,8.245819
11.00,6284.642,722.40,410.9524,102.56, -,8.245819
11.05,6302.598,721.90,407.8095,102.56, -,8.245819
11.10,6324.161,721.30,408.0476,102.56, -,8.245819
11.15,6342.139,720.80,404.9048,102.56, -,8.245819
11.20,6360.128,720.30,401.7619,102.56, -,8.245819
11.25,6381.727,719.70,402.0476,102.56, -,8.245819
11.30,6399.738,719.20,398.8571,102.56, -,8.245819
11.35,6417.759,718.70,395.6667,102.56, -,8.245819
11.40,6435.791,718.20,392.5238,102.56, -,8.245819
11.45,6457.443,717.60,392.7619,102.56, -,8.245819
11.50,6475.496,717.10,389.5714,102.56, -,8.245819
11.55,6493.56,716.60,389.7619,102.56, -,8.245819
11.60,6511.634,716.10,386.5714,102.56, -,8.245819
11.65,6529.719,715.60,386.8095,102.56, -,8.245819
11.70,6547.813,715.10,380.2381,102.56, -,8.245819
11.75,6565.918,714.60,380.4286,102.56, -,8.245819
11.80,6584.033,714.10,377.2381,102.56, -,8.245819
11.85,6602.158,713.60,377.4762,102.56, -,8.245819
11.90,6620.294,713.10,374.2857,102.56, -,8.245819
11.95,6638.44,712.60,374.5238,102.56, -,8.245819
12.00,6656.596,712.10,371.3333,102.56, -,8.245819
12.05,6674.763,711.60,371.5238,102.56, -,8.245819
12.10,6692.939,711.10,371.7619,102.56, -,8.245819
12.15,6711.126,710.60,368.5714,102.56, -,8.245819
12.20,6725.683,710.20,365.2857,102.56, -,8.245819
12.25,6743.888,709.70,365.4762,102.56, -,8.245819
12.30,6762.104,709.20,362.2381,102.56, -,8.245819
12.35,6780.332,708.70,362.4762,102.56, -,8.245819
12.40,6794.921,708.30,359.2381,102.56, -,8.245819
12.45,6813.167,707.80,359.4286,102.56, -,8.245819
12.50,6831.422,707.30,356.1905,102.56, -,8.245819
12.55,6846.033,706.90,352.9048,102.56, -,8.245819
12.60,6864.308,706.40,353.0952,102.56, -,8.245819
12.65,6878.936,706.00,349.8571,102.56, -,8.245819
12.70,6897.23,705.50,350.0476,102.56, -,8.245819
12.75,6911.873,705.10,346.7619,102.56, -,8.245819
12.80,6930.186,704.60,346.9524,102.56, -,8.245819
12.85,6944.842,704.20,343.6667,102.56, -,8.245819
12.90,6963.173,703.70,343.8571,102.56, -,8.245819
12.95,6977.847,703.30,340.5238,102.56, -,8.245819
13.00,6996.197,702.80,340.7143,102.56, -,8.245819
13.05,7010.884,702.40,337.4286,102.56, -,8.245819
13.10,7025.58,702.00,334.1429,102.56, -,8.245819
13.15,7043.958,701.50,334.3333,102.56, -,8.245819
13.20,7058.668,701.10,331,102.56, -,8.245819
13.25,7073.384,700.70,331.1429,102.56, -,8.245819
13.30,7088.108,700.30,327.8095,102.56, -,8.245819
13.35,7102.837,699.90,324.5238,102.56, -,8.245819
13.40,7117.576,699.50,321.1905,102.56, -,8.245819
13.45,7136.007,699.00,324.8571,102.56, -,8.245819
13.50,7150.76,698.60,321.5238,102.56, -,8.245819
13.55,7165.518,698.20,318.1905,102.56, -,8.245819
13.60,7180.286,697.80,318.3333,102.56, -,8.245819
13.65,7195.057,697.40,315,102.56, -,8.245819
13.70,7209.838,697.00,315.1429,102.56, -,8.245819
13.75,7224.626,696.60,311.8095,102.56, -,8.245819
13.80,7239.418,696.20,311.9524,102.56, -,8.245819
13.85,7254.22,695.80,308.619,102.56, -,8.245819
13.90,7269.026,695.40,308.7619,102.56, -,8.245819
13.95,7283.841,695.00,305.381,102.56, -,8.245819
14.00,7294.957,694.70,302,102.56, -,8.245819
14.05,7309.784,694.30,298.6667,102.56, -,8.245819
14.10,7324.616,693.90,298.8095,102.56, -,8.245819
14.15,7339.457,693.50,298.9524,102.56, -,8.245819
14.20,7354.305,693.10,295.5714,102.56, -,8.245819
14.25,7369.158,692.70,295.7143,102.56, -,8.245819
14.30,7380.303,692.40,292.3333,102.56, -,8.245819
14.35,7395.17,692.00,292.4762,102.56, -,8.245819
14.40,7410.044,691.60,292.5714,102.56, -,8.245819
14.45,7421.204,691.30,289.1429,102.56, -,8.245819
14.50,7436.088,690.90,285.7619,102.56, -,8.245819
14.55,7450.981,690.50,285.9048,102.56, -,8.245819
14.60,7462.155,690.20,282.4762,102.56, -,8.245819
14.65,7477.061,689.80,282.619,102.56, -,8.245819
14.70,7491.971,689.40,282.7619,102.56, -,8.245819
14.75,7503.161,689.10,279.3333,102.56, -,8.245819
14.80,7514.353,688.80,275.9048,102.56, -,8.245819
14.85,7529.281,688.40,276.0476,102.56, -,8.245819
14.90,7540.484,688.10,272.619,102.56, -,8.245819
14.95,7551.689,687.80,269.1905,102.56, -,8.245819
15.00,7566.635,687.40,269.3333,102.56, -,8.245819
15.05,7577.852,687.10,269.4286,102.56, -,8.245819
15.10,7592.81,686.70,269.5238,102.56, -,8.245819
15.15,7604.033,686.40,266.0476,102.56, -,8.245819
15.20,7619.005,686.00,266.1429,102.56, -,8.245819
15.25,7630.238,685.70,262.7143,102.56, -,8.245819
15.30,7641.475,685.40,259.2857,102.56, -,8.245819
15.35,7652.718,685.10,259.381,102.56, -,8.245819
15.40,7663.963,684.80,255.9524,102.56, -,8.245819
15.45,7678.961,684.40,256.0952,102.56, -,8.245819
15.50,7690.218,684.10,256.1905,102.56, -,8.226371
15.55,7701.476,683.80,252.7143,102.56, -,8.226371
15.60,7712.738,683.50,249.2381,102.56, -,8.226371
15.65,7724.004,683.20,249.3333,102.56, -,8.226371
15.70,7735.274,682.90,245.8571,102.56, -,8.226371
15.75,7746.551,682.60,242.4286,102.56, -,8.226371
15.80,7757.829,682.30,242.5238,102.56, -,8.226371
15.85,7772.872,681.90,246.1905,102.56, -,8.226371
15.90,7784.162,681.60,242.7143,102.56, -,8.226371
15.95,7791.688,681.40,239.2381,102.56, -,8.226371
16.00,7806.749,681.00,242.9048,102.56, -,8.226371
16.05,7818.049,680.70,239.4286,102.56, -,8.226371
16.10,7825.584,680.50,235.9524,102.56, -,8.226371
16.15,7840.662,680.10,236.0952,102.56, -,8.226371
16.20,7848.201,679.90,232.619,102.56, -,8.226371
16.25,7859.518,679.60,229.1429,102.56, -,8.226371
16.30,7870.836,679.30,229.1905,102.56, -,8.226371
16.35,7882.159,679.00,229.2381,102.56, -,8.226371
16.40,7893.485,678.70,229.3333,102.56, -,8.226371
16.45,7904.816,678.40,229.4286,102.56, -,8.226371
16.50,7912.373,678.20,222.3333,102.56, -,8.226371
16.55,7923.71,677.90,222.4286,102.56, -,8.245819
16.60,7935.054,677.60,222.5238,102.56, -,8.245819
16.65,7942.616,677.40,219,102.56, -,8.245819
16.70,7953.966,677.10,219.0952,102.56, -,8.245819
16.75,7961.532,676.90,215.5714,102.56, -,8.245819
16.80,7972.89,676.60,215.619,102.56, -,8.245819
16.85,7984.249,676.30,215.6667,102.56, -,8.245819
16.90,7991.825,676.10,208.5714,102.56, -,8.245819
16.95,7999.4,675.90,205.0476,102.56, -,8.245819
17.00,8010.771,675.60,208.6667,102.56, -,8.245819
17.05,8022.144,675.30,205.1429,102.56, -,8.245819
17.10,8029.729,675.10,201.619,102.56, -,8.245819
17.15,8041.108,674.80,205.2857,102.56, -,8.245819
17.20,8048.697,674.60,198.1429,102.56, -,8.245819
17.25,8056.286,674.40,198.1905,102.56, -,8.245819
17.30,8063.879,674.20,194.6667,102.56, -,8.245819
17.35,8075.271,673.90,194.7619,102.56, -,8.245819
17.40,8082.869,673.70,191.2381,102.56, -,8.245819
17.45,8094.267,673.40,191.2857,102.56, -,8.245819
17.50,8101.87,673.20,187.7143,102.56, -,8.245819
17.55,8109.474,673.00,187.7619,102.56, -,8.245819
17.60,8117.079,672.80,184.1905,102.56, -,8.245819
17.65,8128.49,672.50,184.2381,102.56, -,8.245819
17.70,8136.101,672.30,184.2857,102.56, -,8.245819
17.75,8143.713,672.10,180.7143,102.56, -,8.245819
17.80,8151.325,671.90,180.7619,102.56, -,8.245819
17.85,8158.94,671.70,177.1905,102.56, -,8.245819
17.90,8166.558,671.50,173.619,102.56, -,8.245819
17.95,8174.178,671.30,173.619,102.56, -,8.245819
18.00,8181.799,671.10,173.619,102.56, -,8.245819
18.05,8189.42,670.90,170.0476,102.56, -,8.245819
18.10,8197.045,670.70,166.4762,102.56, -,8.245819
18.15,8204.672,670.50,166.5238,102.56, -,8.245819
18.20,8212.301,670.30,162.9524,102.56, -,8.245819
18.25,8219.932,670.10,163,102.56, -,8.245819
18.30,8227.562,669.90,163.0476,102.56, -,8.245819
18.35,8235.196,669.70,163.0952,102.56, -,8.245819
18.40,8239.016,669.60,155.8571,102.56, -,8.245819
18.45,8246.649,669.40,155.9048,102.56, -,8.245819
18.50,8254.289,669.20,152.3333,102.56, -,8.245819
18.55,8261.93,669.00,152.381,102.56, -,8.265266
18.60,8269.572,668.80,152.4286,102.56, -,8.265266
18.65,8273.394,668.70,148.8095,102.56, -,8.265266
18.70,8281.038,668.50,145.2381,102.56, -,8.265266
18.75,8288.686,668.30,145.2857,102.56, -,8.265266
18.80,8296.335,668.10,145.3333,102.56, -,8.265266
18.85,8300.159,668.00,141.7143,102.56, -,8.265266
18.90,8307.811,667.80,141.7619,102.56, -,8.265266
18.95,8315.465,667.60,141.8095,102.56, -,8.265266
19.00,8319.291,667.50,138.2381,102.56, -,8.265266
19.05,8326.947,667.30,138.2857,102.56, -,8.265266
19.10,8334.606,667.10,138.3333,102.56, -,8.265266
19.15,8338.435,667.00,134.7619,102.56, -,8.265266
19.20,8346.096,666.80,134.7619,102.56, -,8.265266
19.25,8349.926,666.70,131.1429,102.56, -,8.265266
19.30,8353.759,666.60,127.5238,102.56, -,8.265266
19.35,8361.422,666.40,127.5238,102.56, -,8.265266
19.40,8369.088,666.20,127.5238,102.56, -,8.265266
19.45,8372.924,666.10,127.5714,102.56, -,8.265266
19.50,8380.591,665.90,127.5714,102.56, -,8.245819
19.55,8384.428,665.80,123.9524,102.56, -,8.245819
19.60,8392.1,665.60,123.9524,102.56, -,8.245819
19.65,8395.936,665.50,120.3333,102.56, -,8.245819
19.70,8399.771,665.40,120.381,102.56, -,8.245819
19.75,8407.448,665.20,120.4286,102.56, -,8.245819
19.80,8411.288,665.10,116.8095,102.56, -,8.245819
19.85,8415.126,665.00,113.1905,102.56, -,8.245819
19.90,8418.964,664.90,113.2381,102.56, -,8.245819
19.95,8426.646,664.70,113.2857,102.56, -,8.245819
20.00,8430.487,664.60,109.6667,102.56, -,8.245819
20.05,8434.328,664.50,109.6667,102.56, -,8.245819
20.10,8442.012,664.30,109.7143,102.56, -,8.245819
20.15,8442.012,664.30,102.4286,102.56, -,8.245819
20.20,8449.698,664.10,106.0952,102.56, -,8.245819
20.25,8453.541,664.00,102.4762,102.56, -,8.245819
20.30,8457.385,663.90,102.4762,102.56, -,8.245819
20.35,8461.23,663.80,102.4762,102.56, -,8.245819
20.40,8465.074,663.70,98.85714,102.56, -,8.245819
20.45,8468.922,663.60,95.2381,102.56, -,8.245819
20.50,8472.767,663.50,95.2381,102.56, -,8.245819
20.55,8476.612,663.40,91.61905,103.46, -,8.109685
20.60,8480.461,663.30,91.61905,103.46, -,8.109685
20.65,8484.307,663.20,88,103.46, -,8.109685
20.70,8488.156,663.10,88,103.46, -,8.109685
20.75,8492.004,663.00,88,103.46, -,8.109685
20.80,8492.004,663.00,80.66666,103.46, -,8.109685
20.85,8499.702,662.80,84.33334,103.46, -,8.109685
20.90,8499.702,662.80,80.66666,103.46, -,8.109685
20.95,8507.403,662.60,84.33334,103.46, -,8.109685
21.00,8507.403,662.60,77,103.46, -,8.109685
21.05,8511.253,662.50,77,103.46, -,8.109685
21.10,8511.253,662.50,73.33334,103.46, -,8.109685
21.15,8515.103,662.40,69.66666,103.46, -,8.109685
21.20,8518.956,662.30,73.33334,103.46, -,8.109685
21.25,8522.807,662.20,69.66666,103.46, -,8.109685
21.30,8526.661,662.10,69.66666,103.46, -,8.109685
21.35,8526.661,662.10,66,103.46, -,8.109685
21.40,8530.514,662.00,66,103.46, -,8.109685
21.45,8534.366,661.90,66,103.46, -,8.109685
21.50,8534.366,661.90,62.33333,103.46, -,8.265266
21.55,8538.222,661.80,62.33333,103.46, -,8.265266
21.60,8538.222,661.80,58.66667,103.46, -,8.265266
21.65,8542.075,661.70,58.66667,103.46, -,8.265266
21.70,8542.075,661.70,55,103.46, -,8.265266
21.75,8545.931,661.60,55,103.46, -,8.265266
21.80,8545.931,661.60,51.33333,103.46, -,8.265266
21.85,8549.785,661.50,55,103.46, -,8.265266
21.90,8549.785,661.50,47.66667,103.46, -,8.265266
21.95,8549.785,661.50,47.66667,103.46, -,8.265266
22.00,8553.641,661.40,44,103.46, -,8.265266
22.05,8553.641,661.40,44,103.46, -,8.265266
22.10,8553.641,661.40,40.33333,103.46, -,8.265266
22.15,8557.498,661.30,44,103.46, -,8.265266
22.20,8557.498,661.30,40.33333,103.46, -,8.265266
22.25,8561.354,661.20,40.33333,103.46, -,8.265266
22.30,8561.354,661.20,36.66667,103.46, -,8.265266
22.35,8561.354,661.20,33,103.46, -,8.265266
22.40,8561.354,661.20,33,103.46, -,8.265266
22.45,8561.354,661.20,29.33333,103.46, -,8.265266
22.50,8565.213,661.10,29.33333,103.46, -,8.265266
22.55,8565.213,661.10,29.33333,103.28, -,8.265266
22.60,8565.213,661.10,25.66667,103.28, -,8.265266
22.65,8565.213,661.10,25.66667,103.28, -,8.265266
22.70,8565.213,661.10,22,103.28, -,8.265266
22.75,8569.069,661.00,25.66667,103.28, -,8.265266
22.80,8569.069,661.00,22,103.28, -,8.265266
22.85,8569.069,661.00,22,103.28, -,8.265266
22.90,8569.069,661.00,18.33333,103.28, Drogue,8.265266
22.95,6780.332,708.70,-1685.238,103.28, -,8.265266
23.00,6084.215,728.00,-2348.19,103.28, -,8.265266
23.05,8041.108,674.80,-488.1429,103.28, -,8.265266
23.10,8580.646,660.70,25.71428,103.28, -,8.265266
23.15,8576.787,660.80,22.04762,103.28, -,8.265266
23.20,8572.927,660.90,14.71429,103.28, -,8.265266
23.25,8572.927,660.90,14.71429,103.28, -,8.265266
23.30,8572.927,660.90,11.04762,103.28, -,8.265266
23.35,8569.069,661.00,7.380952,103.28, -,8.265266
23.40,8569.069,661.00,7.380952,103.28, -,8.265266
23.45,8569.069,661.00,7.380952,103.28, -,8.265266
23.50,8565.213,661.10,3.714286,103.28, -,8.245819
23.55,8565.213,661.10,0.04761905,103.28, -,8.245819
23.60,8565.213,661.10,0.04761905,103.28, -,8.245819
23.65,8565.213,661.10,0.04761905,103.28, -,8.245819
23.70,8561.354,661.20,-3.619048,103.28, -,8.245819
23.75,8561.354,661.20,-3.619048,103.28, -,8.245819
23.80,8561.354,661.20,-7.285714,103.28, -,8.245819
23.85,8557.498,661.30,-10.95238,103.28, -,8.245819
23.90,8557.498,661.30,-10.95238,103.28, -,8.245819
23.95,8553.641,661.40,-14.61905,103.28, -,8.245819
24.00,8553.641,661.40,1688.952,103.28, -,8.245819
24.05,8549.785,661.50,2348.238,103.28, -,8.245819
24.10,8549.785,661.50,484.5238,103.28, -,8.245819
24.15,8549.785,661.50,-29.33333,103.28, -,8.245819
24.20,8545.931,661.60,-29.33333,103.28, -,8.245819
24.25,8545.931,661.60,-25.66667,103.28, -,8.245819
24.30,8545.931,661.60,-25.66667,103.28, -,8.245819
24.35,8545.931,661.60,-25.66667,103.28, -,8.245819
24.40,8538.222,661.80,-29.33333,103.28, -,8.245819
24.45,8534.366,661.90,-33,103.28, -,8.245819
24.50,8534.366,661.90,-33,103.28, -,8.245819
24.55,8530.514,662.00,-33,103.28, -,8.245819
24.60,8526.661,662.10,-36.66667,103.28, -,8.245819
24.65,8522.807,662.20,-40.33333,103.28, -,8.245819
24.70,8518.956,662.30,-44,103.28, -,8.245819
24.75,8518.956,662.30,-40.33333,103.28, -,8.245819
24.80,8515.103,662.40,-44,103.28, -,8.245819
24.85,8511.253,662.50,-47.66667,103.28, -,8.245819
24.90,8511.253,662.50,-44,103.28, -,8.245819
24.95,8507.403,662.60,-47.66667,103.28, -,8.245819
25.00,8507.403,662.60,-44,103.28, -,8.245819
25.05,8503.551,662.70,-47.66667,103.28, -,8.245819
25.10,8503.551,662.70,-44,103.28, -,8.245819
25.15,8499.702,662.80,-47.66667,103.28, -,8.245819
25.20,8495.852,662.90,-51.33333,103.28, -,8.245819
25.25,8495.852,662.90,-47.66667,103.28, -,8.245819
25.30,8492.004,663.00,-51.33333,103.28, -,8.245819
25.35,8488.156,663.10,-55,103.28, -,8.245819
25.40,8488.156,663.10,-55,103.28, -,8.245819
25.45,8488.156,663.10,-47.66667,103.28, -,8.245819
25.50,8484.307,663.20,-47.66667,103.28, -,8.245819
25.55,8480.461,663.30,-51.33333,103.28, -,8.245819
25.60,8476.612,663.40,-51.33333,103.28, -,8.245819
25.65,8472.767,663.50,-51.33333,103.28, -,8.245819
25.70,8465.074,663.70,-55,103.28, -,8.245819
25.75,8465.074,663.70,-51.33333,103.28, -,8.245819
25.80,8461.23,663.80,-55,103.28, -,8.245819
25.85,8453.541,664.00,-58.66667,103.28, -,8.245819
25.90,8449.698,664.10,-58.66667,103.28, -,8.245819
25.95,8442.012,664.30,-66,103.28, -,8.245819
26.00,8438.169,664.40,-66,103.28, -,8.245819
26.05,8438.169,664.40,-66,103.28, -,8.245819
26.10,8434.328,664.50,-66,103.28, -,8.245819
26.15,8426.646,664.70,-73.33334,103.28, -,8.245819
26.20,8422.806,664.80,-73.33334,103.28, -,8.245819
26.25,8418.964,664.90,-73.33334,103.28, -,8.245819
26.30,8415.126,665.00,-77,103.28, -,8.245819
26.35,8415.126,665.00,-73.33334,103.28, -,8.245819
26.40,8411.288,665.10,-73.33334,103.28, -,8.245819
26.45,8407.448,665.20,-77,103.28, -,8.245819
26.50,8403.61,665.30,-80.66666,103.28, -,8.245819
26.55,8399.771,665.40,-80.66666,103.28, -,8.245819
26.60,8395.936,665.50,-80.66666,103.28, -,8.245819
26.65,8392.1,665.60,-80.66666,103.28, -,8.245819
26.70,8388.262,665.70,-80.66666,103.28, -,8.245819
26.75,8384.428,665.80,-77,103.28, -,8.245819
26.80,8380.591,665.90,-80.66666,103.28, -,8.245819
26.85,8376.757,666.00,-80.66666,103.28, -,8.245819
26.90,8372.924,666.10,-77,103.28, -,8.245819
26.95,8369.088,666.20,-77,103.28, -,8.245819
27.00,8365.256,666.30,-73.33334,103.28, -,8.245819
27.05,8361.422,666.40,-73.33334,103.28, -,8.245819
27.10,8357.59,666.50,-77,103.28, -,8.245819
27.15,8353.759,666.60,-77,103.28, -,8.245819
27.20,8349.926,666.70,-73.33334,103.28, -,8.245819
27.25,8346.096,666.80,-73.33334,103.28, -,8.245819
27.30,8338.435,667.00,-76.95238,103.28, -,8.245819
27.35,8334.606,667.10,-76.95238,103.28, -,8.245819
27.40,8330.775,667.20,-80.61905,103.28, -,8.245819
27.45,8326.947,667.30,-80.61905,103.28, -,8.245819
27.50,8323.118,667.40,-80.61905,103.28, -,8.245819
27.55,8319.291,667.50,-80.61905,103.28, -,8.245819
27.60,8315.465,667.60,-80.61905,103.28, -,8.245819
27.65,8311.637,667.70,-80.61905,103.28, -,8.245819
27.70,8307.811,667.80,-80.61905,103.28, -,8.245819
27.75,8300.159,668.00,-84.2381,103.28, -,8.245819
27.80,8296.335,668.10,-84.19048,103.28, -,8.245819
27.85,8292.509,668.20,-84.19048,103.28, -,8.245819
27.90,8288.686,668.30,-84.14286,103.28, -,8.245819
27.95,8284.86,668.40,-84.14286,103.28, -,8.245819
28.00,8281.038,668.50,-84.09524,103.28, -,8.245819
28.05,8273.394,668.70,-87.71429,103.28, -,8.245819
28.10,8269.572,668.80,-87.66666,103.28, -,8.245819
28.15,8265.75,668.90,-87.61905,103.28, -,8.245819
28.20,8261.93,669.00,-87.57143,103.28, -,8.245819
28.25,8258.11,669.10,-87.52381,103.28, -,8.245819
28.30,8250.471,669.30,-91.14286,103.28, -,8.245819
28.35,8246.649,669.40,-87.47619,103.28, -,8.245819
28.40,8242.832,669.50,-87.42857,103.28, -,8.245819
28.45,8239.016,669.60,-87.38095,103.28, -,8.245819
28.50,8231.38,669.80,-91,103.28, -,8.245819
28.55,8227.562,669.90,-90.95238,103.1, -,8.245819
28.60,8223.746,670.00,-90.90476,103.1, -,8.245819
28.65,8219.932,670.10,-90.85714,103.1, -,8.245819
28.70,8212.301,670.30,-94.47619,103.1, -,8.245819
28.75,8208.485,670.40,-94.42857,103.1, -,8.245819
28.80,8204.672,670.50,-90.7619,103.1, -,8.245819
28.85,8197.045,670.70,-94.42857,103.1, -,8.245819
28.90,8193.233,670.80,-94.38095,103.1, -,8.245819
28.95,8189.42,670.90,-94.38095,103.1, -,8.245819
29.00,8181.799,671.10,-97.95238,103.1, -,8.245819
29.05,8177.987,671.20,-97.95238,103.1, -,8.245819
29.10,8174.178,671.30,-94.28571,103.1, -,8.245819
29.15,8170.367,671.40,-94.28571,103.1, -,8.245819
29.20,8162.75,671.60,-97.90476,103.1, -,8.245819
29.25,8158.94,671.70,-97.90476,103.1, -,8.245819
29.30,8151.325,671.90,-101.5238,103.1, -,8.245819
29.35,8151.325,671.90,-94.2381,103.1, -,8.245819
29.40,8143.713,672.10,-97.85714,103.1, -,8.245819
29.45,8139.905,672.20,-97.85714,103.1, -,8.245819
29.50,8132.294,672.40,-101.4762,103.1, -,8.245819
29.55,8128.49,672.50,-97.80952,103.1, -,8.245819
29.60,8124.687,672.60,-97.80952,103.1, -,8.245819
29.65,8117.079,672.80,-101.4286,103.1, -,8.245819
29.70,8113.275,672.90,-101.4286,103.1, -,8.245819
29.75,8109.474,673.00,-97.7619,103.1, -,8.245819
29.80,8105.672,673.10,-97.7619,103.1, -,8.245819
29.85,8101.87,673.20,-97.7619,103.1, -,8.245819
29.90,8094.267,673.40,-97.71429,103.1, -,8.245819
29.95,8086.669,673.60,-101.3333,103.1, -,8.245819
30.00,8082.869,673.70,-101.3333,103.1, -,8.245819
30.05,8075.271,673.90,-101.3333,103.1, -,8.245819
30.10,8071.474,674.00,-101.3333,103.1, -,8.245819
30.15,8067.678,674.10,-101.3333,103.1, -,8.245819
30.20,8060.083,674.30,-104.9524,103.1, -,8.245819
30.25,8056.286,674.40,-101.3333,103.1, -,8.245819
30.30,8052.491,674.50,-101.3333,103.1, -,8.245819
30.35,8048.697,674.60,-97.71429,103.1, -,8.245819
30.40,8041.108,674.80,-104.9524,103.1, -,8.245819
30.45,8037.313,674.90,-101.3333,103.1, -,8.245819
30.50,8033.52,675.00,-101.3333,103.1, -,8.245819
30.55,8025.935,675.20,-101.3333,103.1, -,8.245819
30.60,8022.144,675.30,-101.3333,103.1, -,8.245819
30.65,8014.561,675.50,-104.9524,103.1, -,8.245819
30.70,8010.771,675.60,-101.3333,103.1, -,8.245819
30.75,8006.979,675.70,-101.3333,103.1, -,8.245819
30.80,7999.4,675.90,-104.9524,103.1, -,8.245819
30.85,7995.612,676.00,-104.9524,103.1, -,8.245819
30.90,7991.825,676.10,-104.9524,103.1, -,8.245819
30.95,7984.249,676.30,-104.9524,103.1, -,8.245819
31.00,7980.46,676.40,-101.3333,103.1, -,8.245819
31.05,7972.89,676.60,-104.9048,103.1, -,8.245819
31.10,7969.103,676.70,-101.2857,103.1, -,8.245819
31.15,7965.318,676.80,-101.2857,103.1, -,8.245819
31.20,7961.532,676.90,-101.2857,103.1, -,8.245819
31.25,7953.966,677.10,-101.2381,103.1, -,8.245819
31.30,7950.182,677.20,-101.2381,103.1, -,8.245819
31.35,7946.399,677.30,-101.2381,103.1, -,8.245819
31.40,7938.834,677.50,-104.8095,103.1, -,8.245819
31.45,7935.054,677.60,-101.1905,103.1, -,8.245819
31.50,7927.492,677.80,-104.7619,103.1, -,8.245819
31.55,7923.71,677.90,-104.7619,103.1, -,8.245819
31.60,7916.153,678.10,-104.7143,103.1, -,8.245819
31.65,7912.373,678.20,-104.7143,103.1, -,8.245819
31.70,7908.596,678.30,-101.0952,103.1, -,8.245819
31.75,7901.04,678.50,-104.6667,103.1, -,8.245819
31.80,7897.264,678.60,-104.6667,103.1, -,8.245819
31.85,7889.71,678.80,-104.619,103.1, -,8.245819
31.90,7885.933,678.90,-104.619,103.1, -,8.245819
31.95,7882.159,679.00,-104.5714,103.1, -,8.245819
32.00,7874.609,679.20,-104.5238,103.1, -,8.245819
32.05,7870.836,679.30,-104.4762,103.1, -,8.245819
32.10,7867.062,679.40,-100.8571,103.1, -,8.245819
32.15,7859.518,679.60,-104.4286,103.1, -,8.245819
32.20,7851.974,679.80,-108,103.1, -,8.245819
32.25,7848.201,679.90,-107.9524,103.1, -,8.245819
32.30,7840.662,680.10,-107.9524,103.1, -,8.245819
32.35,7836.891,680.20,-107.9048,103.1, -,8.245819
32.40,7829.352,680.40,-111.4762,103.1, -,8.245819
32.45,7821.817,680.60,-111.4762,103.1, -,8.245819
32.50,7814.282,680.80,-115.0476,103.1, -,8.245819
32.55,7810.514,680.90,-111.4286,103.1, -,8.245819
32.60,7802.984,681.10,-115,103.1, -,8.245819
32.65,7799.217,681.20,-111.381,103.1, -,8.245819
32.70,7791.688,681.40,-114.9524,103.1, -,8.245819
32.75,7784.162,681.60,-118.5238,103.1, -,8.245819
32.80,7776.636,681.80,-118.5238,103.1, -,8.245819
32.85,7772.872,681.90,-118.4762,103.1, -,8.245819
32.90,7765.351,682.10,-118.4286,103.1, -,8.245819
32.95,7761.588,682.20,-118.381,103.1, -,8.245819
33.00,7757.829,682.30,-118.381,103.1, -,8.245819
33.05,7754.068,682.40,-114.7619,103.1, -,8.245819
33.10,7746.551,682.60,-118.3333,103.1, -,8.245819
33.15,7742.791,682.70,-118.3333,103.1, -,8.245819
33.20,7735.274,682.90,-118.2857,103.1, -,8.245819
33.25,7731.518,683.00,-114.6667,103.1, -,8.245819
33.30,7724.004,683.20,-118.2381,103.1, -,8.245819
33.35,7716.492,683.40,-118.1905,103.1, -,8.245819
33.40,7712.738,683.50,-118.1905,103.1, -,8.245819
33.45,7705.229,683.70,-118.1429,103.1, -,8.245819
33.50,7697.721,683.90,-118.0952,103.1, -,8.265266
33.55,7690.218,684.10,-118.0476,103.1, -,8.265266
33.60,7682.714,684.30,-121.619,103.1, -,8.265266
33.65,7675.212,684.50,-121.5714,103.1, -,8.265266
33.70,7667.711,684.70,-125.1429,103.1, -,8.265266
33.75,7660.213,684.90,-125.0952,103.1, -,8.265266
33.80,7652.718,685.10,-125.0476,103.1, -,8.265266
33.85,7648.969,685.20,-121.4286,103.1, -,8.265266
33.90,7641.475,685.40,-125,103.1, -,8.265266
33.95,7637.73,685.50,-121.4286,103.1, -,8.265266
34.00,7630.238,685.70,-125,103.1, -,8.265266
34.05,7626.494,685.80,-125,103.1, -,8.265266
34.10,7622.749,685.90,-125,103.1, -,8.265266
34.15,7615.263,686.10,-125,103.1, -,8.265266
34.20,7607.776,686.30,-128.5714,103.1, -,8.265266
34.25,7600.292,686.50,-128.5714,103.1, -,8.265266
34.30,7596.552,686.60,-128.5714,103.1, -,8.265266
34.35,7589.07,686.80,-128.5714,103.1, -,8.265266
34.40,7585.329,686.90,-125,103.1, -,8.265266
34.45,7581.59,687.00,-125,103.1, -,8.265266
34.50,7574.111,687.20,-125,103.1, -,8.265266
34.55,7570.374,687.30,-121.4286,103.1, -,8.265266
34.60,7562.898,687.50,-121.4286,103.1, -,8.265266
34.65,7555.425,687.70,-121.381,103.1, -,8.265266
34.70,7547.953,687.90,-121.3333,103.1, -,8.265266
34.75,7544.218,688.00,-117.7619,103.1, -,8.265266
34.80,7536.749,688.20,-117.7143,103.1, -,8.265266
34.85,7529.281,688.40,-117.6667,103.1, -,8.265266
34.90,7521.817,688.60,-121.1905,103.1, -,8.265266
34.95,7514.353,688.80,-121.1429,103.1, -,8.265266
35.00,7506.891,689.00,-124.6667,103.1, -,8.265266
35.05,7503.161,689.10,-121.0952,103.1, -,8.265266
35.10,7495.701,689.30,-124.619,103.1, -,8.265266
35.15,7491.971,689.40,-124.619,103.1, -,8.265266
35.20,7484.516,689.60,-124.5714,103.1, -,8.265266
35.25,7480.787,689.70,-121,103.1, -,8.265266
35.30,7473.332,689.90,-120.9524,103.1, -,8.265266
35.35,7469.607,690.00,-120.9524,103.1, -,8.265266
35.40,7462.155,690.20,-120.9048,103.1, -,8.265266
35.45,7454.705,690.40,-124.4286,103.1, -,8.265266
35.50,7450.981,690.50,-124.381,103.1, -,8.265266
35.55,7443.534,690.70,-124.3333,103.1, -,8.265266
35.60,7439.812,690.80,-124.2857,103.1, -,8.265266
35.65,7432.367,691.00,-124.2381,103.1, -,8.265266
35.70,7428.646,691.10,-120.6667,103.1, -,8.265266
35.75,7424.923,691.20,-117.0952,103.1, -,8.265266
35.80,7417.482,691.40,-120.619,103.1, -,8.265266
35.85,7413.763,691.50,-117.0476,103.1, -,8.265266
35.90,7406.324,691.70,-117.0476,103.1, -,8.265266
35.95,7402.606,691.80,-113.4762,103.1, -,8.265266
36.00,7395.17,692.00,-113.4762,103.1, -,8.265266
36.05,7387.736,692.20,-113.4762,103.1, -,8.265266
36.10,7384.02,692.30,-113.4286,103.1, -,8.265266
36.15,7376.588,692.50,-113.4286,103.1, -,8.265266
36.20,7372.874,692.60,-113.381,103.1, -,8.265266
36.25,7365.445,692.80,-113.381,103.1, -,8.265266
36.30,7358.017,693.00,-116.9048,103.1, -,8.265266
36.35,7354.305,693.10,-113.3333,103.1, -,8.265266
36.40,7346.88,693.30,-116.8095,103.1, -,8.265266
36.45,7343.167,693.40,-113.2381,103.1, -,8.265266
36.50,7335.747,693.60,-113.1905,103.1, -,8.265266
36.55,7332.036,693.70,-113.1905,103.1, -,8.265266
36.60,7324.616,693.90,-113.1429,103.1, -,8.265266
36.65,7320.908,694.00,-113.1429,103.1, -,8.265266
36.70,7317.2,694.10,-109.5714,103.1, -,8.265266
36.75,7309.784,694.30,-113.0952,103.1, -,8.265266
36.80,7306.075,694.40,-113.0952,103.1, -,8.265266
36.85,7302.369,694.50,-109.5238,103.1, -,8.265266
36.90,7294.957,694.70,-113.0476,103.1, -,8.265266
36.95,7291.251,694.80,-109.4762,103.1, -,8.265266
37.00,7287.545,694.90,-109.4762,103.1, -,8.265266
37.05,7280.138,695.10,-109.4286,103.1, -,8.265266
37.10,7272.73,695.30,-109.381,103.1, -,8.265266
37.15,7265.324,695.50,-112.9048,103.1, -,8.265266
37.20,7257.92,695.70,-112.8571,103.1, -,8.265266
37.25,7246.818,696.00,-119.9048,103.1, -,8.265266
37.30,7239.418,696.20,-119.8571,103.1, -,8.265266
37.35,7228.323,696.50,-123.3333,103.1, -,8.265266
37.40,7220.927,696.70,-126.8571,103.1, -,8.265266
37.45,7213.533,696.90,-126.8571,103.1, -,8.265266
37.50,7206.144,697.10,-130.381,102.92, -,8.245819
37.55,7198.753,697.30,-130.381,102.92, -,8.245819
37.60,7191.364,697.50,-133.9048,102.92, -,8.245819
37.65,7183.977,697.70,-133.9048,102.92, -,8.245819
37.70,7176.592,697.90,-137.4286,102.92, -,8.245819
37.75,7172.901,698.00,-137.4286,102.92, -,8.245819
37.80,7165.518,698.20,-137.4286,102.92, -,8.245819
37.85,7158.137,698.40,-140.9524,102.92, -,8.245819
37.90,7150.76,698.60,-144.4762,102.92, -,8.245819
37.95,7147.07,698.70,-140.9524,102.92, -,8.245819
38.00,7139.693,698.90,-144.4762,102.92, -,8.245819
38.05,7132.32,699.10,-147.9524,102.92, -,8.245819
38.10,7128.632,699.20,-144.4286,102.92, -,8.245819
38.15,7121.26,699.40,-144.381,102.92, -,8.245819
38.20,7117.576,699.50,-140.8571,102.92, -,8.245819
38.25,7110.206,699.70,-140.8095,102.92, -,8.245819
38.30,7106.522,699.80,-133.7619,102.92, -,8.245819
38.35,7102.837,699.90,-130.2381,102.92, -,8.245819
38.40,7095.473,700.10,-126.6667,102.92, -,8.245819
38.45,7088.108,700.30,-126.619,102.92, -,8.245819
38.50,7084.425,700.40,-123.0952,102.92, -,8.245819
38.55,7077.065,700.60,-123.0476,102.92, -,8.265266
38.60,7069.705,700.80,-123,102.92, -,8.265266
38.65,7066.024,700.90,-119.4762,102.92, -,8.265266
38.70,7058.668,701.10,-119.4286,102.92, -,8.265266
38.75,7051.312,701.30,-119.381,102.92, -,8.265266
38.80,7043.958,701.50,-122.8571,102.92, -,8.265266
38.85,7040.282,701.60,-119.3333,102.92, -,8.265266
38.90,7032.93,701.80,-119.2857,102.92, -,8.265266
38.95,7029.253,701.90,-115.7619,102.92, -,8.265266
39.00,7021.906,702.10,-119.2381,102.92, -,8.265266
39.05,7014.558,702.30,-119.1905,102.92, -,8.265266
39.10,7010.884,702.40,-115.6667,102.92, -,8.265266
39.15,7003.541,702.60,-119.1429,102.92, -,8.265266
39.20,6999.868,702.70,-115.619,102.92, -,8.265266
39.25,6996.197,702.80,-115.5714,102.92, -,8.265266
39.30,6988.855,703.00,-115.5714,102.92, -,8.265266
39.35,6985.186,703.10,-115.5238,102.92, -,8.265266
39.40,6981.515,703.20,-115.4762,102.92, -,8.265266
39.45,6977.847,703.30,-111.9524,102.92, -,8.265266
39.50,6970.509,703.50,-111.9524,102.92, -,8.245819
39.55,6963.173,703.70,-115.4286,102.92, -,8.245819
39.60,6955.839,703.90,-115.4286,102.92, -,8.245819
39.65,6948.508,704.10,-115.4286,102.92, -,8.245819
39.70,6941.178,704.30,-118.9048,102.92, -,8.245819
39.75,6933.849,704.50,-118.9048,102.92, -,8.245819
39.80,6926.521,704.70,-118.9048,102.92, -,8.245819
39.85,6919.195,704.90,-118.9048,102.92, -,8.245819
39.90,6911.873,705.10,-122.3333,102.92, -,8.245819
39.95,6904.551,705.30,-122.2857,102.92, -,8.245819
40.00,6900.889,705.40,-122.2381,102.92, -,8.245819
40.05,6893.571,705.60,-122.1905,102.92, -,8.245819
40.10,6889.911,705.70,-118.6667,102.92, -,8.245819
40.15,6882.593,705.90,-122.1429,102.92, -,8.245819
40.20,6878.936,706.00,-118.619,102.92, -,8.245819
40.25,6875.28,706.10,-118.619,102.92, -,8.245819
40.30,6867.965,706.30,-122.0952,102.92, -,8.245819
40.35,6860.653,706.50,-122.0476,102.92, -,8.245819
40.40,6856.999,706.60,-122.0476,102.92, -,8.245819
40.45,6849.688,706.80,-125.5238,102.92, -,8.245819
40.50,6846.033,706.90,-125.5238,102.92, -,8.245819
40.55,6838.728,707.10,-125.4762,102.92, -,8.265266
40.60,6835.074,707.20,-121.9524,102.92, -,8.265266
40.65,6831.422,707.30,-118.4286,102.92, -,8.265266
40.70,6824.118,707.50,-118.381,102.92, -,8.265266
40.75,6820.468,707.60,-114.8571,102.92, -,8.265266
40.80,6813.167,707.80,-114.8095,102.92, -,8.265266
40.85,6809.515,707.90,-111.2857,102.92, -,8.265266
40.90,6805.867,708.00,-107.7619,102.92, -,8.265266
40.95,6798.568,708.20,-107.7619,102.92, -,8.265266
41.00,6794.921,708.30,-104.2857,102.92, -,8.265266
41.05,6787.625,708.50,-107.7619,102.92, -,8.265266
41.10,6783.979,708.60,-104.2857,102.92, -,8.265266
41.15,6780.332,708.70,-104.2857,102.92, -,8.265266
41.20,6773.039,708.90,-104.2857,102.92, -,8.265266
41.25,6769.395,709.00,-104.2857,102.92, -,8.265266
41.30,6762.104,709.20,-107.7619,102.92, -,8.265266
41.35,6758.461,709.30,-104.2857,102.92, -,8.265266
41.40,6751.174,709.50,-104.2857,102.92, -,8.265266
41.45,6747.532,709.60,-104.2857,102.92, -,8.265266
41.50,6740.247,709.80,-104.2857,102.92, -,8.245819
41.55,6732.964,710.00,-107.7619,102.92, -,8.245819
41.60,6725.683,710.20,-107.7619,102.92, -,8.245819
41.65,6714.764,710.50,-114.6667,102.92, -,8.245819
41.70,6711.126,710.60,-114.6667,102.92, -,8.245819
41.75,6703.85,710.80,-114.6667,102.92, -,8.245819
41.80,6696.575,711.00,-118.0952,102.92, -,8.245819
41.85,6689.302,711.20,-118.0476,102.92, -,8.245819
41.90,6685.667,711.30,-118.0476,102.92, -,8.245819
41.95,6678.396,711.50,-121.4762,102.92, -,8.245819
42.00,6671.127,711.70,-121.4286,102.92, -,8.245819
42.05,6667.494,711.80,-121.4286,102.92, -,8.245819
42.10,6663.859,711.90,-117.9524,102.92, -,8.245819
42.15,6660.228,712.00,-117.9524,102.92, -,8.245819
42.20,6656.596,712.10,-117.9524,102.92, -,8.245819
42.25,6649.332,712.30,-117.9048,102.92, -,8.245819
42.30,6645.699,712.40,-117.9048,102.92, -,8.245819
42.35,6638.44,712.60,-117.8571,102.92, -,8.245819
42.40,6634.809,712.70,-117.8571,102.92, -,8.245819
42.45,6631.18,712.80,-114.381,102.92, -,8.245819
42.50,6627.549,712.90,-114.381,102.92, -,8.245819
42.55,6620.294,713.10,-114.3333,102.92, -,8.284714
42.60,6616.665,713.20,-110.8571,102.92, -,8.284714
42.65,6609.41,713.40,-110.8095,102.92, -,8.284714
42.70,6602.158,713.60,-107.3333,102.92, -,8.284714
42.75,6594.906,713.80,-110.7619,102.92, -,8.284714
42.80,6591.28,713.90,-107.2857,102.92, -,8.284714
42.85,6584.033,714.10,-107.2857,102.92, -,8.284714
42.90,6580.408,714.20,-103.8095,102.92, -,8.284714
42.95,6573.161,714.40,-107.2381,102.92, -,8.284714
43.00,6565.918,714.60,-107.2381,102.92, -,8.284714
43.05,6558.674,714.80,-107.2381,102.92, -,8.284714
43.10,6551.432,715.00,-110.6667,102.92, -,8.284714
43.15,6547.813,715.10,-110.619,102.92, -,8.284714
43.20,6540.574,715.30,-114.0476,102.92, -,8.284714
43.25,6533.336,715.50,-117.4762,102.92, -,8.284714
43.30,6526.1,715.70,-117.4762,102.92, -,8.284714
43.35,6522.483,715.80,-117.4286,102.92, -,8.284714
43.40,6515.25,716.00,-117.4286,102.92, -,8.284714
43.45,6508.017,716.20,-120.8571,102.92, -,8.284714
43.50,6500.787,716.40,-124.2857,102.92, -,8.265266
43.55,6493.56,716.60,-127.7143,102.92, -,8.265266
43.60,6489.945,716.70,-124.2381,102.92, -,8.265266
43.65,6482.719,716.90,-127.6667,102.92, -,8.265266
43.70,6479.107,717.00,-124.1905,102.92, -,8.265266
43.75,6471.883,717.20,-124.1429,102.92, -,8.265266
43.80,6468.273,717.30,-120.6667,102.92, -,8.265266
43.85,6461.052,717.50,-124.0476,102.92, -,8.265266
43.90,6457.443,717.60,-120.5714,102.92, -,8.265266
43.95,6450.224,717.80,-124,102.92, -,8.265266
44.00,6443.006,718.00,-123.9524,102.92, -,8.265266
44.05,6439.399,718.10,-120.4762,102.92, -,8.265266
44.10,6435.791,718.20,-117,102.92, -,8.265266
44.15,6428.576,718.40,-116.9524,102.92, -,8.265266
44.20,6424.971,718.50,-116.9524,102.92, -,8.265266
44.25,6421.366,718.60,-113.4762,102.92, -,8.265266
44.30,6414.155,718.80,-113.4286,102.92, -,8.265266
44.35,6403.343,719.10,-116.8095,102.92, -,8.265266
44.40,6396.136,719.30,-120.2381,102.92, -,8.265266
44.45,6388.931,719.50,-120.1905,102.92, -,8.265266
44.50,6385.33,719.60,-116.7143,102.92, -,8.265266
44.55,6378.127,719.80,-116.6667,102.92, -,8.245819
44.60,6370.926,720.00,-116.619,102.92, -,8.245819
44.65,6367.327,720.10,-116.619,102.92, -,8.245819
44.70,6360.128,720.30,-116.5714,102.92, -,8.245819
44.75,6349.334,720.60,-123.4286,102.92, -,8.245819
44.80,6345.735,720.70,-120,102.92, -,8.245819
44.85,6338.542,720.90,-123.4286,102.92, -,8.245819
44.90,6331.352,721.10,-123.4286,102.92, -,8.245819
44.95,6327.755,721.20,-123.4286,102.92, -,8.245819
45.00,6324.161,721.30,-120,102.92, -,8.245819
45.05,6316.972,721.50,-120,102.92, -,8.245819
45.10,6309.784,721.70,-123.4286,102.92, -,8.245819
45.15,6302.598,721.90,-126.8571,102.92, -,8.245819
45.20,6295.417,722.10,-126.8571,102.92, -,8.245819
45.25,6288.234,722.30,-130.2857,102.92, -,8.245819
45.30,6281.053,722.50,-133.7143,102.92, -,8.245819
45.35,6273.873,722.70,-133.7143,102.92, -,8.245819
45.40,6266.695,722.90,-130.2857,102.92, -,8.245819
45.45,6259.521,723.10,-130.2381,102.92, -,8.245819
45.50,6252.347,723.30,-130.1905,102.92, -,8.245819
45.55,6245.174,723.50,-133.5714,102.92, -,8.245819
45.60,6238.002,723.70,-133.5238,102.92, -,8.245819
45.65,6234.418,723.80,-130.0952,102.92, -,8.245819
45.70,6227.25,724.00,-133.4762,102.92, -,8.245819
45.75,6220.083,724.20,-133.4286,102.92, -,8.245819
45.80,6212.917,724.40,-129.9524,102.92, -,8.245819
45.85,6205.754,724.60,-133.3333,102.92, -,8.245819
45.90,6198.592,724.80,-133.2857,102.92, -,8.245819
45.95,6195.01,724.90,-129.8571,102.92, -,8.245819
46.00,6187.853,725.10,-133.2381,102.92, -,8.245819
46.05,6184.272,725.20,-133.2381,102.92, -,8.245819
46.10,6177.114,725.40,-133.1905,102.92, -,8.245819
46.15,6169.96,725.60,-133.1429,102.92, -,8.245819
46.20,6166.381,725.70,-129.7143,102.92, -,8.245819
46.25,6162.806,725.80,-126.2857,102.92, -,8.245819
46.30,6159.228,725.90,-122.8571,102.92, -,8.245819
46.35,6155.652,726.00,-119.4286,102.92, -,8.245819
46.40,6148.501,726.20,-119.381,102.92, -,8.245819
46.45,6144.927,726.30,-115.9048,102.92, -,8.245819
46.50,6141.352,726.40,-112.5238,102.92, -,8.245819
46.55,6134.206,726.60,-112.5238,102.92, -,8.265266
46.60,6130.631,726.70,-109.0952,102.92, -,8.265266
46.65,6127.059,726.80,-105.6667,102.92, -,8.265266
46.70,6123.485,726.90,-105.619,102.92, -,8.265266
46.75,6116.343,727.10,-105.619,102.92, -,8.265266
46.80,6109.201,727.30,-105.619,102.92, -,8.265266
46.85,6105.629,727.40,-102.1905,102.92, -,8.265266
46.90,6102.06,727.50,-98.7619,102.92, -,8.265266
46.95,6094.92,727.70,-98.7619,102.92, -,8.265266
47.00,6087.782,727.90,-102.1429,102.92, -,8.265266
47.05,6080.648,728.10,-102.1429,102.92, -,8.265266
47.10,6073.514,728.30,-105.5238,102.92, -,8.265266
47.15,6069.946,728.40,-102.0952,102.92, -,8.265266
47.20,6062.815,728.60,-102.0952,102.92, -,8.265266
47.25,6055.685,728.80,-105.4762,102.92, -,8.265266
47.30,6052.119,728.90,-105.4286,102.92, -,8.265266
47.35,6041.428,729.20,-112.1905,102.92, -,8.265266
47.40,6037.866,729.30,-112.1429,102.92, -,8.265266
47.45,6034.302,729.40,-108.7143,102.92, -,8.265266
47.50,6027.18,729.60,-112.0952,102.92, -,8.245819
47.55,6023.618,729.70,-112.0476,102.92, -,8.245819
47.60,6020.057,729.80,-108.619,102.92, -,8.245819
47.65,6016.496,729.90,-108.619,102.92, -,8.245819
47.70,6009.377,730.10,-112,102.92, -,8.245819
47.75,6005.816,730.20,-112,102.92, -,8.245819
47.80,6002.258,730.30,-108.5714,102.92, -,8.245819
47.85,5995.141,730.50,-108.5238,102.92, -,8.245819
47.90,5988.025,730.70,-111.9048,102.92, -,8.245819
47.95,5984.469,730.80,-111.9048,102.92, -,8.245819
48.00,5973.801,731.10,-115.2381,102.92, -,8.245819
48.05,5970.244,731.20,-111.8095,102.92, -,8.245819
48.10,5959.581,731.50,-115.1429,102.92, -,8.245819
48.15,5956.028,731.60,-111.7143,102.92, -,8.245819
48.20,5948.921,731.80,-115.0952,102.92, -,8.245819
48.25,5941.815,732.00,-115.0476,102.92, -,8.245819
48.30,5938.264,732.10,-111.619,102.92, -,8.245819
48.35,5934.711,732.20,-111.619,102.92, -,8.245819
48.40,5931.161,732.30,-104.8095,102.92, -,8.245819
48.45,5924.06,732.50,-108.1905,102.92, -,8.245819
48.50,5920.511,732.60,-108.1905,102.92, -,8.245819
48.55,5916.96,732.70,-104.8095,102.74, -,8.245819
48.60,5913.412,732.80,-104.8095,102.74, -,8.245819
48.65,5906.314,733.00,-108.1905,102.74, -,8.245819
48.70,5902.767,733.10,-108.1905,102.74, -,8.245819
48.75,5895.671,733.30,-108.1905,102.74, -,8.245819
48.80,5888.578,733.50,-111.5714,102.74, -,8.245819
48.85,5885.033,733.60,-111.5714,102.74, -,8.245819
48.90,5877.941,733.80,-111.5714,102.74, -,8.245819
48.95,5870.852,734.00,-111.5714,102.74, -,8.245819
49.00,5867.309,734.10,-111.5714,102.74, -,8.245819
49.05,5860.221,734.30,-108.1905,102.74, -,8.245819
49.10,5853.135,734.50,-111.5714,102.74, -,8.245819
49.15,5849.594,734.60,-104.8095,102.74, -,8.245819
49.20,5842.51,734.80,-108.1905,102.74, -,8.245819
49.25,5838.968,734.90,-104.8095,102.74, -,8.245819
49.30,5835.428,735.00,-101.4286,102.74, -,8.245819
49.35,5828.348,735.20,-104.8095,102.74, -,8.245819
49.40,5824.81,735.30,-104.8095,102.74, -,8.245819
49.45,5817.731,735.50,-108.1905,102.74, -,8.245819
49.50,5814.194,735.60,-104.8095,102.74, -,8.245819
49.55,5810.655,735.70,-104.8095,102.74, -,8.245819
49.60,5803.58,735.90,-108.1429,102.74, -,8.245819
49.65,5800.044,736.00,-108.1429,102.74, -,8.245819
49.70,5792.972,736.20,-108.0952,102.74, -,8.245819
49.75,5789.437,736.30,-108.0952,102.74, -,8.245819
49.80,5782.367,736.50,-108.0476,102.74, -,8.245819
49.85,5775.298,736.70,-108,102.74, -,8.245819
49.90,5768.231,736.90,-111.3333,102.74, -,8.245819
49.95,5764.699,737.00,-107.9524,102.74, -,8.245819
50.00,5761.167,737.10,-104.5714,102.74, -,8.245819
50.05,5754.104,737.30,-107.9048,102.74, -,8.245819
50.10,5747.041,737.50,-107.8571,102.74, -,8.245819
50.15,5743.511,737.60,-104.4762,102.74, -,8.245819
50.20,5736.451,737.80,-107.8095,102.74, -,8.245819
50.25,5732.92,737.90,-104.4286,102.74, -,8.245819
50.30,5725.865,738.10,-107.7619,102.74, -,8.245819
50.35,5718.809,738.30,-111.0952,102.74, -,8.245819
50.40,5715.28,738.40,-107.7143,102.74, -,8.245819
50.45,5708.228,738.60,-111.0476,102.74, -,8.245819
50.50,5704.701,738.70,-107.6667,102.74, -,8.245819
50.55,5697.649,738.90,-111,102.74, -,8.245819
50.60,5690.601,739.10,-114.3333,102.74, -,8.245819
50.65,5687.076,739.20,-111,102.74, -,8.245819
50.70,5680.028,739.40,-114.3333,102.74, -,8.245819
50.75,5676.505,739.50,-110.9524,102.74, -,8.245819
50.80,5669.46,739.70,-114.2857,102.74, -,8.245819
50.85,5665.939,739.80,-110.9048,102.74, -,8.245819
50.90,5658.896,740.00,-110.9048,102.74, -,8.245819
50.95,5655.376,740.10,-107.5238,102.74, -,8.245819
51.00,5648.335,740.30,-110.8571,102.74, -,8.245819
51.05,5644.814,740.40,-110.8095,102.74, -,8.245819
51.10,5637.778,740.60,-110.8095,102.74, -,8.245819
51.15,5634.258,740.70,-107.4286,102.74, -,8.245819
51.20,5627.222,740.90,-110.7619,102.74, -,8.245819
51.25,5620.189,741.10,-110.7619,102.74, -,8.245819
51.30,5616.671,741.20,-110.7143,102.74, -,8.245819
51.35,5609.639,741.40,-110.7143,102.74, -,8.245819
51.40,5602.61,741.60,-110.7143,102.74, -,8.245819
51.45,5599.094,741.70,-110.6667,102.74, -,8.245819
51.50,5592.065,741.90,-110.6667,102.74, -,8.245819
51.55,5588.553,742.00,-110.619,102.74, -,8.245819
51.60,5581.527,742.20,-110.619,102.74, -,8.245819
51.65,5578.015,742.30,-107.2381,102.74, -,8.245819
51.70,5570.991,742.50,-110.5238,102.74, -,8.245819
51.75,5567.481,742.60,-107.1429,102.74, -,8.245819
51.80,5563.969,742.70,-107.1429,102.74, -,8.245819
51.85,5560.459,742.80,-103.7619,102.74, -,8.245819
51.90,5553.439,743.00,-107.0952,102.74, -,8.245819
51.95,5549.931,743.10,-103.7143,102.74, -,8.245819
52.00,5539.403,743.40,-110.4286,102.74, -,8.245819
52.05,5535.896,743.50,-107.0476,102.74, -,8.245819
52.10,5532.39,743.60,-107.0476,102.74, -,8.245819
52.15,5528.882,743.70,-103.6667,102.74, -,8.245819
52.20,5521.869,743.90,-107,102.74, -,8.245819
52.25,5514.859,744.10,-106.9524,102.74, -,8.245819
52.30,5511.353,744.20,-103.5714,102.74, -,8.245819
52.35,5504.343,744.40,-106.9048,102.74, -,8.245819
52.40,5500.84,744.50,-103.5238,102.74, -,8.245819
52.45,5493.833,744.70,-103.4762,102.74, -,8.245819
52.50,5490.331,744.80,-103.4762,102.74, -,8.245819
52.55,5483.326,745.00,-103.4286,102.74, -,8.284714
52.60,5479.826,745.10,-103.4286,102.74, -,8.284714
52.65,5472.823,745.30,-103.381,102.74, -,8.284714
52.70,5465.822,745.50,-106.7143,102.74, -,8.284714
52.75,5462.323,745.60,-103.381,102.74, -,8.284714
52.80,5455.324,745.80,-106.7143,102.74, -,8.284714
52.85,5448.327,746.00,-110.0476,102.74, -,8.284714
52.90,5441.331,746.20,-113.381,102.74, -,8.284714
52.95,5437.835,746.30,-110.0476,102.74, -,8.284714
53.00,5430.841,746.50,-113.381,102.74, -,8.284714
53.05,5423.85,746.70,-110,102.74, -,8.284714
53.10,5416.859,746.90,-113.3333,102.74, -,8.284714
53.15,5413.366,747.00,-113.3333,102.74, -,8.284714
53.20,5406.377,747.20,-116.6667,102.74, -,8.284714
53.25,5402.885,747.30,-113.3333,102.74, -,8.284714
53.30,5399.391,747.40,-110,102.74, -,8.284714
53.35,5392.408,747.60,-113.3333,102.74, -,8.284714
53.40,5385.424,747.80,-113.3333,102.74, -,8.284714
53.45,5381.932,747.90,-113.3333,102.74, -,8.284714
53.50,5378.442,748.00,-110,102.74, -,8.265266
53.55,5371.461,748.20,-113.3333,102.74, -,8.265266
53.60,5364.482,748.40,-113.3333,102.74, -,8.265266
53.65,5357.507,748.60,-116.6667,102.74, -,8.265266
53.70,5354.018,748.70,-113.3333,102.74, -,8.265266
53.75,5350.531,748.80,-110,102.74, -,8.265266
53.80,5347.042,748.90,-110,102.74, -,8.265266
53.85,5340.071,749.10,-109.9524,102.74, -,8.265266
53.90,5336.583,749.20,-106.619,102.74, -,8.265266
53.95,5329.612,749.40,-106.5714,102.74, -,8.265266
54.00,5326.127,749.50,-106.5714,102.74, -,8.265266
54.05,5319.158,749.70,-106.5238,102.74, -,8.265266
54.10,5315.675,749.80,-103.1905,102.74, -,8.265266
54.15,5312.19,749.90,-99.85714,102.74, -,8.265266
54.20,5305.227,750.10,-103.1429,102.74, -,8.265266
54.25,5301.743,750.20,-99.80952,102.74, -,8.265266
54.30,5298.262,750.30,-99.80952,102.74, -,8.265266
54.35,5291.298,750.50,-103.0952,102.74, -,8.265266
54.40,5287.818,750.60,-99.7619,102.74, -,8.265266
54.45,5280.857,750.80,-99.71429,102.74, -,8.265266
54.50,5277.376,750.90,-99.71429,102.74, -,8.265266
54.55,5273.898,751.00,-99.71429,102.74, -,8.284714
54.60,5266.94,751.20,-99.66666,102.74, -,8.284714
54.65,5263.462,751.30,-96.33334,102.74, -,8.284714
54.70,5256.507,751.50,-96.28571,102.74, -,8.284714
54.75,5249.552,751.70,-99.57143,102.74, -,8.284714
54.80,5242.6,751.90,-102.8571,102.74, -,8.284714
54.85,5239.125,752.00,-102.8095,102.74, -,8.284714
54.90,5232.174,752.20,-102.8095,102.74, -,8.284714
54.95,5225.226,752.40,-106.0952,102.74, -,8.284714
55.00,5221.752,752.50,-102.7619,102.74, -,8.284714
55.05,5214.806,752.70,-106.0476,102.74, -,8.284714
55.10,5207.86,752.90,-106.0476,102.74, -,8.284714
55.15,5204.39,753.00,-106,102.74, -,8.284714
55.20,5197.446,753.20,-109.2857,102.74, -,8.284714
55.25,5193.977,753.30,-105.9524,102.74, -,8.284714
55.30,5190.505,753.40,-105.9048,102.74, -,8.284714
55.35,5183.567,753.60,-109.1905,102.74, -,8.284714
55.40,5180.097,753.70,-105.8571,102.74, -,8.284714
55.45,5173.159,753.90,-109.1429,102.74, -,8.284714
55.50,5169.691,754.00,-105.8095,102.74, -,8.284714
55.55,5166.225,754.10,-105.7619,102.74, -,8.284714
55.60,5159.29,754.30,-109.0476,102.74, -,8.284714
55.65,5152.356,754.50,-109.0476,102.74, -,8.284714
55.70,5148.891,754.60,-109,102.74, -,8.284714
55.75,5145.424,754.70,-105.6667,102.74, -,8.284714
55.80,5138.494,754.90,-105.6667,102.74, -,8.284714
55.85,5135.03,755.00,-102.3333,102.74, -,8.284714
55.90,5128.102,755.20,-105.6667,102.74, -,8.284714
55.95,5124.64,755.30,-102.3333,102.74, -,8.284714
56.00,5121.176,755.40,-99,102.74, -,8.284714
56.05,5117.714,755.50,-99,102.74, -,8.284714
56.10,5114.252,755.60,-95.66666,102.74, -,8.284714
56.15,5110.79,755.70,-92.33334,102.74, -,8.284714
56.20,5103.867,755.90,-95.61905,102.74, -,8.284714
56.25,5100.407,756.00,-92.28571,102.74, -,8.284714
56.30,5096.947,756.10,-92.28571,102.74, -,8.284714
56.35,5090.027,756.30,-95.57143,102.74, -,8.284714
56.40,5086.567,756.40,-92.2381,102.74, -,8.284714
56.45,5083.109,756.50,-92.2381,102.74, -,8.284714
56.50,5076.192,756.70,-92.19048,102.74, -,8.284714
56.55,5072.735,756.80,-92.19048,102.74, -,8.265266
56.60,5069.276,756.90,-92.19048,102.74, -,8.265266
56.65,5062.364,757.10,-92.14286,102.74, -,8.265266
56.70,5055.452,757.30,-92.09524,102.74, -,8.265266
56.75,5051.995,757.40,-92.09524,102.74, -,8.265266
56.80,5045.086,757.60,-95.38095,102.74, -,8.265266
56.85,5038.178,757.80,-95.33334,102.74, -,8.265266
56.90,5031.27,758.00,-98.61905,102.74, -,8.265266
56.95,5027.818,758.10,-95.28571,102.74, -,8.265266
57.00,5020.913,758.30,-98.57143,102.74, -,8.265266
57.05,5014.009,758.50,-101.8571,102.74, -,8.265266
57.10,5010.559,758.60,-101.8571,102.74, -,8.265266
57.15,5003.657,758.80,-105.1429,102.74, -,8.265266
57.20,5000.206,758.90,-105.1429,102.74, -,8.265266
57.25,4996.757,759.00,-101.8571,102.74, -,8.265266
57.30,4989.859,759.20,-105.1429,102.74, -,8.265266
57.35,4986.411,759.30,-105.1429,102.74, -,8.265266
57.40,4982.962,759.40,-101.8571,102.74, -,8.265266
57.45,4976.068,759.60,-105.1429,102.74, -,8.265266
57.50,4972.62,759.70,-105.1429,102.56, -,8.265266
57.55,4965.727,759.90,-105.1429,102.56, -,8.265266
57.60,4962.281,760.00,-105.1429,102.56, -,8.265266
57.65,4955.39,760.20,-108.4286,102.56, -,8.265266
57.70,4951.946,760.30,-105.1429,102.56, -,8.265266
57.75,4945.057,760.50,-105.1429,102.56, -,8.265266
57.80,4941.614,760.60,-105.1429,102.56, -,8.265266
57.85,4934.728,760.80,-105.1429,102.56, -,8.265266
57.90,4931.284,760.90,-101.8571,102.56, -,8.265266
57.95,4924.401,761.10,-101.8571,102.56, -,8.265266
58.00,4920.958,761.20,-101.8571,102.56, -,8.265266
58.05,4917.518,761.30,-98.57143,102.56, -,8.265266
58.10,4910.636,761.50,-98.57143,102.56, -,8.265266
58.15,4907.197,761.60,-98.57143,102.56, -,8.265266
58.20,4900.317,761.80,-98.57143,102.56, -,8.265266
58.25,4893.439,762.00,-101.8571,102.56, -,8.265266
58.30,4890.002,762.10,-101.8571,102.56, -,8.265266
58.35,4886.563,762.20,-98.57143,102.56, -,8.265266
58.40,4879.688,762.40,-101.8571,102.56, -,8.265266
58.45,4876.252,762.50,-101.8571,102.56, -,8.265266
58.50,4869.379,762.70,-101.8095,102.56, -,8.265266
58.55,4865.944,762.80,-101.8095,102.56, -,8.284714
58.60,4859.073,763.00,-101.7619,102.56, -,8.284714
58.65,4852.204,763.20,-105,102.56, -,8.284714
58.70,4848.771,763.30,-101.7143,102.56, -,8.284714
58.75,4841.904,763.50,-104.9524,102.56, -,8.284714
58.80,4838.472,763.60,-101.6667,102.56, -,8.284714
58.85,4831.607,763.80,-104.9048,102.56, -,8.284714
58.90,4824.744,764.00,-104.8571,102.56, -,8.284714
58.95,4821.313,764.10,-104.8571,102.56, -,8.284714
59.00,4817.881,764.20,-101.5714,102.56, -,8.284714
59.05,4811.021,764.40,-104.8095,102.56, -,8.284714
59.10,4807.592,764.50,-104.8095,102.56, -,8.284714
59.15,4804.164,764.60,-101.5238,102.56, -,8.284714
59.20,4800.734,764.70,-101.5238,102.56, -,8.284714
59.25,4793.877,764.90,-101.4762,102.56, -,8.284714
59.30,4790.45,765.00,-98.19048,102.56, -,8.284714
59.35,4783.595,765.20,-101.4286,102.56, -,8.284714
59.40,4776.742,765.40,-104.6667,102.56, -,8.284714
59.45,4769.893,765.60,-104.619,102.56, -,8.284714
59.50,4763.042,765.80,-107.8571,102.56, -,8.265266
59.55,4759.616,765.90,-104.619,102.56, -,8.265266
59.60,4752.77,766.10,-107.8571,102.56, -,8.265266
59.65,4749.346,766.20,-104.5714,102.56, -,8.265266
59.70,4742.5,766.40,-104.5714,102.56, -,8.265266
59.75,4739.078,766.50,-104.5238,102.56, -,8.265266
59.80,4732.234,766.70,-104.5238,102.56, -,8.265266
59.85,4728.814,766.80,-104.4762,102.56, -,8.265266
59.90,4725.392,766.90,-101.1905,102.56, -,8.265266
59.95,4721.972,767.00,-97.90476,102.56, -,8.265266
60.00,4715.132,767.20,-101.1429,102.56, -,8.265266
60.05,4711.713,767.30,-101.0952,102.56, -,8.265266
60.10,4704.875,767.50,-101.0952,102.56, -,8.265266
60.15,4698.039,767.70,-104.3333,102.56, -,8.265266
60.20,4694.622,767.80,-104.2857,102.56, -,8.265266
60.25,4687.788,768.00,-107.5238,102.56, -,8.265266
60.30,4680.955,768.20,-107.5238,102.56, -,8.265266
60.35,4677.54,768.30,-107.4762,102.56, -,8.265266
60.40,4670.708,768.50,-107.4762,102.56, -,8.265266
60.45,4663.879,768.70,-107.4762,102.56, -,8.265266
60.50,4657.051,768.90,-107.4762,102.56, -,8.265266
60.55,4653.639,769.00,-104.1905,102.56, -,8.265266
60.60,4646.813,769.20,-107.4286,102.56, -,8.265266
60.65,4639.988,769.40,-107.381,102.56, -,8.265266
60.70,4636.578,769.50,-107.381,102.56, -,8.265266
60.75,4633.167,769.60,-104.0952,102.56, -,8.265266
60.80,4626.346,769.80,-107.3333,102.56, -,8.265266
60.85,4622.935,769.90,-104.0476,102.56, -,8.265266
60.90,4619.526,770.00,-104.0476,102.56, -,8.265266
60.95,4612.707,770.20,-107.2857,102.56, -,8.265266
61.00,4605.89,770.40,-110.5238,102.56, -,8.265266
61.05,4602.483,770.50,-107.2381,102.56, -,8.265266
61.10,4599.076,770.60,-107.2381,102.56, -,8.265266
61.15,4592.262,770.80,-107.1905,102.56, -,8.265266
61.20,4585.449,771.00,-107.1429,102.56, -,8.265266
61.25,4582.044,771.10,-107.1429,102.56, -,8.265266
61.30,4578.637,771.20,-103.8571,102.56, -,8.265266
61.35,4571.827,771.40,-103.8095,102.56, -,8.265266
61.40,4568.424,771.50,-103.8095,102.56, -,8.265266
61.45,4565.021,771.60,-100.5238,102.56, -,8.265266
61.50,4558.213,771.80,-100.4762,102.56, -,8.265266
61.55,4551.408,772.00,-100.4286,102.56, -,8.265266
61.60,4548.006,772.10,-100.4286,102.56, -,8.265266
61.65,4544.604,772.20,-97.14286,102.56, -,8.265266
61.70,4541.203,772.30,-93.90476,102.56, -,8.265266
61.75,4537.8,772.40,-93.90476,102.56, -,8.265266
61.80,4534.4,772.50,-93.90476,102.56, -,8.265266
61.85,4531.001,772.60,-90.66666,102.56, -,8.265266
61.90,4524.201,772.80,-93.90476,102.56, -,8.265266
61.95,4520.8,772.90,-93.90476,102.56, -,8.265266
62.00,4517.402,773.00,-90.66666,102.56, -,8.265266
62.05,4514.004,773.10,-87.42857,102.56, -,8.265266
62.10,4510.605,773.20,-87.42857,102.56, -,8.265266
62.15,4507.208,773.30,-87.42857,102.56, -,8.265266
62.20,4503.809,773.40,-84.19048,102.56, -,8.265266
62.25,4500.413,773.50,-80.95238,102.56, -,8.265266
62.30,4497.017,773.60,-80.95238,102.56, -,8.265266
62.35,4493.619,773.70,-80.95238,102.56, -,8.265266
62.40,4490.224,773.80,-77.71429,102.56, -,8.265266
62.45,4483.433,774.00,-80.95238,102.56, -,8.265266
62.50,4476.642,774.20,-84.19048,102.56, -,8.265266
62.55,4469.854,774.40,-84.19048,102.56, -,8.265266
62.60,4463.068,774.60,-84.19048,102.56, -,8.265266
62.65,4456.282,774.80,-87.42857,102.56, -,8.265266
62.70,4446.107,775.10,-93.85714,102.56, -,8.265266
62.75,4439.325,775.30,-97.09524,102.56, -,8.265266
62.80,4429.155,775.60,-103.5238,102.56, -,8.265266
62.85,4422.376,775.80,-106.7619,102.56, -,8.265266
62.90,4415.599,776.00,-110,102.56, -,8.265266
62.95,4408.823,776.20,-110,102.56, -,8.265266
63.00,4402.048,776.40,-113.1905,102.56, -,8.265266
63.05,4398.663,776.50,-113.1905,102.56, -,8.265266
63.10,4391.891,776.70,-116.381,102.56, -,8.265266
63.15,4385.12,776.90,-119.5714,102.56, -,8.265266
63.20,4378.352,777.10,-122.7619,102.56, -,8.265266
63.25,4378.352,777.10,-119.5238,102.56, -,8.265266
63.30,4371.583,777.30,-122.7143,102.56, -,8.265266
63.35,4368.199,777.40,-122.7143,102.56, -,8.265266
63.40,4364.817,777.50,-122.7143,102.56, -,8.265266
63.45,4361.435,777.60,-122.7143,102.56, -,8.265266
63.50,4358.052,777.70,-119.4762,102.56, -,8.265266
63.55,4354.67,777.80,-116.2381,102.56, -,8.265266
63.60,4351.288,777.90,-113,102.56, -,8.265266
63.65,4347.907,778.00,-109.7619,102.56, -,8.265266
63.70,4344.527,778.10,-106.5238,102.56, -,8.265266
63.75,4337.766,778.30,-103.2857,102.56, -,8.265266
63.80,4331.006,778.50,-103.2381,102.56, -,8.265266
63.85,4327.628,778.60,-96.80952,102.56, -,8.265266
63.90,4320.87,778.80,-96.7619,102.56, -,8.265266
63.95,4310.737,779.10,-99.95238,102.56, -,8.265266
64.00,4303.983,779.30,-99.90476,102.56, -,8.265266
64.05,4300.606,779.40,-96.71429,102.56, -,8.265266
64.10,4293.856,779.60,-99.90476,102.56, -,8.265266
64.15,4283.729,779.90,-103.1429,102.56, -,8.265266
64.20,4280.356,780.00,-99.90476,102.56, -,8.265266
64.25,4273.608,780.20,-99.90476,102.56, -,8.265266
64.30,4266.862,780.40,-106.3333,102.56, -,8.265266
64.35,4263.49,780.50,-103.0952,102.56, -,8.265266
64.40,4256.746,780.70,-106.2857,102.56, -,8.265266
64.45,4253.375,780.80,-106.2381,102.56, -,8.265266
64.50,4246.633,781.00,-109.4286,102.56, -,8.265266
64.55,4243.264,781.10,-109.381,102.56, -,8.265266
64.60,4236.523,781.30,-112.5714,102.56, -,8.265266
64.65,4233.153,781.40,-112.5238,102.56, -,8.265266
64.70,4229.785,781.50,-112.4762,102.56, -,8.265266
64.75,4223.047,781.70,-115.6667,102.56, -,8.265266
64.80,4219.68,781.80,-112.4286,102.56, -,8.265266
64.85,4216.312,781.90,-109.1905,102.56, -,8.265266
64.90,4209.579,782.10,-112.381,102.56, -,8.265266
64.95,4206.211,782.20,-109.1429,102.56, -,8.265266
65.00,4199.479,782.40,-105.9048,102.56, -,8.265266
65.05,4196.114,782.50,-102.6667,102.56, -,8.265266
65.10,4192.75,782.60,-102.619,102.56, -,8.265266
65.15,4186.02,782.80,-102.619,102.56, -,8.265266
65.20,4179.292,783.00,-99.38095,102.56, -,8.265266
65.25,4172.565,783.20,-102.619,102.56, -,8.265266
65.30,4169.203,783.30,-99.38095,102.56, -,8.265266
65.35,4162.478,783.50,-99.38095,102.56, -,8.265266
65.40,4159.117,783.60,-99.38095,102.56, -,8.265266
65.45,4152.395,783.80,-99.33334,102.56, -,8.265266
65.50,4145.673,784.00,-102.5238,102.38, -,8.265266
65.55,4138.954,784.20,-102.4762,102.38, -,8.265266
65.60,4135.595,784.30,-102.4762,102.38, -,8.265266
65.65,4128.877,784.50,-102.4286,102.38, -,8.265266
65.70,4122.161,784.70,-105.619,102.38, -,8.265266
65.75,4118.804,784.80,-105.619,102.38, -,8.265266
65.80,4115.446,784.90,-102.381,102.38, -,8.265266
65.85,4108.734,785.10,-105.5714,102.38, -,8.265266
65.90,4105.377,785.20,-105.5714,102.38, -,8.265266
65.95,4102.022,785.30,-102.3333,102.38, -,8.265266
66.00,4095.311,785.50,-105.5238,102.38, -,8.265266
66.05,4088.601,785.70,-105.4762,102.38, -,8.265266
66.10,4085.248,785.80,-105.4762,102.38, -,8.265266
66.15,4078.541,786.00,-108.6667,102.38, -,8.265266
66.20,4071.834,786.20,-108.619,102.38, -,8.265266
66.25,4068.483,786.30,-105.381,102.38, -,8.265266
66.30,4061.779,786.50,-105.3333,102.38, -,8.265266
66.35,4058.428,786.60,-105.3333,102.38, -,8.265266
66.40,4051.727,786.80,-105.2857,102.38, -,8.265266
66.45,4045.026,787.00,-108.4762,102.38, -,8.265266
66.50,4038.327,787.20,-108.4762,102.38, -,8.265266
66.55,4034.979,787.30,-105.2857,102.38, -,8.265266
66.60,4028.282,787.50,-105.2857,102.38, -,8.265266
66.65,4024.935,787.60,-105.2857,102.38, -,8.265266
66.70,4018.24,787.80,-105.2857,102.38, -,8.265266
66.75,4014.892,787.90,-102.0952,102.38, -,8.265266
66.80,4008.201,788.10,-105.2857,102.38, -,8.265266
66.85,4004.854,788.20,-105.2857,102.38, -,8.265266
66.90,3998.163,788.40,-105.2857,102.38, -,8.265266
66.95,3991.475,788.60,-108.4762,102.38, -,8.265266
67.00,3988.13,788.70,-108.4762,102.38, -,8.265266
67.05,3984.787,788.80,-105.2857,102.38, -,8.265266
67.10,3981.443,788.90,-102.0952,102.38, -,8.265266
67.15,3974.759,789.10,-105.2857,102.38, -,8.265266
67.20,3971.415,789.20,-102.0952,102.38, -,8.265266
67.25,3971.415,789.20,-95.71429,102.38, -,8.265266
67.30,3968.074,789.30,-95.71429,102.38, -,8.265266
67.35,3964.731,789.40,-92.52381,102.38, -,8.265266
67.40,3958.05,789.60,-95.71429,102.38, -,8.265266
67.45,3954.708,789.70,-92.52381,102.38, -,8.265266
67.50,3951.369,789.80,-89.33334,102.38, -,8.265266
67.55,3944.689,790.00,-89.33334,102.38, -,8.265266
67.60,3938.01,790.20,-92.52381,102.38, -,8.265266
67.65,3934.673,790.30,-89.33334,102.38, -,8.265266
67.70,3927.996,790.50,-92.52381,102.38, -,8.265266
67.75,3924.659,790.60,-89.33334,102.38, -,8.265266
67.80,3917.985,790.80,-92.47619,102.38, -,8.265266
67.85,3911.312,791.00,-92.42857,102.38, -,8.265266
67.90,3907.977,791.10,-92.42857,102.38, -,8.265266
67.95,3904.64,791.20,-89.2381,102.38, -,8.265266
68.00,3897.97,791.40,-89.19048,102.38, -,8.265266
68.05,3894.636,791.50,-89.19048,102.38, -,8.265266
68.10,3887.968,791.70,-92.33334,102.38, -,8.265266
68.15,3881.301,791.90,-95.47619,102.38, -,8.265266
68.20,3877.969,792.00,-92.28571,102.38, -,8.265266
68.25,3871.304,792.20,-95.42857,102.38, -,8.265266
68.30,3867.973,792.30,-98.61905,102.38, -,8.265266
68.35,3861.31,792.50,-101.7619,102.38, -,8.265266
68.40,3857.98,792.60,-101.7619,102.38, -,8.265266
68.45,3851.319,792.80,-101.7143,102.38, -,8.265266
68.50,3847.989,792.90,-101.7143,102.38, -,8.265266
68.55,3841.332,793.10,-104.8571,102.38, -,8.265266
68.60,3838.002,793.20,-101.6667,102.38, -,8.265266
68.65,3831.345,793.40,-101.619,102.38, -,8.265266
68.70,3828.018,793.50,-101.619,102.38, -,8.265266
68.75,3824.692,793.60,-98.42857,102.38, -,8.265266
68.80,3818.038,793.80,-101.5714,102.38, -,8.265266
68.85,3814.71,793.90,-98.42857,102.38, -,8.265266
68.90,3811.385,794.00,-95.28571,102.38, -,8.265266
68.95,3804.734,794.20,-98.42857,102.38, -,8.265266
69.00,3801.409,794.30,-98.38095,102.38, -,8.265266
69.05,3794.76,794.50,-98.38095,102.38, -,8.265266
69.10,3791.437,794.60,-98.33334,102.38, -,8.265266
69.15,3788.112,794.70,-95.14286,102.38, -,8.265266
69.20,3781.466,794.90,-95.14286,102.38, -,8.265266
69.25,3778.144,795.00,-95.09524,102.38, -,8.265266
69.30,3771.5,795.20,-95.09524,102.38, -,8.265266
69.35,3768.179,795.30,-95.04762,102.38, -,8.265266
69.40,3761.536,795.50,-95.04762,102.38, -,8.265266
69.45,3758.216,795.60,-95,102.38, -,8.265266
69.50,3754.895,795.70,-91.80952,102.38, -,8.284714
69.55,3748.255,795.90,-94.95238,102.38, -,8.284714
69.60,3744.937,796.00,-91.7619,102.38, -,8.284714
69.65,3738.299,796.20,-94.90476,102.38, -,8.284714
69.70,3731.663,796.40,-94.90476,102.38, -,8.284714
69.75,3728.346,796.50,-94.85714,102.38, -,8.284714
69.80,3721.711,796.70,-98,102.38, -,8.284714
69.85,3715.078,796.90,-98,102.38, -,8.284714
69.90,3711.763,797.00,-97.95238,102.38, -,8.284714
69.95,3705.132,797.20,-101.0952,102.38, -,8.284714
70.00,3701.818,797.30,-97.90476,102.38, -,8.284714
70.05,3695.189,797.50,-101.0952,102.38, -,8.284714
70.10,3688.562,797.70,-101.0952,102.38, -,8.284714
70.15,3681.935,797.90,-104.2857,102.38, -,8.284714
70.20,3675.312,798.10,-107.4286,102.38, -,8.284714
70.25,3671.999,798.20,-104.2381,102.38, -,8.284714
70.30,3668.689,798.30,-104.2381,102.38, -,8.284714
70.35,3662.066,798.50,-104.1905,102.38, -,8.284714
70.40,3658.757,798.60,-104.1905,102.38, -,8.284714
70.45,3652.136,798.80,-104.1429,102.38, -,8.284714
70.50,3645.518,799.00,-107.2857,102.38, -,8.284714
70.55,3638.9,799.20,-110.4286,102.38, -,8.265266
70.60,3632.284,799.40,-110.381,102.38, -,8.265266
70.65,3628.977,799.50,-110.381,102.38, -,8.265266
70.70,3622.363,799.70,-110.3333,102.38, -,8.265266
70.75,3615.75,799.90,-110.2857,102.38, -,8.265266
70.80,3609.14,800.10,-113.4286,102.38, -,8.265266
70.85,3602.53,800.30,-113.381,102.38, -,8.265266
70.90,3599.224,800.40,-110.1905,102.38, -,8.265266
70.95,3595.921,800.50,-110.1905,102.38, -,8.265266
71.00,3589.314,800.70,-110.1429,102.38, -,8.265266
71.05,3582.708,800.90,-113.2857,102.38, -,8.265266
71.10,3579.406,801.00,-110.0952,102.38, -,8.265266
71.15,3576.104,801.10,-106.9048,102.38, -,8.265266
71.20,3569.501,801.30,-106.8571,102.38, -,8.265266
71.25,3566.199,801.40,-103.7143,102.38, -,8.265266
71.30,3562.899,801.50,-103.7143,102.38, -,8.265266
71.35,3556.298,801.70,-106.8571,102.38, -,8.265266
71.40,3549.698,801.90,-106.8571,102.38, -,8.265266
71.45,3546.4,802.00,-106.8571,102.38, -,8.265266
71.50,3543.102,802.10,-103.7143,102.38, -,8.265266
71.55,3536.505,802.30,-103.7143,102.38, -,8.265266
71.60,3533.206,802.40,-100.5714,102.38, -,8.265266
71.65,3529.91,802.50,-97.42857,102.38, -,8.265266
71.70,3523.315,802.70,-100.5714,102.38, -,8.265266
71.75,3516.723,802.90,-100.5714,102.38, -,8.265266
71.80,3510.133,803.10,-100.5714,102.38, -,8.265266
71.85,3503.543,803.30,-100.5714,102.38, -,8.265266
71.90,3496.954,803.50,-100.5714,102.38, -,8.265266
71.95,3490.366,803.70,-103.7143,102.38, -,8.265266
72.00,3487.074,803.80,-103.7143,102.38, -,8.265266
72.05,3480.489,804.00,-103.7143,102.38, -,8.265266
72.10,3477.197,804.10,-100.5714,102.38, -,8.265266
72.15,3470.614,804.30,-103.7143,102.38, -,8.265266
72.20,3467.321,804.40,-103.7143,102.38, -,8.265266
72.25,3460.742,804.60,-103.7143,102.38, -,8.265266
72.30,3457.45,804.70,-103.7143,102.38, -,8.265266
72.35,3450.871,804.90,-106.8571,102.38, -,8.265266
72.40,3447.582,805.00,-103.7143,102.38, -,8.265266
72.45,3444.294,805.10,-100.5714,102.38, -,8.265266
72.50,3437.717,805.30,-103.7143,102.38, -,8.265266
72.55,3431.142,805.50,-106.8571,102.2, -,8.265266
72.60,3424.567,805.70,-106.8095,102.2, -,8.265266
72.65,3417.994,805.90,-109.9048,102.2, -,8.265266
72.70,3414.709,806.00,-109.9048,102.2, -,8.265266
72.75,3411.425,806.10,-106.7619,102.2, -,8.265266
72.80,3404.854,806.30,-106.7143,102.2, -,8.265266
72.85,3398.285,806.50,-106.6667,102.2, -,8.265266
72.90,3391.718,806.70,-106.619,102.2, -,8.265266
72.95,3388.435,806.80,-103.4762,102.2, -,8.265266
73.00,3381.869,807.00,-103.4286,102.2, -,8.265266
73.05,3378.588,807.10,-103.4286,102.2, -,8.265266
73.10,3372.024,807.30,-103.381,102.2, -,8.265266
73.15,3368.742,807.40,-103.381,102.2, -,8.265266
73.20,3362.182,807.60,-103.3333,102.2, -,8.265266
73.25,3358.901,807.70,-103.3333,102.2, -,8.265266
73.30,3352.341,807.90,-103.2857,102.2, -,8.265266
73.35,3345.784,808.10,-106.381,102.2, -,8.265266
73.40,3339.227,808.30,-106.3333,102.2, -,8.265266
73.45,3335.948,808.40,-106.3333,102.2, -,8.265266
73.50,3332.671,808.50,-106.3333,102.2, -,8.304162
73.55,3326.117,808.70,-106.2857,102.2, -,8.304162
73.60,3319.563,808.90,-106.2381,102.2, -,8.304162
73.65,3316.288,809.00,-103.1429,102.2, -,8.304162
73.70,3309.737,809.20,-103.1429,102.2, -,8.304162
73.75,3306.463,809.30,-103.0952,102.2, -,8.304162
73.80,3299.913,809.50,-106.1905,102.2, -,8.304162
73.85,3296.64,809.60,-103.0476,102.2, -,8.304162
73.90,3290.093,809.80,-103.0476,102.2, -,8.304162
73.95,3286.819,809.90,-99.90476,102.2, -,8.304162
74.00,3280.275,810.10,-103,102.2, -,8.304162
74.05,3277.002,810.20,-99.85714,102.2, -,8.304162
74.10,3273.731,810.30,-99.80952,102.2, -,8.304162
74.15,3267.188,810.50,-99.80952,102.2, -,8.304162
74.20,3263.918,810.60,-99.7619,102.2, -,8.304162
74.25,3263.918,810.60,-93.52381,102.2, -,8.304162
74.30,3257.378,810.80,-96.61905,102.2, -,8.304162
74.35,3254.107,810.90,-93.47619,102.2, -,8.304162
74.40,3250.838,811.00,-90.33334,102.2, -,8.304162
74.45,3244.3,811.20,-90.33334,102.2, -,8.304162
74.50,3241.032,811.30,-90.28571,102.2, -,8.304162
74.55,3234.496,811.50,-93.38095,102.2, -,8.265266
74.60,3231.229,811.60,-90.2381,102.2, -,8.265266
74.65,3227.961,811.70,-87.09524,102.2, -,8.265266
74.70,3221.427,811.90,-90.19048,102.2, -,8.265266
74.75,3218.162,812.00,-87.04762,102.2, -,8.265266
74.80,3211.63,812.20,-90.19048,102.2, -,8.265266
74.85,3201.836,812.50,-93.28571,102.2, -,8.265266
74.90,3195.308,812.70,-96.42857,102.2, -,8.265266
74.95,3185.519,813.00,-99.52381,102.2, -,8.265266
75.00,3178.993,813.20,-102.6667,102.2, -,8.265266
75.05,3172.47,813.40,-102.619,102.2, -,8.265266
75.10,3165.949,813.60,-105.7143,102.2, -,8.265266
75.15,3159.428,813.80,-108.8095,102.2, -,8.265266
75.20,3152.908,814.00,-108.7619,102.2, -,8.265266
75.25,3146.389,814.20,-111.8571,102.2, -,8.265266
75.30,3143.131,814.30,-114.9524,102.2, -,8.265266
75.35,3139.872,814.40,-111.8095,102.2, -,8.265266
75.40,3133.357,814.60,-114.9048,102.2, -,8.265266
75.45,3130.099,814.70,-114.9048,102.2, -,8.265266
75.50,3123.585,814.90,-114.8571,102.2, -,8.245819
75.55,3120.329,815.00,-114.8571,102.2, -,8.245819
75.60,3117.074,815.10,-111.7143,102.2, -,8.245819
75.65,3110.562,815.30,-114.8095,102.2, -,8.245819
75.70,3107.306,815.40,-114.8095,102.2, -,8.245819
75.75,3104.052,815.50,-111.6667,102.2, -,8.245819
75.80,3100.798,815.60,-111.6667,102.2, -,8.245819
75.85,3097.543,815.70,-108.5238,102.2, -,8.245819
75.90,3094.29,815.80,-102.2857,102.2, -,8.245819
75.95,3091.035,815.90,-99.14286,102.2, -,8.245819
76.00,3091.035,815.90,-89.80952,102.2, -,8.245819
76.05,3087.783,816.00,-86.66666,102.2, -,8.245819
76.10,3081.277,816.20,-86.66666,102.2, -,8.245819
76.15,3074.773,816.40,-86.66666,102.2, -,8.245819
76.20,3068.271,816.60,-86.66666,102.2, -,8.245819
76.25,3061.77,816.80,-86.66666,102.2, -,8.245819
76.30,3055.269,817.00,-86.66666,102.2, -,8.245819
76.35,3052.02,817.10,-86.66666,102.2, -,8.245819
76.40,3045.521,817.30,-89.7619,102.2, -,8.245819
76.45,3039.024,817.50,-89.7619,102.2, -,8.245819
76.50,3035.777,817.60,-89.7619,102.2, -,8.245819
76.55,3029.281,817.80,-89.7619,102.2, -,8.265266
76.60,3022.787,818.00,-92.85714,102.2, -,8.265266
76.65,3019.542,818.10,-92.85714,102.2, -,8.265266
76.70,3013.05,818.30,-92.85714,102.2, -,8.265266
76.75,3000.069,818.70,-102.1429,102.2, -,8.265266
76.80,2993.581,818.90,-105.2381,102.2, -,8.265266
76.85,2983.851,819.20,-111.4286,102.2, -,8.265266
76.90,2977.366,819.40,-114.5238,102.2, -,8.265266
76.95,2970.884,819.60,-117.619,102.2, -,8.265266
77.00,2964.402,819.80,-120.7143,102.2, -,8.265266
77.05,2957.92,820.00,-126.9048,102.2, -,8.265266
77.10,2954.681,820.10,-126.9048,102.2, -,8.265266
77.15,2948.202,820.30,-126.9048,102.2, -,8.265266
77.20,2941.724,820.50,-126.9048,102.2, -,8.265266
77.25,2938.486,820.60,-123.8095,102.2, -,8.265266
77.30,2932.01,820.80,-123.8095,102.2, -,8.265266
77.35,2928.771,820.90,-120.7143,102.2, -,8.265266
77.40,2925.535,821.00,-120.7143,102.2, -,8.265266
77.45,2919.061,821.20,-120.6667,102.2, -,8.265266
77.50,2915.826,821.30,-117.5714,102.2, -,8.245819
77.55,2909.354,821.50,-120.619,102.2, -,8.245819
77.60,2902.884,821.70,-120.5714,102.2, -,8.245819
77.65,2896.414,821.90,-120.5238,102.2, -,8.245819
77.70,2889.948,822.10,-123.5714,102.2, -,8.245819
77.75,2883.482,822.30,-123.5238,102.2, -,8.245819
77.80,2880.248,822.40,-114.2381,102.2, -,8.245819
77.85,2873.785,822.60,-114.1905,102.2, -,8.245819
77.90,2867.322,822.80,-111.0476,102.2, -,8.245819
77.95,2864.089,822.90,-107.9524,102.2, -,8.245819
78.00,2857.63,823.10,-107.9048,102.2, -,8.245819
78.05,2851.17,823.30,-107.8571,102.2, -,8.245819
78.10,2847.939,823.40,-104.7619,102.2, -,8.245819
78.15,2841.482,823.60,-107.8095,102.2, -,8.245819
78.20,2838.253,823.70,-104.7143,102.2, -,8.245819
78.25,2835.025,823.80,-101.619,102.2, -,8.245819
78.30,2828.57,824.00,-104.6667,102.2, -,8.245819
78.35,2822.115,824.20,-104.619,102.2, -,8.245819
78.40,2818.889,824.30,-104.619,102.2, -,8.245819
78.45,2815.662,824.40,-104.619,102.2, -,8.245819
78.50,2809.212,824.60,-104.619,102.2, -,8.245819
78.55,2805.985,824.70,-104.619,102.2, -,8.265266
78.60,2799.535,824.90,-104.619,102.2, -,8.265266
78.65,2796.311,825.00,-101.5238,102.2, -,8.265266
78.70,2793.088,825.10,-98.42857,102.2, -,8.265266
78.75,2786.64,825.30,-98.42857,102.2, -,8.265266
78.80,2780.194,825.50,-98.42857,102.2, -,8.265266
78.85,2776.972,825.60,-98.38095,102.2, -,8.265266
78.90,2773.749,825.70,-95.28571,102.2, -,8.265266
78.95,2770.528,825.80,-92.19048,102.2, -,8.265266
79.00,2764.085,826.00,-95.2381,102.2, -,8.265266
79.05,2760.865,826.10,-92.14286,102.2, -,8.265266
79.10,2754.423,826.30,-92.14286,102.2, -,8.265266
79.15,2751.202,826.40,-92.09524,102.2, -,8.265266
79.20,2747.983,826.50,-89,102.2, -,8.265266
79.25,2741.545,826.70,-92.04762,102.2, -,8.265266
79.30,2735.107,826.90,-95.09524,102.2, -,8.265266
79.35,2731.89,827.00,-92,102.2, -,8.265266
79.40,2725.454,827.20,-92,102.2, -,8.265266
79.45,2719.02,827.40,-95.04762,102.2, -,8.265266
79.50,2712.589,827.60,-98.09524,102.2, -,8.245819
79.55,2706.157,827.80,-98.09524,102.2, -,8.245819
79.60,2699.726,828.00,-101.1429,102.2, -,8.245819
79.65,2690.084,828.30,-104.1905,102.2, -,8.245819
79.70,2686.869,828.40,-104.1905,102.2, -,8.245819
79.75,2680.444,828.60,-107.2381,102.2, -,8.245819
79.80,2674.019,828.80,-107.2381,102.2, -,8.245819
79.85,2670.805,828.90,-104.1429,102.2, -,8.245819
79.90,2667.594,829.00,-104.1429,102.2, -,8.245819
79.95,2661.171,829.20,-107.1905,102.2, -,8.245819
80.00,2654.749,829.40,-110.2381,102.2, -,8.245819
80.05,2651.54,829.50,-107.1429,102.2, -,8.245819
80.10,2648.331,829.60,-107.1429,102.2, -,8.245819
80.15,2645.12,829.70,-104.0476,102.2, -,8.245819
80.20,2638.701,829.90,-107.0952,102.2, -,8.245819
80.25,2632.286,830.10,-110.1429,102.2, -,8.245819
80.30,2629.077,830.20,-107.0476,102.2, -,8.245819
80.35,2622.661,830.40,-107,102.2, -,8.245819
80.40,2619.455,830.50,-107,102.2, -,8.245819
80.45,2613.041,830.70,-106.9524,102.2, -,8.245819
80.50,2606.629,830.90,-106.9048,102.2, -,8.245819
80.55,2600.22,831.10,-106.8571,102.02, -,8.245819
80.60,2597.014,831.20,-103.7619,102.02, -,8.245819
80.65,2590.604,831.40,-103.7143,102.02, -,8.245819
80.70,2584.198,831.60,-100.619,102.02, -,8.245819
80.75,2577.792,831.80,-103.6667,102.02, -,8.245819
80.80,2571.386,832.00,-103.6667,102.02, -,8.245819
80.85,2568.185,832.10,-100.5714,102.02, -,8.245819
80.90,2564.982,832.20,-100.5714,102.02, -,8.245819
80.95,2561.781,832.30,-100.5714,102.02, -,8.245819
81.00,2555.379,832.50,-100.5714,102.02, -,8.245819
81.05,2552.179,832.60,-97.52381,102.02, -,8.245819
81.10,2545.778,832.80,-100.5714,102.02, -,8.245819
81.15,2539.379,833.00,-103.619,102.02, -,8.245819
81.20,2532.981,833.20,-106.6667,102.02, -,8.245819
81.25,2529.783,833.30,-103.619,102.02, -,8.245819
81.30,2523.387,833.50,-103.619,102.02, -,8.245819
81.35,2516.992,833.70,-106.6667,102.02, -,8.245819
81.40,2510.598,833.90,-106.6667,102.02, -,8.245819
81.45,2504.208,834.10,-109.7143,102.02, -,8.245819
81.50,2497.817,834.30,-109.7143,102.02, -,8.245819
81.55,2494.621,834.40,-106.6667,102.02, -,8.245819
81.60,2488.233,834.60,-106.6667,102.02, -,8.245819
81.65,2485.038,834.70,-106.6667,102.02, -,8.245819
81.70,2475.458,835.00,-109.7143,102.02, -,8.245819
81.75,2472.266,835.10,-106.6667,102.02, -,8.245819
81.80,2465.881,835.30,-106.6667,102.02, -,8.245819
81.85,2459.497,835.50,-106.6667,102.02, -,8.245819
81.90,2456.307,835.60,-106.6667,102.02, -,8.245819
81.95,2449.925,835.80,-109.7143,102.02, -,8.245819
82.00,2446.734,835.90,-109.7143,102.02, -,8.245819
82.05,2440.355,836.10,-109.7143,102.02, -,8.245819
82.10,2433.977,836.30,-112.7619,102.02, -,8.245819
82.15,2430.787,836.40,-109.7143,102.02, -,8.245819
82.20,2424.412,836.60,-109.7143,102.02, -,8.245819
82.25,2418.036,836.80,-109.7143,102.02, -,8.245819
82.30,2411.661,837.00,-112.7143,102.02, -,8.245819
82.35,2405.288,837.20,-112.6667,102.02, -,8.245819
82.40,2402.103,837.30,-109.619,102.02, -,8.245819
82.45,2392.547,837.60,-112.619,102.02, -,8.245819
82.50,2389.361,837.70,-109.5714,102.02, -,8.245819
82.55,2382.992,837.90,-109.5238,102.02, -,8.245819
82.60,2373.442,838.20,-115.5714,102.02, -,8.245819
82.65,2367.076,838.40,-115.5238,102.02, -,8.245819
82.70,2363.895,838.50,-115.5238,102.02, -,8.245819
82.75,2354.35,838.80,-115.4762,102.02, -,8.245819
82.80,2347.988,839.00,-118.4762,102.02, -,8.245819
82.85,2341.627,839.20,-118.4286,102.02, -,8.245819
82.90,2335.267,839.40,-118.381,102.02, -,8.245819
82.95,2332.089,839.50,-118.381,102.02, -,8.245819
83.00,2325.731,839.70,-118.3333,102.02, -,8.245819
83.05,2322.553,839.80,-118.3333,102.02, -,8.245819
83.10,2316.197,840.00,-118.2857,102.02, -,8.245819
83.15,2306.666,840.30,-121.2857,102.02, -,8.245819
83.20,2300.313,840.50,-124.2857,102.02, -,8.245819
83.25,2297.138,840.60,-121.2381,102.02, -,8.245819
83.30,2287.611,840.90,-124.2381,102.02, -,8.245819
83.35,2284.437,841.00,-121.1905,102.02, -,8.245819
83.40,2278.088,841.20,-121.1905,102.02, -,8.245819
83.45,2271.741,841.40,-124.1905,102.02, -,8.245819
83.50,2265.396,841.60,-121.1429,102.02, -,8.265266
83.55,2262.223,841.70,-121.0952,102.02, -,8.265266
83.60,2255.878,841.90,-121.0952,102.02, -,8.265266
83.65,2252.707,842.00,-115,102.02, -,8.265266
83.70,2249.537,842.10,-111.9524,102.02, -,8.265266
83.75,2246.365,842.20,-111.9048,102.02, -,8.265266
83.80,2243.195,842.30,-105.8095,102.02, -,8.265266
83.85,2236.854,842.50,-105.8095,102.02, -,8.265266
83.90,2233.685,842.60,-102.7619,102.02, -,8.265266
83.95,2227.346,842.80,-102.7619,102.02, -,8.265266
84.00,2224.176,842.90,-102.7143,102.02, -,8.265266
84.05,2217.841,843.10,-102.7143,102.02, -,8.265266
84.10,2211.505,843.30,-105.7143,102.02, -,8.265266
84.15,2205.17,843.50,-105.7143,102.02, -,8.265266
84.20,2198.837,843.70,-102.6667,102.02, -,8.265266
84.25,2192.504,843.90,-102.6667,102.02, -,8.265266
84.30,2183.009,844.20,-108.6667,102.02, -,8.265266
84.35,2179.845,844.30,-102.5714,102.02, -,8.265266
84.40,2176.68,844.40,-102.5714,102.02, -,8.265266
84.45,2170.354,844.60,-102.5714,102.02, -,8.265266
84.50,2160.863,844.90,-105.5714,102.02, -,8.265266
84.55,2157.701,845.00,-102.5238,101.84, -,8.245819
84.60,2151.377,845.20,-105.5238,101.84, -,8.245819
84.65,2145.054,845.40,-105.4762,101.84, -,8.245819
84.70,2138.734,845.60,-108.4762,101.84, -,8.245819
84.75,2132.413,845.80,-111.4762,101.84, -,8.245819
84.80,2126.094,846.00,-114.4762,101.84, -,8.245819
84.85,2122.935,846.10,-114.4762,101.84, -,8.245819
84.90,2116.617,846.30,-114.4286,101.84, -,8.245819
84.95,2110.301,846.50,-117.4286,101.84, -,8.245819
85.00,2103.986,846.70,-117.381,101.84, -,8.245819
85.05,2097.672,846.90,-120.381,101.84, -,8.245819
85.10,2091.361,847.10,-120.3333,101.84, -,8.245819
85.15,2088.204,847.20,-117.2857,101.84, -,8.245819
85.20,2081.893,847.40,-117.2381,101.84, -,8.245819
85.25,2075.584,847.60,-117.1905,101.84, -,8.245819
85.30,2072.429,847.70,-114.1429,101.84, -,8.245819
85.35,2066.121,847.90,-111.0952,101.84, -,8.245819
85.40,2062.969,848.00,-111.0952,101.84, -,8.245819
85.45,2056.662,848.20,-114.0952,101.84, -,8.245819
85.50,2053.51,848.30,-111.0476,101.84, -,8.245819
85.55,2047.206,848.50,-108,101.84, -,8.245819
85.60,2044.055,848.60,-108,101.84, -,8.245819
85.65,2040.903,848.70,-105,101.84, -,8.245819
85.70,2034.601,848.90,-105,101.84, -,8.245819
85.75,2031.451,849.00,-102,101.84, -,8.245819
85.80,2028.302,849.10,-99,101.84, -,8.245819
85.85,2025.151,849.20,-96,101.84, -,8.245819
85.90,2022.002,849.30,-96,101.84, -,8.245819
85.95,2018.852,849.40,-93,101.84, -,8.245819
86.00,2015.703,849.50,-90,101.84, -,8.245819
86.05,2012.556,849.60,-87,101.84, -,8.245819
86.10,2006.259,849.80,-87,101.84, -,8.245819
86.15,1996.817,850.10,-90,101.84, -,8.245819
86.20,1987.376,850.40,-96,101.84, -,8.245819
86.25,1977.94,850.70,-99,101.84, -,8.245819
86.30,1965.363,851.10,-105,101.84, -,8.245819
86.35,1955.931,851.40,-111,101.84, -,8.245819
86.40,1949.647,851.60,-111,101.84, -,8.245819
86.45,1943.362,851.80,-114,101.84, -,8.245819
86.50,1937.079,852.00,-114,101.84, -,8.245819
86.55,1930.797,852.20,-117,101.84, -,8.245819
86.60,1924.515,852.40,-117,101.84, -,8.245819
86.65,1918.237,852.60,-120,101.84, -,8.245819
86.70,1911.959,852.80,-123,101.84, -,8.245819
86.75,1905.681,853.00,-123,101.84, -,8.245819
86.80,1902.544,853.10,-123,101.84, -,8.245819
86.85,1896.268,853.30,-126,101.84, -,8.245819
86.90,1889.994,853.50,-128.9524,101.84, -,8.245819
86.95,1883.72,853.70,-131.9048,101.84, -,8.245819
87.00,1880.585,853.80,-131.9048,101.84, -,8.245819
87.05,1874.313,854.00,-134.8571,101.84, -,8.245819
87.10,1871.179,854.10,-134.8571,101.84, -,8.245819
87.15,1868.043,854.20,-131.8571,101.84, -,8.245819
87.20,1861.774,854.40,-128.8095,101.84, -,8.245819
87.25,1861.774,854.40,-119.8095,101.84, -,8.245819
87.30,1858.641,854.50,-113.8095,101.84, -,8.245819
87.35,1852.373,854.70,-107.7619,101.84, -,8.245819
87.40,1846.107,854.90,-104.7143,101.84, -,8.245819
87.45,1839.844,855.10,-104.6667,101.84, -,8.245819
87.50,1833.58,855.30,-104.619,101.84, -,8.245819
87.55,1830.448,855.40,-101.619,101.84, -,8.245819
87.60,1824.187,855.60,-101.5714,101.84, -,8.245819
87.65,1817.927,855.80,-101.5238,101.84, -,8.245819
87.70,1811.667,856.00,-101.4762,101.84, -,8.245819
87.75,1805.408,856.20,-101.4286,101.84, -,8.245819
87.80,1802.281,856.30,-98.42857,101.84, -,8.245819
87.85,1796.024,856.50,-101.381,101.84, -,8.245819
87.90,1792.897,856.60,-98.38095,101.84, -,8.245819
87.95,1789.768,856.70,-95.42857,101.84, -,8.245819
88.00,1786.642,856.80,-92.47619,101.84, -,8.245819
88.05,1780.388,857.00,-95.42857,101.84, -,8.245819
88.10,1774.135,857.20,-95.42857,101.84, -,8.245819
88.15,1771.01,857.30,-95.38095,101.84, -,8.245819
88.20,1764.76,857.50,-98.33334,101.84, -,8.245819
88.25,1761.636,857.60,-95.33334,101.84, -,8.245819
88.30,1758.51,857.70,-98.33334,101.84, -,8.245819
88.35,1755.387,857.80,-98.28571,101.84, -,8.245819
88.40,1752.262,857.90,-95.28571,101.84, -,8.245819
88.45,1749.139,858.00,-92.28571,101.84, -,8.245819
88.50,1746.016,858.10,-89.28571,101.84, -,8.245819
88.55,1746.016,858.10,-83.33334,104.72, -,8.265266
88.60,1742.892,858.20,-83.28571,104.72, -,8.265266
88.65,1746.016,858.10,-74.38095,104.72, -,8.265266
88.70,1742.892,858.20,-71.38095,104.72, -,8.265266
88.75,1739.77,858.30,-68.38095,104.72, -,8.265266
88.80,1733.525,858.50,-68.38095,104.72, -,8.265266
88.85,1727.281,858.70,-71.33334,104.72, -,8.265266
88.90,1721.039,858.90,-71.33334,104.72, -,8.265266
88.95,1711.678,859.20,-77.2381,104.72, -,8.265266
89.00,1705.438,859.40,-80.19048,104.72, -,8.265266
89.05,1696.082,859.70,-86.09524,104.72, -,8.265266
89.10,1689.845,859.90,-86.09524,104.72, -,8.265266
89.15,1683.612,860.10,-86.09524,104.72, -,8.265266
89.20,1674.26,860.40,-92.04762,104.72, -,8.265266
89.25,1668.029,860.60,-92.04762,104.72, -,8.265266
89.30,1661.798,860.80,-95.04762,104.72, -,8.265266
89.35,1652.454,861.10,-100.9524,104.72, -,8.265266
89.40,1646.225,861.30,-103.9524,104.72, -,8.265266
89.45,1636.886,861.60,-109.9048,104.72, -,8.265266
89.50,1630.66,861.80,-112.9048,104.36, -,8.265266
89.55,1624.436,862.00,-115.8571,104.36, -,8.265266
89.60,1621.325,862.10,-118.8095,104.36, -,8.265266
89.65,1615.102,862.30,-121.7619,104.36, -,8.265266
89.70,1608.881,862.50,-130.619,104.36, -,8.265266
89.75,1602.661,862.70,-133.5714,104.36, -,8.265266
89.80,1596.441,862.90,-136.5238,104.36, -,8.265266
89.85,1590.225,863.10,-136.4762,104.36, -,8.265266
89.90,1584.009,863.30,-136.4286,104.36, -,8.265266
89.95,1577.793,863.50,-136.381,104.36, -,8.265266
90.00,1574.686,863.60,-130.4286,104.36, -,8.265266
90.05,1568.473,863.80,-130.381,104.36, -,8.265266
90.10,1568.473,863.80,-121.4762,104.36, -,8.265266
90.15,1565.365,863.90,-118.4762,104.36, -,8.265266
90.20,1562.26,864.00,-115.4762,104.36, -,8.265266
90.25,1559.155,864.10,-109.5238,104.36, -,8.265266
90.30,1556.048,864.20,-106.5238,104.36, -,8.265266
90.35,1552.944,864.30,-103.5238,104.36, -,8.265266
90.40,1546.734,864.50,-100.5238,104.36, -,8.265266
90.45,1540.525,864.70,-100.4762,104.36, -,8.265266
90.50,1534.318,864.90,-97.47619,104.36, -,8.265266
90.55,1525.01,865.20,-100.381,104, -,8.265266
90.60,1521.908,865.30,-97.42857,104, -,8.265266
90.65,1512.604,865.60,-103.3333,104, -,8.265266
90.70,1506.401,865.80,-103.3333,104, -,8.265266
90.75,1500.2,866.00,-103.3333,104, -,8.265266
90.80,1296.225,872.60,-291.7143,104, Main,8.265266
90.85,922.444,884.80,-641.8095,104, -,8.265266
90.90,1721.039,858.90,124.6667,104, -,8.265266
90.95,1466.118,867.10,-112.1905,104, -,8.265266
91.00,1444.446,867.80,-126.9048,104, -,8.265266
91.05,1441.351,867.90,-126.9048,104, -,8.265266
91.10,1438.257,868.00,-123.9524,104, -,8.265266
91.15,1428.976,868.30,-132.8095,104, -,8.265266
91.20,1422.789,868.50,-135.7619,104, -,8.265266
91.25,1410.419,868.90,-144.5714,104, -,8.265266
91.30,1398.056,869.30,-153.381,104, -,8.265266
91.35,1391.875,869.50,-156.3333,104, -,8.265266
91.40,1388.786,869.60,-156.3333,104, -,8.265266
91.45,1382.607,869.80,-156.3333,104, -,8.265266
91.50,1376.429,870.00,-156.3333,104, -,8.245819
91.55,1370.252,870.20,-156.3333,104, -,8.245819
91.60,1364.076,870.40,-153.381,104, -,8.245819
91.65,1354.816,870.70,-159.2381,104, -,8.245819
91.70,1348.643,870.90,-156.2381,104, -,8.245819
91.75,1345.558,871.00,-153.2857,104, -,8.245819
91.80,1345.558,871.00,-147.381,104, -,8.245819
91.85,1339.387,871.20,41.04762,104, -,8.245819
91.90,1330.133,871.50,388.2381,104, -,8.245819
91.95,1327.05,871.60,-375.2857,104, -,8.245819
92.00,1320.882,871.80,-138.381,104, -,8.245819
92.05,1317.798,871.90,-120.7143,104, -,8.245819
92.10,1314.716,872.00,-120.7143,104, -,8.245819
92.15,1311.634,872.10,-120.7143,104, -,8.245819
92.20,1308.55,872.20,-114.8095,104, -,8.245819
92.25,1305.469,872.30,-111.8571,104, -,8.245819
92.30,1302.386,872.40,-103.0476,104, -,8.245819
92.35,1299.305,872.50,-94.2381,104, -,8.245819
92.40,1293.143,872.70,-94.19048,104, -,8.245819
92.45,1290.063,872.80,-94.19048,104, -,8.245819
92.50,1280.823,873.10,-97.09524,104, -,8.245819
92.55,1274.664,873.30,-97.04762,103.82, -,8.245819
92.60,1268.506,873.50,-97,103.82, -,8.245819
92.65,1262.349,873.70,-96.95238,103.82, -,8.245819
92.70,1256.194,873.90,-94,103.82, -,8.245819
92.75,1253.117,874.00,-91.09524,103.82, -,8.245819
92.80,1250.041,874.10,-91.09524,103.82, -,8.245819
92.85,1246.963,874.20,-94.04762,103.82, -,8.245819
92.90,1240.811,874.40,-94.04762,103.82, -,8.245819
92.95,1237.735,874.50,-88.19048,103.82, -,8.245819
93.00,1234.661,874.60,-88.14286,103.82, -,8.245819
93.05,1231.584,874.70,-85.2381,103.82, -,8.245819
93.10,1228.51,874.80,-85.19048,103.82, -,8.245819
93.15,1225.434,874.90,-85.19048,103.82, -,8.245819
93.20,1219.287,875.10,-88.09524,103.82, -,8.245819
93.25,1213.14,875.30,-91,103.82, -,8.245819
93.30,1210.065,875.40,-90.95238,103.82, -,8.245819
93.35,1203.921,875.60,-93.85714,103.82, -,8.245819
93.40,1222.361,875.00,-73.33334,103.82, -,8.245819
93.45,1256.194,873.90,-35.23809,103.82, -,8.245819
93.50,1268.506,873.50,-20.57143,103.82, -,8.265266
93.55,1246.963,874.20,-32.28571,103.82, -,8.265266
93.60,1231.584,874.70,-41.09524,103.82, -,8.265266
93.65,1231.584,874.70,-35.23809,103.82, -,8.265266
93.70,1231.584,874.70,-29.38095,103.82, -,8.265266
93.75,1234.661,874.60,-20.57143,103.82, -,8.265266
93.80,1237.735,874.50,-14.71429,103.82, -,8.265266
93.85,1231.584,874.70,-17.61905,103.82, -,8.265266
93.90,1225.434,874.90,-20.52381,103.82, -,8.265266
93.95,1225.434,874.90,-14.66667,103.82, -,8.265266
94.00,1225.434,874.90,-11.71429,103.82, -,8.265266
94.05,1228.51,874.80,-5.857143,103.82, -,8.265266
94.10,1228.51,874.80,-2.904762,103.82, -,8.265266
94.15,1228.51,874.80,0,103.82, -,8.265266
94.20,1225.434,874.90,0,103.82, -,8.265266
94.25,1222.361,875.00,2.952381,103.82, -,8.265266
94.30,1216.213,875.20,2.952381,103.82, -,8.265266
94.35,1216.213,875.20,5.857143,103.82, -,8.265266
94.40,1225.434,874.90,20.47619,103.82, -,8.265266
94.45,1222.361,875.00,0,103.82, -,8.265266
94.50,1213.14,875.30,-41,103.82, -,8.265266
94.55,1216.213,875.20,-49.80952,103.82, -,8.245819
94.60,1216.213,875.20,-29.28572,103.82, -,8.245819
94.65,1213.14,875.30,-17.52381,103.82, -,8.245819
94.70,1206.993,875.50,-23.38095,103.82, -,8.245819
94.75,1203.921,875.60,-26.28572,103.82, -,8.245819
94.80,1200.848,875.70,-32.14286,103.82, -,8.245819
94.85,1203.921,875.60,-32.14286,103.82, -,8.245819
94.90,1203.921,875.60,-26.28572,103.82, -,8.245819
94.95,1206.993,875.50,-17.52381,103.82, -,8.245819
95.00,1200.848,875.70,-23.38095,103.82, -,8.245819
95.05,1197.776,875.80,-26.28572,103.82, -,8.245819
95.10,1194.703,875.90,-32.14286,103.82, -,8.245819
95.15,1191.633,876.00,-35.04762,103.82, -,8.245819
95.20,1191.633,876.00,-35.04762,103.82, -,8.245819
95.25,1191.633,876.00,-32.09524,103.82, -,8.245819
95.30,1191.633,876.00,-29.19048,103.82, -,8.245819
95.35,1188.562,876.10,-26.23809,103.82, -,8.245819
95.40,1188.562,876.10,-26.23809,103.82, -,8.245819
95.45,1185.49,876.20,-37.90476,103.82, -,8.245819
95.50,1182.42,876.30,-37.90476,103.82, -,8.265266
95.55,1179.349,876.40,-32.04762,103.82, -,8.265266
95.60,1179.349,876.40,-34.95238,103.82, -,8.265266
95.65,1179.349,876.40,-34.95238,103.82, -,8.265266
95.70,1176.279,876.50,-34.95238,103.82, -,8.265266
95.75,1176.279,876.50,-29.09524,103.82, -,8.265266
95.80,1173.21,876.60,-29.09524,103.82, -,8.265266
95.85,1173.21,876.60,-26.19048,103.82, -,8.265266
95.90,1173.21,876.60,-29.09524,103.82, -,8.265266
95.95,1170.14,876.70,-32,103.82, -,8.265266
96.00,1167.071,876.80,-37.80952,103.82, -,8.265266
96.05,1167.071,876.80,-31.95238,103.82, -,8.265266
96.10,1167.071,876.80,-29.04762,103.82, -,8.265266
96.15,1167.071,876.80,-26.14286,103.82, -,8.265266
96.20,1167.071,876.80,-23.23809,103.82, -,8.265266
96.25,1164.001,876.90,-26.14286,103.82, -,8.265266
96.30,1164.001,876.90,-26.14286,103.82, -,8.265266
96.35,1164.001,876.90,-26.14286,103.82, -,8.265266
96.40,1160.933,877.00,-26.14286,103.82, -,8.265266
96.45,1160.933,877.00,-26.14286,103.82, -,8.265266
96.50,1157.865,877.10,-26.14286,103.82, -,8.265266
96.55,1157.865,877.10,-23.23809,103.82, -,8.265266
96.60,1157.865,877.10,-20.33333,103.82, -,8.265266
96.65,1154.796,877.20,-23.23809,103.82, -,8.265266
96.70,1154.796,877.20,-23.23809,103.82, -,8.265266
96.75,1154.796,877.20,-20.33333,103.82, -,8.265266
96.80,1154.796,877.20,-20.33333,103.82, -,8.265266
96.85,1151.729,877.30,-20.33333,103.82, -,8.265266
96.90,1151.729,877.30,-20.33333,103.82, -,8.265266
96.95,1151.729,877.30,-20.33333,103.82, -,8.265266
97.00,1151.729,877.30,-17.42857,103.82, -,8.265266
97.05,1151.729,877.30,-14.52381,103.82, -,8.265266
97.10,1148.66,877.40,-17.42857,103.82, -,8.265266
97.15,1148.66,877.40,-17.42857,103.82, -,8.265266
97.20,1151.729,877.30,-14.52381,103.82, -,8.265266
97.25,1148.66,877.40,-17.42857,103.82, -,8.265266
97.30,1148.66,877.40,-14.52381,103.82, -,8.265266
97.35,1145.594,877.50,-17.42857,103.82, -,8.265266
97.40,1145.594,877.50,-17.42857,103.82, -,8.265266
97.45,1145.594,877.50,-14.52381,103.82, -,8.265266
97.50,1142.528,877.60,-17.42857,103.64, -,8.245819
97.55,1142.528,877.60,-14.52381,103.64, -,8.245819
97.60,1142.528,877.60,-14.52381,103.64, -,8.245819
97.65,1142.528,877.60,-14.52381,103.64, -,8.245819
97.70,1142.528,877.60,-11.61905,103.64, -,8.245819
97.75,1139.46,877.70,-14.52381,103.64, -,8.245819
97.80,1139.46,877.70,-14.52381,103.64, -,8.245819
97.85,1136.394,877.80,-17.42857,103.64, -,8.245819
97.90,1136.394,877.80,-14.52381,103.64, -,8.245819
97.95,1136.394,877.80,-14.52381,103.64, -,8.245819
98.00,1133.327,877.90,-17.42857,103.64, -,8.245819
98.05,1133.327,877.90,-17.42857,103.64, -,8.245819
98.10,1133.327,877.90,-17.42857,103.64, -,8.245819
98.15,1130.262,878.00,-17.42857,103.64, -,8.245819
98.20,1130.262,878.00,-17.42857,103.64, -,8.245819
98.25,1127.197,878.10,-23.23809,103.64, -,8.245819
98.30,1124.13,878.20,-23.23809,103.64, -,8.245819
98.35,1124.13,878.20,-23.23809,103.64, -,8.245819
98.40,1121.066,878.30,-23.23809,103.64, -,8.245819
98.45,1121.066,878.30,-23.23809,103.64, -,8.245819
98.50,1118,878.40,-26.14286,103.64, -,8.245819
98.55,1118,878.40,-23.23809,103.64, -,8.245819
98.60,1114.937,878.50,-26.14286,103.64, -,8.245819
98.65,1114.937,878.50,-26.14286,103.64, -,8.245819
98.70,1111.873,878.60,-29.04762,103.64, -,8.245819
98.75,1111.873,878.60,-29.04762,103.64, -,8.245819
98.80,1108.808,878.70,-29.04762,103.64, -,8.245819
98.85,1108.808,878.70,-29.04762,103.64, -,8.245819
98.90,1108.808,878.70,-26.14286,103.64, -,8.245819
98.95,1105.745,878.80,-29.04762,103.64, -,8.245819
99.00,1105.745,878.80,-29.04762,103.64, -,8.245819
99.05,1102.681,878.90,-29.04762,103.64, -,8.245819
99.10,1102.681,878.90,-29.04762,103.64, -,8.245819
99.15,1099.619,879.00,-31.95238,103.64, -,8.245819
99.20,1099.619,879.00,-29.04762,103.64, -,8.245819
99.25,1099.619,879.00,-29.04762,103.64, -,8.245819
99.30,1099.619,879.00,-26.14286,103.64, -,8.245819
99.35,1099.619,879.00,-23.23809,103.64, -,8.245819
99.40,1099.619,879.00,-23.23809,103.64, -,8.245819
99.45,1096.557,879.10,-23.23809,103.64, -,8.245819
99.50,1096.557,879.10,-23.23809,103.64, -,8.245819
99.55,1096.557,879.10,-20.33333,103.64, -,8.245819
99.60,1096.557,879.10,-20.33333,103.64, -,8.245819
99.65,1096.557,879.10,-17.42857,103.64, -,8.245819
99.70,1093.493,879.20,-20.33333,103.64, -,8.245819
99.75,1093.493,879.20,-17.42857,103.64, -,8.245819
99.80,1090.432,879.30,-20.33333,103.64, -,8.245819
99.85,1090.432,879.30,-17.42857,103.64, -,8.245819
99.90,1087.369,879.40,-20.33333,103.64, -,8.245819
99.95,1084.308,879.50,-23.23809,103.64, -,8.245819
100.00,1084.308,879.50,-20.33333,103.64, -,8.245819
100.05,1084.308,879.50,-20.33333,103.64, -,8.245819
100.10,1081.247,879.60,-20.33333,103.64, -,8.245819
100.15,1081.247,879.60,-20.33333,103.64, -,8.245819
100.20,1081.247,879.60,-17.42857,103.64, -,8.245819
100.25,1081.247,879.60,-17.42857,103.64, -,8.245819
100.30,1078.185,879.70,-20.33333,103.64, -,8.245819
100.35,1078.185,879.70,-20.33333,103.64, -,8.245819
100.40,1078.185,879.70,-20.33333,103.64, -,8.245819
100.45,1075.125,879.80,-23.23809,103.64, -,8.245819
100.50,1075.125,879.80,-20.33333,103.64, -,8.245819
100.55,1075.125,879.80,-20.33333,103.64, -,8.265266
100.60,1075.125,879.80,-20.33333,103.64, -,8.265266
100.65,1072.063,879.90,-23.23809,103.64, -,8.265266
100.70,1069.004,880.00,-26.14286,103.64, -,8.265266
100.75,1069.004,880.00,-23.23809,103.64, -,8.265266
100.80,1065.945,880.10,-26.14286,103.64, -,8.265266
100.85,1065.945,880.10,-23.23809,103.64, -,8.265266
100.90,1065.945,880.10,-23.23809,103.64, -,8.265266
100.95,1065.945,880.10,-20.33333,103.64, -,8.265266
101.00,1062.884,880.20,-20.33333,103.64, -,8.265266
101.05,1062.884,880.20,-20.33333,103.64, -,8.265266
101.10,1062.884,880.20,-20.33333,103.64, -,8.265266
101.15,1062.884,880.20,-17.42857,103.64, -,8.265266
101.20,1059.825,880.30,-20.33333,103.64, -,8.265266
101.25,1059.825,880.30,-20.33333,103.64, -,8.265266
101.30,1059.825,880.30,-20.33333,103.64, -,8.265266
101.35,1059.825,880.30,-17.42857,103.64, -,8.265266
101.40,1056.765,880.40,-20.33333,103.64, -,8.265266
101.45,1056.765,880.40,-20.33333,103.64, -,8.265266
101.50,1056.765,880.40,-17.42857,103.64, -,8.245819
101.55,1053.707,880.50,-20.33333,103.64, -,8.245819
101.60,1053.707,880.50,-20.33333,103.64, -,8.245819
101.65,1050.649,880.60,-23.23809,103.64, -,8.245819
101.70,1050.649,880.60,-20.33333,103.64, -,8.245819
101.75,1050.649,880.60,-17.42857,103.64, -,8.245819
101.80,1050.649,880.60,-17.42857,103.64, -,8.245819
101.85,1050.649,880.60,-14.52381,103.64, -,8.245819
101.90,1047.59,880.70,-17.42857,103.64, -,8.245819
101.95,1047.59,880.70,-17.42857,103.64, -,8.245819
102.00,1047.59,880.70,-17.42857,103.64, -,8.245819
102.05,1047.59,880.70,-14.52381,103.64, -,8.245819
102.10,1044.533,880.80,-17.42857,103.64, -,8.245819
102.15,1044.533,880.80,-17.42857,103.64, -,8.245819
102.20,1044.533,880.80,-17.42857,103.64, -,8.245819
102.25,1041.474,880.90,-17.42857,103.64, -,8.245819
102.30,1041.474,880.90,-17.42857,103.64, -,8.245819
102.35,1041.474,880.90,-17.42857,103.64, -,8.245819
102.40,1041.474,880.90,-17.42857,103.64, -,8.245819
102.45,1038.417,881.00,-17.42857,103.64, -,8.245819
102.50,1038.417,881.00,-17.42857,103.64, -,8.245819
102.55,1035.361,881.10,-20.33333,103.64, -,8.245819
102.60,1035.361,881.10,-17.42857,103.64, -,8.245819
102.65,1035.361,881.10,-17.42857,103.64, -,8.245819
102.70,1035.361,881.10,-14.52381,103.64, -,8.245819
102.75,1035.361,881.10,-14.52381,103.64, -,8.245819
102.80,1035.361,881.10,-14.52381,103.64, -,8.245819
102.85,1032.303,881.20,-17.42857,103.64, -,8.245819
102.90,1032.303,881.20,-17.42857,103.64, -,8.245819
102.95,1029.247,881.30,-17.42857,103.64, -,8.245819
103.00,1029.247,881.30,-17.42857,103.64, -,8.245819
103.05,1029.247,881.30,-17.42857,103.64, -,8.245819
103.10,1026.19,881.40,-20.33333,103.64, -,8.245819
103.15,1026.19,881.40,-17.42857,103.64, -,8.245819
103.20,1026.19,881.40,-17.42857,103.64, -,8.245819
103.25,1023.134,881.50,-20.33333,103.64, -,8.245819
103.30,1023.134,881.50,-17.42857,103.64, -,8.245819
103.35,1023.134,881.50,-17.42857,103.64, -,8.245819
103.40,1020.079,881.60,-20.33333,103.64, -,8.245819
103.45,1020.079,881.60,-20.33333,103.64, -,8.245819
103.50,1020.079,881.60,-17.42857,103.64, -,8.245819
103.55,1017.023,881.70,-20.33333,103.64, -,8.245819
103.60,1017.023,881.70,-17.42857,103.64, -,8.245819
103.65,1013.969,881.80,-20.33333,103.64, -,8.245819
103.70,1013.969,881.80,-20.33333,103.64, -,8.245819
103.75,1010.912,881.90,-23.23809,103.64, -,8.245819
103.80,1010.912,881.90,-23.23809,103.64, -,8.245819
103.85,1010.912,881.90,-23.23809,103.64, -,8.245819
103.90,1010.912,881.90,-20.33333,103.64, -,8.245819
103.95,1007.859,882.00,-23.23809,103.64, -,8.245819
104.00,1007.859,882.00,-20.33333,103.64, -,8.245819
104.05,1004.805,882.10,-23.23809,103.64, -,8.245819
104.10,1004.805,882.10,-23.23809,103.64, -,8.245819
104.15,1004.805,882.10,-20.33333,103.64, -,8.245819
104.20,1004.805,882.10,-20.33333,103.64, -,8.245819
104.25,1001.75,882.20,-23.23809,103.64, -,8.245819
104.30,1001.75,882.20,-20.33333,103.64, -,8.245819
104.35,998.6969,882.30,-23.23809,103.64, -,8.245819
104.40,998.6969,882.30,-23.23809,103.64, -,8.245819
104.45,998.6969,882.30,-20.33333,103.64, -,8.245819
104.50,998.6969,882.30,-20.33333,103.64, -,8.245819
104.55,995.6423,882.40,-23.23809,103.64, -,8.265266
104.60,995.6423,882.40,-20.33333,103.64, -,8.265266
104.65,992.5899,882.50,-23.23809,103.64, -,8.265266
104.70,992.5899,882.50,-20.33333,103.64, -,8.265266
104.75,992.5899,882.50,-20.33333,103.64, -,8.265266
104.80,989.5377,882.60,-20.33333,103.64, -,8.265266
104.85,989.5377,882.60,-20.33333,103.64, -,8.265266
104.90,989.5377,882.60,-20.33333,103.64, -,8.265266
104.95,986.4839,882.70,-23.23809,103.64, -,8.265266
105.00,986.4839,882.70,-20.33333,103.64, -,8.265266
105.05,986.4839,882.70,-20.33333,103.64, -,8.265266
105.10,983.4324,882.80,-20.33333,103.64, -,8.265266
105.15,983.4324,882.80,-20.33333,103.64, -,8.265266
105.20,983.4324,882.80,-20.33333,103.64, -,8.265266
105.25,983.4324,882.80,-20.33333,103.64, -,8.265266
105.30,980.3792,882.90,-20.33333,103.64, -,8.265266
105.35,980.3792,882.90,-20.33333,103.64, -,8.265266
105.40,977.3281,883.00,-20.33333,103.64, -,8.265266
105.45,977.3281,883.00,-20.33333,103.64, -,8.265266
105.50,974.2773,883.10,-23.23809,103.46, -,8.265266
105.55,974.2773,883.10,-23.23809,103.46, -,8.265266
105.60,974.2773,883.10,-20.33333,103.46, -,8.265266
105.65,974.2773,883.10,-20.33333,103.46, -,8.265266
105.70,971.225,883.20,-20.33333,103.46, -,8.265266
105.75,968.1748,883.30,-23.23809,103.46, -,8.265266
105.80,968.1748,883.30,-23.23809,103.46, -,8.265266
105.85,968.1748,883.30,-20.33333,103.46, -,8.265266
105.90,965.123,883.40,-23.23809,103.46, -,8.265266
105.95,965.123,883.40,-23.23809,103.46, -,8.265266
106.00,965.123,883.40,-20.33333,103.46, -,8.265266
106.05,965.123,883.40,-20.33333,103.46, -,8.265266
106.10,962.0734,883.50,-23.23809,103.46, -,8.265266
106.15,962.0734,883.50,-20.33333,103.46, -,8.265266
106.20,962.0734,883.50,-20.33333,103.46, -,8.265266
106.25,959.024,883.60,-23.23809,103.46, -,8.265266
106.30,959.024,883.60,-23.23809,103.46, -,8.265266
106.35,959.024,883.60,-20.33333,103.46, -,8.265266
106.40,955.973,883.70,-23.23809,103.46, -,8.265266
106.45,955.973,883.70,-20.33333,103.46, -,8.265266
106.50,955.973,883.70,-20.33333,103.46, -,8.265266
106.55,955.973,883.70,-17.42857,103.46, -,8.245819
106.60,952.9242,883.80,-20.33333,103.46, -,8.245819
106.65,952.9242,883.80,-20.33333,103.46, -,8.245819
106.70,949.8738,883.90,-23.23809,103.46, -,8.245819
106.75,949.8738,883.90,-20.33333,103.46, -,8.245819
106.80,949.8738,883.90,-17.42857,103.46, -,8.245819
106.85,946.8256,884.00,-20.33333,103.46, -,8.245819
106.90,946.8256,884.00,-20.33333,103.46, -,8.245819
106.95,943.7776,884.10,-20.33333,103.46, -,8.245819
107.00,943.7776,884.10,-20.33333,103.46, -,8.245819
107.05,943.7776,884.10,-20.33333,103.46, -,8.245819
107.10,940.728,884.20,-23.23809,103.46, -,8.245819
107.15,940.728,884.20,-20.33333,103.46, -,8.245819
107.20,937.6806,884.30,-23.23809,103.46, -,8.245819
107.25,937.6806,884.30,-23.23809,103.46, -,8.245819
107.30,937.6806,884.30,-20.33333,103.46, -,8.245819
107.35,937.6806,884.30,-20.33333,103.46, -,8.245819
107.40,934.6316,884.40,-23.23809,103.46, -,8.245819
107.45,934.6316,884.40,-20.33333,103.46, -,8.245819
107.50,934.6316,884.40,-20.33333,103.46, -,8.245819
107.55,934.6316,884.40,-20.33333,103.46, -,8.245819
107.60,931.5848,884.50,-23.23809,103.46, -,8.245819
107.65,928.5382,884.60,-23.23809,103.46, -,8.245819
107.70,928.5382,884.60,-23.23809,103.46, -,8.245819
107.75,928.5382,884.60,-20.33333,103.46, -,8.245819
107.80,928.5382,884.60,-20.33333,103.46, -,8.245819
107.85,925.4901,884.70,-23.23809,103.46, -,8.245819
107.90,925.4901,884.70,-20.33333,103.46, -,8.245819
107.95,925.4901,884.70,-20.33333,103.46, -,8.245819
108.00,922.444,884.80,-20.33333,103.46, -,8.245819
108.05,922.444,884.80,-20.33333,103.46, -,8.245819
108.10,919.3964,884.90,-23.23809,103.46, -,8.245819
108.15,919.3964,884.90,-20.33333,103.46, -,8.245819
108.20,919.3964,884.90,-20.33333,103.46, -,8.245819
108.25,916.351,885.00,-20.33333,103.46, -,8.245819
108.30,916.351,885.00,-20.33333,103.46, -,8.245819
108.35,916.351,885.00,-20.33333,103.46, -,8.245819
108.40,913.3057,885.10,-23.23809,103.46, -,8.245819
108.45,913.3057,885.10,-20.33333,103.46, -,8.245819
108.50,913.3057,885.10,-20.33333,103.46, -,8.245819
108.55,910.259,885.20,-23.23809,103.46, -,8.245819
108.60,910.259,885.20,-23.23809,103.46, -,8.245819
108.65,910.259,885.20,-20.33333,103.46, -,8.245819
108.70,907.2144,885.30,-20.33333,103.46, -,8.245819
108.75,907.2144,885.30,-20.33333,103.46, -,8.245819
108.80,907.2144,885.30,-20.33333,103.46, -,8.245819
108.85,907.2144,885.30,-20.33333,103.46, -,8.245819
108.90,904.1682,885.40,-20.33333,103.46, -,8.245819
108.95,901.1241,885.50,-23.23809,103.46, -,8.245819
109.00,901.1241,885.50,-23.23809,103.46, -,8.245819
109.05,898.0803,885.60,-23.23809,103.46, -,8.245819
109.10,898.0803,885.60,-23.23809,103.46, -,8.245819
109.15,898.0803,885.60,-20.33333,103.46, -,8.245819
109.20,895.0349,885.70,-23.23809,103.46, -,8.245819
109.25,895.0349,885.70,-23.23809,103.46, -,8.245819
109.30,895.0349,885.70,-20.33333,103.46, -,8.245819
109.35,891.9917,885.80,-23.23809,103.46, -,8.245819
109.40,891.9917,885.80,-23.23809,103.46, -,8.245819
109.45,891.9917,885.80,-20.33333,103.46, -,8.245819
109.50,888.9468,885.90,-23.23809,103.46, -,8.245819
109.55,888.9468,885.90,-23.23809,103.46, -,8.245819
109.60,885.9042,886.00,-23.23809,103.46, -,8.245819
109.65,885.9042,886.00,-23.23809,103.46, -,8.245819
109.70,882.8618,886.10,-26.14286,103.46, -,8.245819
109.75,882.8618,886.10,-23.23809,103.46, -,8.245819
109.80,879.8178,886.20,-26.14286,103.46, -,8.245819
109.85,879.8178,886.20,-26.14286,103.46, -,8.245819
109.90,879.8178,886.20,-26.14286,103.46, -,8.245819
109.95,879.8178,886.20,-23.23809,103.46, -,8.245819
110.00,876.7759,886.30,-23.23809,103.46, -,8.245819
110.05,876.7759,886.30,-23.23809,103.46, -,8.245819
110.10,873.7325,886.40,-23.23809,103.46, -,8.245819
110.15,873.7325,886.40,-23.23809,103.46, -,8.245819
110.20,870.6912,886.50,-26.14286,103.46, -,8.245819
110.25,870.6912,886.50,-23.23809,103.46, -,8.245819
110.30,870.6912,886.50,-23.23809,103.46, -,8.245819
110.35,867.6502,886.60,-26.14286,103.46, -,8.245819
110.40,867.6502,886.60,-23.23809,103.46, -,8.245819
110.45,864.6077,886.70,-26.14286,103.46, -,8.245819
110.50,864.6077,886.70,-26.14286,103.46, -,8.245819
110.55,864.6077,886.70,-23.23809,103.46, -,8.265266
110.60,861.5672,886.80,-26.14286,103.46, -,8.265266
110.65,858.5251,886.90,-26.14286,103.46, -,8.265266
110.70,858.5251,886.90,-26.14286,103.46, -,8.265266
110.75,858.5251,886.90,-23.23809,103.46, -,8.265266
110.80,858.5251,886.90,-23.23809,103.46, -,8.265266
110.85,855.4852,887.00,-23.23809,103.46, -,8.265266
110.90,855.4852,887.00,-23.23809,103.46, -,8.265266
110.95,855.4852,887.00,-23.23809,103.46, -,8.265266
111.00,852.4456,887.10,-26.14286,103.46, -,8.265266
111.05,852.4456,887.10,-23.23809,103.46, -,8.265266
111.10,849.4044,887.20,-26.14286,103.46, -,8.265266
111.15,849.4044,887.20,-23.23809,103.46, -,8.265266
111.20,849.4044,887.20,-23.23809,103.46, -,8.265266
111.25,849.4044,887.20,-20.33333,103.46, -,8.265266
111.30,846.3654,887.30,-23.23809,103.46, -,8.265266
111.35,846.3654,887.30,-23.23809,103.46, -,8.265266
111.40,846.3654,887.30,-20.33333,103.46, -,8.265266
111.45,843.3247,887.40,-23.23809,103.46, -,8.265266
111.50,843.3247,887.40,-20.33333,103.46, -,8.245819
111.55,840.2862,887.50,-23.23809,103.46, -,8.245819
111.60,840.2862,887.50,-23.23809,103.46, -,8.245819
111.65,837.2479,887.60,-23.23809,103.46, -,8.245819
111.70,837.2479,887.60,-20.33333,103.46, -,8.245819
111.75,834.2081,887.70,-23.23809,103.46, -,8.245819
111.80,834.2081,887.70,-23.23809,103.46, -,8.245819
111.85,834.2081,887.70,-23.23809,103.46, -,8.245819
111.90,834.2081,887.70,-20.33333,103.46, -,8.245819
111.95,831.1705,887.80,-23.23809,103.46, -,8.245819
112.00,831.1705,887.80,-23.23809,103.46, -,8.245819
112.05,831.1705,887.80,-20.33333,103.46, -,8.245819
112.10,828.1312,887.90,-23.23809,103.46, -,8.245819
112.15,828.1312,887.90,-20.33333,103.46, -,8.245819
112.20,825.0941,888.00,-23.23809,103.46, -,8.245819
112.25,825.0941,888.00,-23.23809,103.46, -,8.245819
112.30,825.0941,888.00,-23.23809,103.46, -,8.245819
112.35,822.0572,888.10,-23.23809,103.46, -,8.245819
112.40,822.0572,888.10,-23.23809,103.46, -,8.245819
112.45,822.0572,888.10,-23.23809,103.46, -,8.245819
112.50,819.0188,888.20,-23.23809,103.46, -,8.245819
112.55,819.0188,888.20,-23.23809,103.46, -,8.245819
112.60,819.0188,888.20,-20.33333,103.46, -,8.245819
112.65,815.9825,888.30,-23.23809,103.46, -,8.245819
112.70,815.9825,888.30,-20.33333,103.46, -,8.245819
112.75,815.9825,888.30,-20.33333,103.46, -,8.245819
112.80,812.9446,888.40,-20.33333,103.46, -,8.245819
112.85,812.9446,888.40,-20.33333,103.46, -,8.245819
112.90,812.9446,888.40,-20.33333,103.46, -,8.245819
112.95,809.9089,888.50,-23.23809,103.46, -,8.245819
113.00,809.9089,888.50,-20.33333,103.46, -,8.245819
113.05,809.9089,888.50,-20.33333,103.46, -,8.245819
113.10,806.8734,888.60,-23.23809,103.46, -,8.245819
113.15,806.8734,888.60,-20.33333,103.46, -,8.245819
113.20,806.8734,888.60,-20.33333,103.46, -,8.245819
113.25,803.8364,888.70,-20.33333,103.46, -,8.245819
113.30,803.8364,888.70,-20.33333,103.46, -,8.245819
113.35,800.8015,888.80,-23.23809,103.46, -,8.245819
113.40,800.8015,888.80,-20.33333,103.46, -,8.245819
113.45,800.8015,888.80,-20.33333,103.46, -,8.245819
113.50,797.765,888.90,-23.23809,103.46, -,8.245819
113.55,797.765,888.90,-20.33333,103.46, -,8.245819
113.60,797.765,888.90,-20.33333,103.46, -,8.245819
113.65,794.7306,889.00,-23.23809,103.46, -,8.245819
113.70,794.7306,889.00,-20.33333,103.46, -,8.245819
113.75,791.6965,889.10,-23.23809,103.46, -,8.245819
113.80,791.6965,889.10,-23.23809,103.46, -,8.245819
113.85,791.6965,889.10,-20.33333,103.46, -,8.245819
113.90,791.6965,889.10,-20.33333,103.46, -,8.245819
113.95,788.6608,889.20,-23.23809,103.46, -,8.245819
114.00,788.6608,889.20,-20.33333,103.46, -,8.245819
114.05,785.6273,889.30,-23.23809,103.46, -,8.245819
114.10,785.6273,889.30,-23.23809,103.46, -,8.245819
114.15,785.6273,889.30,-20.33333,103.46, -,8.245819
114.20,782.5922,889.40,-23.23809,103.46, -,8.245819
114.25,782.5922,889.40,-23.23809,103.46, -,8.245819
114.30,782.5922,889.40,-20.33333,103.46, -,8.245819
114.35,779.5592,889.50,-23.23809,103.46, -,8.245819
114.40,779.5592,889.50,-20.33333,103.46, -,8.245819
114.45,776.5265,889.60,-23.23809,103.46, -,8.245819
114.50,776.5265,889.60,-23.23809,103.46, -,8.245819
114.55,776.5265,889.60,-20.33333,103.46, -,8.265266
114.60,773.4922,889.70,-23.23809,103.46, -,8.265266
114.65,773.4922,889.70,-23.23809,103.46, -,8.265266
114.70,770.4601,889.80,-23.23809,103.46, -,8.265266
114.75,770.4601,889.80,-23.23809,103.46, -,8.265266
114.80,770.4601,889.80,-20.33333,103.46, -,8.265266
114.85,770.4601,889.80,-20.33333,103.46, -,8.265266
114.90,767.4263,889.90,-23.23809,103.46, -,8.265266
114.95,767.4263,889.90,-23.23809,103.46, -,8.265266
115.00,764.3947,890.00,-23.23809,103.46, -,8.265266
115.05,764.3947,890.00,-23.23809,103.46, -,8.265266
115.10,761.3634,890.10,-23.23809,103.46, -,8.265266
115.15,761.3634,890.10,-23.23809,103.46, -,8.265266
115.20,761.3634,890.10,-23.23809,103.46, -,8.265266
115.25,758.3305,890.20,-23.23809,103.46, -,8.265266
115.30,758.3305,890.20,-23.23809,103.46, -,8.265266
115.35,758.3305,890.20,-23.23809,103.46, -,8.265266
115.40,755.2997,890.30,-23.23809,103.46, -,8.265266
115.45,755.2997,890.30,-23.23809,103.46, -,8.265266
115.50,755.2997,890.30,-20.33333,103.46, -,8.245819
115.55,752.2674,890.40,-23.23809,103.46, -,8.245819
115.60,752.2674,890.40,-23.23809,103.46, -,8.245819
115.65,752.2674,890.40,-20.33333,103.46, -,8.245819
115.70,749.2372,890.50,-23.23809,103.46, -,8.245819
115.75,749.2372,890.50,-20.33333,103.46, -,8.245819
115.80,749.2372,890.50,-20.33333,103.46, -,8.245819
115.85,749.2372,890.50,-20.33333,103.46, -,8.245819
115.90,746.2072,890.60,-23.23809,103.46, -,8.245819
115.95,746.2072,890.60,-20.33333,103.46, -,8.245819
116.00,743.1757,890.70,-23.23809,103.46, -,8.245819
116.05,743.1757,890.70,-20.33333,103.46, -,8.245819
116.10,743.1757,890.70,-20.33333,103.46, -,8.245819
116.15,740.1463,890.80,-20.33333,103.46, -,8.245819
116.20,740.1463,890.80,-20.33333,103.46, -,8.245819
116.25,737.1154,890.90,-23.23809,103.46, -,8.245819
116.30,737.1154,890.90,-20.33333,103.46, -,8.245819
116.35,737.1154,890.90,-20.33333,103.46, -,8.245819
116.40,734.0865,891.00,-23.23809,103.46, -,8.245819
116.45,734.0865,891.00,-20.33333,103.46, -,8.245819
116.50,734.0865,891.00,-20.33333,103.46, -,8.245819
116.55,734.0865,891.00,-20.33333,103.46, -,8.245819
116.60,731.0579,891.10,-20.33333,103.46, -,8.245819
116.65,731.0579,891.10,-20.33333,103.46, -,8.245819
116.70,731.0579,891.10,-20.33333,103.46, -,8.245819
116.75,728.0278,891.20,-20.33333,103.46, -,8.245819
116.80,728.0278,891.20,-20.33333,103.46, -,8.245819
116.85,724.9998,891.30,-23.23809,103.46, -,8.245819
116.90,724.9998,891.30,-23.23809,103.46, -,8.245819
116.95,724.9998,891.30,-20.33333,103.46, -,8.245819
117.00,721.9702,891.40,-23.23809,103.46, -,8.245819
117.05,721.9702,891.40,-20.33333,103.46, -,8.245819
117.10,718.9427,891.50,-23.23809,103.46, -,8.245819
117.15,718.9427,891.50,-23.23809,103.46, -,8.245819
117.20,718.9427,891.50,-20.33333,103.46, -,8.245819
117.25,715.9155,891.60,-23.23809,103.46, -,8.245819
117.30,715.9155,891.60,-20.33333,103.46, -,8.245819
117.35,715.9155,891.60,-20.33333,103.46, -,8.245819
117.40,712.8867,891.70,-23.23809,103.46, -,8.245819
117.45,712.8867,891.70,-20.33333,103.46, -,8.245819
117.50,712.8867,891.70,-20.33333,103.28, -,8.284714
117.55,709.86,891.80,-23.23809,103.28, -,8.284714
117.60,709.86,891.80,-23.23809,103.28, -,8.284714
117.65,706.8318,891.90,-23.23809,103.28, -,8.284714
117.70,706.8318,891.90,-23.23809,103.28, -,8.284714
117.75,706.8318,891.90,-23.23809,103.28, -,8.284714
117.80,703.8058,892.00,-23.23809,103.28, -,8.284714
117.85,703.8058,892.00,-23.23809,103.28, -,8.284714
117.90,703.8058,892.00,-20.33333,103.28, -,8.284714
117.95,700.78,892.10,-23.23809,103.28, -,8.284714
118.00,700.78,892.10,-23.23809,103.28, -,8.284714
118.05,700.78,892.10,-20.33333,103.28, -,8.284714
118.10,697.7526,892.20,-23.23809,103.28, -,8.284714
118.15,697.7526,892.20,-20.33333,103.28, -,8.284714
118.20,694.7273,892.30,-23.23809,103.28, -,8.284714
118.25,694.7273,892.30,-23.23809,103.28, -,8.284714
118.30,694.7273,892.30,-20.33333,103.28, -,8.284714
118.35,694.7273,892.30,-20.33333,103.28, -,8.284714
118.40,691.7004,892.40,-23.23809,103.28, -,8.284714
118.45,691.7004,892.40,-20.33333,103.28, -,8.284714
118.50,691.7004,892.40,-20.33333,103.28, -,8.284714
118.55,691.7004,892.40,-20.33333,103.28, -,8.245819
118.60,688.6757,892.50,-20.28572,103.28, -,8.245819
118.65,688.6757,892.50,-20.28572,103.28, -,8.245819
118.70,685.6512,892.60,-20.23809,103.28, -,8.245819
118.75,685.6512,892.60,-20.23809,103.28, -,8.245819
118.80,685.6512,892.60,-20.23809,103.28, -,8.245819
118.85,682.6252,892.70,-20.23809,103.28, -,8.245819
118.90,682.6252,892.70,-20.23809,103.28, -,8.245819
118.95,682.6252,892.70,-20.23809,103.28, -,8.245819
119.00,679.6013,892.80,-20.19048,103.28, -,8.245819
119.05,679.6013,892.80,-20.19048,103.28, -,8.245819
119.10,679.6013,892.80,-20.19048,103.28, -,8.245819
119.15,676.5759,892.90,-20.19048,103.28, -,8.245819
119.20,676.5759,892.90,-20.19048,103.28, -,8.245819
119.25,676.5759,892.90,-17.28572,103.28, -,8.245819
119.30,673.5525,893.00,-20.14286,103.28, -,8.245819
119.35,673.5525,893.00,-20.14286,103.28, -,8.245819
119.40,670.5294,893.10,-23,103.28, -,8.245819
119.45,670.5294,893.10,-20.09524,103.28, -,8.245819
119.50,670.5294,893.10,-20.09524,103.28, -,8.265266
119.55,667.5048,893.20,-22.95238,103.28, -,8.265266
119.60,667.5048,893.20,-22.95238,103.28, -,8.265266
119.65,667.5048,893.20,-20.09524,103.28, -,8.265266
119.70,664.4822,893.30,-22.95238,103.28, -,8.265266
119.75,664.4822,893.30,-20.09524,103.28, -,8.265266
119.80,664.4822,893.30,-20.09524,103.28, -,8.265266
119.85,661.4581,893.40,-22.95238,103.28, -,8.265266
119.90,661.4581,893.40,-20.04762,103.28, -,8.265266
119.95,661.4581,893.40,-20.04762,103.28, -,8.265266
120.00,658.4362,893.50,-22.90476,103.28, -,8.265266
120.05,658.4362,893.50,-20.04762,103.28, -,8.265266
120.10,655.4145,893.60,-22.90476,103.28, -,8.265266
120.15,658.4362,893.50,-20.04762,103.28, -,8.265266
120.20,655.4145,893.60,-20,103.28, -,8.265266
120.25,655.4145,893.60,-20,103.28, -,8.265266
120.30,652.3912,893.70,-22.85714,103.28, -,8.265266
120.35,652.3912,893.70,-20,103.28, -,8.265266
120.40,652.3912,893.70,-20,103.28, -,8.265266
120.45,652.3912,893.70,-17.14286,103.28, -,8.265266
120.50,649.37,893.80,-20,103.28, -,8.265266
120.55,649.37,893.80,-20,103.28, -,8.245819
120.60,646.3473,893.90,-20,103.28, -,8.245819
120.65,646.3473,893.90,-20,103.28, -,8.245819
120.70,646.3473,893.90,-20,103.28, -,8.245819
120.75,646.3473,893.90,-17.14286,103.28, -,8.245819
120.80,646.3473,893.90,-17.14286,103.28, -,8.245819
120.85,643.3267,894.00,-20,103.28, -,8.245819
120.90,643.3267,894.00,-17.14286,103.28, -,8.245819
120.95,643.3267,894.00,-17.14286,103.28, -,8.245819
121.00,640.3063,894.10,-20,103.28, -,8.245819
121.05,640.3063,894.10,-17.14286,103.28, -,8.245819
121.10,640.3063,894.10,-17.14286,103.28, -,8.245819
121.15,637.2844,894.20,-17.14286,103.28, -,8.245819
121.20,637.2844,894.20,-20,103.28, -,8.245819
121.25,637.2844,894.20,-17.14286,103.28, -,8.245819
121.30,634.2646,894.30,-20,103.28, -,8.245819
121.35,634.2646,894.30,-17.14286,103.28, -,8.245819
121.40,634.2646,894.30,-17.14286,103.28, -,8.245819
121.45,634.2646,894.30,-17.14286,103.28, -,8.245819
121.50,631.2433,894.40,-20,103.28, -,8.265266
121.55,631.2433,894.40,-17.14286,103.28, -,8.265266
121.60,628.2241,894.50,-20,103.28, -,8.265266
121.65,628.2241,894.50,-17.14286,103.28, -,8.265266
121.70,628.2241,894.50,-17.14286,103.28, -,8.265266
121.75,628.2241,894.50,-17.14286,103.28, -,8.265266
121.80,625.2051,894.60,-20,103.28, -,8.265266
121.85,625.2051,894.60,-20,103.28, -,8.265266
121.90,622.1845,894.70,-20,103.28, -,8.265266
121.95,622.1845,894.70,-20,103.28, -,8.265266
122.00,622.1845,894.70,-20,103.28, -,8.265266
122.05,619.1661,894.80,-20,103.28, -,8.265266
122.10,619.1661,894.80,-20,103.28, -,8.265266
122.15,619.1661,894.80,-20,103.28, -,8.265266
122.20,619.1661,894.80,-17.14286,103.28, -,8.265266
122.25,616.1461,894.90,-20,103.28, -,8.265266
122.30,616.1461,894.90,-20,103.28, -,8.265266
122.35,616.1461,894.90,-17.14286,103.28, -,8.265266
122.40,613.1282,895.00,-20,103.28, -,8.265266
122.45,613.1282,895.00,-20,103.28, -,8.265266
122.50,613.1282,895.00,-20,103.28, -,8.265266
122.55,610.1106,895.10,-20,103.28, -,8.265266
122.60,610.1106,895.10,-20,103.28, -,8.265266
122.65,610.1106,895.10,-17.14286,103.28, -,8.265266
122.70,610.1106,895.10,-17.14286,103.28, -,8.265266
122.75,607.0914,895.20,-20,103.28, -,8.265266
122.80,607.0914,895.20,-20,103.28, -,8.265266
122.85,604.0744,895.30,-20,103.28, -,8.265266
122.90,604.0744,895.30,-20,103.28, -,8.265266
122.95,601.0557,895.40,-20,103.28, -,8.265266
123.00,601.0557,895.40,-20,103.28, -,8.265266
123.05,601.0557,895.40,-20,103.28, -,8.265266
123.10,601.0557,895.40,-17.14286,103.28, -,8.265266
123.15,598.0392,895.50,-20,103.28, -,8.265266
123.20,598.0392,895.50,-20,103.28, -,8.265266
123.25,598.0392,895.50,-20,103.28, -,8.265266
123.30,598.0392,895.50,-17.14286,103.28, -,8.265266
123.35,595.023,895.60,-20,103.28, -,8.265266
123.40,595.023,895.60,-20,103.28, -,8.265266
123.45,595.023,895.60,-17.14286,103.28, -,8.265266
123.50,595.023,895.60,-17.14286,103.28, -,8.265266
123.55,592.0052,895.70,-20,103.28, -,8.265266
123.60,592.0052,895.70,-17.14286,103.28, -,8.265266
123.65,588.9895,895.80,-20,103.28, -,8.265266
123.70,588.9895,895.80,-20,103.28, -,8.265266
123.75,588.9895,895.80,-20,103.28, -,8.265266
123.80,585.9722,895.90,-20,103.28, -,8.265266
123.85,585.9722,895.90,-20,103.28, -,8.265266
123.90,582.957,896.00,-20,103.28, -,8.265266
123.95,582.957,896.00,-20,103.28, -,8.265266
124.00,582.957,896.00,-17.14286,103.28, -,8.265266
124.05,582.957,896.00,-17.14286,103.28, -,8.265266
124.10,582.957,896.00,-17.14286,103.28, -,8.265266
124.15,579.9422,896.10,-20,103.28, -,8.265266
124.20,579.9422,896.10,-17.14286,103.28, -,8.265266
124.25,579.9422,896.10,-17.14286,103.28, -,8.265266
124.30,576.9257,896.20,-20,103.28, -,8.265266
124.35,576.9257,896.20,-20,103.28, -,8.265266
124.40,573.9114,896.30,-20,103.28, -,8.265266
124.45,573.9114,896.30,-20,103.28, -,8.265266
124.50,573.9114,896.30,-20,103.28, -,8.265266
124.55,573.9114,896.30,-20,103.28, -,8.265266
124.60,570.8955,896.40,-20,103.28, -,8.265266
124.65,570.8955,896.40,-20,103.28, -,8.265266
124.70,570.8955,896.40,-17.14286,103.28, -,8.265266
124.75,567.8817,896.50,-20,103.28, -,8.265266
124.80,567.8817,896.50,-20,103.28, -,8.265266
124.85,567.8817,896.50,-17.14286,103.28, -,8.265266
124.90,567.8817,896.50,-17.14286,103.28, -,8.265266
124.95,564.8682,896.60,-17.14286,103.28, -,8.265266
125.00,564.8682,896.60,-17.14286,103.28, -,8.265266
125.05,561.8531,896.70,-20,103.28, -,8.265266
125.10,561.8531,896.70,-20,103.28, -,8.265266
125.15,561.8531,896.70,-20,103.28, -,8.265266
125.20,561.8531,896.70,-17.14286,103.28, -,8.265266
125.25,558.8401,896.80,-20,103.28, -,8.265266
125.30,558.8401,896.80,-20,103.28, -,8.265266
125.35,558.8401,896.80,-17.14286,103.28, -,8.265266
125.40,555.8256,896.90,-20,103.28, -,8.265266
125.45,555.8256,896.90,-17.14286,103.28, -,8.265266
125.50,555.8256,896.90,-17.14286,103.28, -,8.265266
125.55,552.8132,897.00,-20,103.28, -,8.265266
125.60,552.8132,897.00,-20,103.28, -,8.265266
125.65,552.8132,897.00,-17.14286,103.28, -,8.265266
125.70,549.801,897.10,-20,103.28, -,8.265266
125.75,549.801,897.10,-20,103.28, -,8.265266
125.80,549.801,897.10,-17.14286,103.28, -,8.265266
125.85,546.7873,897.20,-20,103.28, -,8.265266
125.90,546.7873,897.20,-20,103.28, -,8.265266
125.95,546.7873,897.20,-20,103.28, -,8.265266
126.00,543.7756,897.30,-20,103.28, -,8.265266
126.05,543.7756,897.30,-20,103.28, -,8.265266
126.10,543.7756,897.30,-17.14286,103.28, -,8.265266
126.15,540.7625,897.40,-20,103.28, -,8.265266
126.20,540.7625,897.40,-20,103.28, -,8.265266
126.25,540.7625,897.40,-20,103.28, -,8.265266
126.30,537.7514,897.50,-20,103.28, -,8.265266
126.35,537.7514,897.50,-20,103.28, -,8.265266
126.40,537.7514,897.50,-20,103.28, -,8.265266
126.45,537.7514,897.50,-17.14286,103.28, -,8.265266
126.50,534.7406,897.60,-20,103.28, -,8.265266
126.55,534.7406,897.60,-20,103.28, -,8.265266
126.60,534.7406,897.60,-17.14286,103.28, -,8.265266
126.65,531.7282,897.70,-20,103.28, -,8.265266
126.70,531.7282,897.70,-20,103.28, -,8.265266
126.75,531.7282,897.70,-17.14286,103.28, -,8.265266
126.80,528.718,897.80,-20,103.28, -,8.265266
126.85,528.718,897.80,-20,103.28, -,8.265266
126.90,528.718,897.80,-17.14286,103.28, -,8.265266
126.95,528.718,897.80,-17.14286,103.28, -,8.265266
127.00,525.7062,897.90,-20,103.28, -,8.265266
127.05,525.7062,897.90,-17.14286,103.28, -,8.265266
127.10,522.6965,898.00,-20,103.28, -,8.265266
127.15,522.6965,898.00,-20,103.28, -,8.265266
127.20,519.687,898.10,-20,103.28, -,8.265266
127.25,519.687,898.10,-20,103.28, -,8.265266
127.30,519.687,898.10,-20,103.28, -,8.265266
127.35,519.687,898.10,-17.14286,103.28, -,8.265266
127.40,519.687,898.10,-17.14286,103.28, -,8.265266
127.45,516.676,898.20,-20,103.28, -,8.265266
127.50,516.676,898.20,-20,103.28, -,8.245819
127.55,516.676,898.20,-17.14286,103.28, -,8.245819
127.60,513.6671,898.30,-20,103.28, -,8.245819
127.65,513.6671,898.30,-20,103.28, -,8.245819
127.70,513.6671,898.30,-17.14286,103.28, -,8.245819
127.75,510.6566,898.40,-20,103.28, -,8.245819
127.80,510.6566,898.40,-20,103.28, -,8.245819
127.85,510.6566,898.40,-17.14286,103.28, -,8.245819
127.90,510.6566,898.40,-17.14286,103.28, -,8.245819
127.95,507.6483,898.50,-20,103.28, -,8.245819
128.00,507.6483,898.50,-20,103.28, -,8.245819
128.05,504.6402,898.60,-20,103.28, -,8.245819
128.10,504.6402,898.60,-20,103.28, -,8.245819
128.15,504.6402,898.60,-17.14286,103.28, -,8.245819
128.20,504.6402,898.60,-17.14286,103.28, -,8.245819
128.25,501.6306,898.70,-17.14286,103.28, -,8.245819
128.30,501.6306,898.70,-17.14286,103.28, -,8.245819
128.35,498.623,898.80,-20,103.28, -,8.245819
128.40,498.623,898.80,-20,103.28, -,8.245819
128.45,498.623,898.80,-20,103.28, -,8.245819
128.50,495.6139,898.90,-20,103.28, -,8.245819
128.55,495.6139,898.90,-20,103.28, -,8.265266
128.60,495.6139,898.90,-20,103.28, -,8.265266
128.65,495.6139,898.90,-17.14286,103.28, -,8.265266
128.70,492.6069,899.00,-20,103.28, -,8.265266
128.75,492.6069,899.00,-20,103.28, -,8.265266
128.80,492.6069,899.00,-17.14286,103.28, -,8.265266
128.85,492.6069,899.00,-17.14286,103.28, -,8.265266
128.90,489.6002,899.10,-20,103.28, -,8.265266
128.95,489.6002,899.10,-20,103.28, -,8.265266
129.00,486.5919,899.20,-20,103.28, -,8.265266
129.05,486.5919,899.20,-20,103.28, -,8.265266
129.10,486.5919,899.20,-17.14286,103.28, -,8.265266
129.15,483.5857,899.30,-20,103.28, -,8.265266
129.20,483.5857,899.30,-20,103.28, -,8.265266
129.25,483.5857,899.30,-20,103.28, -,8.265266
129.30,483.5857,899.30,-17.14286,103.28, -,8.265266
129.35,480.5779,899.40,-20,103.28, -,8.265266
129.40,480.5779,899.40,-17.14286,103.28, -,8.265266
129.45,480.5779,899.40,-17.14286,103.28, -,8.265266
129.50,477.5723,899.50,-20,103.28, -,8.265266
129.55,477.5723,899.50,-17.14286,103.28, -,8.265266
129.60,477.5723,899.50,-17.14286,103.28, -,8.265266
129.65,477.5723,899.50,-17.14286,103.28, -,8.265266
129.70,474.5669,899.60,-20,103.28, -,8.265266
129.75,474.5669,899.60,-17.14286,103.28, -,8.265266
129.80,471.5599,899.70,-20,103.28, -,8.265266
129.85,471.5599,899.70,-20,103.28, -,8.265266
129.90,468.5551,899.80,-22.85714,103.28, -,8.265266
129.95,468.5551,899.80,-20,103.28, -,8.265266
130.00,468.5551,899.80,-20,103.28, -,8.265266
130.05,465.5487,899.90,-20,103.28, -,8.265266
130.10,465.5487,899.90,-20,103.28, -,8.265266
130.15,465.5487,899.90,-20,103.28, -,8.265266
130.20,462.5444,900.00,-20,103.28, -,8.265266
130.25,462.5444,900.00,-20,103.28, -,8.265266
130.30,462.5444,900.00,-20,103.28, -,8.265266
130.35,459.5404,900.10,-22.85714,103.28, -,8.265266
130.40,459.5404,900.10,-20,103.28, -,8.265266
130.45,459.5404,900.10,-20,103.28, -,8.265266
130.50,456.5348,900.20,-22.85714,103.28, -,8.265266
130.55,456.5348,900.20,-20,103.28, -,8.245819
130.60,456.5348,900.20,-20,103.28, -,8.245819
130.65,453.5313,900.30,-22.85714,103.28, -,8.245819
130.70,453.5313,900.30,-22.85714,103.28, -,8.245819
130.75,453.5313,900.30,-20,103.28, -,8.245819
130.80,450.5263,900.40,-22.85714,103.28, -,8.245819
130.85,450.5263,900.40,-20,103.28, -,8.245819
130.90,447.5233,900.50,-22.85714,103.28, -,8.245819
130.95,447.5233,900.50,-20,103.28, -,8.245819
131.00,447.5233,900.50,-20,103.28, -,8.245819
131.05,447.5233,900.50,-20,103.28, -,8.245819
131.10,444.5206,900.60,-20,103.28, -,8.245819
131.15,441.5164,900.70,-22.85714,103.28, -,8.245819
131.20,441.5164,900.70,-22.85714,103.28, -,8.245819
131.25,441.5164,900.70,-20,103.28, -,8.245819
131.30,441.5164,900.70,-20,103.28, -,8.245819
131.35,438.5143,900.80,-22.85714,103.28, -,8.245819
131.40,438.5143,900.80,-20,103.28, -,8.245819
131.45,438.5143,900.80,-20,103.28, -,8.245819
131.50,435.5106,900.90,-22.85714,103.28, -,8.245819
131.55,435.5106,900.90,-20,103.28, -,8.245819
131.60,435.5106,900.90,-20,103.28, -,8.245819
131.65,432.509,901.00,-22.85714,103.28, -,8.245819
131.70,432.509,901.00,-20,103.28, -,8.245819
131.75,429.5077,901.10,-22.85714,103.28, -,8.245819
131.80,429.5077,901.10,-22.85714,103.28, -,8.245819
131.85,429.5077,901.10,-20,103.28, -,8.245819
131.90,426.5048,901.20,-22.85714,103.28, -,8.245819
131.95,423.504,901.30,-22.85714,103.28, -,8.245819
132.00,423.504,901.30,-22.85714,103.28, -,8.245819
132.05,423.504,901.30,-22.85714,103.28, -,8.245819
132.10,420.5016,901.40,-25.71428,103.28, -,8.245819
132.15,420.5016,901.40,-22.85714,103.28, -,8.245819
132.20,420.5016,901.40,-20,103.28, -,8.245819
132.25,417.5014,901.50,-22.85714,103.28, -,8.245819
132.30,417.5014,901.50,-22.85714,103.28, -,8.245819
132.35,417.5014,901.50,-22.85714,103.28, -,8.245819
132.40,414.5014,901.60,-22.85714,103.28, -,8.245819
132.45,414.5014,901.60,-22.85714,103.28, -,8.245819
132.50,411.4998,901.70,-25.71428,103.28, -,8.245819
132.55,411.4998,901.70,-22.85714,103.28, -,8.265266
132.60,411.4998,901.70,-22.85714,103.28, -,8.265266
132.65,411.4998,901.70,-22.85714,103.28, -,8.265266
132.70,408.5004,901.80,-22.85714,103.28, -,8.265266
132.75,408.5004,901.80,-22.85714,103.28, -,8.265266
132.80,408.5004,901.80,-20,103.28, -,8.265266
132.85,405.4994,901.90,-22.85714,103.28, -,8.265266
132.90,405.4994,901.90,-22.85714,103.28, -,8.265266
132.95,402.5005,902.00,-22.85714,103.28, -,8.265266
133.00,402.5005,902.00,-20,103.28, -,8.265266
133.05,402.5005,902.00,-20,103.28, -,8.265266
133.10,399.5019,902.10,-22.85714,103.28, -,8.265266
133.15,399.5019,902.10,-20,103.28, -,8.265266
133.20,396.5017,902.20,-22.85714,103.28, -,8.265266
133.25,396.5017,902.20,-22.85714,103.28, -,8.265266
133.30,396.5017,902.20,-20,103.28, -,8.265266
133.35,396.5017,902.20,-20,103.28, -,8.265266
133.40,393.5036,902.30,-22.85714,103.28, -,8.265266
133.45,393.5036,902.30,-20,103.28, -,8.265266
133.50,390.5039,902.40,-22.85714,103.28, -,8.245819
133.55,393.5036,902.30,-17.14286,103.28, -,8.245819
133.60,390.5039,902.40,-20,103.28, -,8.245819
133.65,390.5039,902.40,-20,103.28, -,8.245819
133.70,387.5064,902.50,-22.85714,103.28, -,8.245819
133.75,387.5064,902.50,-20,103.28, -,8.245819
133.80,384.5091,902.60,-22.85714,103.28, -,8.245819
133.85,384.5091,902.60,-22.85714,103.28, -,8.245819
133.90,381.5103,902.70,-22.85714,103.28, -,8.245819
133.95,381.5103,902.70,-22.85714,103.28, -,8.245819
134.00,381.5103,902.70,-20,103.28, -,8.245819
134.05,378.5135,902.80,-22.85714,103.28, -,8.245819
134.10,378.5135,902.80,-22.85714,103.28, -,8.245819
134.15,378.5135,902.80,-20,103.28, -,8.245819
134.20,375.5152,902.90,-22.85714,103.28, -,8.245819
134.25,375.5152,902.90,-20,103.28, -,8.245819
134.30,372.519,903.00,-22.85714,103.28, -,8.245819
134.35,372.519,903.00,-22.85714,103.28, -,8.245819
134.40,372.519,903.00,-22.85714,103.28, -,8.245819
134.45,369.523,903.10,-22.85714,103.28, -,8.245819
134.50,369.523,903.10,-22.85714,103.28, -,8.245819
134.55,369.523,903.10,-20,103.1, -,8.265266
134.60,366.5255,903.20,-25.71428,103.1, -,8.265266
134.65,366.5255,903.20,-22.85714,103.1, -,8.265266
134.70,366.5255,903.20,-22.85714,103.1, -,8.265266
134.75,363.5301,903.30,-22.85714,103.1, -,8.265266
134.80,363.5301,903.30,-22.85714,103.1, -,8.265266
134.85,363.5301,903.30,-20,103.1, -,8.265266
134.90,363.5301,903.30,-20,103.1, -,8.265266
134.95,360.5332,903.40,-20,103.1, -,8.265266
135.00,360.5332,903.40,-20,103.1, -,8.265266
135.05,357.5383,903.50,-22.85714,103.1, -,8.265266
135.10,357.5383,903.50,-20,103.1, -,8.265266
135.15,354.5437,903.60,-22.85714,103.1, -,8.265266
135.20,354.5437,903.60,-22.85714,103.1, -,8.265266
135.25,354.5437,903.60,-20,103.1, -,8.265266
135.30,351.5475,903.70,-22.85714,103.1, -,8.265266
135.35,351.5475,903.70,-20,103.1, -,8.265266
135.40,351.5475,903.70,-20,103.1, -,8.265266
135.45,348.5535,903.80,-22.85714,103.1, -,8.265266
135.50,348.5535,903.80,-20,103.1, -,8.265266
135.55,348.5535,903.80,-20,103.1, -,8.265266
135.60,345.5579,903.90,-22.85714,103.1, -,8.265266
135.65,345.5579,903.90,-20,103.1, -,8.265266
135.70,345.5579,903.90,-20,103.1, -,8.265266
135.75,342.5643,904.00,-22.85714,103.1, -,8.265266
135.80,342.5643,904.00,-20,103.1, -,8.265266
135.85,342.5643,904.00,-20,103.1, -,8.265266
135.90,339.5711,904.10,-22.85714,103.1, -,8.265266
135.95,339.5711,904.10,-22.85714,103.1, -,8.265266
136.00,336.5763,904.20,-22.85714,103.1, -,8.265266
136.05,336.5763,904.20,-22.85714,103.1, -,8.265266
136.10,336.5763,904.20,-20,103.1, -,8.265266
136.15,333.5835,904.30,-22.85714,103.1, -,8.265266
136.20,333.5835,904.30,-20,103.1, -,8.265266
136.25,333.5835,904.30,-20,103.1, -,8.265266
136.30,330.5892,904.40,-22.85714,103.1, -,8.265266
136.35,330.5892,904.40,-20,103.1, -,8.265266
136.40,327.597,904.50,-22.85714,103.1, -,8.265266
136.45,327.597,904.50,-22.85714,103.1, -,8.265266
136.50,327.597,904.50,-20,103.1, -,8.265266
136.55,324.6051,904.60,-22.85714,103.1, -,8.245819
136.60,324.6051,904.60,-22.85714,103.1, -,8.245819
136.65,324.6051,904.60,-20,103.1, -,8.245819
136.70,321.6117,904.70,-22.85714,103.1, -,8.245819
136.75,321.6117,904.70,-22.85714,103.1, -,8.245819
136.80,318.6203,904.80,-22.85714,103.1, -,8.245819
136.85,318.6203,904.80,-22.85714,103.1, -,8.245819
136.90,318.6203,904.80,-22.85714,103.1, -,8.245819
136.95,315.6273,904.90,-22.85714,103.1, -,8.245819
137.00,315.6273,904.90,-22.85714,103.1, -,8.245819
137.05,315.6273,904.90,-20,103.1, -,8.245819
137.10,312.6365,905.00,-22.85714,103.1, -,8.245819
137.15,312.6365,905.00,-22.85714,103.1, -,8.245819
137.20,312.6365,905.00,-20,103.1, -,8.245819
137.25,309.6459,905.10,-22.85714,103.1, -,8.245819
137.30,309.6459,905.10,-22.85714,103.1, -,8.245819
137.35,309.6459,905.10,-20,103.1, -,8.245819
137.40,306.6538,905.20,-22.85714,103.1, -,8.245819
137.45,303.6637,905.30,-22.85714,103.1, -,8.245819
137.50,303.6637,905.30,-22.85714,103.1, -,8.265266
137.55,303.6637,905.30,-22.85714,103.1, -,8.265266
137.60,300.6721,905.40,-22.85714,103.1, -,8.265266
137.65,300.6721,905.40,-22.85714,103.1, -,8.265266
137.70,300.6721,905.40,-22.85714,103.1, -,8.265266
137.75,297.6826,905.50,-22.85714,103.1, -,8.265266
137.80,297.6826,905.50,-22.85714,103.1, -,8.265266
137.85,297.6826,905.50,-20,103.1, -,8.265266
137.90,294.6934,905.60,-22.85714,103.1, -,8.265266
137.95,294.6934,905.60,-22.85714,103.1, -,8.265266
138.00,294.6934,905.60,-20,103.1, -,8.265266
138.05,294.6934,905.60,-20,103.1, -,8.265266
138.10,291.7026,905.70,-22.85714,103.1, -,8.265266
138.15,291.7026,905.70,-20,103.1, -,8.265266
138.20,288.7138,905.80,-22.85714,103.1, -,8.265266
138.25,288.7138,905.80,-22.85714,103.1, -,8.265266
138.30,285.7236,905.90,-22.85714,103.1, -,8.265266
138.35,285.7236,905.90,-22.85714,103.1, -,8.265266
138.40,285.7236,905.90,-22.85714,103.1, -,8.265266
138.45,282.7354,906.00,-22.85714,103.1, -,8.265266
138.50,279.7475,906.10,-22.85714,103.1, -,8.265266
138.55,279.7475,906.10,-22.85714,103.1, -,8.245819
138.60,279.7475,906.10,-22.85714,103.1, -,8.245819
138.65,279.7475,906.10,-20,103.1, -,8.245819
138.70,276.758,906.20,-22.85714,103.1, -,8.245819
138.75,276.758,906.20,-22.85714,103.1, -,8.245819
138.80,273.7707,906.30,-22.85714,103.1, -,8.245819
138.85,273.7707,906.30,-22.85714,103.1, -,8.245819
138.90,273.7707,906.30,-22.85714,103.1, -,8.245819
138.95,273.7707,906.30,-20,103.1, -,8.245819
139.00,270.7817,906.40,-22.85714,103.1, -,8.245819
139.05,270.7817,906.40,-22.85714,103.1, -,8.245819
139.10,270.7817,906.40,-22.85714,103.1, -,8.245819
139.15,267.7949,906.50,-22.85714,103.1, -,8.245819
139.20,267.7949,906.50,-22.85714,103.1, -,8.245819
139.25,267.7949,906.50,-20,103.1, -,8.245819
139.30,264.8083,906.60,-22.85714,103.1, -,8.245819
139.35,264.8083,906.60,-20,103.1, -,8.245819
139.40,264.8083,906.60,-20,103.1, -,8.245819
139.45,261.8202,906.70,-22.85714,103.1, -,8.245819
139.50,261.8202,906.70,-20,103.1, -,8.245819
139.55,261.8202,906.70,-17.14286,103.1, -,8.245819
139.60,258.8341,906.80,-20,103.1, -,8.245819
139.65,258.8341,906.80,-20,103.1, -,8.245819
139.70,258.8341,906.80,-20,103.1, -,8.245819
139.75,258.8341,906.80,-17.14286,103.1, -,8.245819
139.80,255.8466,906.90,-20,103.1, -,8.245819
139.85,255.8466,906.90,-17.14286,103.1, -,8.245819
139.90,252.861,907.00,-20,103.1, -,8.245819
139.95,252.861,907.00,-20,103.1, -,8.245819
140.00,252.861,907.00,-20,103.1, -,8.245819
140.05,249.8758,907.10,-20,103.1, -,8.245819
140.10,249.8758,907.10,-20,103.1, -,8.245819
140.15,249.8758,907.10,-20,103.1, -,8.245819
140.20,246.889,907.20,-20,103.1, -,8.245819
140.25,246.889,907.20,-20,103.1, -,8.245819
140.30,246.889,907.20,-20,103.1, -,8.245819
140.35,243.9043,907.30,-20,103.1, -,8.245819
140.40,243.9043,907.30,-20,103.1, -,8.245819
140.45,243.9043,907.30,-20,103.1, -,8.245819
140.50,243.9043,907.30,-17.14286,103.1, -,8.245819
140.55,243.9043,907.30,-17.14286,103.1, -,8.265266
140.60,240.918,907.40,-20,103.1, -,8.265266
140.65,237.9339,907.50,-20,103.1, -,8.265266
140.70,237.9339,907.50,-20,103.1, -,8.265266
140.75,237.9339,907.50,-20,103.1, -,8.265266
140.80,237.9339,907.50,-20,103.1, -,8.265266
140.85,234.95,907.60,-20,103.1, -,8.265266
140.90,234.95,907.60,-20,103.1, -,8.265266
140.95,234.95,907.60,-17.14286,103.1, -,8.265266
141.00,231.9645,907.70,-20,103.1, -,8.265266
141.05,231.9645,907.70,-20,103.1, -,8.265266
141.10,231.9645,907.70,-17.14286,103.1, -,8.265266
141.15,228.9811,907.80,-20,103.1, -,8.265266
141.20,228.9811,907.80,-20,103.1, -,8.265266
141.25,228.9811,907.80,-17.14286,103.1, -,8.265266
141.30,225.9962,907.90,-20,103.1, -,8.265266
141.35,225.9962,907.90,-20,103.1, -,8.265266
141.40,225.9962,907.90,-17.14286,103.1, -,8.265266
141.45,225.9962,907.90,-17.14286,103.1, -,8.265266
141.50,223.0133,908.00,-20,103.1, -,8.265266
141.55,223.0133,908.00,-20,103.1, -,8.265266
141.60,223.0133,908.00,-20,103.1, -,8.265266
141.65,220.0308,908.10,-20,103.1, -,8.265266
141.70,220.0308,908.10,-17.14286,103.1, -,8.265266
141.75,220.0308,908.10,-17.14286,103.1, -,8.265266
141.80,217.0466,908.20,-20,103.1, -,8.265266
141.85,217.0466,908.20,-20,103.1, -,8.265266
141.90,217.0466,908.20,-17.14286,103.1, -,8.265266
141.95,214.0646,908.30,-20,103.1, -,8.265266
142.00,214.0646,908.30,-20,103.1, -,8.265266
142.05,214.0646,908.30,-17.14286,103.1, -,8.265266
142.10,214.0646,908.30,-17.14286,103.1, -,8.265266
142.15,211.081,908.40,-20,103.1, -,8.265266
142.20,211.081,908.40,-17.14286,103.1, -,8.265266
142.25,211.081,908.40,-17.14286,103.1, -,8.265266
142.30,211.081,908.40,-17.14286,103.1, -,8.265266
142.35,211.081,908.40,-14.28571,103.1, -,8.265266
142.40,208.0995,908.50,-17.14286,103.1, -,8.265266
142.45,208.0995,908.50,-17.14286,103.1, -,8.265266
142.50,208.0995,908.50,-17.14286,103.1, -,8.265266
142.55,205.1182,908.60,-17.14286,103.1, -,8.265266
142.60,205.1182,908.60,-17.14286,103.1, -,8.265266
142.65,205.1182,908.60,-17.14286,103.1, -,8.265266
142.70,202.1354,908.70,-17.14286,103.1, -,8.265266
142.75,202.1354,908.70,-17.14286,103.1, -,8.265266
142.80,202.1354,908.70,-17.14286,103.1, -,8.265266
142.85,202.1354,908.70,-14.28571,103.1, -,8.265266
142.90,199.1547,908.80,-17.14286,103.1, -,8.265266
142.95,199.1547,908.80,-17.14286,103.1, -,8.265266
143.00,199.1547,908.80,-14.28571,103.1, -,8.265266
143.05,196.1724,908.90,-17.14286,103.1, -,8.265266
143.10,196.1724,908.90,-17.14286,103.1, -,8.265266
143.15,196.1724,908.90,-17.14286,103.1, -,8.265266
143.20,196.1724,908.90,-14.28571,103.1, -,8.265266
143.25,193.1922,909.00,-17.14286,103.1, -,8.265266
143.30,193.1922,909.00,-17.14286,103.1, -,8.265266
143.35,193.1922,909.00,-17.14286,103.1, -,8.265266
143.40,190.2123,909.10,-20,103.1, -,8.265266
143.45,190.2123,909.10,-17.14286,103.1, -,8.265266
143.50,187.2308,909.20,-20,103.1, -,8.265266
143.55,187.2308,909.20,-20,103.1, -,8.265266
143.60,187.2308,909.20,-17.14286,103.1, -,8.265266
143.65,187.2308,909.20,-17.14286,103.1, -,8.265266
143.70,184.2514,909.30,-20,103.1, -,8.265266
143.75,184.2514,909.30,-17.14286,103.1, -,8.265266
143.80,184.2514,909.30,-17.14286,103.1, -,8.265266
143.85,184.2514,909.30,-17.14286,103.1, -,8.265266
143.90,184.2514,909.30,-17.14286,103.1, -,8.265266
143.95,181.2705,909.40,-17.14286,103.1, -,8.265266
144.00,181.2705,909.40,-17.14286,103.1, -,8.265266
144.05,181.2705,909.40,-17.14286,103.1, -,8.265266
144.10,178.2916,909.50,-17.14286,103.1, -,8.265266
144.15,178.2916,909.50,-17.14286,103.1, -,8.265266
144.20,175.313,909.60,-20,103.1, -,8.265266
144.25,175.313,909.60,-20,103.1, -,8.265266
144.30,172.3329,909.70,-20,103.1, -,8.265266
144.35,175.313,909.60,-17.14286,103.1, -,8.265266
144.40,172.3329,909.70,-20,103.1, -,8.265266
144.45,172.3329,909.70,-17.14286,103.1, -,8.265266
144.50,172.3329,909.70,-17.14286,103.1, -,8.265266
144.55,169.3548,909.80,-17.14286,103.1, -,8.265266
144.60,169.3548,909.80,-17.14286,103.1, -,8.265266
144.65,166.3752,909.90,-20,103.1, -,8.265266
144.70,166.3752,909.90,-20,103.1, -,8.265266
144.75,166.3752,909.90,-17.14286,103.1, -,8.265266
144.80,163.3977,910.00,-20,103.1, -,8.265266
144.85,163.3977,910.00,-20,103.1, -,8.265266
144.90,163.3977,910.00,-20,103.1, -,8.265266
144.95,163.3977,910.00,-20,103.1, -,8.265266
145.00,160.4204,910.10,-20,103.1, -,8.265266
145.05,160.4204,910.10,-20,103.1, -,8.265266
145.10,160.4204,910.10,-20,103.1, -,8.265266
145.15,157.4416,910.20,-20,103.1, -,8.265266
145.20,157.4416,910.20,-20,103.1, -,8.265266
145.25,157.4416,910.20,-17.14286,103.1, -,8.265266
145.30,154.4649,910.30,-20,103.1, -,8.265266
145.35,151.4866,910.40,-20,103.1, -,8.265266
145.40,154.4649,910.30,-20,103.1, -,8.265266
145.45,154.4649,910.30,-17.14286,103.1, -,8.265266
145.50,151.4866,910.40,-20,103.1, -,8.245819
145.55,148.5104,910.50,-22.85714,103.1, -,8.245819
145.60,148.5104,910.50,-20,103.1, -,8.245819
145.65,148.5104,910.50,-20,103.1, -,8.245819
145.70,145.5344,910.60,-20,103.1, -,8.245819
145.75,145.5344,910.60,-20,103.1, -,8.245819
145.80,142.5569,910.70,-22.85714,103.1, -,8.245819
145.85,142.5569,910.70,-20,103.1, -,8.245819
145.90,142.5569,910.70,-20,103.1, -,8.245819
145.95,139.5815,910.80,-22.85714,103.1, -,8.245819
146.00,139.5815,910.80,-22.85714,103.1, -,8.245819
146.05,139.5815,910.80,-20,103.1, -,8.245819
146.10,139.5815,910.80,-20,103.1, -,8.245819
146.15,139.5815,910.80,-20,103.1, -,8.245819
146.20,136.6045,910.90,-20,103.1, -,8.245819
146.25,136.6045,910.90,-20,103.1, -,8.245819
146.30,133.6296,911.00,-22.80952,103.1, -,8.245819
146.35,130.655,911.10,-22.76191,103.1, -,8.245819
146.40,130.655,911.10,-19.90476,103.1, -,8.245819
146.45,130.655,911.10,-22.76191,103.1, -,8.245819
146.50,127.6788,911.20,-25.61905,103.1, -,8.245819
146.55,127.6788,911.20,-22.76191,103.1, -,8.245819
146.60,124.7048,911.30,-22.71428,103.1, -,8.245819
146.65,124.7048,911.30,-22.71428,103.1, -,8.245819
146.70,124.7048,911.30,-22.71428,103.1, -,8.245819
146.75,121.7291,911.40,-22.71428,103.1, -,8.245819
146.80,118.7555,911.50,-25.52381,103.1, -,8.245819
146.85,118.7555,911.50,-22.66667,103.1, -,8.245819
146.90,115.7822,911.60,-25.47619,103.1, -,8.245819
146.95,115.7822,911.60,-25.47619,103.1, -,8.245819
147.00,115.7822,911.60,-22.61905,103.1, -,8.245819
147.05,115.7822,911.60,-22.61905,103.1, -,8.245819
147.10,115.7822,911.60,-22.61905,103.1, -,8.245819
147.15,112.8074,911.70,-25.42857,103.1, -,8.245819
147.20,109.8346,911.80,-28.23809,103.1, -,8.245819
147.25,109.8346,911.80,-25.38095,103.1, -,8.245819
147.30,106.8603,911.90,-28.19048,103.1, -,8.245819
147.35,106.8603,911.90,-25.38095,103.1, -,8.245819
147.40,106.8603,911.90,-22.57143,103.1, -,8.245819
147.45,106.8603,911.90,-22.57143,103.1, -,8.245819
147.50,106.8603,911.90,-22.57143,103.1, -,8.265266
147.55,103.888,912.00,-22.52381,103.1, -,8.265266
147.60,100.9161,912.10,-25.33333,103.1, -,8.265266
147.65,100.9161,912.10,-22.52381,103.1, -,8.265266
147.70,100.9161,912.10,-22.52381,103.1, -,8.265266
147.75,97.94252,912.20,-25.33333,103.1, -,8.265266
147.80,97.94252,912.20,-22.47619,103.1, -,8.265266
147.85,94.97107,912.30,-22.47619,103.1, -,8.265266
147.90,94.97107,912.30,-22.47619,103.1, -,8.265266
147.95,94.97107,912.30,-19.66667,103.1, -,8.265266
148.00,91.99806,912.40,-22.47619,103.1, -,8.265266
148.05,91.99806,912.40,-22.47619,103.1, -,8.265266
148.10,91.99806,912.40,-22.47619,103.1, -,8.265266
148.15,89.02714,912.50,-25.28572,103.1, -,8.265266
148.20,86.05647,912.60,-25.28572,103.1, -,8.265266
148.25,86.05647,912.60,-22.47619,103.1, -,8.265266
148.30,86.05647,912.60,-22.47619,103.1, -,8.265266
148.35,83.08426,912.70,-22.47619,103.1, -,8.265266
148.40,83.08426,912.70,-22.47619,103.1, -,8.265266
148.45,83.08426,912.70,-22.47619,103.1, -,8.265266
148.50,80.11412,912.80,-25.28572,103.1, -,8.265266
148.55,80.11412,912.80,-25.28572,103.1, -,8.245819
148.60,77.14243,912.90,-25.28572,103.1, -,8.245819
148.65,77.14243,912.90,-22.47619,103.1, -,8.245819
148.70,77.14243,912.90,-22.47619,103.1, -,8.245819
148.75,74.17283,913.00,-25.28572,103.1, -,8.245819
148.80,74.17283,913.00,-22.47619,103.1, -,8.245819
148.85,71.20348,913.10,-25.28572,103.1, -,8.245819
148.90,71.20348,913.10,-22.47619,103.1, -,8.245819
148.95,71.20348,913.10,-22.47619,103.1, -,8.245819
149.00,68.23258,913.20,-25.28572,103.1, -,8.245819
149.05,68.23258,913.20,-22.47619,103.1, -,8.245819
149.10,65.26376,913.30,-25.28572,103.1, -,8.245819
149.15,65.26376,913.30,-25.28572,103.1, -,8.245819
149.20,62.2934,913.40,-25.28572,103.1, -,8.245819
149.25,62.2934,913.40,-22.47619,103.1, -,8.245819
149.30,59.3251,913.50,-25.28572,103.1, -,8.245819
149.35,59.3251,913.50,-25.28572,103.1, -,8.245819
149.40,59.3251,913.50,-22.47619,103.1, -,8.245819
149.45,56.35707,913.60,-25.28572,103.1, -,8.245819
149.50,56.35707,913.60,-25.28572,103.1, -,8.265266
149.55,56.35707,913.60,-22.47619,103.1, -,8.265266
149.60,53.38749,913.70,-25.28572,103.1, -,8.265266
149.65,53.38749,913.70,-22.47619,103.1, -,8.265266
149.70,53.38749,913.70,-22.47619,103.1, -,8.265266
149.75,50.41999,913.80,-25.28572,103.1, -,8.265266
149.80,50.41999,913.80,-22.47619,103.1, -,8.265266
149.85,47.45094,913.90,-25.28572,103.1, -,8.265266
149.90,47.45094,913.90,-22.47619,103.1, -,8.265266
149.95,47.45094,913.90,-22.47619,103.1, -,8.265266
150.00,44.48396,914.00,-25.28572,103.1, -,8.265266
150.05,44.48396,914.00,-22.47619,103.1, -,8.265266
150.10,41.51725,914.10,-25.28572,103.1, -,8.265266
150.15,41.51725,914.10,-22.47619,103.1, -,8.265266
150.20,41.51725,914.10,-22.47619,103.1, -,8.265266
150.25,38.54898,914.20,-22.47619,103.1, -,8.265266
150.30,38.54898,914.20,-22.47619,103.1, -,8.265266
150.35,38.54898,914.20,-19.66667,103.1, -,8.265266
150.40,38.54898,914.20,-19.66667,103.1, -,8.265266
150.45,35.58279,914.30,-22.47619,103.1, -,8.265266
150.50,35.58279,914.30,-19.66667,103.1, -,8.265266
150.55,35.58279,914.30,-19.66667,102.92, -,8.245819
150.60,32.61505,914.40,-22.47619,102.92, -,8.245819
150.65,32.61505,914.40,-19.66667,102.92, -,8.245819
150.70,32.61505,914.40,-19.66667,102.92, -,8.245819
150.75,29.64939,914.50,-22.47619,102.92, -,8.245819
150.80,29.64939,914.50,-19.66667,102.92, -,8.245819
150.85,26.68399,914.60,-22.47619,102.92, -,8.245819
150.90,26.68399,914.60,-19.66667,102.92, -,8.245819
150.95,23.71704,914.70,-22.47619,102.92, -,8.245819
151.00,23.71704,914.70,-22.47619,102.92, -,8.245819
151.05,23.71704,914.70,-19.66667,102.92, -,8.245819
151.10,23.71704,914.70,-19.66667,102.92, -,8.245819
151.15,23.71704,914.70,-16.85714,102.92, -,8.245819
151.20,20.75216,914.80,-19.66667,102.92, -,8.245819
151.25,20.75216,914.80,-19.66667,102.92, -,8.245819
151.30,20.75216,914.80,-16.85714,102.92, -,8.245819
151.35,20.75216,914.80,-16.85714,102.92, -,8.245819
151.40,20.75216,914.80,-16.85714,102.92, -,8.245819
151.45,20.75216,914.80,-16.85714,102.92, -,8.245819
151.50,23.71704,914.70,-11.2381,102.92, -,8.245819
151.55,20.75216,914.80,-14.04762,102.92, -,8.245819
151.60,17.78573,914.90,-16.85714,102.92, -,8.245819
151.65,17.78573,914.90,-14.04762,102.92, -,8.245819
151.70,20.75216,914.80,-11.2381,102.92, -,8.245819
151.75,17.78573,914.90,-14.04762,102.92, -,8.245819
151.80,14.82138,915.00,-14.04762,102.92, -,8.245819
151.85,14.82138,915.00,-14.04762,102.92, -,8.245819
151.90,14.82138,915.00,-11.2381,102.92, -,8.245819
151.95,14.82138,915.00,-11.2381,102.92, -,8.245819
152.00,14.82138,915.00,-8.428572,102.92, -,8.245819
152.05,14.82138,915.00,-8.428572,102.92, -,8.245819
152.10,-6.334705E-05,915.50,-22.52381,102.92, -,8.245819
152.15,11.85729,915.10,-11.2381,102.92, -,8.245819
152.20,14.82138,915.00,-8.428572,102.92, -,8.245819
152.25,11.85729,915.10,-8.428572,102.92, -,8.245819
152.30,11.85729,915.10,-8.428572,102.92, -,8.245819
152.35,14.82138,915.00,-5.619048,102.92, -,8.245819
152.40,14.82138,915.00,-5.619048,102.92, -,8.245819
152.45,14.82138,915.00,-5.619048,102.92, -,8.245819
152.50,11.85729,915.10,-8.428572,102.92, -,8.245819
152.55,11.85729,915.10,-11.2381,102.92, -,8.245819
152.60,14.82138,915.00,-5.619048,102.92, -,8.245819
152.65,14.82138,915.00,-2.809524,102.92, -,8.245819
152.70,14.82138,915.00,-2.809524,102.92, -,8.245819
152.75,14.82138,915.00,-5.619048,102.92, -,8.245819
152.80,11.85729,915.10,-5.619048,102.92, -,8.245819
152.85,14.82138,915.00,0,102.92, -,8.245819
152.90,11.85729,915.10,-2.809524,102.92, -,8.245819
152.95,14.82138,915.00,0,102.92, -,8.245819
153.00,11.85729,915.10,-2.809524,102.92, -,8.245819
153.05,14.82138,915.00,0,102.92, -,8.245819
153.10,14.82138,915.00,0,102.92, -,8.245819
153.15,14.82138,915.00,14.09524,102.92, -,8.245819
153.20,14.82138,915.00,2.809524,102.92, -,8.245819
153.25,14.82138,915.00,0,102.92, -,8.245819
153.30,11.85729,915.10,0,102.92, -,8.245819
153.35,14.82138,915.00,2.809524,102.92, -,8.245819
153.40,11.85729,915.10,-2.809524,102.92, -,8.245819
153.45,11.85729,915.10,-2.809524,102.92, -,8.245819
153.50,14.82138,915.00,0, -
153.55,11.85729,915.10,0, -
153.60,11.85729,915.10,0, -
153.65,11.85729,915.10,-2.809524, -
153.70,11.85729,915.10,-2.809524, -
153.75,11.85729,915.10,-2.809524, -
153.80,11.85729,915.10,-2.809524, -
153.85,11.85729,915.10,0, -
153.90,11.85729,915.10,-2.809524, -
153.95,11.85729,915.10,0, -
154.00,11.85729,915.10,-2.809524, -
154.05,11.85729,915.10,0, -
154.10,14.82138,915.00,0, -
154.15,14.82138,915.00,0, -
