Time,Altitude,Pressure,Velocity,Temperature,Events,Voltages
0.00,7.77947E-05,915.70,0,100.22, -,8.304162
0.05,5.927183,915.50,5.666667,100.22, -,8.304162
0.10,8.890224,915.40,8.476191,100.22, -,8.304162
0.15,17.78454,915.10,16.95238,100.22, -,8.304162
0.20,29.64428,914.70,28.23809,100.22, -,8.304162
0.25,41.51004,914.30,39.52381,100.22, -,8.304162
0.30,62.28432,913.60,59.28571,100.22, -,8.304162
0.35,86.04137,912.80,81.90476,100.22, -,8.304162
0.40,115.7618,911.80,110.1905,100.22, -,8.304162
0.45,145.5087,910.80,138.5238,100.22, -,8.304162
0.50,190.1787,909.30,181.0476,100.22, -,8.304162
0.55,214.0267,908.50,203.7619,100.22, -,8.304162
0.60,231.9234,907.90,220.8095,100.22, -,8.304162
0.65,234.9084,907.80,223.6667,100.22, -,8.304162
0.70,225.958,908.10,215.1429,100.22, -,8.304162
0.75,222.9739,908.20,212.2857,100.22, -,8.304162
0.80,228.9406,908.00,217.9524,100.22, -,8.304162
0.85,243.8611,907.50,232.1429,100.22, -,8.304162
0.90,273.7221,906.50,260.5714,100.22, -,8.304162
0.95,300.6206,905.60,286.1905,100.22, -,8.304162
1.00,324.5475,904.80,309,100.22, -,8.304162
1.05,348.4916,904.00,331.8095,100.22, -,8.304162
1.10,384.4408,902.80,360.381,100.22, -,8.304162
1.15,414.4277,901.80,386.1429,100.22, -,8.304162
1.20,459.4586,900.30,420.5714,100.22, -,8.304162
1.25,507.5578,898.70,455.0952,100.22, -,8.304162
1.30,555.7283,897.10,489.6667,100.22, -,8.304162
1.35,600.9503,895.60,512.9524,100.22, -,8.304162
1.40,637.1705,894.40,524.8095,100.22, -,8.304162
1.45,667.3854,893.40,525.2857,100.22, -,8.304162
1.50,706.7072,892.10,534.381,100.22, -,8.284714
1.55,740.0137,891.00,523.5714,100.22, -,8.284714
1.60,785.4865,889.50,544.1429,100.22, -,8.284714
1.65,827.9844,888.10,567.5714,100.22, -,8.284714
1.70,870.5349,886.70,605.2381,100.22, -,8.284714
1.75,907.0513,885.50,648.5238,100.22, -,8.284714
1.80,943.6078,884.30,686.1905,100.22, -,8.284714
1.85,980.2046,883.10,715.381,100.22, -,8.284714
1.90,1022.95,881.70,741.9048,100.22, -,8.284714
1.95,1059.634,880.50,748.4286,100.22, -,8.284714
2.00,1099.42,879.20,760.7143,100.22, -,8.284714
2.05,1133.124,878.10,770,100.22, -,8.284714
2.10,1176.067,876.70,788.0952,100.22, -,8.284714
2.15,1209.849,875.60,786.0476,100.22, -,8.284714
2.20,1252.891,874.20,798.4762,100.22, -,8.284714
2.25,1292.909,872.90,793.6667,100.22, -,8.284714
2.30,1332.977,871.60,786,100.22, -,8.284714
2.35,1366.917,870.50,772.4762,100.22, -,8.284714
2.40,1403.983,869.30,764.7143,100.22, -,8.284714
2.45,1437.996,868.20,762.619,100.22, -,8.284714
2.50,1481.337,866.80,775.1429,100.22, -,8.284714
2.55,1515.429,865.70,770.1905,100.22, -,8.304162
2.60,1555.765,864.40,776.9048,100.22, -,8.304162
2.65,1589.936,863.30,766.1429,100.22, -,8.304162
2.70,1627.252,862.10,761.1905,100.22, -,8.304162
2.75,1661.495,861.00,753.2857,100.22, -,8.304162
2.80,1702.009,859.70,757.0952,100.22, -,8.304162
2.85,1733.209,858.70,752,100.22, -,8.304162
2.90,1773.811,857.40,755.8095,100.22, -,8.304162
2.95,1808.208,856.30,747.8571,100.22, -,8.304162
3.00,1848.902,855.00,751.6667,100.22, -,8.304162
3.05,1883.375,853.90,746.5714,100.22, -,8.304162
3.10,1924.165,852.60,753.3333,100.22, -,8.304162
3.15,1955.574,851.60,742.3333,100.22, -,8.304162
3.20,1993.304,850.40,746.0952,100.22, -,8.304162
3.25,2027.929,849.30,738.0952,100.22, -,8.304162
3.30,2065.743,848.10,736,100.22, -,8.304162
3.35,2097.288,847.10,727.9048,100.22, -,8.304162
3.40,2135.179,845.90,731.6667,100.22, -,8.304162
3.45,2169.954,844.80,729.4762,100.22, -,8.304162
3.50,2207.932,843.60,733.2857,100.22, -,8.284714
3.55,2239.612,842.60,722.1905,100.22, -,8.284714
3.60,2277.668,841.40,725.9524,100.22, -,8.284714
3.65,2309.416,840.40,717.7619,100.22, -,8.284714
3.70,2347.554,839.20,721.5714,100.22, -,8.284714
3.75,2379.369,838.20,716.3333,100.22, -,8.284714
3.80,2417.589,837.00,720.0952,100.22, -,8.284714
3.85,2446.283,836.10,708.8571,100.22, -,8.284714
3.90,2481.385,835.00,712.5714,100.22, -,8.284714
3.95,2516.526,833.90,707.381,100.22, -,8.284714
4.00,2554.905,832.70,711.1905,100.22, -,8.284714
4.05,2586.921,831.70,702.9048,100.22, -,8.284714
4.10,2622.176,830.60,703.6667,100.22, -,8.284714
4.15,2651.047,829.70,692.2857,100.22, -,8.284714
4.20,2689.583,828.50,699.0952,100.22, -,8.284714
4.25,2718.516,827.60,690.7143,100.22, -,8.284714
4.30,2753.911,826.50,691.4286,100.22, -,8.284714
4.35,2786.121,825.50,686.0952,100.22, -,8.284714
4.40,2818.364,824.50,686.7619,100.22, -,8.284714
4.45,2850.638,823.50,681.381,100.22, -,8.284714
4.50,2886.175,822.40,682.1429,100.22, -,8.284714
4.55,2915.281,821.50,673.6667,100.22, -,8.304162
4.60,2947.651,820.50,674.2857,100.22, -,8.304162
4.65,2980.052,819.50,668.9048,100.22, -,8.304162
4.70,3015.73,818.40,672.6667,100.22, -,8.304162
4.75,3044.951,817.50,664.1429,100.22, -,8.304162
4.80,3080.7,816.40,667.9048,100.22, -,8.304162
4.85,3109.979,815.50,659.4286,100.22, -,8.304162
4.90,3142.542,814.50,663.0952,100.22, -,8.304162
4.95,3171.876,813.60,657.619,100.22, -,8.304162
5.00,3207.764,812.50,658.3333,100.22, -,8.304162
5.05,3237.157,811.60,649.7619,100.22, -,8.304162
5.10,3273.116,810.50,653.5238,100.22, -,8.304162
5.15,3302.568,809.60,648,100.22, -,8.304162
5.20,3332.044,808.70,648.619,100.22, -,8.304162
5.25,3361.549,807.80,640,100.22, -,8.304162
5.30,3394.362,806.80,643.6667,100.22, -,8.304162
5.35,3423.922,805.90,638.0952,100.22, -,8.304162
5.40,3460.089,804.80,641.8571,100.22, -,8.304162
5.45,3489.707,803.90,639.3333,100.22, -,8.304162
5.50,3519.355,803.00,636.8571,100.22, -,8.284714
5.55,3545.73,802.20,628.0952,100.22, -,8.284714
5.60,3578.729,801.20,631.8095,100.22, -,8.284714
5.65,3608.457,800.30,629.3333,100.22, -,8.284714
5.70,3641.52,799.30,629.9524,100.22, -,8.284714
5.75,3667.994,798.50,621.1429,100.22, -,8.284714
5.80,3701.116,797.50,624.8571,100.22, -,8.284714
5.85,3727.639,796.70,616.0476,100.22, -,8.284714
5.90,3760.822,795.70,619.7619,100.22, -,8.284714
5.95,3790.717,794.80,617.2381,100.22, -,8.284714
6.00,3820.637,793.90,617.7619,100.22, -,8.284714
6.05,3847.259,793.10,608.9048,100.22, -,8.284714
6.10,3877.231,792.20,609.4286,100.22, -,8.284714
6.15,3903.897,791.40,600.5714,100.22, -,8.284714
6.20,3933.923,790.50,601.1429,100.22, -,8.284714
6.25,3960.636,789.70,598.4762,100.22, -,8.284714
6.30,3990.714,788.80,599.0476,100.22, -,8.284714
6.35,4017.473,788.00,593.2857,100.22, -,8.284714
6.40,4047.604,787.10,593.8571,100.22, -,8.284714
6.45,4074.41,786.30,584.9524,100.22, -,8.284714
6.50,4104.592,785.40,585.5238,100.22, -,8.284714
6.55,4128.088,784.70,579.6667,100.22, -,8.284714
6.60,4158.322,783.80,583.381,100.22, -,8.284714
6.65,4185.219,783.00,577.5714,100.22, -,8.284714
6.70,4215.506,782.10,578.0952,100.22, -,8.284714
6.75,4239.08,781.40,569.0476,100.22, -,8.284714
6.80,4269.417,780.50,572.7619,100.22, -,8.284714
6.85,4293.033,779.80,563.7143,100.22, -,8.284714
6.90,4323.418,778.90,567.4286,100.22, -,8.284714
6.95,4347.073,778.20,558.3333,100.22, -,8.284714
7.00,4377.511,777.30,558.8571,100.22, -,8.284714
7.05,4404.59,776.50,556.1905,100.22, -,8.284714
7.10,4431.692,775.70,556.6667,100.22, -,8.284714
7.15,4458.816,774.90,553.9524,100.22, -,8.284714
7.20,4485.965,774.10,554.4286,100.22, -,8.284714
7.25,4509.736,773.40,548.4286,100.22, -,8.284714
7.30,4536.928,772.60,548.9048,100.22, -,8.284714
7.35,4564.141,771.80,546.1429,100.22, -,8.284714
7.40,4591.376,771.00,546.619,100.22, -,8.284714
7.45,4618.634,770.20,543.8571,100.22, -,8.284714
7.50,4645.916,769.40,544.3333,100.22, -,8.304162
7.55,4669.806,768.70,538.3333,100.22, -,8.304162
7.60,4697.131,767.90,541.9524,100.22, -,8.304162
7.65,4721.059,767.20,535.9524,100.22, -,8.304162
7.70,4748.427,766.40,536.381,100.22, -,8.304162
7.75,4772.393,765.70,530.3333,100.22, -,8.304162
7.80,4799.804,764.90,534,100.22, -,8.304162
7.85,4823.809,764.20,527.9524,100.22, -,8.304162
7.90,4854.698,763.30,534.9048,100.22, -,8.304162
7.95,4878.743,762.60,528.8571,100.22, -,8.304162
8.00,4902.804,761.90,529.2381,100.22, -,8.304162
8.05,4926.885,761.20,523.1905,100.22, -,8.304162
8.10,4954.428,760.40,523.619,100.22, -,8.304162
8.15,4975.101,759.80,517.4762,100.22, -,8.304162
8.20,5002.685,759.00,517.9524,100.22, -,8.304162
8.25,5026.84,758.30,515.0952,100.22, -,8.304162
8.30,5051.014,757.60,515.4762,100.22, -,8.304162
8.35,5075.203,756.90,512.619,100.22, -,8.304162
8.40,5099.413,756.20,509.7619,100.22, -,8.304162
8.45,5123.641,755.50,506.9048,100.22, -,8.304162
8.50,5151.352,754.70,507.3333,100.22, -,8.304162
8.55,5172.152,754.10,501.1429,100.22, -,8.284714
8.60,5199.904,753.30,504.8095,100.22, -,8.284714
8.65,5220.733,752.70,498.6667,100.22, -,8.284714
8.70,5245.052,752.00,499,100.22, -,8.284714
8.75,5269.39,751.30,496.1429,100.22, -,8.284714
8.80,5293.746,750.60,496.5238,100.22, -,8.284714
8.85,5314.636,750.00,490.3333,100.22, -,8.284714
8.90,5342.511,749.20,494.0476,100.22, -,8.284714
8.95,5363.434,748.60,484.5238,100.22, -,8.284714
9.00,5387.859,747.90,484.8571,100.22, -,8.284714
9.05,5408.812,747.30,481.9048,100.22, -,8.284714
9.10,5433.273,746.60,482.2381,100.22, -,8.284714
9.15,5457.751,745.90,479.3333,100.22, -,8.284714
9.20,5482.25,745.20,483,100.22, -,8.284714
9.25,5503.265,744.60,476.7143,100.22, -,8.284714
9.30,5527.796,743.90,477.0952,100.22, -,8.284714
9.35,5548.84,743.30,474.1429,100.22, -,8.284714
9.40,5573.408,742.60,474.4762,100.22, -,8.284714
9.45,5594.48,742.00,471.4762,100.22, -,8.284714
9.50,5615.566,741.40,468.4762,100.22, -,8.304162
9.55,5636.668,740.80,462.1905,100.22, -,8.304162
9.60,5661.303,740.10,465.8571,100.22, -,8.304162
9.65,5682.433,739.50,459.5714,100.22, -,8.304162
9.70,5707.103,738.80,463.1905,100.22, -,8.304162
9.75,5724.736,738.30,456.8571,100.22, -,8.304162
9.80,5749.438,737.60,457.1905,100.22, -,8.304162
9.85,5770.626,737.00,454.1905,100.22, -,8.304162
9.90,5791.828,736.40,454.4762,100.22, -,8.304162
9.95,5813.045,735.80,448.0952,100.22, -,8.304162
10.00,5834.275,735.20,448.4286,100.22, -,8.304162
10.05,5855.521,734.60,445.4286,100.22, -,8.304162
10.10,5876.779,734.00,445.7143,100.22, -,8.304162
10.15,5898.051,733.40,442.6667,100.22, -,8.304162
10.20,5922.887,732.70,443,100.22, -,8.304162
10.25,5940.639,732.20,436.5714,100.22, -,8.304162
10.30,5961.955,731.60,436.8571,100.22, -,8.304162
10.35,5983.283,731.00,433.8095,100.22, -,8.304162
10.40,6004.626,730.40,434.0952,100.22, -,8.304162
10.45,6022.423,729.90,427.6667,100.22, -,8.304162
10.50,6047.355,729.20,431.381,100.22, -,8.304162
10.55,6065.176,728.70,428.2381,100.22, -,8.284714
10.60,6086.575,728.10,428.5238,100.22, -,8.284714
10.65,6104.418,727.60,422.0476,100.22, -,8.284714
10.70,6125.841,727.00,422.2857,100.22, -,8.284714
10.75,6147.279,726.40,419.2381,100.22, -,8.284714
10.80,6168.733,725.80,422.8571,100.22, -,8.284714
10.85,6186.621,725.30,416.381,100.22, -,8.284714
10.90,6208.099,724.70,416.6667,100.22, -,8.284714
10.95,6226.01,724.20,413.5238,100.22, -,8.284714
11.00,6247.517,723.60,413.8095,100.22, -,8.284714
11.05,6265.449,723.10,410.6667,100.22, -,8.284714
11.10,6283.391,722.60,407.5238,100.22, -,8.284714
11.15,6301.344,722.10,404.381,100.22, -,8.284714
11.20,6322.899,721.50,404.6667,100.22, -,8.284714
11.25,6340.874,721.00,398.0952,100.22, -,8.284714
11.30,6362.456,720.40,401.7619,100.22, -,8.284714
11.35,6380.452,719.90,398.619,100.22, -,8.284714
11.40,6402.063,719.30,398.8571,100.22, -,8.284714
11.45,6416.476,718.90,392.2381,100.22, -,8.284714
11.50,6438.111,718.30,395.9048,100.22, -,8.304162
11.55,6456.151,717.80,389.3333,100.22, -,8.304162
11.60,6477.811,717.20,393,100.22, -,8.304162
11.65,6492.26,716.80,386.381,100.22, -,8.304162
11.70,6510.33,716.30,386.5714,100.22, -,8.304162
11.75,6528.411,715.80,383.4286,100.22, -,8.304162
11.80,6546.501,715.30,380.2381,100.22, -,8.304162
11.85,6564.602,714.80,377.0476,100.22, -,8.304162
11.90,6582.712,714.30,377.2381,100.22, -,8.304162
11.95,6600.833,713.80,374,100.22, -,8.304162
12.00,6618.965,713.30,374.2381,100.22, -,8.304162
12.05,6637.107,712.80,371.0476,100.22, -,8.304162
12.10,6655.259,712.30,371.2381,100.22, -,8.304162
12.15,6673.421,711.80,371.4286,100.22, -,8.304162
12.20,6691.594,711.30,371.619,100.22, -,8.304162
12.25,6706.139,710.90,364.9524,100.22, -,8.304162
12.30,6724.33,710.40,365.1905,100.22, -,8.304162
12.35,6742.532,709.90,361.9524,100.22, -,8.304162
12.40,6760.744,709.40,362.1429,100.22, -,8.304162
12.45,6775.322,709.00,355.4762,100.22, -,8.304162
12.50,6793.553,708.50,359.1429,100.22, -,8.304162
12.55,6808.146,708.10,352.4286,100.22, -,8.304162
12.60,6826.396,707.60,352.619,100.22, -,8.304162
12.65,6841.001,707.20,345.9048,100.22, -,8.304162
12.70,6859.27,706.70,349.5238,100.22, -,8.304162
12.75,6877.548,706.20,349.7619,100.22, -,8.304162
12.80,6895.838,705.70,349.9524,100.22, -,8.304162
12.85,6906.816,705.40,343.1905,100.22, -,8.304162
12.90,6925.122,704.90,343.381,100.22, -,8.304162
12.95,6943.439,704.40,343.5714,100.22, -,8.304162
13.00,6961.766,703.90,343.8095,100.22, -,8.304162
13.05,6976.437,703.50,340.4762,100.22, -,8.304162
13.10,6991.113,703.10,337.1905,100.22, -,8.304162
13.15,7005.795,702.70,333.9048,100.22, -,8.304162
13.20,7024.158,702.20,334.0952,100.22, -,8.304162
13.25,7038.857,701.80,330.8095,100.22, -,8.304162
13.30,7053.561,701.40,330.9524,100.22, -,8.304162
13.35,7068.273,701.00,327.619,100.22, -,8.304162
13.40,7082.993,700.60,324.2857,100.22, -,8.304162
13.45,7101.4,700.10,324.4762,100.22, -,8.304162
13.50,7116.133,699.70,324.619,100.22, -,8.284714
13.55,7130.875,699.30,321.2857,100.22, -,8.284714
13.60,7145.621,698.90,321.4286,100.22, -,8.284714
13.65,7160.376,698.50,318.0952,100.22, -,8.284714
13.70,7178.828,698.00,321.7619,100.22, -,8.284714
13.75,7189.904,697.70,314.9524,100.22, -,8.284714
13.80,7204.68,697.30,311.619,100.22, -,8.284714
13.85,7219.46,696.90,308.2857,100.22, -,8.284714
13.90,7234.25,696.50,311.9048,100.22, -,8.284714
13.95,7249.046,696.10,308.5714,100.22, -,8.284714
14.00,7263.848,695.70,305.2381,100.22, -,8.284714
14.05,7278.658,695.30,301.8571,100.22, -,8.284714
14.10,7293.473,694.90,302,100.22, -,8.284714
14.15,7304.591,694.60,298.5714,100.22, -,8.284714
14.20,7319.418,694.20,298.7143,100.22, -,8.284714
14.25,7334.254,693.80,295.381,100.22, -,8.284714
14.30,7349.095,693.40,295.5238,100.22, -,8.284714
14.35,7360.232,693.10,292.1429,100.22, -,8.284714
14.40,7378.801,692.60,295.8095,100.22, -,8.284714
14.45,7389.947,692.30,292.4286,100.22, -,8.284714
14.50,7404.814,691.90,289.0476,100.22, -,8.284714
14.55,7415.972,691.60,285.619,100.22, -,8.284714
14.60,7430.851,691.20,285.7619,100.22, -,8.284714
14.65,7445.739,690.80,285.9048,100.22, -,8.284714
14.70,7456.909,690.50,282.4762,100.22, -,8.284714
14.75,7468.082,690.20,275.5238,100.22, -,8.284714
14.80,7482.988,689.80,279.1429,100.22, -,8.284714
14.85,7497.898,689.40,279.2381,100.22, -,8.284714
14.90,7509.088,689.10,275.8095,100.22, -,8.284714
14.95,7524.011,688.70,275.9048,100.22, -,8.284714
15.00,7535.208,688.40,272.4762,100.22, -,8.284714
15.05,7546.412,688.10,269.0476,100.22, -,8.284714
15.10,7561.352,687.70,269.1905,100.22, -,8.284714
15.15,7572.562,687.40,265.7619,100.22, -,8.284714
15.20,7583.779,687.10,265.8571,100.22, -,8.284714
15.25,7598.737,686.70,265.9524,100.22, -,8.284714
15.30,7609.96,686.40,262.4762,100.22, -,8.284714
15.35,7621.19,686.10,259.0476,100.22, -,8.284714
15.40,7636.166,685.70,262.7143,100.22, -,8.284714
15.45,7647.402,685.40,255.7619,100.22, -,8.284714
15.50,7658.646,685.10,255.8571,100.22, -,8.284714
15.55,7669.89,684.80,252.4286,100.22, -,8.284714
15.60,7681.139,684.50,252.5238,100.22, -,8.284714
15.65,7692.392,684.20,249.0476,100.22, -,8.284714
15.70,7703.648,683.90,245.5714,100.22, -,8.284714
15.75,7714.912,683.60,245.6667,100.22, -,8.284714
15.80,7729.932,683.20,249.3333,100.22, -,8.284714
15.85,7741.202,682.90,245.8571,100.22, -,8.284714
15.90,7752.478,682.60,242.4286,100.22, -,8.284714
15.95,7763.756,682.30,242.5238,100.22, -,8.284714
16.00,7775.039,682.00,239.0952,100.22, -,8.284714
16.05,7782.563,681.80,235.5714,100.22, -,8.284714
16.10,7797.615,681.40,239.2381,100.22, -,8.284714
16.15,7808.911,681.10,235.7619,100.22, -,8.284714
16.20,7816.441,680.90,232.2857,100.22, -,8.284714
16.25,7827.745,680.60,232.381,100.22, -,8.284714
16.30,7842.818,680.20,232.4762,100.22, -,8.284714
16.35,7850.359,680.00,229,100.22, -,8.284714
16.40,7861.672,679.70,229.0476,100.22, -,8.284714
16.45,7872.989,679.40,225.5238,100.22, -,8.284714
16.50,7884.313,679.10,225.5714,100.22, -,8.284714
16.55,7891.86,678.90,222.0476,100.22, -,8.304162
16.60,7906.967,678.50,225.7143,100.22, -,8.304162
16.65,7914.523,678.30,222.1905,100.22, -,8.304162
16.70,7922.081,678.10,218.6667,100.22, -,8.304162
16.75,7933.419,677.80,218.7619,100.22, -,8.304162
16.80,7944.762,677.50,218.8571,100.22, -,8.304162
16.85,7956.109,677.20,215.381,100.22, -,8.304162
16.90,7963.676,677.00,211.8571,100.22, -,8.304162
16.95,7975.03,676.70,211.9048,100.22, -,8.304162
17.00,7982.602,676.50,208.3333,100.22, -,8.304162
17.05,7993.962,676.20,208.381,100.22, -,8.304162
17.10,8001.539,676.00,208.4762,100.22, -,8.304162
17.15,8009.118,675.80,201.381,100.22, -,8.304162
17.20,8020.488,675.50,201.4286,100.22, -,8.304162
17.25,8028.071,675.30,201.4762,100.22, -,8.304162
17.30,8039.447,675.00,201.5714,100.22, -,8.304162
17.35,8047.035,674.80,194.4762,100.22, -,8.304162
17.40,8058.418,674.50,198.1429,100.22, -,8.304162
17.45,8066.011,674.30,194.619,100.22, -,8.304162
17.50,8077.401,674.00,194.7143,100.22, -,8.284714
17.55,8084.998,673.80,191.1905,100.22, -,8.284714
17.60,8092.597,673.60,191.2381,100.22, -,8.284714
17.65,8100.194,673.40,184.0952,100.22, -,8.284714
17.70,8111.6,673.10,187.7619,100.22, -,8.284714
17.75,8119.202,672.90,187.8095,100.22, -,8.284714
17.80,8126.809,672.70,184.2381,100.22, -,8.284714
17.85,8134.417,672.50,180.6667,100.22, -,8.284714
17.90,8142.028,672.30,177.0952,100.22, -,8.284714
17.95,8149.64,672.10,177.1429,100.22, -,8.284714
18.00,8157.252,671.90,173.5714,100.22, -,8.284714
18.05,8164.868,671.70,173.619,100.22, -,8.284714
18.10,8172.485,671.50,170.0476,100.22, -,8.284714
18.15,8180.105,671.30,170.0476,100.22, -,8.284714
18.20,8187.727,671.10,170.0476,100.22, -,8.284714
18.25,8195.348,670.90,166.4762,100.22, -,8.284714
18.30,8202.973,670.70,166.4762,100.22, -,8.284714
18.35,8206.787,670.60,159.2381,100.22, -,8.284714
18.40,8214.412,670.40,159.2381,100.22, -,8.284714
18.45,8222.042,670.20,155.6667,100.22, -,8.284714
18.50,8229.674,670.00,155.7143,100.22, -,8.284714
18.55,8237.308,669.80,152.1429,100.22, -,8.304162
18.60,8244.942,669.60,152.1905,100.22, -,8.304162
18.65,8252.577,669.40,152.2381,100.22, -,8.304162
18.70,8256.397,669.30,148.619,100.22, -,8.304162
18.75,8264.037,669.10,145.0476,100.22, -,8.304162
18.80,8271.677,668.90,145.0952,100.22, -,8.304162
18.85,8279.32,668.70,145.1429,100.22, -,8.304162
18.90,8286.966,668.50,145.1905,100.22, -,8.304162
18.95,8290.788,668.40,141.5714,100.22, -,8.304162
19.00,8298.437,668.20,141.619,100.22, -,8.304162
19.05,8302.262,668.10,138.0476,100.22, -,8.304162
19.10,8309.911,667.90,138.0952,100.22, -,8.304162
19.15,8317.563,667.70,138.1429,100.22, -,8.304162
19.20,8325.219,667.50,138.1905,100.22, -,8.304162
19.25,8329.045,667.40,134.619,100.22, -,8.304162
19.30,8336.702,667.20,134.6667,100.22, -,8.304162
19.35,8340.533,667.10,131.0952,100.22, -,8.304162
19.40,8348.191,666.90,134.7619,100.22, -,8.304162
19.45,8352.023,666.80,131.1905,100.22, -,8.304162
19.50,8355.854,666.70,127.5714,100.22, -,8.284714
19.55,8363.518,666.50,127.5714,100.22, -,8.284714
19.60,8371.183,666.30,127.5714,100.22, -,8.284714
19.65,8375.016,666.20,123.9524,100.22, -,8.284714
19.70,8378.851,666.10,120.3333,100.22, -,8.284714
19.75,8382.685,666.00,120.381,100.22, -,8.284714
19.80,8390.354,665.80,120.381,100.22, -,8.284714
19.85,8394.189,665.70,116.7619,100.22, -,8.284714
19.90,8401.862,665.50,116.7619,100.22, -,8.284714
19.95,8405.699,665.40,113.1429,100.22, -,8.284714
20.00,8409.538,665.30,113.1905,100.22, -,8.284714
20.05,8413.375,665.20,109.5714,100.22, -,8.284714
20.10,8417.215,665.10,109.5714,100.22, -,8.284714
20.15,8424.892,664.90,109.619,100.22, -,8.284714
20.20,8428.732,664.80,106,100.22, -,8.284714
20.25,8432.572,664.70,102.381,100.22, -,8.284714
20.30,8440.255,664.50,106.0476,100.22, -,8.284714
20.35,8440.255,664.50,98.7619,100.22, -,8.284714
20.40,8447.939,664.30,102.4286,100.22, -,8.284714
20.45,8451.781,664.20,98.80952,100.22, -,8.284714
20.50,8455.626,664.10,98.80952,100.22, -,8.284714
20.55,8459.469,664.00,98.80952,100.4, -,8.323609
20.60,8463.312,663.90,95.19048,100.4, -,8.323609
20.65,8467.158,663.80,91.57143,100.4, -,8.323609
20.70,8471.002,663.70,91.57143,100.4, -,8.323609
20.75,8474.849,663.60,91.57143,100.4, -,8.323609
20.80,8478.694,663.50,91.57143,100.4, -,8.323609
20.85,8478.694,663.50,84.28571,100.4, -,8.323609
20.90,8482.539,663.40,84.28571,100.4, -,8.323609
20.95,8486.388,663.30,80.66666,100.4, -,8.323609
21.00,8490.234,663.20,80.66666,100.4, -,8.323609
21.05,8494.084,663.10,80.66666,100.4, -,8.323609
21.10,8497.931,663.00,80.66666,100.4, -,8.323609
21.15,8497.931,663.00,77,100.4, -,8.323609
21.20,8501.779,662.90,73.33334,100.4, -,8.323609
21.25,8505.63,662.80,73.33334,100.4, -,8.323609
21.30,8509.479,662.70,73.33334,100.4, -,8.323609
21.35,8513.33,662.60,69.66666,100.4, -,8.323609
21.40,8513.33,662.60,69.66666,100.4, -,8.323609
21.45,8517.18,662.50,66,100.4, -,8.323609
21.50,8521.03,662.40,66,101.12, -,8.265266
21.55,8521.03,662.40,62.33333,101.12, -,8.265266
21.60,8524.883,662.30,62.33333,101.12, -,8.265266
21.65,8524.883,662.30,58.66667,101.12, -,8.265266
21.70,8528.734,662.20,58.66667,101.12, -,8.265266
21.75,8528.734,662.20,55,101.12, -,8.265266
21.80,8532.588,662.10,55,101.12, -,8.265266
21.85,8532.588,662.10,51.33333,101.12, -,8.265266
21.90,8536.44,662.00,55,101.12, -,8.265266
21.95,8536.44,662.00,51.33333,101.12, -,8.265266
22.00,8540.293,661.90,51.33333,101.12, -,8.265266
22.05,8540.293,661.90,47.66667,101.12, -,8.265266
22.10,8544.148,661.80,47.66667,101.12, -,8.265266
22.15,8544.148,661.80,44,101.12, -,8.265266
22.20,8548.002,661.70,47.66667,101.12, -,8.265266
22.25,8548.002,661.70,44,101.12, -,8.265266
22.30,8548.002,661.70,40.33333,101.12, -,8.265266
22.35,8548.002,661.70,36.66667,101.12, -,8.265266
22.40,8551.858,661.60,36.66667,101.12, -,8.265266
22.45,8551.858,661.60,36.66667,101.12, -,8.265266
22.50,8551.858,661.60,33,101.12, -,8.265266
22.55,8551.858,661.60,29.33333,100.76, -,8.304162
22.60,8551.858,661.60,29.33333,100.76, -,8.304162
22.65,8555.713,661.50,29.33333,100.76, -,8.304162
22.70,8555.713,661.50,29.33333,100.76, -,8.304162
22.75,8555.713,661.50,25.66667,100.76, -,8.304162
22.80,8555.713,661.50,25.66667,100.76, -,8.304162
22.85,8559.567,661.40,25.66667,100.76, -,8.304162
22.90,8559.567,661.40,25.66667,100.76, -,8.304162
22.95,8559.567,661.40,22,100.76, -,8.304162
23.00,8559.567,661.40,22,100.76, -,8.304162
23.05,8551.858,661.60,11,100.76, Drogue,8.304162
23.10,7445.739,690.80,-1042.429,100.76, -,8.304162
23.15,7993.962,676.20,-524,100.76, -,8.304162
23.20,8586.573,660.70,40.38095,100.76, -,8.304162
23.25,8567.281,661.20,18.33333,100.76, -,8.304162
23.30,8563.426,661.30,14.66667,100.76, -,8.304162
23.35,8563.426,661.30,14.66667,100.76, -,8.304162
23.40,8559.567,661.40,11,100.76, -,8.304162
23.45,8559.567,661.40,7.333333,100.76, -,8.304162
23.50,8555.713,661.50,3.666667,100.76, -,8.304162
23.55,8555.713,661.50,3.666667,100.76, -,8.304162
23.60,8555.713,661.50,3.666667,100.76, -,8.304162
23.65,8555.713,661.50,3.666667,100.76, -,8.304162
23.70,8551.858,661.60,-3.666667,100.76, -,8.304162
23.75,8551.858,661.60,-3.666667,100.76, -,8.304162
23.80,8551.858,661.60,-3.666667,100.76, -,8.304162
23.85,8551.858,661.60,-3.666667,100.76, -,8.304162
23.90,8548.002,661.70,-11,100.76, -,8.304162
23.95,8548.002,661.70,-11,100.76, -,8.304162
24.00,8548.002,661.70,-11,100.76, -,8.304162
24.05,8544.148,661.80,-14.66667,100.76, -,8.304162
24.10,8540.293,661.90,-11,100.76, -,8.304162
24.15,8540.293,661.90,1042.429,100.76, -,8.304162
24.20,8540.293,661.90,520.3333,100.76, -,8.304162
24.25,8536.44,662.00,-47.71429,100.76, -,8.304162
24.30,8536.44,662.00,-29.33333,100.76, -,8.304162
24.35,8536.44,662.00,-25.66667,100.76, -,8.304162
24.40,8536.44,662.00,-25.66667,100.76, -,8.304162
24.45,8536.44,662.00,-22,100.76, -,8.304162
24.50,8528.734,662.20,-29.33333,100.76, -,8.304162
24.55,8524.883,662.30,-29.33333,100.76, -,8.304162
24.60,8524.883,662.30,-29.33333,100.76, -,8.304162
24.65,8521.03,662.40,-33,100.76, -,8.304162
24.70,8517.18,662.50,-36.66667,100.76, -,8.304162
24.75,8517.18,662.50,-33,100.76, -,8.304162
24.80,8513.33,662.60,-36.66667,100.76, -,8.304162
24.85,8509.479,662.70,-40.33333,100.76, -,8.304162
24.90,8505.63,662.80,-44,100.76, -,8.304162
24.95,8501.779,662.90,-44,100.76, -,8.304162
25.00,8501.779,662.90,-44,100.76, -,8.304162
25.05,8497.931,663.00,-47.66667,100.76, -,8.304162
25.10,8497.931,663.00,-44,100.76, -,8.304162
25.15,8494.084,663.10,-44,100.76, -,8.304162
25.20,8494.084,663.10,-44,100.76, -,8.304162
25.25,8490.234,663.20,-47.66667,100.76, -,8.304162
25.30,8490.234,663.20,-44,100.76, -,8.304162
25.35,8486.388,663.30,-47.66667,100.76, -,8.304162
25.40,8482.539,663.40,-51.33333,100.76, -,8.304162
25.45,8482.539,663.40,-51.33333,100.76, -,8.304162
25.50,8478.694,663.50,-55,100.58, -,8.284714
25.55,8474.849,663.60,-51.33333,100.58, -,8.284714
25.60,8471.002,663.70,-51.33333,100.58, -,8.284714
25.65,8471.002,663.70,-51.33333,100.58, -,8.284714
25.70,8467.158,663.80,-51.33333,100.58, -,8.284714
25.75,8463.312,663.90,-51.33333,100.58, -,8.284714
25.80,8459.469,664.00,-55,100.58, -,8.284714
25.85,8455.626,664.10,-55,100.58, -,8.284714
25.90,8451.781,664.20,-55,100.58, -,8.284714
25.95,8444.096,664.40,-58.66667,100.58, -,8.284714
26.00,8440.255,664.50,-58.66667,100.58, -,8.284714
26.05,8436.414,664.60,-62.33333,100.58, -,8.284714
26.10,8432.572,664.70,-62.33333,100.58, -,8.284714
26.15,8428.732,664.80,-66,100.58, -,8.284714
26.20,8424.892,664.90,-66,100.58, -,8.284714
26.25,8421.053,665.00,-69.66666,100.58, -,8.284714
26.30,8417.215,665.10,-69.66666,100.58, -,8.284714
26.35,8413.375,665.20,-73.33334,100.58, -,8.284714
26.40,8409.538,665.30,-73.33334,100.58, -,8.284714
26.45,8405.699,665.40,-73.33334,100.58, -,8.284714
26.50,8401.862,665.50,-77,100.58, -,8.284714
26.55,8398.027,665.60,-77,100.58, -,8.304162
26.60,8394.189,665.70,-77,100.58, -,8.304162
26.65,8390.354,665.80,-77,100.58, -,8.304162
26.70,8386.518,665.90,-80.66666,100.58, -,8.304162
26.75,8382.685,666.00,-80.66666,100.58, -,8.304162
26.80,8378.851,666.10,-80.66666,100.58, -,8.304162
26.85,8375.016,666.20,-80.66666,100.58, -,8.304162
26.90,8371.183,666.30,-80.66666,100.58, -,8.304162
26.95,8367.349,666.40,-80.66666,100.58, -,8.304162
27.00,8363.518,666.50,-77,100.58, -,8.304162
27.05,8363.518,666.50,-73.33334,100.58, -,8.304162
27.10,8359.687,666.60,-73.33334,100.58, -,8.304162
27.15,8352.023,666.80,-76.95238,100.58, -,8.304162
27.20,8348.191,666.90,-76.95238,100.58, -,8.304162
27.25,8344.362,667.00,-76.95238,100.58, -,8.304162
27.30,8340.533,667.10,-76.95238,100.58, -,8.304162
27.35,8336.702,667.20,-76.95238,100.58, -,8.304162
27.40,8329.045,667.40,-80.57143,100.58, -,8.304162
27.45,8329.045,667.40,-76.90476,100.58, -,8.304162
27.50,8321.392,667.60,-80.52381,100.4, -,8.323609
27.55,8317.563,667.70,-80.52381,100.4, -,8.323609
27.60,8313.738,667.80,-80.52381,100.4, -,8.323609
27.65,8309.911,667.90,-80.52381,100.4, -,8.323609
27.70,8306.086,668.00,-80.52381,100.4, -,8.323609
27.75,8302.262,668.10,-80.47619,100.4, -,8.323609
27.80,8298.437,668.20,-80.47619,100.4, -,8.323609
27.85,8294.613,668.30,-80.42857,100.4, -,8.323609
27.90,8290.788,668.40,-80.42857,100.4, -,8.323609
27.95,8286.966,668.50,-80.38095,100.4, -,8.323609
28.00,8279.32,668.70,-84,100.4, -,8.323609
28.05,8275.499,668.80,-83.95238,100.4, -,8.323609
28.10,8271.677,668.90,-87.57143,100.4, -,8.323609
28.15,8267.856,669.00,-87.52381,100.4, -,8.323609
28.20,8264.037,669.10,-83.85714,100.4, -,8.323609
28.25,8260.216,669.20,-83.80952,100.4, -,8.323609
28.30,8252.577,669.40,-87.42857,100.4, -,8.323609
28.35,8248.76,669.50,-87.38095,100.4, -,8.323609
28.40,8244.942,669.60,-87.33334,100.4, -,8.323609
28.45,8241.123,669.70,-83.66666,100.4, -,8.323609
28.50,8233.489,669.90,-90.95238,100.4, -,8.323609
28.55,8229.674,670.00,-87.28571,100.4, -,8.284714
28.60,8225.859,670.10,-87.2381,100.4, -,8.284714
28.65,8222.042,670.20,-87.19048,100.4, -,8.284714
28.70,8218.229,670.30,-87.14286,100.4, -,8.284714
28.75,8210.6,670.50,-90.7619,100.4, -,8.284714
28.80,8206.787,670.60,-90.7619,100.4, -,8.284714
28.85,8202.973,670.70,-90.71429,100.4, -,8.284714
28.90,8199.161,670.80,-90.71429,100.4, -,8.284714
28.95,8191.537,671.00,-94.28571,100.4, -,8.284714
29.00,8187.727,671.10,-94.28571,100.4, -,8.284714
29.05,8183.915,671.20,-90.61905,100.4, -,8.284714
29.10,8176.294,671.40,-94.2381,100.4, -,8.284714
29.15,8172.485,671.50,-94.2381,100.4, -,8.284714
29.20,8168.678,671.60,-94.2381,100.4, -,8.284714
29.25,8161.061,671.80,-97.85714,100.4, -,8.284714
29.30,8157.252,671.90,-97.85714,100.4, -,8.284714
29.35,8153.446,672.00,-94.19048,100.4, -,8.284714
29.40,8145.833,672.20,-97.80952,100.4, -,8.284714
29.45,8142.028,672.30,-97.80952,100.4, -,8.284714
29.50,8138.221,672.40,-97.80952,100.22, -,8.304162
29.55,8134.417,672.50,-94.14286,100.22, -,8.304162
29.60,8126.809,672.70,-97.7619,100.22, -,8.304162
29.65,8123.006,672.80,-97.7619,100.22, -,8.304162
29.70,8115.401,673.00,-101.381,100.22, -,8.304162
29.75,8111.6,673.10,-101.381,100.22, -,8.304162
29.80,8107.797,673.20,-97.71429,100.22, -,8.304162
29.85,8103.997,673.30,-97.71429,100.22, -,8.304162
29.90,8096.395,673.50,-101.3333,100.22, -,8.304162
29.95,8092.597,673.60,-101.3333,100.22, -,8.304162
30.00,8088.796,673.70,-97.71429,100.22, -,8.304162
30.05,8081.198,673.90,-101.3333,100.22, -,8.304162
30.10,8077.401,674.00,-101.3333,100.22, -,8.304162
30.15,8073.605,674.10,-97.71429,100.22, -,8.304162
30.20,8066.011,674.30,-101.3333,100.22, -,8.304162
30.25,8062.213,674.40,-101.3333,100.22, -,8.304162
30.30,8054.625,674.60,-101.3333,100.22, -,8.304162
30.35,8050.829,674.70,-101.3333,100.22, -,8.304162
30.40,8047.035,674.80,-101.3333,100.22, -,8.304162
30.45,8039.447,675.00,-101.3333,100.22, -,8.304162
30.50,8035.656,675.10,-101.3333,100.22, -,8.304162
30.55,8031.862,675.20,-101.3333,100.22, -,8.304162
30.60,8024.278,675.40,-104.9524,100.22, -,8.304162
30.65,8020.488,675.50,-101.3333,100.22, -,8.304162
30.70,8016.698,675.60,-101.3333,100.22, -,8.304162
30.75,8009.118,675.80,-101.3333,100.22, -,8.304162
30.80,8005.327,675.90,-101.3333,100.22, -,8.304162
30.85,8001.539,676.00,-101.3333,100.22, -,8.304162
30.90,7993.962,676.20,-104.9524,100.22, -,8.304162
30.95,7990.176,676.30,-101.3333,100.22, -,8.304162
31.00,7986.388,676.40,-101.3333,100.22, -,8.304162
31.05,7978.817,676.60,-104.9048,100.22, -,8.304162
31.10,7975.03,676.70,-101.2857,100.22, -,8.304162
31.15,7971.246,676.80,-101.2857,100.22, -,8.304162
31.20,7963.676,677.00,-104.8571,100.22, -,8.304162
31.25,7959.894,677.10,-101.2381,100.22, -,8.304162
31.30,7952.327,677.30,-104.8095,100.22, -,8.304162
31.35,7948.543,677.40,-101.1905,100.22, -,8.304162
31.40,7944.762,677.50,-101.1905,100.22, -,8.304162
31.45,7940.981,677.60,-101.1905,100.22, -,8.304162
31.50,7933.419,677.80,-101.1429,100.04, -,8.304162
31.55,7929.638,677.90,-101.1429,100.04, -,8.304162
31.60,7922.081,678.10,-104.7143,100.04, -,8.304162
31.65,7918.3,678.20,-101.0952,100.04, -,8.304162
31.70,7914.523,678.30,-101.0952,100.04, -,8.304162
31.75,7906.967,678.50,-104.6667,100.04, -,8.304162
31.80,7899.413,678.70,-104.619,100.04, -,8.304162
31.85,7895.638,678.80,-104.5714,100.04, -,8.304162
31.90,7888.086,679.00,-108.1429,100.04, -,8.304162
31.95,7884.313,679.10,-104.4762,100.04, -,8.304162
32.00,7880.537,679.20,-104.4762,100.04, -,8.304162
32.05,7872.989,679.40,-108.0476,100.04, -,8.304162
32.10,7869.217,679.50,-104.4286,100.04, -,8.304162
32.15,7865.445,679.60,-104.381,100.04, -,8.304162
32.20,7857.901,679.80,-107.9524,100.04, -,8.304162
32.25,7854.128,679.90,-104.3333,100.04, -,8.304162
32.30,7846.589,680.10,-107.9048,100.04, -,8.304162
32.35,7842.818,680.20,-104.2857,100.04, -,8.304162
32.40,7835.279,680.40,-107.8571,100.04, -,8.304162
32.45,7831.512,680.50,-107.8095,100.04, -,8.304162
32.50,7823.976,680.70,-111.381,100.04, -,8.304162
32.55,7816.441,680.90,-111.381,100.04, -,8.304162
32.60,7808.911,681.10,-114.9524,100.04, -,8.304162
32.65,7805.145,681.20,-111.3333,100.04, -,8.304162
32.70,7801.381,681.30,-111.2857,100.04, -,8.304162
32.75,7793.852,681.50,-114.8571,100.04, -,8.304162
32.80,7786.325,681.70,-114.8571,100.04, -,8.304162
32.85,7778.799,681.90,-114.8571,100.04, -,8.304162
32.90,7775.039,682.00,-114.8571,100.04, -,8.304162
32.95,7767.516,682.20,-114.8095,100.04, -,8.304162
33.00,7763.756,682.30,-114.8095,100.04, -,8.304162
33.05,7756.236,682.50,-118.3333,100.04, -,8.304162
33.10,7752.478,682.60,-114.7143,100.04, -,8.304162
33.15,7748.718,682.70,-114.7143,100.04, -,8.304162
33.20,7741.202,682.90,-118.2857,100.04, -,8.304162
33.25,7737.445,683.00,-114.6667,100.04, -,8.304162
33.30,7729.932,683.20,-118.2381,100.04, -,8.304162
33.35,7726.177,683.30,-114.619,100.04, -,8.304162
33.40,7722.419,683.40,-114.619,100.04, -,8.304162
33.45,7714.912,683.60,-114.5714,100.04, -,8.304162
33.50,7711.156,683.70,-114.5714,99.86, -,8.304162
33.55,7703.648,683.90,-114.5238,99.86, -,8.304162
33.60,7696.145,684.10,-114.4762,99.86, -,8.304162
33.65,7688.641,684.30,-114.4286,99.86, -,8.304162
33.70,7681.139,684.50,-118,99.86, -,8.304162
33.75,7673.639,684.70,-121.5714,99.86, -,8.304162
33.80,7666.14,684.90,-121.5238,99.86, -,8.304162
33.85,7658.646,685.10,-121.4762,99.86, -,8.304162
33.90,7651.15,685.30,-121.4286,99.86, -,8.304162
33.95,7643.657,685.50,-125,99.86, -,8.304162
34.00,7639.912,685.60,-121.4286,99.86, -,8.304162
34.05,7636.166,685.70,-121.4286,99.86, -,8.304162
34.10,7628.676,685.90,-121.4286,99.86, -,8.304162
34.15,7621.19,686.10,-125,99.86, -,8.304162
34.20,7613.704,686.30,-128.5714,99.86, -,8.304162
34.25,7609.96,686.40,-125,99.86, -,8.304162
34.30,7606.219,686.50,-125,99.86, -,8.304162
34.35,7598.737,686.70,-125,99.86, -,8.304162
34.40,7591.256,686.90,-128.5714,99.86, -,8.304162
34.45,7587.517,687.00,-128.5714,99.86, -,8.304162
34.50,7583.779,687.10,-125,99.86, -,8.304162
34.55,7576.301,687.30,-128.5714,99.68, -,8.304162
34.60,7572.562,687.40,-125,99.68, -,8.304162
34.65,7565.09,687.60,-124.9524,99.68, -,8.304162
34.70,7561.352,687.70,-121.381,99.68, -,8.304162
34.75,7553.88,687.90,-121.3333,99.68, -,8.304162
34.80,7550.146,688.00,-117.7619,99.68, -,8.304162
34.85,7538.943,688.30,-121.2857,99.68, -,8.304162
34.90,7535.208,688.40,-117.7143,99.68, -,8.304162
34.95,7527.745,688.60,-117.6667,99.68, -,8.304162
35.00,7520.28,688.80,-117.619,99.68, -,8.304162
35.05,7512.818,689.00,-121.1429,99.68, -,8.304162
35.10,7505.357,689.20,-124.6667,99.68, -,8.304162
35.15,7501.628,689.30,-121.0952,99.68, -,8.304162
35.20,7494.17,689.50,-121.0476,99.68, -,8.304162
35.25,7490.443,689.60,-117.4762,99.68, -,8.304162
35.30,7482.988,689.80,-121,99.68, -,8.304162
35.35,7475.534,690.00,-124.5238,99.68, -,8.304162
35.40,7468.082,690.20,-124.4762,99.68, -,8.304162
35.45,7464.358,690.30,-120.8571,99.68, -,8.304162
35.50,7456.909,690.50,-124.381,99.5, -,8.304162
35.55,7453.186,690.60,-124.3333,99.5, -,8.304162
35.60,7449.461,690.70,-120.7143,99.5, -,8.304162
35.65,7442.015,690.90,-124.2381,99.5, -,8.304162
35.70,7434.573,691.10,-124.2381,99.5, -,8.304162
35.75,7430.851,691.20,-124.1905,99.5, -,8.304162
35.80,7423.409,691.40,-124.1905,99.5, -,8.304162
35.85,7419.69,691.50,-124.1429,99.5, -,8.304162
35.90,7415.972,691.60,-117,99.5, -,8.304162
35.95,7408.534,691.80,-120.5238,99.5, -,8.304162
36.00,7404.814,691.90,-116.9524,99.5, -,8.304162
36.05,7397.381,692.10,-116.9524,99.5, -,8.304162
36.10,7393.663,692.20,-113.381,99.5, -,8.304162
36.15,7386.23,692.40,-113.381,99.5, -,8.304162
36.20,7378.801,692.60,-116.9048,99.5, -,8.304162
36.25,7375.085,692.70,-113.3333,99.5, -,8.304162
36.30,7367.657,692.90,-116.8571,99.5, -,8.304162
36.35,7360.232,693.10,-116.8095,99.5, -,8.304162
36.40,7356.519,693.20,-113.2381,99.5, -,8.304162
36.45,7349.095,693.40,-113.1905,99.5, -,8.304162
36.50,7341.674,693.60,-116.7143,99.5, -,8.304162
36.55,7337.963,693.70,-113.1429,99.32, -,8.304162
36.60,7334.254,693.80,-113.1429,99.32, -,8.304162
36.65,7326.835,694.00,-116.6667,99.32, -,8.304162
36.70,7319.418,694.20,-116.619,99.32, -,8.304162
36.75,7315.711,694.30,-113.0476,99.32, -,8.304162
36.80,7312.002,694.40,-113.0476,99.32, -,8.304162
36.85,7308.296,694.50,-109.4762,99.32, -,8.304162
36.90,7300.884,694.70,-113,99.32, -,8.304162
36.95,7297.179,694.80,-113,99.32, -,8.304162
37.00,7289.769,695.00,-112.9524,99.32, -,8.304162
37.05,7286.065,695.10,-112.9524,99.32, -,8.304162
37.10,7282.36,695.20,-109.381,99.32, -,8.304162
37.15,7278.658,695.30,-109.381,99.32, -,8.304162
37.20,7271.251,695.50,-109.3333,99.32, -,8.304162
37.25,7263.848,695.70,-109.2857,99.32, -,8.304162
37.30,7256.445,695.90,-112.8095,99.32, -,8.304162
37.35,7249.046,696.10,-112.7619,99.32, -,8.304162
37.40,7237.947,696.40,-116.2857,99.32, -,8.304162
37.45,7230.553,696.60,-119.8095,99.32, -,8.304162
37.50,7223.159,696.80,-119.8095,99.14, -,8.323609
37.55,7212.071,697.10,-123.3333,99.14, -,8.323609
37.60,7204.68,697.30,-126.8571,99.14, -,8.323609
37.65,7197.292,697.50,-130.381,99.14, -,8.323609
37.70,7189.904,697.70,-130.381,99.14, -,8.323609
37.75,7182.519,697.90,-130.381,99.14, -,8.323609
37.80,7175.138,698.10,-133.9048,99.14, -,8.323609
37.85,7171.445,698.20,-133.9048,99.14, -,8.323609
37.90,7164.064,698.40,-137.4286,99.14, -,8.323609
37.95,7156.688,698.60,-137.4286,99.14, -,8.323609
38.00,7149.31,698.80,-140.9524,99.14, -,8.323609
38.05,7141.934,699.00,-140.9524,99.14, -,8.323609
38.10,7134.56,699.20,-144.4286,99.14, -,8.323609
38.15,7130.875,699.30,-144.4286,99.14, -,8.323609
38.20,7123.503,699.50,-147.9048,99.14, -,8.323609
38.25,7119.819,699.60,-144.381,99.14, -,8.323609
38.30,7116.133,699.70,-140.8571,99.14, -,8.323609
38.35,7108.765,699.90,-140.8095,99.14, -,8.323609
38.40,7101.4,700.10,-140.7619,99.14, -,8.323609
38.45,7097.717,700.20,-133.7143,99.14, -,8.323609
38.50,7090.353,700.40,-133.6667,99.14, -,8.323609
38.55,7086.672,700.50,-130.1429,99.14, -,8.304162
38.60,7082.993,700.60,-123.0952,99.14, -,8.304162
38.65,7075.632,700.80,-123.0476,99.14, -,8.304162
38.70,7068.273,701.00,-123,99.14, -,8.304162
38.75,7060.916,701.20,-122.9524,99.14, -,8.304162
38.80,7053.561,701.40,-122.9048,99.14, -,8.304162
38.85,7049.885,701.50,-119.381,99.14, -,8.304162
38.90,7042.532,701.70,-122.8571,99.14, -,8.304162
38.95,7038.857,701.80,-119.2857,99.14, -,8.304162
39.00,7031.507,702.00,-119.2381,99.14, -,8.304162
39.05,7027.833,702.10,-115.6667,99.14, -,8.304162
39.10,7020.485,702.30,-115.619,99.14, -,8.304162
39.15,7013.14,702.50,-115.619,99.14, -,8.304162
39.20,7005.795,702.70,-119.0952,99.14, -,8.304162
39.25,7002.125,702.80,-115.5714,99.14, -,8.304162
39.30,6994.783,703.00,-119.0476,99.14, -,8.304162
39.35,6991.113,703.10,-119,99.14, -,8.304162
39.40,6987.442,703.20,-115.4762,99.14, -,8.304162
39.45,6983.774,703.30,-111.9524,99.14, -,8.304162
39.50,6980.104,703.40,-111.9048,98.96, -,8.304162
39.55,6976.437,703.50,-108.381,98.96, -,8.304162
39.60,6969.101,703.70,-111.8571,98.96, -,8.304162
39.65,6965.434,703.80,-111.8095,98.96, -,8.304162
39.70,6954.436,704.10,-115.2857,98.96, -,8.304162
39.75,6950.769,704.20,-111.7619,98.96, -,8.304162
39.80,6939.776,704.50,-115.2381,98.96, -,8.304162
39.85,6932.448,704.70,-115.2381,98.96, -,8.304162
39.90,6925.122,704.90,-118.7143,98.96, -,8.304162
39.95,6917.8,705.10,-118.6667,98.96, -,8.304162
40.00,6910.478,705.30,-122.1429,98.96, -,8.304162
40.05,6906.816,705.40,-118.619,98.96, -,8.304162
40.10,6899.499,705.60,-122.0952,98.96, -,8.304162
40.15,6892.18,705.80,-122.0476,98.96, -,8.304162
40.20,6884.863,706.00,-122,98.96, -,8.304162
40.25,6881.207,706.10,-118.4762,98.96, -,8.304162
40.30,6873.893,706.30,-121.9524,98.96, -,8.304162
40.35,6870.235,706.40,-118.4286,98.96, -,8.304162
40.40,6866.581,706.50,-118.4286,98.96, -,8.304162
40.45,6859.27,706.70,-121.9048,98.96, -,8.304162
40.50,6855.616,706.80,-121.9048,98.96, -,8.304162
40.55,6848.308,707.00,-125.381,98.96, -,8.284714
40.60,6844.655,707.10,-125.381,98.96, -,8.284714
40.65,6837.35,707.30,-125.3333,98.96, -,8.284714
40.70,6833.696,707.40,-125.3333,98.96, -,8.284714
40.75,6826.396,707.60,-121.8095,98.96, -,8.284714
40.80,6822.743,707.70,-121.8095,98.96, -,8.284714
40.85,6815.442,707.90,-118.2857,98.96, -,8.284714
40.90,6811.794,708.00,-114.7619,98.96, -,8.284714
40.95,6808.146,708.10,-111.2381,98.96, -,8.284714
41.00,6800.848,708.30,-111.2381,98.96, -,8.284714
41.05,6797.199,708.40,-107.7619,98.96, -,8.284714
41.10,6793.553,708.50,-107.7619,98.96, -,8.284714
41.15,6786.259,708.70,-107.7619,98.96, -,8.284714
41.20,6782.613,708.80,-104.2857,98.96, -,8.284714
41.25,6775.322,709.00,-104.2857,98.96, -,8.284714
41.30,6771.678,709.10,-104.2857,98.96, -,8.284714
41.35,6768.032,709.20,-100.8095,98.96, -,8.284714
41.40,6760.744,709.40,-104.2857,98.96, -,8.284714
41.45,6757.101,709.50,-104.2857,98.96, -,8.284714
41.50,6749.815,709.70,-104.2857,98.78, -,8.304162
41.55,6746.174,709.80,-104.2857,98.78, -,8.304162
41.60,6738.891,710.00,-104.2857,98.78, -,8.304162
41.65,6731.61,710.20,-107.7619,98.78, -,8.304162
41.70,6724.33,710.40,-107.7619,98.78, -,8.304162
41.75,6717.054,710.60,-111.2381,98.78, -,8.304162
41.80,6709.777,710.80,-111.2381,98.78, -,8.304162
41.85,6702.502,711.00,-114.6667,98.78, -,8.304162
41.90,6695.229,711.20,-114.619,98.78, -,8.304162
41.95,6691.594,711.30,-114.619,98.78, -,8.304162
42.00,6684.323,711.50,-118.0476,98.78, -,8.304162
42.05,6677.054,711.70,-118,98.78, -,8.304162
42.10,6669.787,711.90,-121.4286,98.78, -,8.304162
42.15,6666.155,712.00,-121.4286,98.78, -,8.304162
42.20,6662.523,712.10,-117.9524,98.78, -,8.304162
42.25,6658.89,712.20,-117.9524,98.78, -,8.304162
42.30,6651.626,712.40,-117.9048,98.78, -,8.304162
42.35,6651.626,712.40,-114.4286,98.78, -,8.304162
42.40,6644.367,712.60,-117.8571,98.78, -,8.304162
42.45,6640.736,712.70,-114.381,98.78, -,8.304162
42.50,6633.477,712.90,-117.8095,98.78, -,8.304162
42.55,6629.849,713.00,-114.3333,98.78, -,8.304162
42.60,6622.592,713.20,-117.7619,98.78, -,8.304162
42.65,6618.965,713.30,-114.2857,98.78, -,8.304162
42.70,6615.337,713.40,-110.8095,98.78, -,8.304162
42.75,6608.085,713.60,-110.7619,98.78, -,8.304162
42.80,6600.833,713.80,-110.7143,98.78, -,8.304162
42.85,6597.207,713.90,-107.2381,98.78, -,8.304162
42.90,6589.96,714.10,-107.2381,98.78, -,8.304162
42.95,6586.335,714.20,-103.7619,98.78, -,8.304162
43.00,6579.088,714.40,-107.1905,98.78, -,8.304162
43.05,6571.845,714.60,-107.1905,98.78, -,8.304162
43.10,6568.222,714.70,-103.7143,98.78, -,8.304162
43.15,6560.979,714.90,-103.7143,98.78, -,8.304162
43.20,6553.74,715.10,-107.1429,98.78, -,8.304162
43.25,6546.501,715.30,-110.5714,98.78, -,8.304162
43.30,6539.263,715.50,-114,98.78, -,8.304162
43.35,6535.646,715.60,-110.5238,98.78, -,8.304162
43.40,6524.792,715.90,-120.8571,98.78, -,8.304162
43.45,6521.177,716.00,-117.381,98.78, -,8.304162
43.50,6513.944,716.20,-120.8095,98.6, -,8.284714
43.55,6506.714,716.40,-120.8095,98.6, -,8.284714
43.60,6503.101,716.50,-120.7619,98.6, -,8.284714
43.65,6495.873,716.70,-120.7619,98.6, -,8.284714
43.70,6488.646,716.90,-124.1905,98.6, -,8.284714
43.75,6481.423,717.10,-127.5714,98.6, -,8.284714
43.80,6477.811,717.20,-124.0952,98.6, -,8.284714
43.85,6470.588,717.40,-124.0476,98.6, -,8.284714
43.90,6466.979,717.50,-124,98.6, -,8.284714
43.95,6459.759,717.70,-123.9524,98.6, -,8.284714
44.00,6456.151,717.80,-123.9524,98.6, -,8.284714
44.05,6448.934,718.00,-123.9048,98.6, -,8.284714
44.10,6445.326,718.10,-120.4286,98.6, -,8.284714
44.15,6438.111,718.30,-123.8571,98.6, -,8.284714
44.20,6434.503,718.40,-120.381,98.6, -,8.284714
44.25,6427.293,718.60,-120.3333,98.6, -,8.284714
44.30,6423.687,718.70,-116.8571,98.6, -,8.284714
44.35,6420.082,718.80,-113.381,98.6, -,8.284714
44.40,6412.873,719.00,-116.8095,98.6, -,8.284714
44.45,6409.27,719.10,-109.9048,98.6, -,8.284714
44.50,6398.459,719.40,-116.7619,98.6, -,8.284714
44.55,6391.257,719.60,-116.7143,98.42001, -,8.304162
44.60,6384.054,719.80,-116.6667,98.42001, -,8.304162
44.65,6376.853,720.00,-120.0952,98.42001, -,8.304162
44.70,6373.254,720.10,-116.619,98.42001, -,8.304162
44.75,6366.055,720.30,-116.5714,98.42001, -,8.304162
44.80,6362.456,720.40,-113.1429,98.42001, -,8.304162
44.85,6355.261,720.60,-116.5714,98.42001, -,8.304162
44.90,6344.469,720.90,-120,98.42001, -,8.304162
44.95,6337.279,721.10,-123.4286,98.42001, -,8.304162
45.00,6333.682,721.20,-120,98.42001, -,8.304162
45.05,6326.492,721.40,-123.4286,98.42001, -,8.304162
45.10,6322.899,721.50,-120,98.42001, -,8.304162
45.15,6315.711,721.70,-123.4286,98.42001, -,8.304162
45.20,6312.119,721.80,-120,98.42001, -,8.304162
45.25,6308.525,721.90,-120,98.42001, -,8.304162
45.30,6297.751,722.20,-123.381,98.42001, -,8.304162
45.35,6294.161,722.30,-123.381,98.42001, -,8.304162
45.40,6283.391,722.60,-130.1905,98.42001, -,8.304162
45.45,6276.212,722.80,-130.1905,98.42001, -,8.304162
45.50,6269.036,723.00,-133.619,98.42001, -,8.304162
45.55,6261.86,723.20,-130.1905,98.42001, -,8.304162
45.60,6254.687,723.40,-130.1429,98.42001, -,8.304162
45.65,6247.517,723.60,-130.0952,98.42001, -,8.304162
45.70,6243.93,723.70,-126.6667,98.42001, -,8.304162
45.75,6236.76,723.90,-130.0476,98.42001, -,8.304162
45.80,6229.594,724.10,-130,98.42001, -,8.304162
45.85,6222.428,724.30,-133.381,98.42001, -,8.304162
45.90,6215.263,724.50,-133.3333,98.42001, -,8.304162
45.95,6208.099,724.70,-129.8571,98.42001, -,8.304162
46.00,6200.938,724.90,-129.8095,98.42001, -,8.304162
46.05,6197.358,725.00,-129.8095,98.42001, -,8.304162
46.10,6186.621,725.30,-133.1905,98.42001, -,8.304162
46.15,6183.042,725.40,-133.1905,98.42001, -,8.304162
46.20,6175.887,725.60,-133.1429,98.42001, -,8.304162
46.25,6172.309,725.70,-133.1429,98.42001, -,8.304162
46.30,6165.155,725.90,-136.5238,98.42001, -,8.304162
46.35,6161.58,726.00,-129.7143,98.42001, -,8.304162
46.40,6158.005,726.10,-129.6667,98.42001, -,8.304162
46.45,6150.854,726.30,-126.2381,98.42001, -,8.304162
46.50,6147.279,726.40,-122.8095,98.42001, -,8.304162
46.55,6143.706,726.50,-119.3333,98.24, -,8.304162
46.60,6140.133,726.60,-115.8571,98.24, -,8.304162
46.65,6136.558,726.70,-112.4286,98.24, -,8.304162
46.70,6129.412,726.90,-112.4286,98.24, -,8.304162
46.75,6125.841,727.00,-112.381,98.24, -,8.304162
46.80,6122.271,727.10,-108.9524,98.24, -,8.304162
46.85,6115.128,727.30,-108.9524,98.24, -,8.304162
46.90,6107.987,727.50,-108.9524,98.24, -,8.304162
46.95,6104.418,727.60,-105.5238,98.24, -,8.304162
47.00,6100.847,727.70,-102.0952,98.24, -,8.304162
47.05,6093.709,727.90,-102.0952,98.24, -,8.304162
47.10,6090.142,728.00,-102.0476,98.24, -,8.304162
47.15,6083.007,728.20,-98.61905,98.24, -,8.304162
47.20,6075.873,728.40,-102,98.24, -,8.304162
47.25,6072.308,728.50,-98.57143,98.24, -,8.304162
47.30,6065.176,728.70,-101.9524,98.24, -,8.304162
47.35,6058.046,728.90,-101.9524,98.24, -,8.304162
47.40,6050.92,729.10,-105.3333,98.24, -,8.304162
47.45,6047.355,729.20,-105.3333,98.24, -,8.304162
47.50,6036.668,729.50,-108.7143,98.24, -,8.304162
47.55,6033.107,729.60,-108.6667,98.24, -,8.304162
47.60,6025.984,729.80,-112.0476,98.24, -,8.304162
47.65,6022.423,729.90,-112.0476,98.24, -,8.304162
47.70,6018.863,730.00,-112.0476,98.24, -,8.304162
47.75,6011.744,730.20,-112,98.24, -,8.304162
47.80,6008.186,730.30,-112,98.24, -,8.304162
47.85,6004.626,730.40,-112,98.24, -,8.304162
47.90,6001.068,730.50,-108.5714,98.24, -,8.304162
47.95,5997.511,730.60,-105.1429,98.24, -,8.304162
48.00,5990.396,730.80,-108.5238,98.24, -,8.304162
48.05,5983.283,731.00,-111.9048,98.24, -,8.304162
48.10,5976.171,731.20,-111.8571,98.24, -,8.304162
48.15,5972.617,731.30,-111.8571,98.24, -,8.304162
48.20,5965.508,731.50,-111.8095,98.24, -,8.304162
48.25,5958.4,731.70,-111.7619,98.24, -,8.304162
48.30,5951.294,731.90,-115.1429,98.24, -,8.304162
48.35,5944.191,732.10,-115.0952,98.24, -,8.304162
48.40,5940.639,732.20,-111.6667,98.24, -,8.304162
48.45,5933.537,732.40,-111.619,98.24, -,8.304162
48.50,5929.987,732.50,-111.619,98.24, -,8.304162
48.55,5922.887,732.70,-108.1905,98.06, -,8.304162
48.60,5919.339,732.80,-108.1905,98.06, -,8.304162
48.65,5915.789,732.90,-104.8095,98.06, -,8.304162
48.70,5912.241,733.00,-104.8095,98.06, -,8.304162
48.75,5905.145,733.20,-108.1905,98.06, -,8.304162
48.80,5905.145,733.20,-101.4286,98.06, -,8.304162
48.85,5898.051,733.40,-104.8095,98.06, -,8.304162
48.90,5890.96,733.60,-108.1905,98.06, -,8.304162
48.95,5887.413,733.70,-108.1905,98.06, -,8.304162
49.00,5880.322,733.90,-111.5714,98.06, -,8.304162
49.05,5876.779,734.00,-108.1905,98.06, -,8.304162
49.10,5866.148,734.30,-111.5714,98.06, -,8.304162
49.15,5862.604,734.40,-108.1905,98.06, -,8.304162
49.20,5855.521,734.60,-111.5714,98.06, -,8.304162
49.25,5851.978,734.70,-108.1905,98.06, -,8.304162
49.30,5844.896,734.90,-108.1905,98.06, -,8.304162
49.35,5841.355,735.00,-104.8095,98.06, -,8.304162
49.40,5834.275,735.20,-104.8095,98.06, -,8.304162
49.45,5830.737,735.30,-104.8095,98.06, -,8.304162
49.50,5823.659,735.50,-104.8095,98.06, -,8.304162
49.55,5820.122,735.60,-104.8095,98.06, -,8.304162
49.60,5813.045,735.80,-104.8095,98.06, -,8.304162
49.65,5809.507,735.90,-104.8095,98.06, -,8.304162
49.70,5805.972,736.00,-104.8095,98.06, -,8.304162
49.75,5802.436,736.10,-104.8095,98.06, -,8.304162
49.80,5795.364,736.30,-104.7619,98.06, -,8.304162
49.85,5788.294,736.50,-111.4762,98.06, -,8.304162
49.90,5784.761,736.60,-108.0952,98.06, -,8.304162
49.95,5781.225,736.70,-104.7143,98.06, -,8.304162
50.00,5770.626,737.00,-111.4286,98.06, -,8.304162
50.05,5767.095,737.10,-108.0476,98.06, -,8.304162
50.10,5760.031,737.30,-111.381,98.06, -,8.304162
50.15,5752.968,737.50,-107.9524,98.06, -,8.304162
50.20,5749.438,737.60,-107.9524,98.06, -,8.304162
50.25,5745.907,737.70,-104.5714,98.06, -,8.304162
50.30,5738.848,737.90,-107.9048,98.06, -,8.304162
50.35,5735.32,738.00,-104.5238,98.06, -,8.304162
50.40,5728.263,738.20,-107.8571,98.06, -,8.304162
50.45,5721.207,738.40,-107.8095,98.06, -,8.304162
50.50,5717.681,738.50,-107.8095,98.06, -,8.304162
50.55,5710.628,738.70,-107.7619,98.06, -,8.304162
50.60,5707.103,738.80,-107.7143,98.06, -,8.304162
50.65,5700.052,739.00,-107.6667,98.06, -,8.304162
50.70,5693.003,739.20,-111,98.06, -,8.304162
50.75,5689.479,739.30,-110.9524,98.06, -,8.304162
50.80,5682.433,739.50,-114.2857,98.06, -,8.304162
50.85,5675.387,739.70,-114.2857,98.06, -,8.304162
50.90,5671.866,739.80,-110.9048,98.06, -,8.304162
50.95,5664.823,740.00,-114.2381,98.06, -,8.304162
51.00,5661.303,740.10,-114.1905,98.06, -,8.304162
51.05,5654.262,740.30,-110.8095,98.06, -,8.304162
51.10,5650.741,740.40,-110.7619,98.06, -,8.304162
51.15,5643.705,740.60,-110.7619,98.06, -,8.304162
51.20,5640.185,740.70,-107.381,98.06, -,8.304162
51.25,5636.668,740.80,-107.3333,98.06, -,8.304162
51.30,5629.632,741.00,-110.6667,98.06, -,8.304162
51.35,5626.116,741.10,-107.2857,98.06, -,8.304162
51.40,5619.083,741.30,-110.619,98.06, -,8.304162
51.45,5612.052,741.50,-110.619,98.06, -,8.304162
51.50,5605.021,741.70,-110.619,97.88, -,8.304162
51.55,5601.508,741.80,-110.5714,97.88, -,8.304162
51.60,5594.48,742.00,-110.5714,97.88, -,8.304162
51.65,5590.968,742.10,-110.5714,97.88, -,8.304162
51.70,5583.942,742.30,-110.5714,97.88, -,8.304162
51.75,5576.918,742.50,-110.5238,97.88, -,8.304162
51.80,5573.408,742.60,-110.5238,97.88, -,8.304162
51.85,5569.896,742.70,-107.1429,97.88, -,8.304162
51.90,5562.875,742.90,-107.0952,97.88, -,8.304162
51.95,5559.367,743.00,-107.0952,97.88, -,8.304162
52.00,5552.348,743.20,-107.0476,97.88, -,8.304162
52.05,5548.84,743.30,-107.0476,97.88, -,8.304162
52.10,5545.331,743.40,-103.6667,97.88, -,8.304162
52.15,5538.317,743.60,-107,97.88, -,8.304162
52.20,5534.809,743.70,-103.619,97.88, -,8.304162
52.25,5531.303,743.80,-103.619,97.88, -,8.304162
52.30,5524.291,744.00,-106.9524,97.88, -,8.304162
52.35,5517.28,744.20,-106.9048,97.88, -,8.304162
52.40,5513.776,744.30,-106.9048,97.88, -,8.304162
52.45,5506.768,744.50,-106.8571,97.88, -,8.304162
52.50,5503.265,744.60,-103.4762,97.88, -,8.304162
52.55,5499.76,744.70,-100.0952,97.88, -,8.304162
52.60,5492.755,744.90,-103.4286,97.88, -,8.304162
52.65,5485.753,745.10,-103.381,97.88, -,8.304162
52.70,5482.25,745.20,-103.381,97.88, -,8.304162
52.75,5475.249,745.40,-103.3333,97.88, -,8.304162
52.80,5471.749,745.50,-100,97.88, -,8.304162
52.85,5464.75,745.70,-103.3333,97.88, -,8.304162
52.90,5457.751,745.90,-106.6667,97.88, -,8.304162
52.95,5454.254,746.00,-103.3333,97.88, -,8.304162
53.00,5447.258,746.20,-106.6667,97.88, -,8.304162
53.05,5440.264,746.40,-106.6667,97.88, -,8.304162
53.10,5433.273,746.60,-110,97.88, -,8.304162
53.15,5429.777,746.70,-110,97.88, -,8.304162
53.20,5422.786,746.90,-110,97.88, -,8.304162
53.25,5415.8,747.10,-113.3333,97.88, -,8.304162
53.30,5408.812,747.30,-116.6667,97.88, -,8.304162
53.35,5405.318,747.40,-113.3333,97.88, -,8.304162
53.40,5398.335,747.60,-113.3333,97.88, -,8.304162
53.45,5394.842,747.70,-113.3333,97.88, -,8.304162
53.50,5391.352,747.80,-110,97.7, -,8.304162
53.55,5384.369,748.00,-113.3333,97.7, -,8.304162
53.60,5380.88,748.10,-113.3333,97.7, -,8.304162
53.65,5373.9,748.30,-113.3333,97.7, -,8.304162
53.70,5370.41,748.40,-110,97.7, -,8.304162
53.75,5363.434,748.60,-113.3333,97.7, -,8.304162
53.80,5359.945,748.70,-110,97.7, -,8.304162
53.85,5352.97,748.90,-113.3333,97.7, -,8.304162
53.90,5345.998,749.10,-113.2857,97.7, -,8.304162
53.95,5342.511,749.20,-109.9524,97.7, -,8.304162
54.00,5335.539,749.40,-113.2381,97.7, -,8.304162
54.05,5332.055,749.50,-109.9048,97.7, -,8.304162
54.10,5328.571,749.60,-106.5714,97.7, -,8.304162
54.15,5321.603,749.80,-106.5238,97.7, -,8.304162
54.20,5318.118,749.90,-106.5238,97.7, -,8.304162
54.25,5314.636,750.00,-103.1905,97.7, -,8.304162
54.30,5311.154,750.10,-99.85714,97.7, -,8.304162
54.35,5304.189,750.30,-99.80952,97.7, -,8.304162
54.40,5297.226,750.50,-103.0952,97.7, -,8.304162
54.45,5293.746,750.60,-99.7619,97.7, -,8.304162
54.50,5286.785,750.80,-103.0476,97.7, -,8.304162
54.55,5283.304,750.90,-103.0476,97.7, -,8.304162
54.60,5279.825,751.00,-99.71429,97.7, -,8.304162
54.65,5276.347,751.10,-99.71429,97.7, -,8.304162
54.70,5269.39,751.30,-99.66666,97.7, -,8.304162
54.75,5265.911,751.40,-99.66666,97.7, -,8.304162
54.80,5258.958,751.60,-99.61905,97.7, -,8.304162
54.85,5252.004,751.80,-102.9048,97.7, -,8.304162
54.90,5248.527,751.90,-99.57143,97.7, -,8.304162
54.95,5241.578,752.10,-99.57143,97.7, -,8.304162
55.00,5234.628,752.30,-102.8571,97.7, -,8.304162
55.05,5231.153,752.40,-99.57143,97.7, -,8.304162
55.10,5224.208,752.60,-102.8571,97.7, -,8.304162
55.15,5220.733,752.70,-102.8095,97.7, -,8.304162
55.20,5213.788,752.90,-102.8095,97.7, -,8.304162
55.25,5210.317,753.00,-102.7619,97.7, -,8.304162
55.30,5203.374,753.20,-106.0476,97.7, -,8.304162
55.35,5196.432,753.40,-109.3333,97.7, -,8.304162
55.40,5192.963,753.50,-106,97.7, -,8.304162
55.45,5186.024,753.70,-106,97.7, -,8.304162
55.50,5179.086,753.90,-109.2857,97.52, -,8.304162
55.55,5175.619,754.00,-105.9524,97.52, -,8.304162
55.60,5172.152,754.10,-105.9048,97.52, -,8.304162
55.65,5165.217,754.30,-109.1905,97.52, -,8.304162
55.70,5161.749,754.40,-109.1429,97.52, -,8.304162
55.75,5158.284,754.50,-105.8095,97.52, -,8.304162
55.80,5151.352,754.70,-109.0952,97.52, -,8.304162
55.85,5147.887,754.80,-105.7619,97.52, -,8.304162
55.90,5140.958,755.00,-105.7619,97.52, -,8.304162
55.95,5137.495,755.10,-105.7143,97.52, -,8.304162
56.00,5130.567,755.30,-105.7143,97.52, -,8.304162
56.05,5127.103,755.40,-102.381,97.52, -,8.304162
56.10,5120.18,755.60,-105.619,97.52, -,8.304162
56.15,5116.717,755.70,-102.2857,97.52, -,8.304162
56.20,5113.256,755.80,-102.2857,97.52, -,8.304162
56.25,5109.794,755.90,-98.95238,97.52, -,8.304162
56.30,5106.334,756.00,-98.95238,97.52, -,8.304162
56.35,5102.875,756.10,-95.61905,97.52, -,8.304162
56.40,5095.955,756.30,-95.57143,97.52, -,8.304162
56.45,5092.494,756.40,-95.57143,97.52, -,8.304162
56.50,5089.036,756.50,-92.2381,97.52, -,8.304162
56.55,5085.578,756.60,-88.90476,97.52, -,8.284714
56.60,5078.662,756.80,-92.19048,97.52, -,8.284714
56.65,5075.203,756.90,-92.19048,97.52, -,8.284714
56.70,5071.747,757.00,-88.85714,97.52, -,8.284714
56.75,5064.834,757.20,-92.14286,97.52, -,8.284714
56.80,5061.379,757.30,-92.14286,97.52, -,8.284714
56.85,5054.468,757.50,-92.09524,97.52, -,8.284714
56.90,5047.558,757.70,-95.38095,97.52, -,8.284714
56.95,5044.105,757.80,-92.04762,97.52, -,8.284714
57.00,5037.197,758.00,-95.33334,97.52, -,8.284714
57.05,5030.292,758.20,-95.28571,97.52, -,8.284714
57.10,5026.84,758.30,-95.28571,97.52, -,8.284714
57.15,5019.937,758.50,-95.28571,97.52, -,8.284714
57.20,5013.034,758.70,-98.57143,97.52, -,8.284714
57.25,5009.584,758.80,-98.57143,97.52, -,8.284714
57.30,5002.685,759.00,-101.8571,97.52, -,8.284714
57.35,4999.236,759.10,-101.8571,97.52, -,8.284714
57.40,4992.338,759.30,-105.1429,97.52, -,8.284714
57.45,4988.889,759.40,-101.8571,97.52, -,8.284714
57.50,4985.442,759.50,-101.8571,97.34, -,8.304162
57.55,4978.547,759.70,-105.1429,97.34, -,8.304162
57.60,4975.101,759.80,-105.1429,97.34, -,8.304162
57.65,4971.654,759.90,-101.8571,97.34, -,8.304162
57.70,4964.764,760.10,-105.1429,97.34, -,8.304162
57.75,4961.317,760.20,-105.1429,97.34, -,8.304162
57.80,4954.428,760.40,-105.1429,97.34, -,8.304162
57.85,4950.984,760.50,-105.1429,97.34, -,8.304162
57.90,4944.097,760.70,-105.1429,97.34, -,8.304162
57.95,4940.655,760.80,-101.8571,97.34, -,8.304162
58.00,4933.77,761.00,-105.1429,97.34, -,8.304162
58.05,4930.328,761.10,-101.8571,97.34, -,8.304162
58.10,4923.445,761.30,-101.8571,97.34, -,8.304162
58.15,4920.003,761.40,-101.8571,97.34, -,8.304162
58.20,4916.563,761.50,-98.57143,97.34, -,8.304162
58.25,4909.683,761.70,-98.57143,97.34, -,8.304162
58.30,4906.245,761.80,-98.57143,97.34, -,8.304162
58.35,4899.367,762.00,-98.57143,97.34, -,8.304162
58.40,4892.49,762.20,-101.8571,97.34, -,8.304162
58.45,4889.053,762.30,-98.57143,97.34, -,8.304162
58.50,4885.615,762.40,-98.57143,97.34, -,8.304162
58.55,4878.743,762.60,-101.8095,97.34, -,8.304162
58.60,4875.306,762.70,-98.52381,97.34, -,8.304162
58.65,4868.435,762.90,-101.7619,97.34, -,8.304162
58.70,4865,763.00,-101.7619,97.34, -,8.304162
58.75,4858.131,763.20,-101.7143,97.34, -,8.304162
58.80,4851.263,763.40,-104.9524,97.34, -,8.304162
58.85,4847.831,763.50,-101.6667,97.34, -,8.304162
58.90,4840.965,763.70,-104.9048,97.34, -,8.304162
58.95,4837.534,763.80,-101.619,97.34, -,8.304162
59.00,4830.671,764.00,-104.8571,97.34, -,8.304162
59.05,4827.241,764.10,-101.5714,97.34, -,8.304162
59.10,4820.379,764.30,-104.8095,97.34, -,8.304162
59.15,4816.948,764.40,-101.5238,97.34, -,8.304162
59.20,4810.091,764.60,-104.7619,97.34, -,8.304162
59.25,4806.661,764.70,-104.7619,97.34, -,8.304162
59.30,4803.233,764.80,-101.4762,97.34, -,8.304162
59.35,4796.377,765.00,-104.7143,97.34, -,8.304162
59.40,4792.951,765.10,-101.4286,97.34, -,8.304162
59.45,4789.522,765.20,-98.14286,97.34, -,8.304162
59.50,4782.669,765.40,-101.381,97.16, -,8.284714
59.55,4779.244,765.50,-101.381,97.16, -,8.284714
59.60,4772.393,765.70,-101.381,97.16, -,8.284714
59.65,4765.543,765.90,-104.619,97.16, -,8.284714
59.70,4758.697,766.10,-104.619,97.16, -,8.284714
59.75,4755.273,766.20,-104.5714,97.16, -,8.284714
59.80,4748.427,766.40,-104.5714,97.16, -,8.284714
59.85,4745.005,766.50,-101.2857,97.16, -,8.284714
59.90,4738.162,766.70,-104.5238,97.16, -,8.284714
59.95,4731.319,766.90,-104.5238,97.16, -,8.284714
60.00,4727.899,767.00,-104.4762,97.16, -,8.284714
60.05,4724.48,767.10,-101.1905,97.16, -,8.284714
60.10,4717.641,767.30,-104.4286,97.16, -,8.284714
60.15,4714.22,767.40,-101.1429,97.16, -,8.284714
60.20,4710.803,767.50,-101.0952,97.16, -,8.284714
60.25,4703.966,767.70,-101.0952,97.16, -,8.284714
60.30,4697.131,767.90,-104.3333,97.16, -,8.284714
60.35,4693.715,768.00,-104.2857,97.16, -,8.284714
60.40,4686.882,768.20,-104.2857,97.16, -,8.284714
60.45,4683.467,768.30,-104.2381,97.16, -,8.284714
60.50,4676.636,768.50,-107.4762,97.16, -,8.284714
60.55,4673.222,768.60,-104.1905,96.98, -,8.304162
60.60,4666.393,768.80,-107.4286,96.98, -,8.304162
60.65,4659.566,769.00,-107.4286,96.98, -,8.304162
60.70,4652.74,769.20,-107.4286,96.98, -,8.304162
60.75,4645.916,769.40,-107.381,96.98, -,8.304162
60.80,4639.095,769.60,-110.619,96.98, -,8.304162
60.85,4635.683,769.70,-107.3333,96.98, -,8.304162
60.90,4632.273,769.80,-107.3333,96.98, -,8.304162
60.95,4625.453,770.00,-107.2857,96.98, -,8.304162
61.00,4622.044,770.10,-104,96.98, -,8.304162
61.05,4615.227,770.30,-107.2381,96.98, -,8.304162
61.10,4611.817,770.40,-107.2381,96.98, -,8.304162
61.15,4608.41,770.50,-103.9524,96.98, -,8.304162
61.20,4601.595,770.70,-107.1905,96.98, -,8.304162
61.25,4598.189,770.80,-107.1905,96.98, -,8.304162
61.30,4591.376,771.00,-107.1429,96.98, -,8.304162
61.35,4587.971,771.10,-103.8571,96.98, -,8.304162
61.40,4581.161,771.30,-107.0952,96.98, -,8.304162
61.45,4577.754,771.40,-103.8095,96.98, -,8.304162
61.50,4570.948,771.60,-107.0476,96.98, -,8.304162
61.55,4567.543,771.70,-103.7619,96.98, -,8.304162
61.60,4560.737,771.90,-107,96.98, -,8.304162
61.65,4557.335,772.00,-103.7143,96.98, -,8.304162
61.70,4553.934,772.10,-100.4286,96.98, -,8.304162
61.75,4550.531,772.20,-97.14286,96.98, -,8.304162
61.80,4543.728,772.40,-97.14286,96.98, -,8.304162
61.85,4540.328,772.50,-93.90476,96.98, -,8.304162
61.90,4536.928,772.60,-93.90476,96.98, -,8.304162
61.95,4530.128,772.80,-97.14286,96.98, -,8.304162
62.00,4526.728,772.90,-93.90476,96.98, -,8.304162
62.05,4523.33,773.00,-93.90476,96.98, -,8.304162
62.10,4519.932,773.10,-90.66666,96.98, -,8.304162
62.15,4513.135,773.30,-93.90476,96.98, -,8.304162
62.20,4513.135,773.30,-90.66666,96.98, -,8.304162
62.25,4509.736,773.40,-87.42857,96.98, -,8.304162
62.30,4506.34,773.50,-87.42857,96.98, -,8.304162
62.35,4502.944,773.60,-84.19048,96.98, -,8.304162
62.40,4496.151,773.80,-87.42857,96.98, -,8.304162
62.45,4492.754,773.90,-84.19048,96.98, -,8.304162
62.50,4489.36,774.00,-84.19048,96.98, -,8.304162
62.55,4485.965,774.10,-80.95238,96.8, -,8.304162
62.60,4479.176,774.30,-84.19048,96.8, -,8.304162
62.65,4479.176,774.30,-77.71429,96.8, -,8.304162
62.70,4472.388,774.50,-80.95238,96.8, -,8.304162
62.75,4468.996,774.60,-80.95238,96.8, -,8.304162
62.80,4458.816,774.90,-87.42857,96.8, -,8.304162
62.85,4452.035,775.10,-87.42857,96.8, -,8.304162
62.90,4445.252,775.30,-90.66666,96.8, -,8.304162
62.95,4438.471,775.50,-93.90476,96.8, -,8.304162
63.00,4428.304,775.80,-97.09524,96.8, -,8.304162
63.05,4421.526,776.00,-100.3333,96.8, -,8.304162
63.10,4411.364,776.30,-106.7619,96.8, -,8.304162
63.15,4404.59,776.50,-109.9524,96.8, -,8.304162
63.20,4397.818,776.70,-109.9048,96.8, -,8.304162
63.25,4394.433,776.80,-113.1429,96.8, -,8.304162
63.30,4387.663,777.00,-116.3333,96.8, -,8.304162
63.35,4380.894,777.20,-119.5238,96.8, -,8.304162
63.40,4377.511,777.30,-119.5238,96.8, -,8.304162
63.45,4370.744,777.50,-119.4762,96.8, -,8.304162
63.50,4367.362,777.60,-119.4762,96.8, -,8.304162
63.55,4363.979,777.70,-119.4762,96.8, -,8.304162
63.60,4357.215,777.90,-122.6667,96.8, -,8.304162
63.65,4353.834,778.00,-119.4286,96.8, -,8.304162
63.70,4353.834,778.00,-119.4286,96.8, -,8.304162
63.75,4350.454,778.10,-116.1905,96.8, -,8.304162
63.80,4347.073,778.20,-116.1905,96.8, -,8.304162
63.85,4343.693,778.30,-109.7143,96.8, -,8.304162
63.90,4340.312,778.40,-106.4762,96.8, -,8.304162
63.95,4333.555,778.60,-106.4286,96.8, -,8.304162
64.00,4330.175,778.70,-103.1905,96.8, -,8.304162
64.05,4323.418,778.90,-99.95238,96.8, -,8.304162
64.10,4316.665,779.10,-99.90476,96.8, -,8.304162
64.15,4313.287,779.20,-93.47619,96.8, -,8.304162
64.20,4303.158,779.50,-96.71429,96.8, -,8.304162
64.25,4296.407,779.70,-96.71429,96.8, -,8.304162
64.30,4289.657,779.90,-99.90476,96.8, -,8.304162
64.35,4282.91,780.10,-99.90476,96.8, -,8.304162
64.40,4276.163,780.30,-99.90476,96.8, -,8.304162
64.45,4272.789,780.40,-99.85714,96.8, -,8.304162
64.50,4266.046,780.60,-99.85714,96.8, -,8.304162
64.55,4259.302,780.80,-103.0476,96.62, -,8.304162
64.60,4252.56,781.00,-106.2381,96.62, -,8.304162
64.65,4249.191,781.10,-103,96.62, -,8.304162
64.70,4242.451,781.30,-106.1905,96.62, -,8.304162
64.75,4239.08,781.40,-109.381,96.62, -,8.304162
64.80,4232.344,781.60,-112.5714,96.62, -,8.304162
64.85,4228.975,781.70,-112.5238,96.62, -,8.304162
64.90,4222.239,781.90,-115.7143,96.62, -,8.304162
64.95,4218.872,782.00,-115.6667,96.62, -,8.304162
65.00,4215.506,782.10,-112.4286,96.62, -,8.304162
65.05,4208.773,782.30,-115.619,96.62, -,8.304162
65.10,4205.406,782.40,-112.381,96.62, -,8.304162
65.15,4202.042,782.50,-109.1429,96.62, -,8.304162
65.20,4195.311,782.70,-112.3333,96.62, -,8.304162
65.25,4191.947,782.80,-105.8571,96.62, -,8.304162
65.30,4188.582,782.90,-102.619,96.62, -,8.304162
65.35,4181.856,783.10,-102.619,96.62, -,8.304162
65.40,4175.13,783.30,-102.619,96.62, -,8.304162
65.45,4171.767,783.40,-99.38095,96.62, -,8.304162
65.50,4165.044,783.60,-102.5714,96.62, -,8.304162
65.55,4161.682,783.70,-99.33334,96.62, -,8.304162
65.60,4154.96,783.90,-99.28571,96.62, -,8.304162
65.65,4148.242,784.10,-99.2381,96.62, -,8.304162
65.70,4141.522,784.30,-102.4286,96.62, -,8.304162
65.75,4134.805,784.50,-102.381,96.62, -,8.304162
65.80,4131.447,784.60,-102.381,96.62, -,8.304162
65.85,4124.731,784.80,-102.3333,96.62, -,8.304162
65.90,4121.373,784.90,-102.3333,96.62, -,8.304162
65.95,4114.661,785.10,-102.2857,96.62, -,8.304162
66.00,4111.304,785.20,-102.2857,96.62, -,8.304162
66.05,4104.592,785.40,-105.4762,96.62, -,8.304162
66.10,4101.238,785.50,-102.2381,96.62, -,8.304162
66.15,4094.529,785.70,-105.4286,96.62, -,8.304162
66.20,4091.175,785.80,-105.4286,96.62, -,8.304162
66.25,4087.82,785.90,-102.1905,96.62, -,8.304162
66.30,4081.116,786.10,-105.381,96.62, -,8.304162
66.35,4077.762,786.20,-105.381,96.62, -,8.304162
66.40,4071.057,786.40,-105.3333,96.62, -,8.304162
66.45,4064.356,786.60,-105.2857,96.62, -,8.304162
66.50,4061.004,786.70,-105.2857,96.62, -,8.304162
66.55,4054.302,786.90,-105.2857,96.62, -,8.284714
66.60,4047.604,787.10,-108.4762,96.62, -,8.284714
66.65,4044.254,787.20,-105.2857,96.62, -,8.284714
66.70,4037.556,787.40,-105.2857,96.62, -,8.284714
66.75,4030.862,787.60,-105.2857,96.62, -,8.284714
66.80,4027.513,787.70,-102.0952,96.62, -,8.284714
66.85,4020.819,787.90,-105.2857,96.62, -,8.284714
66.90,4017.473,788.00,-102.0952,96.62, -,8.284714
66.95,4010.781,788.20,-105.2857,96.62, -,8.284714
67.00,4004.09,788.40,-105.2857,96.62, -,8.284714
67.05,4000.746,788.50,-105.2857,96.62, -,8.284714
67.10,3994.057,788.70,-105.2857,96.62, -,8.284714
67.15,3990.714,788.80,-105.2857,96.62, -,8.284714
67.20,3984.028,789.00,-105.2857,96.62, -,8.284714
67.25,3977.342,789.20,-108.4762,96.62, -,8.284714
67.30,3974.001,789.30,-108.4762,96.62, -,8.284714
67.35,3970.658,789.40,-105.2857,96.62, -,8.284714
67.40,3967.318,789.50,-105.2857,96.62, -,8.284714
67.45,3967.318,789.50,-98.90476,96.62, -,8.284714
67.50,3960.636,789.70,-98.90476,96.62, -,8.284714
67.55,3957.296,789.80,-98.90476,96.62, -,8.284714
67.60,3953.955,789.90,-95.71429,96.62, -,8.284714
67.65,3950.616,790.00,-92.52381,96.62, -,8.284714
67.70,3947.278,790.10,-92.52381,96.62, -,8.284714
67.75,3940.6,790.30,-92.52381,96.62, -,8.284714
67.80,3937.26,790.40,-89.33334,96.62, -,8.284714
67.85,3930.587,790.60,-92.47619,96.62, -,8.284714
67.90,3927.248,790.70,-89.28571,96.62, -,8.284714
67.95,3920.574,790.90,-92.42857,96.62, -,8.284714
68.00,3913.904,791.10,-92.38095,96.62, -,8.284714
68.05,3910.567,791.20,-89.19048,96.62, -,8.284714
68.10,3907.233,791.30,-89.19048,96.62, -,8.284714
68.15,3900.563,791.50,-89.14286,96.62, -,8.284714
68.20,3897.23,791.60,-89.14286,96.62, -,8.284714
68.25,3890.562,791.80,-89.09524,96.62, -,8.284714
68.30,3883.896,792.00,-89.04762,96.62, -,8.284714
68.35,3880.564,792.10,-89.04762,96.62, -,8.284714
68.40,3877.231,792.20,-89.04762,96.62, -,8.284714
68.45,3870.568,792.40,-92.19048,96.62, -,8.284714
68.50,3863.907,792.60,-98.52381,96.62, -,8.284714
68.55,3860.576,792.70,-95.33334,96.62, -,8.304162
68.60,3853.916,792.90,-98.47619,96.62, -,8.304162
68.65,3850.587,793.00,-98.47619,96.62, -,8.304162
68.70,3843.929,793.20,-101.619,96.62, -,8.304162
68.75,3840.602,793.30,-101.619,96.62, -,8.304162
68.80,3833.946,793.50,-101.5714,96.62, -,8.304162
68.85,3830.619,793.60,-101.5714,96.62, -,8.304162
68.90,3823.965,793.80,-101.5714,96.62, -,8.304162
68.95,3820.637,793.90,-101.5714,96.62, -,8.304162
69.00,3817.312,794.00,-98.42857,96.62, -,8.304162
69.05,3810.661,794.20,-98.42857,96.62, -,8.304162
69.10,3807.337,794.30,-98.38095,96.62, -,8.304162
69.15,3804.011,794.40,-98.38095,96.62, -,8.304162
69.20,3797.364,794.60,-98.38095,96.62, -,8.304162
69.25,3794.04,794.70,-98.33334,96.62, -,8.304162
69.30,3790.717,794.80,-95.14286,96.62, -,8.304162
69.35,3787.393,794.90,-91.95238,96.62, -,8.304162
69.40,3780.75,795.10,-95.09524,96.62, -,8.304162
69.45,3777.427,795.20,-95.04762,96.62, -,8.304162
69.50,3770.783,795.40,-95.04762,96.44, -,8.284714
69.55,3764.144,795.60,-95.04762,96.44, -,8.284714
69.60,3760.822,795.70,-95,96.44, -,8.284714
69.65,3757.503,795.80,-91.80952,96.44, -,8.284714
69.70,3750.864,796.00,-94.95238,96.44, -,8.284714
69.75,3747.546,796.10,-91.7619,96.44, -,8.284714
69.80,3740.909,796.30,-94.90476,96.44, -,8.284714
69.85,3737.59,796.40,-91.71429,96.44, -,8.284714
69.90,3730.957,796.60,-94.85714,96.44, -,8.284714
69.95,3727.639,796.70,-91.66666,96.44, -,8.284714
70.00,3721.006,796.90,-94.80952,96.44, -,8.284714
70.05,3714.376,797.10,-97.95238,96.44, -,8.284714
70.10,3711.06,797.20,-94.7619,96.44, -,8.284714
70.15,3704.43,797.40,-97.95238,96.44, -,8.284714
70.20,3697.803,797.60,-101.0952,96.44, -,8.284714
70.25,3694.489,797.70,-97.90476,96.44, -,8.284714
70.30,3687.863,797.90,-101.0952,96.44, -,8.284714
70.35,3681.24,798.10,-104.2381,96.44, -,8.284714
70.40,3674.616,798.30,-107.381,96.44, -,8.284714
70.45,3671.304,798.40,-104.1905,96.44, -,8.284714
70.50,3664.684,798.60,-107.3333,96.44, -,8.284714
70.55,3661.373,798.70,-104.1429,96.44, -,8.284714
70.60,3654.753,798.90,-104.0952,96.44, -,8.284714
70.65,3651.445,799.00,-104.0952,96.44, -,8.284714
70.70,3644.827,799.20,-107.2381,96.44, -,8.284714
70.75,3638.211,799.40,-107.1905,96.44, -,8.284714
70.80,3631.598,799.60,-110.3333,96.44, -,8.284714
70.85,3628.29,799.70,-107.1429,96.44, -,8.284714
70.90,3621.677,799.90,-110.2857,96.44, -,8.284714
70.95,3615.068,800.10,-110.2381,96.44, -,8.284714
71.00,3608.457,800.30,-113.381,96.44, -,8.284714
71.05,3601.848,800.50,-113.3333,96.44, -,8.284714
71.10,3595.241,800.70,-113.2857,96.44, -,8.284714
71.15,3591.939,800.80,-113.2857,96.44, -,8.284714
71.20,3588.635,800.90,-110.0952,96.44, -,8.284714
71.25,3582.032,801.10,-110.0476,96.44, -,8.284714
71.30,3578.729,801.20,-110.0476,96.44, -,8.284714
71.35,3572.126,801.40,-110,96.44, -,8.284714
71.40,3568.826,801.50,-106.8571,96.44, -,8.284714
71.45,3562.225,801.70,-106.8571,96.44, -,8.284714
71.50,3558.926,801.80,-106.8571,96.26, -,8.304162
71.55,3555.625,801.90,-103.7143,96.26, -,8.304162
71.60,3549.029,802.10,-106.8571,96.26, -,8.304162
71.65,3545.73,802.20,-103.7143,96.26, -,8.304162
71.70,3539.134,802.40,-106.8571,96.26, -,8.304162
71.75,3535.837,802.50,-103.7143,96.26, -,8.304162
71.80,3532.541,802.60,-100.5714,96.26, -,8.304162
71.85,3525.947,802.80,-100.5714,96.26, -,8.304162
71.90,3522.65,802.90,-100.5714,96.26, -,8.304162
71.95,3516.06,803.10,-100.5714,96.26, -,8.304162
72.00,3509.47,803.30,-100.5714,96.26, -,8.304162
72.05,3506.174,803.40,-97.42857,96.26, -,8.304162
72.10,3499.588,803.60,-97.42857,96.26, -,8.304162
72.15,3493.001,803.80,-97.42857,96.26, -,8.304162
72.20,3486.416,804.00,-100.5714,96.26, -,8.304162
72.25,3483.124,804.10,-100.5714,96.26, -,8.304162
72.30,3476.541,804.30,-100.5714,96.26, -,8.304162
72.35,3469.958,804.50,-103.7143,96.26, -,8.304162
72.40,3463.377,804.70,-103.7143,96.26, -,8.304162
72.45,3460.089,804.80,-103.7143,96.26, -,8.304162
72.50,3453.51,805.00,-103.7143,96.26, -,8.304162
72.55,3450.222,805.10,-103.7143,96.26, -,8.284714
72.60,3446.932,805.20,-103.7143,96.26, -,8.284714
72.65,3440.356,805.40,-103.7143,96.26, -,8.284714
72.70,3437.069,805.50,-103.7143,96.26, -,8.284714
72.75,3433.783,805.60,-100.5714,96.26, -,8.284714
72.80,3427.209,805.80,-103.6667,96.26, -,8.284714
72.85,3420.637,806.00,-106.7619,96.26, -,8.284714
72.90,3414.066,806.20,-106.7143,96.26, -,8.284714
72.95,3407.496,806.40,-109.8095,96.26, -,8.284714
73.00,3404.213,806.50,-106.6667,96.26, -,8.284714
73.05,3400.929,806.60,-103.5238,96.26, -,8.284714
73.10,3394.362,806.80,-106.619,96.26, -,8.284714
73.15,3387.797,807.00,-106.5714,96.26, -,8.284714
73.20,3381.232,807.20,-106.5238,96.26, -,8.284714
73.25,3377.951,807.30,-103.381,96.26, -,8.284714
73.30,3371.389,807.50,-106.4762,96.26, -,8.284714
73.35,3364.828,807.70,-106.4286,96.26, -,8.284714
73.40,3361.549,807.80,-103.2857,96.26, -,8.284714
73.45,3358.268,807.90,-100.1429,96.26, -,8.284714
73.50,3351.711,808.10,-103.2381,96.07999, -,8.304162
73.55,3345.154,808.30,-103.1905,96.07999, -,8.304162
73.60,3341.875,808.40,-103.1905,96.07999, -,8.304162
73.65,3335.322,808.60,-106.2857,96.07999, -,8.304162
73.70,3332.044,808.70,-103.1429,96.07999, -,8.304162
73.75,3325.491,808.90,-106.2381,96.07999, -,8.304162
73.80,3322.216,809.00,-106.2381,96.07999, -,8.304162
73.85,3315.664,809.20,-106.2381,96.07999, -,8.304162
73.90,3309.114,809.40,-106.2381,96.07999, -,8.304162
73.95,3305.841,809.50,-103.0952,96.07999, -,8.304162
74.00,3299.293,809.70,-103.0952,96.07999, -,8.304162
74.05,3296.02,809.80,-103.0476,96.07999, -,8.304162
74.10,3289.474,810.00,-106.1429,96.07999, -,8.304162
74.15,3286.203,810.10,-103,96.07999, -,8.304162
74.20,3279.658,810.30,-103,96.07999, -,8.304162
74.25,3276.386,810.40,-99.85714,96.07999, -,8.304162
74.30,3273.116,810.50,-99.80952,96.07999, -,8.304162
74.35,3266.574,810.70,-99.80952,96.07999, -,8.304162
74.40,3260.034,810.90,-99.80952,96.07999, -,8.304162
74.45,3256.765,811.00,-99.7619,96.07999, -,8.304162
74.50,3253.497,811.10,-99.71429,96.07999, -,8.304162
74.55,3250.227,811.20,-96.57143,96.07999, -,8.304162
74.60,3246.959,811.30,-93.42857,96.07999, -,8.304162
74.65,3243.69,811.40,-93.38095,96.07999, -,8.304162
74.70,3240.423,811.50,-90.2381,96.07999, -,8.304162
74.75,3237.157,811.60,-90.19048,96.07999, -,8.304162
74.80,3230.622,811.80,-90.19048,96.07999, -,8.304162
74.85,3227.355,811.90,-90.14286,96.07999, -,8.304162
74.90,3220.824,812.10,-90.14286,96.07999, -,8.304162
74.95,3217.558,812.20,-87,96.07999, -,8.304162
75.00,3211.027,812.40,-90.14286,96.07999, -,8.304162
75.05,3204.5,812.60,-90.14286,96.07999, -,8.304162
75.10,3197.972,812.80,-93.28571,96.07999, -,8.304162
75.15,3191.446,813.00,-93.28571,96.07999, -,8.304162
75.20,3181.66,813.30,-99.52381,96.07999, -,8.304162
75.25,3175.136,813.50,-99.47619,96.07999, -,8.304162
75.30,3168.615,813.70,-102.5714,96.07999, -,8.304162
75.35,3162.094,813.90,-105.6667,96.07999, -,8.304162
75.40,3155.576,814.10,-105.619,96.07999, -,8.304162
75.45,3149.058,814.30,-105.5714,96.07999, -,8.304162
75.50,3142.542,814.50,-108.6667,96.07999, -,8.304162
75.55,3136.026,814.70,-111.7619,96.07999, -,8.304162
75.60,3132.77,814.80,-111.7619,96.07999, -,8.304162
75.65,3129.512,814.90,-111.7619,96.07999, -,8.304162
75.70,3123.001,815.10,-114.8571,96.07999, -,8.304162
75.75,3119.744,815.20,-114.8571,96.07999, -,8.304162
75.80,3116.49,815.30,-114.8571,96.07999, -,8.304162
75.85,3109.979,815.50,-114.8095,96.07999, -,8.304162
75.90,3106.726,815.60,-114.8095,96.07999, -,8.304162
75.95,3103.47,815.70,-111.6667,96.07999, -,8.304162
76.00,3100.217,815.80,-111.6667,96.07999, -,8.304162
76.05,3096.963,815.90,-108.5238,96.07999, -,8.304162
76.10,3090.458,816.10,-108.4762,96.07999, -,8.304162
76.15,3087.205,816.20,-105.3333,96.07999, -,8.304162
76.20,3083.953,816.30,-102.1905,96.07999, -,8.304162
76.25,3080.7,816.40,-95.95238,96.07999, -,8.304162
76.30,3077.449,816.50,-92.85714,96.07999, -,8.304162
76.35,3074.199,816.60,-89.7619,96.07999, -,8.304162
76.40,3070.947,816.70,-86.66666,96.07999, -,8.304162
76.45,3064.446,816.90,-86.66666,96.07999, -,8.304162
76.50,3057.948,817.10,-86.66666,96.07999, -,8.304162
76.55,3054.697,817.20,-83.57143,95.9, -,8.284714
76.60,3048.199,817.40,-83.57143,95.9, -,8.284714
76.65,3041.704,817.60,-86.66666,95.9, -,8.284714
76.70,3035.209,817.80,-89.7619,95.9, -,8.284714
76.75,3031.96,817.90,-86.66666,95.9, -,8.284714
76.80,3025.469,818.10,-89.7619,95.9, -,8.284714
76.85,3018.977,818.30,-92.85714,95.9, -,8.284714
76.90,3012.486,818.50,-92.85714,95.9, -,8.284714
76.95,3009.242,818.60,-92.85714,95.9, -,8.284714
77.00,3002.753,818.80,-95.95238,95.9, -,8.284714
77.05,2993.023,819.10,-102.1429,95.9, -,8.284714
77.10,2983.293,819.40,-108.3333,95.9, -,8.284714
77.15,2976.812,819.60,-108.3333,95.9, -,8.284714
77.20,2967.087,819.90,-114.4762,95.9, -,8.284714
77.25,2960.608,820.10,-117.5714,95.9, -,8.284714
77.30,2954.129,820.30,-120.6667,95.9, -,8.284714
77.35,2950.889,820.40,-120.6667,95.9, -,8.284714
77.40,2944.413,820.60,-123.7619,95.9, -,8.284714
77.45,2937.937,820.80,-126.8571,95.9, -,8.284714
77.50,2931.462,821.00,-126.8095,95.9, -,8.284714
77.55,2928.226,821.10,-123.7143,95.9, -,8.284714
77.60,2924.988,821.20,-123.7143,95.9, -,8.284714
77.65,2918.516,821.40,-123.6667,95.9, -,8.284714
77.70,2915.281,821.50,-120.5714,95.9, -,8.284714
77.75,2912.047,821.60,-117.4762,95.9, -,8.284714
77.80,2905.577,821.80,-120.5238,95.9, -,8.284714
77.85,2899.108,822.00,-120.4762,95.9, -,8.284714
77.90,2892.641,822.20,-120.4286,95.9, -,8.284714
77.95,2886.175,822.40,-120.381,95.9, -,8.284714
78.00,2879.712,822.60,-123.4286,95.9, -,8.284714
78.05,2876.479,822.70,-120.3333,95.9, -,8.284714
78.10,2870.017,822.90,-117.1905,95.9, -,8.284714
78.15,2863.557,823.10,-114.0476,95.9, -,8.284714
78.20,2860.326,823.20,-110.9524,95.9, -,8.284714
78.25,2853.866,823.40,-107.8571,95.9, -,8.284714
78.30,2847.41,823.60,-107.8095,95.9, -,8.284714
78.35,2840.953,823.80,-107.7619,95.9, -,8.284714
78.40,2837.724,823.90,-107.7619,95.9, -,8.284714
78.45,2834.497,824.00,-104.6667,95.9, -,8.284714
78.50,2828.042,824.20,-104.619,95.9, -,8.284714
78.55,2824.816,824.30,-101.5714,95.9, -,8.304162
78.60,2821.589,824.40,-101.5714,95.9, -,8.304162
78.65,2815.139,824.60,-104.619,95.9, -,8.304162
78.70,2811.912,824.70,-101.5714,95.9, -,8.304162
78.75,2805.462,824.90,-104.619,95.9, -,8.304162
78.80,2802.239,825.00,-104.5714,95.9, -,8.304162
78.85,2795.79,825.20,-104.5714,95.9, -,8.304162
78.90,2792.568,825.30,-101.4762,95.9, -,8.304162
78.95,2786.121,825.50,-101.4762,95.9, -,8.304162
79.00,2782.9,825.60,-98.38095,95.9, -,8.304162
79.05,2776.455,825.80,-98.38095,95.9, -,8.304162
79.10,2773.232,825.90,-98.33334,95.9, -,8.304162
79.15,2766.792,826.10,-98.33334,95.9, -,8.304162
79.20,2763.57,826.20,-95.2381,95.9, -,8.304162
79.25,2760.351,826.30,-95.19048,95.9, -,8.304162
79.30,2753.911,826.50,-95.19048,95.9, -,8.304162
79.35,2750.692,826.60,-92.09524,95.9, -,8.304162
79.40,2747.472,826.70,-89,95.9, -,8.304162
79.45,2744.254,826.80,-88.95238,95.9, -,8.304162
79.50,2737.817,827.00,-92,95.72, -,8.304162
79.55,2734.6,827.10,-88.90476,95.72, -,8.304162
79.60,2728.165,827.30,-91.95238,95.72, -,8.304162
79.65,2721.731,827.50,-95,95.72, -,8.304162
79.70,2715.299,827.70,-95,95.72, -,8.304162
79.75,2708.868,827.90,-98.04762,95.72, -,8.304162
79.80,2702.44,828.10,-98.04762,95.72, -,8.304162
79.85,2699.224,828.20,-98.04762,95.72, -,8.304162
79.90,2689.583,828.50,-101.0952,95.72, -,8.304162
79.95,2683.157,828.70,-104.1905,95.72, -,8.304162
80.00,2676.732,828.90,-104.1905,95.72, -,8.304162
80.05,2670.311,829.10,-107.2381,95.72, -,8.304162
80.10,2667.098,829.20,-104.1429,95.72, -,8.304162
80.15,2663.888,829.30,-104.1429,95.72, -,8.304162
80.20,2657.467,829.50,-104.0952,95.72, -,8.304162
80.25,2654.258,829.60,-104.0952,95.72, -,8.304162
80.30,2647.839,829.80,-107.1429,95.72, -,8.304162
80.35,2644.629,829.90,-104.0476,95.72, -,8.304162
80.40,2641.421,830.00,-104.0476,95.72, -,8.304162
80.45,2635.004,830.20,-107.0952,95.72, -,8.304162
80.50,2631.797,830.30,-107.0952,95.72, -,8.304162
80.55,2628.588,830.40,-104,95.72, -,8.284714
80.60,2622.176,830.60,-107.0476,95.72, -,8.284714
80.65,2618.969,830.70,-103.9524,95.72, -,8.284714
80.70,2612.556,830.90,-103.9048,95.72, -,8.284714
80.75,2606.147,831.10,-103.8571,95.72, -,8.284714
80.80,2599.737,831.30,-103.8095,95.72, -,8.284714
80.85,2596.531,831.40,-100.7143,95.72, -,8.284714
80.90,2590.125,831.60,-103.7619,95.72, -,8.284714
80.95,2583.719,831.80,-100.6667,95.72, -,8.284714
81.00,2577.313,832.00,-100.619,95.72, -,8.284714
81.05,2570.909,832.20,-100.5714,95.72, -,8.284714
81.10,2564.506,832.40,-100.5714,95.72, -,8.284714
81.15,2561.306,832.50,-100.5714,95.72, -,8.284714
81.20,2554.905,832.70,-103.619,95.72, -,8.284714
81.25,2551.706,832.80,-100.5714,95.72, -,8.284714
81.30,2548.505,832.90,-100.5714,95.72, -,8.284714
81.35,2545.306,833.00,-97.52381,95.72, -,8.284714
81.40,2538.908,833.20,-100.5714,95.72, -,8.284714
81.45,2532.511,833.40,-103.619,95.72, -,8.284714
81.50,2529.314,833.50,-100.5714,95.54, -,8.284714
81.55,2522.919,833.70,-103.619,95.54, -,8.284714
81.60,2516.526,833.90,-106.6667,95.54, -,8.284714
81.65,2510.135,834.10,-106.6667,95.54, -,8.284714
81.70,2503.744,834.30,-109.7143,95.54, -,8.284714
81.75,2497.354,834.50,-109.7143,95.54, -,8.284714
81.80,2490.965,834.70,-109.7143,95.54, -,8.284714
81.85,2484.578,834.90,-109.7143,95.54, -,8.284714
81.90,2481.385,835.00,-109.7143,95.54, -,8.284714
81.95,2475,835.20,-109.7143,95.54, -,8.284714
82.00,2471.808,835.30,-106.6667,95.54, -,8.284714
82.05,2465.425,835.50,-106.6667,95.54, -,8.284714
82.10,2459.042,835.70,-106.6667,95.54, -,8.284714
82.15,2455.852,835.80,-103.619,95.54, -,8.284714
82.20,2449.471,836.00,-106.6667,95.54, -,8.284714
82.25,2443.092,836.20,-106.6667,95.54, -,8.284714
82.30,2436.714,836.40,-109.7143,95.54, -,8.284714
82.35,2433.526,836.50,-109.7143,95.54, -,8.284714
82.40,2427.15,836.70,-112.7619,95.54, -,8.284714
82.45,2423.963,836.80,-109.7143,95.54, -,8.284714
82.50,2417.589,837.00,-109.6667,95.54, -,8.284714
82.55,2411.215,837.20,-112.6667,95.54, -,8.304162
82.60,2404.843,837.40,-112.619,95.54, -,8.304162
82.65,2398.474,837.60,-112.5714,95.54, -,8.304162
82.70,2395.288,837.70,-109.5238,95.54, -,8.304162
82.75,2388.919,837.90,-109.4762,95.54, -,8.304162
82.80,2379.369,838.20,-112.4762,95.54, -,8.304162
82.85,2373.003,838.40,-112.4286,95.54, -,8.304162
82.90,2369.822,838.50,-109.381,95.54, -,8.304162
82.95,2360.277,838.80,-115.4286,95.54, -,8.304162
83.00,2353.915,839.00,-115.381,95.54, -,8.304162
83.05,2347.554,839.20,-118.381,95.54, -,8.304162
83.10,2341.194,839.40,-118.3333,95.54, -,8.304162
83.15,2338.016,839.50,-115.2857,95.54, -,8.304162
83.20,2328.48,839.80,-121.3333,95.54, -,8.304162
83.25,2325.301,839.90,-118.2857,95.54, -,8.304162
83.30,2318.948,840.10,-118.2381,95.54, -,8.304162
83.35,2315.769,840.20,-115.1905,95.54, -,8.304162
83.40,2309.416,840.40,-118.1905,95.54, -,8.304162
83.45,2299.889,840.70,-121.1905,95.54, -,8.304162
83.50,2296.714,840.80,-121.1429,95.36, -,8.284714
83.55,2290.364,841.00,-121.1429,95.36, -,8.284714
83.60,2284.015,841.20,-121.1429,95.36, -,8.284714
83.65,2277.668,841.40,-121.1429,95.36, -,8.284714
83.70,2271.323,841.60,-121.1429,95.36, -,8.284714
83.75,2264.979,841.80,-124.1429,95.36, -,8.284714
83.80,2258.635,842.00,-124.1429,95.36, -,8.284714
83.85,2255.464,842.10,-118.0476,95.36, -,8.284714
83.90,2252.292,842.20,-115,95.36, -,8.284714
83.95,2245.951,842.40,-118,95.36, -,8.284714
84.00,2242.781,842.50,-111.9048,95.36, -,8.284714
84.05,2239.612,842.60,-108.8571,95.36, -,8.284714
84.10,2236.442,842.70,-105.8095,95.36, -,8.284714
84.15,2230.103,842.90,-105.8095,95.36, -,8.284714
84.20,2226.936,843.00,-105.7619,95.36, -,8.284714
84.25,2220.599,843.20,-102.7143,95.36, -,8.284714
84.30,2217.432,843.30,-102.6667,95.36, -,8.284714
84.35,2211.097,843.50,-102.6667,95.36, -,8.284714
84.40,2204.764,843.70,-105.6667,95.36, -,8.284714
84.45,2198.432,843.90,-105.6667,95.36, -,8.284714
84.50,2192.103,844.10,-102.619,95.36, -,8.284714
84.55,2185.773,844.30,-105.6667,95.36, -,8.284714
84.60,2179.444,844.50,-105.6667,95.36, -,8.284714
84.65,2173.117,844.70,-105.6667,95.36, -,8.284714
84.70,2169.954,844.80,-102.619,95.36, -,8.284714
84.75,2163.629,845.00,-102.619,95.36, -,8.284714
84.80,2157.304,845.20,-102.5714,95.36, -,8.284714
84.85,2150.981,845.40,-102.5238,95.36, -,8.284714
84.90,2144.661,845.60,-105.5238,95.36, -,8.284714
84.95,2138.34,845.80,-108.5238,95.36, -,8.284714
85.00,2132.021,846.00,-108.4762,95.36, -,8.284714
85.05,2125.702,846.20,-111.4762,95.36, -,8.284714
85.10,2122.545,846.30,-111.4762,95.36, -,8.284714
85.15,2116.228,846.50,-114.4762,95.36, -,8.284714
85.20,2109.913,846.70,-114.4286,95.36, -,8.284714
85.25,2103.599,846.90,-117.4286,95.36, -,8.284714
85.30,2097.288,847.10,-117.381,95.36, -,8.284714
85.35,2094.131,847.20,-117.381,95.36, -,8.284714
85.40,2084.666,847.50,-120.3333,95.36, -,8.284714
85.45,2081.512,847.60,-117.2857,95.36, -,8.284714
85.50,2075.203,847.80,-117.2381,95.36, -,8.284714
85.55,2072.048,847.90,-114.1905,95.36, -,8.284714
85.60,2065.743,848.10,-114.1429,95.36, -,8.284714
85.65,2059.438,848.30,-114.0952,95.36, -,8.284714
85.70,2056.284,848.40,-111.0476,95.36, -,8.284714
85.75,2049.982,848.60,-114.0476,95.36, -,8.284714
85.80,2046.83,848.70,-111,95.36, -,8.284714
85.85,2040.528,848.90,-111,95.36, -,8.284714
85.90,2037.378,849.00,-108,95.36, -,8.284714
85.95,2034.229,849.10,-105,95.36, -,8.284714
86.00,2027.929,849.30,-105,95.36, -,8.284714
86.05,2024.779,849.40,-102,95.36, -,8.284714
86.10,2018.483,849.60,-102,95.36, -,8.284714
86.15,2015.333,849.70,-102,95.36, -,8.284714
86.20,2015.333,849.70,-96,95.36, -,8.284714
86.25,2012.186,849.80,-93,95.36, -,8.284714
86.30,2012.186,849.80,-87,95.36, -,8.284714
86.35,2005.891,850.00,-87,95.36, -,8.284714
86.40,1999.597,850.20,-90,95.36, -,8.284714
86.45,1993.304,850.40,-87,95.36, -,8.284714
86.50,1987.014,850.60,-90,95.36, -,8.284714
86.55,1977.577,850.90,-93,95.18, -,8.284714
86.60,1965.002,851.30,-101.9524,95.18, -,8.284714
86.65,1955.574,851.60,-104.9524,95.18, -,8.284714
86.70,1946.147,851.90,-107.9524,95.18, -,8.284714
86.75,1939.866,852.10,-110.9524,95.18, -,8.284714
86.80,1930.443,852.40,-113.9048,95.18, -,8.284714
86.85,1924.165,852.60,-116.9048,95.18, -,8.284714
86.90,1921.024,852.70,-113.9048,95.18, -,8.284714
86.95,1911.608,853.00,-119.8571,95.18, -,8.284714
87.00,1905.332,853.20,-122.8571,95.18, -,8.284714
87.05,1902.195,853.30,-119.8571,95.18, -,8.284714
87.10,1895.921,853.50,-122.8095,95.18, -,8.284714
87.15,1889.647,853.70,-122.7619,95.18, -,8.284714
87.20,1883.375,853.90,-125.7143,95.18, -,8.284714
87.25,1880.241,854.00,-128.7143,95.18, -,8.284714
87.30,1873.97,854.20,-131.6667,95.18, -,8.284714
87.35,1867.701,854.40,-137.619,95.18, -,8.284714
87.40,1864.568,854.50,-134.619,95.18, -,8.284714
87.45,1861.435,854.60,-131.619,95.18, -,8.284714
87.50,1855.168,854.80,-131.5714,95.18, -,8.304162
87.55,1852.034,854.90,-128.5714,95.18, -,8.304162
87.60,1852.034,854.90,-119.5714,95.18, -,8.304162
87.65,1845.771,855.10,-113.5714,95.18, -,8.304162
87.70,1839.507,855.30,-110.5238,95.18, -,8.304162
87.75,1833.245,855.50,-107.4762,95.18, -,8.304162
87.80,1830.115,855.60,-104.4762,95.18, -,8.304162
87.85,1823.854,855.80,-101.4762,95.18, -,8.304162
87.90,1817.594,856.00,-101.4286,95.18, -,8.304162
87.95,1814.466,856.10,-101.4286,95.18, -,8.304162
88.00,1808.208,856.30,-98.42857,95.18, -,8.304162
88.05,1801.951,856.50,-98.38095,95.18, -,8.304162
88.10,1795.695,856.70,-101.3333,95.18, -,8.304162
88.15,1792.569,856.80,-98.38095,95.18, -,8.304162
88.20,1789.441,856.90,-95.42857,95.18, -,8.304162
88.25,1783.19,857.10,-95.42857,95.18, -,8.304162
88.30,1780.063,857.20,-95.42857,95.18, -,8.304162
88.35,1773.811,857.40,-95.42857,95.18, -,8.304162
88.40,1770.687,857.50,-92.42857,95.18, -,8.304162
88.45,1764.437,857.70,-95.38095,95.18, -,8.304162
88.50,1758.189,857.90,-98.33334,95.18, -,8.304162
88.55,1755.066,858.00,-95.33334,95, -,8.284714
88.60,1751.943,858.10,-95.28571,95, -,8.284714
88.65,1748.819,858.20,-98.2381,95, -,8.284714
88.70,1745.697,858.30,-95.2381,95, -,8.284714
88.75,1742.574,858.40,-92.2381,95, -,8.284714
88.80,1739.452,858.50,-89.2381,95, -,8.284714
88.85,1739.452,858.50,-86.2381,95, -,8.284714
88.90,1736.331,858.60,-83.2381,95, -,8.284714
88.95,1733.209,858.70,-80.2381,95, -,8.284714
89.00,1736.331,858.60,-74.28571,95, -,8.284714
89.05,1733.209,858.70,-71.28571,95, -,8.284714
89.10,1726.966,858.90,-71.28571,95, -,8.284714
89.15,1723.846,859.00,-68.28571,95, -,8.284714
89.20,1714.486,859.30,-74.19048,95, -,8.284714
89.25,1708.247,859.50,-77.14286,95, -,8.284714
89.30,1698.892,859.80,-80.09524,95, -,8.284714
89.35,1692.656,860.00,-83.04762,95, -,8.284714
89.40,1686.421,860.20,-83.04762,95, -,8.284714
89.45,1680.187,860.40,-86.04762,95, -,8.284714
89.50,1670.84,860.70,-89,97.34, -,8.148581
89.55,1664.609,860.90,-89,97.34, -,8.148581
89.60,1658.381,861.10,-92,97.34, -,8.148581
89.65,1649.038,861.40,-97.95238,97.34, -,8.148581
89.70,1642.813,861.60,-100.9048,97.34, -,8.148581
89.75,1633.474,861.90,-106.8571,97.34, -,8.148581
89.80,1627.252,862.10,-109.8095,97.34, -,8.148581
89.85,1621.03,862.30,-112.7619,97.34, -,8.148581
89.90,1614.808,862.50,-118.6667,97.34, -,8.148581
89.95,1608.588,862.70,-121.619,97.34, -,8.148581
90.00,1602.369,862.90,-124.5714,97.34, -,8.148581
90.05,1599.26,863.00,-130.4762,97.34, -,8.148581
90.10,1593.043,863.20,-133.4286,97.34, -,8.148581
90.15,1583.72,863.50,-136.3333,97.34, -,8.148581
90.20,1577.506,863.70,-139.2857,97.34, -,8.148581
90.25,1571.292,863.90,-136.2857,97.34, -,8.148581
90.30,1568.187,864.00,-133.2857,97.34, -,8.148581
90.35,1561.976,864.20,-130.2857,97.34, -,8.148581
90.40,1558.871,864.30,-127.2857,97.34, -,8.148581
90.45,1558.871,864.30,-121.3333,97.34, -,8.148581
90.50,1555.765,864.40,-118.3333,97.34, -,8.148581
90.55,1552.661,864.50,-112.381,97.34, -,8.304162
90.60,1549.558,864.60,-109.381,97.34, -,8.304162
90.65,1546.453,864.70,-106.381,97.34, -,8.304162
90.70,1543.35,864.80,-100.4286,97.34, -,8.304162
90.75,1537.143,865.00,-100.4286,97.34, -,8.304162
90.80,1530.937,865.20,-97.42857,97.34, -,8.304162
90.85,1524.733,865.40,-97.42857,97.34, -,8.304162
90.90,1518.531,865.60,-97.42857,97.34, -,8.304162
90.95,1512.329,865.80,-97.42857,97.34, -,8.304162
91.00,1503.028,866.10,-100.381,97.34, -,8.304162
91.05,1496.829,866.30,-100.381,97.34, -,8.304162
91.10,1490.631,866.50,-103.3333,97.34, -,8.304162
91.15,1385.444,869.90,-197.619,97.34, Main,8.304162
91.20,821.9097,888.30,-725.4762,97.34, -,8.304162
91.25,1708.247,859.50,124.5714,97.34, -,8.304162
91.30,1453.468,867.70,-112.1905,97.34, -,8.304162
91.35,1441.091,868.10,-121.0476,97.34, -,8.304162
91.40,1431.809,868.40,-124,97.34, -,8.304162
91.45,1419.439,868.80,-132.8095,97.34, -,8.304162
91.50,1419.439,868.80,-132.8095,97.34, -,8.284714
91.55,1419.439,868.80,-129.8571,97.34, -,8.284714
91.60,1407.073,869.20,-138.6667,97.34, -,8.284714
91.65,1391.623,869.70,-150.4286,97.34, -,8.284714
91.70,1382.356,870.00,-156.2857,97.34, -,8.284714
91.75,1379.268,870.10,-156.2857,97.34, -,8.284714
91.80,1376.179,870.20,-153.3333,97.34, -,8.284714
91.85,1370.004,870.40,-153.3333,97.34, -,8.284714
91.90,1363.831,870.60,-153.2857,97.34, -,8.284714
91.95,1357.657,870.80,-153.2381,97.34, -,8.284714
92.00,1345.314,871.20,-159.0952,97.34, -,8.284714
92.05,1342.23,871.30,-153.1905,97.34, -,8.284714
92.10,1342.23,871.30,-147.2857,97.34, -,8.284714
92.15,1336.061,871.50,-147.2381,97.34, -,8.284714
92.20,1336.061,871.50,-47.04762,97.34, -,8.284714
92.25,1326.81,871.80,480.8571,97.34, -,8.284714
92.30,1320.643,872.00,-369.1429,97.34, -,8.284714
92.35,1317.561,872.10,-129.4286,97.34, -,8.284714
92.40,1311.396,872.30,-123.4762,97.34, -,8.284714
92.45,1308.313,872.40,-117.5714,97.34, -,8.284714
92.50,1305.233,872.50,-108.7619,97.34, -,8.284714
92.55,1302.152,872.60,-111.7143,97.16, -,8.284714
92.60,1299.07,872.70,-114.6667,97.16, -,8.284714
92.65,1295.99,872.80,-105.8571,97.16, -,8.284714
92.70,1289.829,873.00,-97,97.16, -,8.284714
92.75,1286.75,873.10,-91.14286,97.16, -,8.284714
92.80,1280.591,873.30,-94.04762,97.16, -,8.284714
92.85,1274.433,873.50,-96.95238,97.16, -,8.284714
92.90,1268.277,873.70,-96.90476,97.16, -,8.284714
92.95,1262.121,873.90,-96.90476,97.16, -,8.284714
93.00,1259.045,874.00,-94,97.16, -,8.284714
93.05,1249.815,874.30,-91.04762,97.16, -,8.284714
93.10,1246.738,874.40,-91.04762,97.16, -,8.284714
93.15,1240.588,874.60,-96.90476,97.16, -,8.284714
93.20,1237.512,874.70,-94,97.16, -,8.284714
93.25,1234.437,874.80,-96.90476,97.16, -,8.284714
93.30,1228.288,875.00,-93.95238,97.16, -,8.284714
93.35,1225.215,875.10,-91,97.16, -,8.284714
93.40,1225.215,875.10,-88.04762,97.16, -,8.284714
93.45,1219.067,875.30,-88.04762,97.16, -,8.284714
93.50,1215.993,875.40,-88,97.16, -,8.284714
93.55,1212.92,875.50,-87.95238,97.16, -,8.284714
93.60,1206.775,875.70,-90.85714,97.16, -,8.284714
93.65,1203.704,875.80,-90.80952,97.16, -,8.284714
93.70,1197.56,876.00,-93.71429,97.16, -,8.284714
93.75,1197.56,876.00,-87.85714,97.16, -,8.284714
93.80,1231.362,874.90,-52.71429,97.16, -,8.284714
93.85,1252.891,874.20,-26.33333,97.16, -,8.284714
93.90,1243.663,874.50,-29.28572,97.16, -,8.284714
93.95,1228.288,875.00,-38.04762,97.16, -,8.284714
94.00,1225.215,875.10,-35.09524,97.16, -,8.284714
94.05,1222.14,875.20,-35.04762,97.16, -,8.284714
94.10,1225.215,875.10,-23.33333,97.16, -,8.284714
94.15,1225.215,875.10,-20.38095,97.16, -,8.284714
94.20,1222.14,875.20,-17.42857,97.16, -,8.284714
94.25,1215.993,875.40,-20.33333,97.16, -,8.284714
94.30,1215.993,875.40,-17.42857,97.16, -,8.284714
94.35,1219.067,875.30,-8.666667,97.16, -,8.284714
94.40,1219.067,875.30,-5.761905,97.16, -,8.284714
94.45,1219.067,875.30,-5.761905,97.16, -,8.284714
94.50,1219.067,875.30,0.0952381,97.16, -,8.284714
94.55,1219.067,875.30,3,97.16, -,8.284714
94.60,1212.92,875.50,0.04761905,97.16, -,8.284714
94.65,1209.849,875.60,3,97.16, -,8.284714
94.70,1206.775,875.70,3,97.16, -,8.284714
94.75,1209.849,875.60,11.7619,97.16, -,8.284714
94.80,1209.849,875.60,11.7619,97.16, -,8.284714
94.85,1203.704,875.80,-26.28572,97.16, -,8.284714
94.90,1203.704,875.80,-46.80952,97.16, -,8.284714
94.95,1206.775,875.70,-35.09524,97.16, -,8.284714
95.00,1203.704,875.80,-23.38095,97.16, -,8.284714
95.05,1200.631,875.90,-23.38095,97.16, -,8.284714
95.10,1194.49,876.10,-26.33333,97.16, -,8.284714
95.15,1191.417,876.20,-32.14286,97.16, -,8.284714
95.20,1194.49,876.10,-29.23809,97.16, -,8.284714
95.25,1194.49,876.10,-26.33333,97.16, -,8.284714
95.30,1197.56,876.00,-17.57143,97.16, -,8.284714
95.35,1197.56,876.00,-17.57143,97.16, -,8.284714
95.40,1191.417,876.20,-26.33333,97.16, -,8.284714
95.45,1185.276,876.40,-32.19048,97.16, -,8.284714
95.50,1182.207,876.50,-35.09524,97.16, -,8.304162
95.55,1182.207,876.50,-35.09524,97.16, -,8.304162
95.60,1182.207,876.50,-35.09524,97.16, -,8.304162
95.65,1182.207,876.50,-29.23809,97.16, -,8.304162
95.70,1182.207,876.50,-26.33333,97.16, -,8.304162
95.75,1179.138,876.60,-26.33333,97.16, -,8.304162
95.80,1176.067,876.70,-32.14286,97.16, -,8.304162
95.85,1172.998,876.80,-35.04762,97.16, -,8.304162
95.90,1169.928,876.90,-32.09524,97.16, -,8.304162
95.95,1169.928,876.90,-32.09524,97.16, -,8.304162
96.00,1169.928,876.90,-35,97.16, -,8.304162
96.05,1169.928,876.90,-32.09524,97.16, -,8.304162
96.10,1166.86,877.00,-32.09524,97.16, -,8.304162
96.15,1166.86,877.00,-26.23809,97.16, -,8.304162
96.20,1166.86,877.00,-23.33333,97.16, -,8.304162
96.25,1163.793,877.10,-29.14286,97.16, -,8.304162
96.30,1160.723,877.20,-32.04762,97.16, -,8.304162
96.35,1160.723,877.20,-34.95238,97.16, -,8.304162
96.40,1157.656,877.30,-37.85714,97.16, -,8.304162
96.45,1157.656,877.30,-32,97.16, -,8.304162
96.50,1154.588,877.40,-29.04762,97.16, -,8.304162
96.55,1157.656,877.30,-23.23809,97.34, -,8.304162
96.60,1157.656,877.30,-23.23809,97.34, -,8.304162
96.65,1154.588,877.40,-26.14286,97.34, -,8.304162
96.70,1154.588,877.40,-26.14286,97.34, -,8.304162
96.75,1154.588,877.40,-26.14286,97.34, -,8.304162
96.80,1151.521,877.50,-26.14286,97.34, -,8.304162
96.85,1151.521,877.50,-23.23809,97.34, -,8.304162
96.90,1148.455,877.60,-23.23809,97.34, -,8.304162
96.95,1148.455,877.60,-20.33333,97.34, -,8.304162
97.00,1148.455,877.60,-20.33333,97.34, -,8.304162
97.05,1145.387,877.70,-23.23809,97.34, -,8.304162
97.10,1145.387,877.70,-23.23809,97.34, -,8.304162
97.15,1145.387,877.70,-20.33333,97.34, -,8.304162
97.20,1145.387,877.70,-20.33333,97.34, -,8.304162
97.25,1145.387,877.70,-20.33333,97.34, -,8.304162
97.30,1145.387,877.70,-17.42857,97.34, -,8.304162
97.35,1145.387,877.70,-14.52381,97.34, -,8.304162
97.40,1142.321,877.80,-17.42857,97.34, -,8.304162
97.45,1142.321,877.80,-14.52381,97.34, -,8.304162
97.50,1142.321,877.80,-14.52381,97.16, -,8.304162
97.55,1142.321,877.80,-11.61905,97.16, -,8.304162
97.60,1139.254,877.90,-17.42857,97.16, -,8.304162
97.65,1139.254,877.90,-17.42857,97.16, -,8.304162
97.70,1139.254,877.90,-14.52381,97.16, -,8.304162
97.75,1136.189,878.00,-17.42857,97.16, -,8.304162
97.80,1136.189,878.00,-17.42857,97.16, -,8.304162
97.85,1136.189,878.00,-14.52381,97.16, -,8.304162
97.90,1133.124,878.10,-17.42857,97.16, -,8.304162
97.95,1133.124,878.10,-14.52381,97.16, -,8.304162
98.00,1133.124,878.10,-14.52381,97.16, -,8.304162
98.05,1133.124,878.10,-14.52381,97.16, -,8.304162
98.10,1133.124,878.10,-11.61905,97.16, -,8.304162
98.15,1130.058,878.20,-14.52381,97.16, -,8.304162
98.20,1130.058,878.20,-14.52381,97.16, -,8.304162
98.25,1130.058,878.20,-14.52381,97.16, -,8.304162
98.30,1126.994,878.30,-17.42857,97.16, -,8.304162
98.35,1126.994,878.30,-17.42857,97.16, -,8.304162
98.40,1126.994,878.30,-17.42857,97.16, -,8.304162
98.45,1123.928,878.40,-17.42857,97.16, -,8.304162
98.50,1120.864,878.50,-20.33333,97.16, -,8.304162
98.55,1120.864,878.50,-20.33333,97.16, -,8.284714
98.60,1117.801,878.60,-23.23809,97.16, -,8.284714
98.65,1117.801,878.60,-20.33333,97.16, -,8.284714
98.70,1114.736,878.70,-23.23809,97.16, -,8.284714
98.75,1114.736,878.70,-23.23809,97.16, -,8.284714
98.80,1111.673,878.80,-23.23809,97.16, -,8.284714
98.85,1111.673,878.80,-23.23809,97.16, -,8.284714
98.90,1108.608,878.90,-26.14286,97.16, -,8.284714
98.95,1108.608,878.90,-23.23809,97.16, -,8.284714
99.00,1105.546,879.00,-26.14286,97.16, -,8.284714
99.05,1105.546,879.00,-26.14286,97.16, -,8.284714
99.10,1102.484,879.10,-29.04762,97.16, -,8.284714
99.15,1102.484,879.10,-29.04762,97.16, -,8.284714
99.20,1102.484,879.10,-26.14286,97.16, -,8.284714
99.25,1099.42,879.20,-29.04762,97.16, -,8.284714
99.30,1096.359,879.30,-31.95238,97.16, -,8.284714
99.35,1096.359,879.30,-29.04762,97.16, -,8.284714
99.40,1096.359,879.30,-29.04762,97.16, -,8.284714
99.45,1096.359,879.30,-29.04762,97.16, -,8.284714
99.50,1093.296,879.40,-29.04762,97.16, -,8.284714
99.55,1093.296,879.40,-26.14286,97.16, -,8.284714
99.60,1090.235,879.50,-29.04762,97.16, -,8.284714
99.65,1090.235,879.50,-26.14286,97.16, -,8.284714
99.70,1090.235,879.50,-26.14286,97.16, -,8.284714
99.75,1090.235,879.50,-23.23809,97.16, -,8.284714
99.80,1087.174,879.60,-26.14286,97.16, -,8.284714
99.85,1087.174,879.60,-23.23809,97.16, -,8.284714
99.90,1087.174,879.60,-23.23809,97.16, -,8.284714
99.95,1087.174,879.60,-20.33333,97.16, -,8.284714
100.00,1087.174,879.60,-20.33333,97.16, -,8.284714
100.05,1087.174,879.60,-17.42857,97.16, -,8.284714
100.10,1084.112,879.70,-20.33333,97.16, -,8.284714
100.15,1084.112,879.70,-17.42857,97.16, -,8.284714
100.20,1081.052,879.80,-20.33333,97.16, -,8.284714
100.25,1077.991,879.90,-23.23809,97.16, -,8.284714
100.30,1074.931,880.00,-23.23809,97.16, -,8.284714
100.35,1074.931,880.00,-20.33333,97.16, -,8.284714
100.40,1074.931,880.00,-20.33333,97.16, -,8.284714
100.45,1071.872,880.10,-23.23809,97.16, -,8.284714
100.50,1071.872,880.10,-23.23809,97.16, -,8.284714
100.55,1071.872,880.10,-20.33333,97.16, -,8.284714
100.60,1071.872,880.10,-20.33333,97.16, -,8.284714
100.65,1071.872,880.10,-17.42857,97.16, -,8.284714
100.70,1068.811,880.20,-20.33333,97.16, -,8.284714
100.75,1068.811,880.20,-20.33333,97.16, -,8.284714
100.80,1068.811,880.20,-20.33333,97.16, -,8.284714
100.85,1065.753,880.30,-20.33333,97.16, -,8.284714
100.90,1065.753,880.30,-20.33333,97.16, -,8.284714
100.95,1065.753,880.30,-20.33333,97.16, -,8.284714
101.00,1062.692,880.40,-23.23809,97.16, -,8.284714
101.05,1062.692,880.40,-23.23809,97.16, -,8.284714
101.10,1059.634,880.50,-26.14286,97.16, -,8.284714
101.15,1059.634,880.50,-23.23809,97.16, -,8.284714
101.20,1059.634,880.50,-23.23809,97.16, -,8.284714
101.25,1056.577,880.60,-23.23809,97.16, -,8.284714
101.30,1056.577,880.60,-20.33333,97.16, -,8.284714
101.35,1056.577,880.60,-17.42857,97.16, -,8.284714
101.40,1056.577,880.60,-17.42857,97.16, -,8.284714
101.45,1056.577,880.60,-17.42857,97.16, -,8.284714
101.50,1053.517,880.70,-17.42857,97.34, -,8.304162
101.55,1053.517,880.70,-17.42857,97.34, -,8.304162
101.60,1050.46,880.80,-20.33333,97.34, -,8.304162
101.65,1050.46,880.80,-20.33333,97.34, -,8.304162
101.70,1050.46,880.80,-20.33333,97.34, -,8.304162
101.75,1047.401,880.90,-20.33333,97.34, -,8.304162
101.80,1047.401,880.90,-20.33333,97.34, -,8.304162
101.85,1047.401,880.90,-20.33333,97.34, -,8.304162
101.90,1047.401,880.90,-17.42857,97.34, -,8.304162
101.95,1044.344,881.00,-20.33333,97.34, -,8.304162
102.00,1044.344,881.00,-20.33333,97.34, -,8.304162
102.05,1041.288,881.10,-20.33333,97.34, -,8.304162
102.10,1044.344,881.00,-17.42857,97.34, -,8.304162
102.15,1041.288,881.10,-17.42857,97.34, -,8.304162
102.20,1041.288,881.10,-17.42857,97.34, -,8.304162
102.25,1041.288,881.10,-17.42857,97.34, -,8.304162
102.30,1038.23,881.20,-17.42857,97.34, -,8.304162
102.35,1038.23,881.20,-17.42857,97.34, -,8.304162
102.40,1038.23,881.20,-17.42857,97.34, -,8.304162
102.45,1038.23,881.20,-17.42857,97.34, -,8.304162
102.50,1035.174,881.30,-20.33333,97.34, -,8.304162
102.55,1035.174,881.30,-17.42857,97.34, -,8.284714
102.60,1035.174,881.30,-17.42857,97.34, -,8.284714
102.65,1035.174,881.30,-14.52381,97.34, -,8.284714
102.70,1032.117,881.40,-17.42857,97.34, -,8.284714
102.75,1032.117,881.40,-17.42857,97.34, -,8.284714
102.80,1032.117,881.40,-14.52381,97.34, -,8.284714
102.85,1032.117,881.40,-14.52381,97.34, -,8.284714
102.90,1029.062,881.50,-17.42857,97.34, -,8.284714
102.95,1029.062,881.50,-17.42857,97.34, -,8.284714
103.00,1026.007,881.60,-17.42857,97.34, -,8.284714
103.05,1026.007,881.60,-17.42857,97.34, -,8.284714
103.10,1026.007,881.60,-14.52381,97.34, -,8.284714
103.15,1026.007,881.60,-17.42857,97.34, -,8.284714
103.20,1022.95,881.70,-17.42857,97.34, -,8.284714
103.25,1022.95,881.70,-17.42857,97.34, -,8.284714
103.30,1022.95,881.70,-17.42857,97.34, -,8.284714
103.35,1022.95,881.70,-14.52381,97.34, -,8.284714
103.40,1019.896,881.80,-17.42857,97.34, -,8.284714
103.45,1019.896,881.80,-17.42857,97.34, -,8.284714
103.50,1019.896,881.80,-17.42857,97.34, -,8.304162
103.55,1016.84,881.90,-17.42857,97.34, -,8.304162
103.60,1016.84,881.90,-17.42857,97.34, -,8.304162
103.65,1013.786,882.00,-20.33333,97.34, -,8.304162
103.70,1013.786,882.00,-20.33333,97.34, -,8.304162
103.75,1013.786,882.00,-17.42857,97.34, -,8.304162
103.80,1010.732,882.10,-20.33333,97.34, -,8.304162
103.85,1010.732,882.10,-20.33333,97.34, -,8.304162
103.90,1010.732,882.10,-20.33333,97.34, -,8.304162
103.95,1010.732,882.10,-17.42857,97.34, -,8.304162
104.00,1007.677,882.20,-20.33333,97.34, -,8.304162
104.05,1004.624,882.30,-20.33333,97.34, -,8.304162
104.10,1004.624,882.30,-20.33333,97.34, -,8.304162
104.15,1004.624,882.30,-20.33333,97.34, -,8.304162
104.20,1004.624,882.30,-20.33333,97.34, -,8.304162
104.25,1001.57,882.40,-20.33333,97.34, -,8.304162
104.30,1001.57,882.40,-20.33333,97.34, -,8.304162
104.35,1001.57,882.40,-20.33333,97.34, -,8.304162
104.40,998.5172,882.50,-23.23809,97.34, -,8.304162
104.45,998.5172,882.50,-20.33333,97.34, -,8.304162
104.50,995.465,882.60,-23.23809,97.34, -,8.304162
104.55,995.465,882.60,-23.23809,97.34, -,8.304162
104.60,995.465,882.60,-20.33333,97.34, -,8.304162
104.65,992.4112,882.70,-23.23809,97.34, -,8.304162
104.70,992.4112,882.70,-20.33333,97.34, -,8.304162
104.75,992.4112,882.70,-20.33333,97.34, -,8.304162
104.80,989.3596,882.80,-23.23809,97.34, -,8.304162
104.85,989.3596,882.80,-20.33333,97.34, -,8.304162
104.90,989.3596,882.80,-20.33333,97.34, -,8.304162
104.95,989.3596,882.80,-20.33333,97.34, -,8.304162
105.00,986.3064,882.90,-23.23809,97.34, -,8.304162
105.05,986.3064,882.90,-20.33333,97.34, -,8.304162
105.10,986.3064,882.90,-17.42857,97.34, -,8.304162
105.15,983.2554,883.00,-20.33333,97.34, -,8.304162
105.20,983.2554,883.00,-20.33333,97.34, -,8.304162
105.25,980.2046,883.10,-23.23809,97.34, -,8.304162
105.30,980.2046,883.10,-20.33333,97.34, -,8.304162
105.35,980.2046,883.10,-20.33333,97.34, -,8.304162
105.40,977.1522,883.20,-23.23809,97.34, -,8.304162
105.45,977.1522,883.20,-20.33333,97.34, -,8.304162
105.50,974.1021,883.30,-23.23809,97.34, -,8.304162
105.55,974.1021,883.30,-20.33333,97.34, -,8.304162
105.60,974.1021,883.30,-20.33333,97.34, -,8.304162
105.65,974.1021,883.30,-20.33333,97.34, -,8.304162
105.70,971.0502,883.40,-20.33333,97.34, -,8.304162
105.75,971.0502,883.40,-20.33333,97.34, -,8.304162
105.80,968.0006,883.50,-23.23809,97.34, -,8.304162
105.85,968.0006,883.50,-20.33333,97.34, -,8.304162
105.90,964.9512,883.60,-23.23809,97.34, -,8.304162
105.95,964.9512,883.60,-23.23809,97.34, -,8.304162
106.00,964.9512,883.60,-23.23809,97.34, -,8.304162
106.05,964.9512,883.60,-20.33333,97.34, -,8.304162
106.10,961.9003,883.70,-23.23809,97.34, -,8.304162
106.15,961.9003,883.70,-23.23809,97.34, -,8.304162
106.20,961.9003,883.70,-20.33333,97.34, -,8.304162
106.25,958.8514,883.80,-23.23809,97.34, -,8.304162
106.30,958.8514,883.80,-20.33333,97.34, -,8.304162
106.35,958.8514,883.80,-20.33333,97.34, -,8.304162
106.40,955.8011,883.90,-23.23809,97.34, -,8.304162
106.45,955.8011,883.90,-20.33333,97.34, -,8.304162
106.50,955.8011,883.90,-20.33333,97.34, -,8.304162
106.55,952.7528,884.00,-20.33333,97.34, -,8.304162
106.60,952.7528,884.00,-20.33333,97.34, -,8.304162
106.65,952.7528,884.00,-20.33333,97.34, -,8.304162
106.70,949.7048,884.10,-23.23809,97.34, -,8.304162
106.75,949.7048,884.10,-20.33333,97.34, -,8.304162
106.80,949.7048,884.10,-20.33333,97.34, -,8.304162
106.85,949.7048,884.10,-17.42857,97.34, -,8.304162
106.90,946.6553,884.20,-20.33333,97.34, -,8.304162
106.95,946.6553,884.20,-17.42857,97.34, -,8.304162
107.00,943.6078,884.30,-20.33333,97.34, -,8.304162
107.05,943.6078,884.30,-20.33333,97.34, -,8.304162
107.10,943.6078,884.30,-20.33333,97.34, -,8.304162
107.15,940.5588,884.40,-20.33333,97.34, -,8.304162
107.20,940.5588,884.40,-20.33333,97.34, -,8.304162
107.25,937.512,884.50,-23.23809,97.34, -,8.304162
107.30,937.512,884.50,-20.33333,97.34, -,8.304162
107.35,937.512,884.50,-20.33333,97.34, -,8.304162
107.40,937.512,884.50,-20.33333,97.34, -,8.304162
107.45,934.4655,884.60,-20.33333,97.34, -,8.304162
107.50,931.4173,884.70,-23.23809,97.34, -,8.284714
107.55,931.4173,884.70,-23.23809,97.34, -,8.284714
107.60,931.4173,884.70,-20.33333,97.34, -,8.284714
107.65,931.4173,884.70,-20.33333,97.34, -,8.284714
107.70,928.3713,884.80,-23.23809,97.34, -,8.284714
107.75,928.3713,884.80,-20.33333,97.34, -,8.284714
107.80,928.3713,884.80,-20.33333,97.34, -,8.284714
107.85,925.3237,884.90,-23.23809,97.34, -,8.284714
107.90,925.3237,884.90,-23.23809,97.34, -,8.284714
107.95,925.3237,884.90,-20.33333,97.34, -,8.284714
108.00,922.2782,885.00,-23.23809,97.34, -,8.284714
108.05,922.2782,885.00,-20.33333,97.34, -,8.284714
108.10,919.233,885.10,-23.23809,97.34, -,8.284714
108.15,919.233,885.10,-23.23809,97.34, -,8.284714
108.20,919.233,885.10,-20.33333,97.34, -,8.284714
108.25,919.233,885.10,-20.33333,97.34, -,8.284714
108.30,916.1862,885.20,-20.33333,97.34, -,8.284714
108.35,916.1862,885.20,-20.33333,97.34, -,8.284714
108.40,913.1416,885.30,-23.23809,97.34, -,8.284714
108.45,913.1416,885.30,-23.23809,97.34, -,8.284714
108.50,910.0954,885.40,-23.23809,97.34, -,8.284714
108.55,910.0954,885.40,-20.33333,97.34, -,8.304162
108.60,910.0954,885.40,-20.33333,97.34, -,8.304162
108.65,907.0513,885.50,-23.23809,97.34, -,8.304162
108.70,907.0513,885.50,-23.23809,97.34, -,8.304162
108.75,907.0513,885.50,-20.33333,97.34, -,8.304162
108.80,904.0075,885.60,-23.23809,97.34, -,8.304162
108.85,904.0075,885.60,-23.23809,97.34, -,8.304162
108.90,904.0075,885.60,-20.33333,97.34, -,8.304162
108.95,900.9622,885.70,-23.23809,97.34, -,8.304162
109.00,900.9622,885.70,-23.23809,97.34, -,8.304162
109.05,900.9622,885.70,-20.33333,97.34, -,8.304162
109.10,897.9189,885.80,-23.23809,97.34, -,8.304162
109.15,897.9189,885.80,-20.33333,97.34, -,8.304162
109.20,897.9189,885.80,-20.33333,97.34, -,8.304162
109.25,894.8741,885.90,-23.23809,97.34, -,8.304162
109.30,894.8741,885.90,-23.23809,97.34, -,8.304162
109.35,894.8741,885.90,-20.33333,97.34, -,8.304162
109.40,891.8314,886.00,-23.23809,97.34, -,8.304162
109.45,891.8314,886.00,-20.33333,97.34, -,8.304162
109.50,888.7891,886.10,-23.23809,97.34, -,8.284714
109.55,888.7891,886.10,-20.33333,97.34, -,8.284714
109.60,888.7891,886.10,-20.33333,97.34, -,8.284714
109.65,885.7451,886.20,-23.23809,97.34, -,8.284714
109.70,885.7451,886.20,-20.33333,97.34, -,8.284714
109.75,885.7451,886.20,-20.33333,97.34, -,8.284714
109.80,882.7032,886.30,-23.23809,97.34, -,8.284714
109.85,882.7032,886.30,-20.33333,97.34, -,8.284714
109.90,879.6598,886.40,-23.23809,97.34, -,8.284714
109.95,879.6598,886.40,-23.23809,97.34, -,8.284714
110.00,876.6185,886.50,-23.23809,97.34, -,8.284714
110.05,876.6185,886.50,-23.23809,97.34, -,8.284714
110.10,873.5775,886.60,-26.14286,97.34, -,8.284714
110.15,873.5775,886.60,-23.23809,97.34, -,8.284714
110.20,873.5775,886.60,-23.23809,97.34, -,8.284714
110.25,870.5349,886.70,-26.14286,97.34, -,8.284714
110.30,870.5349,886.70,-23.23809,97.34, -,8.284714
110.35,867.4944,886.80,-26.14286,97.34, -,8.284714
110.40,867.4944,886.80,-26.14286,97.34, -,8.284714
110.45,867.4944,886.80,-23.23809,97.34, -,8.284714
110.50,867.4944,886.80,-23.23809,97.34, -,8.284714
110.55,864.4524,886.90,-23.23809,97.34, -,8.284714
110.60,864.4524,886.90,-23.23809,97.34, -,8.284714
110.65,861.4125,887.00,-26.14286,97.34, -,8.284714
110.70,861.4125,887.00,-23.23809,97.34, -,8.284714
110.75,858.3729,887.10,-26.14286,97.34, -,8.284714
110.80,858.3729,887.10,-26.14286,97.34, -,8.284714
110.85,855.3317,887.20,-26.14286,97.34, -,8.284714
110.90,855.3317,887.20,-26.14286,97.34, -,8.284714
110.95,855.3317,887.20,-23.23809,97.34, -,8.284714
111.00,852.2926,887.30,-26.14286,97.34, -,8.284714
111.05,852.2926,887.30,-23.23809,97.34, -,8.284714
111.10,849.252,887.40,-26.14286,97.34, -,8.284714
111.15,849.252,887.40,-23.23809,97.34, -,8.284714
111.20,849.252,887.40,-23.23809,97.34, -,8.284714
111.25,846.2134,887.50,-26.14286,97.34, -,8.284714
111.30,846.2134,887.50,-23.23809,97.34, -,8.284714
111.35,846.2134,887.50,-23.23809,97.34, -,8.284714
111.40,843.1752,887.60,-23.23809,97.34, -,8.284714
111.45,843.1752,887.60,-23.23809,97.34, -,8.284714
111.50,843.1752,887.60,-23.23809,97.34, -,8.304162
111.55,840.1354,887.70,-26.14286,97.34, -,8.304162
111.60,840.1354,887.70,-23.23809,97.34, -,8.304162
111.65,837.0977,887.80,-26.14286,97.34, -,8.304162
111.70,837.0977,887.80,-23.23809,97.34, -,8.304162
111.75,837.0977,887.80,-23.23809,97.34, -,8.304162
111.80,837.0977,887.80,-20.33333,97.34, -,8.304162
111.85,834.0584,887.90,-23.23809,97.34, -,8.304162
111.90,834.0584,887.90,-20.33333,97.34, -,8.304162
111.95,834.0584,887.90,-20.33333,97.34, -,8.304162
112.00,831.0213,888.00,-23.23809,97.34, -,8.304162
112.05,831.0213,888.00,-20.33333,97.34, -,8.304162
112.10,827.9844,888.10,-23.23809,97.34, -,8.304162
112.15,827.9844,888.10,-20.33333,97.34, -,8.304162
112.20,824.946,888.20,-23.23809,97.34, -,8.304162
112.25,824.946,888.20,-23.23809,97.34, -,8.304162
112.30,824.946,888.20,-20.33333,97.34, -,8.304162
112.35,821.9097,888.30,-23.23809,97.34, -,8.304162
112.40,821.9097,888.30,-23.23809,97.34, -,8.304162
112.45,821.9097,888.30,-20.33333,97.34, -,8.304162
112.50,818.8718,888.40,-23.23809,97.34, -,8.304162
112.55,818.8718,888.40,-23.23809,97.34, -,8.284714
112.60,818.8718,888.40,-20.33333,97.34, -,8.284714
112.65,815.8361,888.50,-23.23809,97.34, -,8.284714
112.70,815.8361,888.50,-20.33333,97.34, -,8.284714
112.75,812.8007,888.60,-23.23809,97.34, -,8.284714
112.80,812.8007,888.60,-23.23809,97.34, -,8.284714
112.85,812.8007,888.60,-23.23809,97.34, -,8.284714
112.90,812.8007,888.60,-20.33333,97.34, -,8.284714
112.95,809.7636,888.70,-23.23809,97.34, -,8.284714
113.00,809.7636,888.70,-23.23809,97.34, -,8.284714
113.05,806.7287,888.80,-23.23809,97.34, -,8.284714
113.10,806.7287,888.80,-23.23809,97.34, -,8.284714
113.15,806.7287,888.80,-20.33333,97.34, -,8.284714
113.20,803.6922,888.90,-23.23809,97.34, -,8.284714
113.25,803.6922,888.90,-20.33333,97.34, -,8.284714
113.30,803.6922,888.90,-20.33333,97.34, -,8.284714
113.35,800.6578,889.00,-23.23809,97.34, -,8.284714
113.40,800.6578,889.00,-20.33333,97.34, -,8.284714
113.45,800.6578,889.00,-20.33333,97.34, -,8.284714
113.50,800.6578,889.00,-20.33333,97.34, -,8.304162
113.55,797.6237,889.10,-20.33333,97.34, -,8.304162
113.60,797.6237,889.10,-20.33333,97.34, -,8.304162
113.65,794.5881,889.20,-23.23809,97.34, -,8.304162
113.70,794.5881,889.20,-20.33333,97.34, -,8.304162
113.75,791.5546,889.30,-23.23809,97.34, -,8.304162
113.80,791.5546,889.30,-20.33333,97.34, -,8.304162
113.85,791.5546,889.30,-20.33333,97.34, -,8.304162
113.90,788.5194,889.40,-23.23809,97.34, -,8.304162
113.95,788.5194,889.40,-23.23809,97.34, -,8.304162
114.00,788.5194,889.40,-20.33333,97.34, -,8.304162
114.05,788.5194,889.40,-20.33333,97.34, -,8.304162
114.10,788.5194,889.40,-17.42857,97.34, -,8.304162
114.15,785.4865,889.50,-20.33333,97.34, -,8.304162
114.20,782.4537,889.60,-23.23809,97.34, -,8.304162
114.25,782.4537,889.60,-20.33333,97.34, -,8.304162
114.30,782.4537,889.60,-20.33333,97.34, -,8.304162
114.35,782.4537,889.60,-20.33333,97.34, -,8.304162
114.40,779.4195,889.70,-20.33333,97.34, -,8.304162
114.45,776.3873,889.80,-23.23809,97.34, -,8.304162
114.50,776.3873,889.80,-23.23809,97.34, -,8.304162
114.55,776.3873,889.80,-23.23809,97.34, -,8.284714
114.60,773.3536,889.90,-23.23809,97.34, -,8.284714
114.65,773.3536,889.90,-23.23809,97.34, -,8.284714
114.70,770.322,890.00,-23.23809,97.34, -,8.284714
114.75,770.322,890.00,-23.23809,97.34, -,8.284714
114.80,770.322,890.00,-20.33333,97.34, -,8.284714
114.85,767.2906,890.10,-23.23809,97.34, -,8.284714
114.90,767.2906,890.10,-23.23809,97.34, -,8.284714
114.95,767.2906,890.10,-20.33333,97.34, -,8.284714
115.00,764.2578,890.20,-23.23809,97.34, -,8.284714
115.05,764.2578,890.20,-23.23809,97.34, -,8.284714
115.10,761.227,890.30,-26.14286,97.34, -,8.284714
115.15,761.227,890.30,-26.14286,97.34, -,8.284714
115.20,761.227,890.30,-23.23809,97.34, -,8.284714
115.25,761.227,890.30,-20.33333,97.34, -,8.284714
115.30,758.1946,890.40,-23.23809,97.34, -,8.284714
115.35,758.1946,890.40,-23.23809,97.34, -,8.284714
115.40,758.1946,890.40,-23.23809,97.34, -,8.284714
115.45,755.1644,890.50,-23.23809,97.34, -,8.284714
115.50,755.1644,890.50,-20.33333,97.34, -,8.304162
115.55,752.1345,890.60,-23.23809,97.34, -,8.304162
115.60,752.1345,890.60,-23.23809,97.34, -,8.304162
115.65,752.1345,890.60,-20.33333,97.34, -,8.304162
115.70,749.103,890.70,-23.23809,97.34, -,8.304162
115.75,749.103,890.70,-20.33333,97.34, -,8.304162
115.80,749.103,890.70,-20.33333,97.34, -,8.304162
115.85,746.0735,890.80,-23.23809,97.34, -,8.304162
115.90,746.0735,890.80,-20.33333,97.34, -,8.304162
115.95,746.0735,890.80,-20.33333,97.34, -,8.304162
116.00,743.0426,890.90,-23.23809,97.34, -,8.304162
116.05,743.0426,890.90,-20.33333,97.34, -,8.304162
116.10,740.0137,891.00,-23.23809,97.34, -,8.304162
116.15,740.0137,891.00,-20.33333,97.34, -,8.304162
116.20,740.0137,891.00,-20.33333,97.34, -,8.304162
116.25,736.9852,891.10,-23.23809,97.34, -,8.304162
116.30,736.9852,891.10,-23.23809,97.34, -,8.304162
116.35,736.9852,891.10,-20.33333,97.34, -,8.304162
116.40,736.9852,891.10,-20.33333,97.34, -,8.304162
116.45,733.955,891.20,-23.23809,97.34, -,8.304162
116.50,733.955,891.20,-20.33333,97.34, -,8.304162
116.55,733.955,891.20,-20.33333,97.34, -,8.284714
116.60,730.927,891.30,-20.33333,97.34, -,8.284714
116.65,730.927,891.30,-20.33333,97.34, -,8.284714
116.70,727.8974,891.40,-23.23809,97.34, -,8.284714
116.75,727.8974,891.40,-20.33333,97.34, -,8.284714
116.80,727.8974,891.40,-20.33333,97.34, -,8.284714
116.85,727.8974,891.40,-20.33333,97.34, -,8.284714
116.90,724.8699,891.50,-20.33333,97.34, -,8.284714
116.95,724.8699,891.50,-20.33333,97.34, -,8.284714
117.00,721.8427,891.60,-23.23809,97.34, -,8.284714
117.05,721.8427,891.60,-20.33333,97.34, -,8.284714
117.10,721.8427,891.60,-20.33333,97.34, -,8.284714
117.15,721.8427,891.60,-17.42857,97.34, -,8.284714
117.20,718.814,891.70,-20.33333,97.34, -,8.284714
117.25,718.814,891.70,-20.33333,97.34, -,8.284714
117.30,715.7873,891.80,-20.33333,97.34, -,8.284714
117.35,715.7873,891.80,-20.33333,97.34, -,8.284714
117.40,715.7873,891.80,-20.33333,97.34, -,8.284714
117.45,712.7591,891.90,-23.23809,97.34, -,8.284714
117.50,709.733,892.00,-23.23809,97.34, -,8.304162
117.55,709.733,892.00,-23.23809,97.34, -,8.304162
117.60,709.733,892.00,-23.23809,97.34, -,8.304162
117.65,709.733,892.00,-20.33333,97.34, -,8.304162
117.70,706.7072,892.10,-23.23809,97.34, -,8.304162
117.75,706.7072,892.10,-20.33333,97.34, -,8.304162
117.80,703.6798,892.20,-23.23809,97.34, -,8.304162
117.85,703.6798,892.20,-23.23809,97.34, -,8.304162
117.90,703.6798,892.20,-23.23809,97.34, -,8.304162
117.95,700.6545,892.30,-23.23809,97.34, -,8.304162
118.00,700.6545,892.30,-23.23809,97.34, -,8.304162
118.05,700.6545,892.30,-20.33333,97.34, -,8.304162
118.10,697.6277,892.40,-23.23809,97.34, -,8.304162
118.15,697.6277,892.40,-23.23809,97.34, -,8.304162
118.20,697.6277,892.40,-23.23809,97.34, -,8.304162
118.25,694.603,892.50,-23.19048,97.34, -,8.304162
118.30,694.603,892.50,-23.19048,97.34, -,8.304162
118.35,691.5785,892.60,-23.14286,97.34, -,8.304162
118.40,691.5785,892.60,-23.14286,97.34, -,8.304162
118.45,688.5525,892.70,-26.04762,97.34, -,8.304162
118.50,688.5525,892.70,-23.14286,97.34, -,8.304162
118.55,688.5525,892.70,-20.23809,97.34, -,8.284714
118.60,688.5525,892.70,-20.23809,97.34, -,8.284714
118.65,685.5286,892.80,-23.09524,97.34, -,8.284714
118.70,685.5286,892.80,-23.09524,97.34, -,8.284714
118.75,685.5286,892.80,-20.19048,97.34, -,8.284714
118.80,682.5031,892.90,-23.09524,97.34, -,8.284714
118.85,682.5031,892.90,-20.19048,97.34, -,8.284714
118.90,682.5031,892.90,-20.19048,97.34, -,8.284714
118.95,682.5031,892.90,-20.19048,97.34, -,8.284714
119.00,679.4797,893.00,-20.14286,97.34, -,8.284714
119.05,679.4797,893.00,-20.14286,97.34, -,8.284714
119.10,679.4797,893.00,-20.14286,97.34, -,8.284714
119.15,676.4567,893.10,-20.09524,97.34, -,8.284714
119.20,676.4567,893.10,-20.09524,97.34, -,8.284714
119.25,676.4567,893.10,-20.09524,97.34, -,8.284714
119.30,673.432,893.20,-20.09524,97.34, -,8.284714
119.35,673.432,893.20,-20.09524,97.34, -,8.284714
119.40,673.432,893.20,-17.23809,97.34, -,8.284714
119.45,670.4095,893.30,-20.09524,97.34, -,8.284714
119.50,670.4095,893.30,-17.19048,97.16, -,8.304162
119.55,667.3854,893.40,-20.04762,97.16, -,8.304162
119.60,667.3854,893.40,-20.04762,97.16, -,8.304162
119.65,667.3854,893.40,-20.04762,97.16, -,8.304162
119.70,664.3634,893.50,-20.04762,97.16, -,8.304162
119.75,664.3634,893.50,-20.04762,97.16, -,8.304162
119.80,664.3634,893.50,-20.04762,97.16, -,8.304162
119.85,661.3417,893.60,-20,97.16, -,8.304162
119.90,661.3417,893.60,-20,97.16, -,8.304162
119.95,661.3417,893.60,-20,97.16, -,8.304162
120.00,658.3184,893.70,-22.85714,97.16, -,8.304162
120.05,658.3184,893.70,-20,97.16, -,8.304162
120.10,658.3184,893.70,-20,97.16, -,8.304162
120.15,655.2972,893.80,-22.85714,97.16, -,8.304162
120.20,655.2972,893.80,-20,97.16, -,8.304162
120.25,652.2745,893.90,-22.85714,97.16, -,8.304162
120.30,652.2745,893.90,-22.85714,97.16, -,8.304162
120.35,652.2745,893.90,-20,97.16, -,8.304162
120.40,652.2745,893.90,-20,97.16, -,8.304162
120.45,649.2539,894.00,-22.85714,97.16, -,8.304162
120.50,649.2539,894.00,-20,97.16, -,8.304162
120.55,649.2539,894.00,-20,97.16, -,8.304162
120.60,646.2336,894.10,-20,97.16, -,8.304162
120.65,646.2336,894.10,-20,97.16, -,8.304162
120.70,646.2336,894.10,-20,97.16, -,8.304162
120.75,646.2336,894.10,-17.14286,97.16, -,8.304162
120.80,643.2117,894.20,-20,97.16, -,8.304162
120.85,643.2117,894.20,-20,97.16, -,8.304162
120.90,640.1919,894.30,-20,97.16, -,8.304162
120.95,640.1919,894.30,-20,97.16, -,8.304162
121.00,640.1919,894.30,-20,97.16, -,8.304162
121.05,640.1919,894.30,-17.14286,97.16, -,8.304162
121.10,637.1705,894.40,-20,97.16, -,8.304162
121.15,637.1705,894.40,-20,97.16, -,8.304162
121.20,634.1513,894.50,-20,97.16, -,8.304162
121.25,634.1513,894.50,-20,97.16, -,8.304162
121.30,634.1513,894.50,-17.14286,97.16, -,8.304162
121.35,634.1513,894.50,-17.14286,97.16, -,8.304162
121.40,631.1323,894.60,-20,97.16, -,8.304162
121.45,631.1323,894.60,-20,97.16, -,8.304162
121.50,631.1323,894.60,-17.14286,97.34, -,8.304162
121.55,631.1323,894.60,-17.14286,97.34, -,8.304162
121.60,628.1118,894.70,-20,97.34, -,8.304162
121.65,625.0933,894.80,-20,97.34, -,8.304162
121.70,628.1118,894.70,-17.14286,97.34, -,8.304162
121.75,628.1118,894.70,-17.14286,97.34, -,8.304162
121.80,625.0933,894.80,-20,97.34, -,8.304162
121.85,625.0933,894.80,-17.14286,97.34, -,8.304162
121.90,622.0734,894.90,-20,97.34, -,8.304162
121.95,622.0734,894.90,-17.14286,97.34, -,8.304162
122.00,622.0734,894.90,-17.14286,97.34, -,8.304162
122.05,622.0734,894.90,-17.14286,97.34, -,8.304162
122.10,619.0555,895.00,-20,97.34, -,8.304162
122.15,619.0555,895.00,-17.14286,97.34, -,8.304162
122.20,616.0378,895.10,-20,97.34, -,8.304162
122.25,616.0378,895.10,-17.14286,97.34, -,8.304162
122.30,616.0378,895.10,-17.14286,97.34, -,8.304162
122.35,613.0187,895.20,-20,97.34, -,8.304162
122.40,613.0187,895.20,-20,97.34, -,8.304162
122.45,613.0187,895.20,-17.14286,97.34, -,8.304162
122.50,610.0016,895.30,-20,97.34, -,8.304162
122.55,610.0016,895.30,-20,97.34, -,8.304162
122.60,610.0016,895.30,-20,97.34, -,8.304162
122.65,606.983,895.40,-20,97.34, -,8.304162
122.70,606.983,895.40,-17.14286,97.34, -,8.304162
122.75,606.983,895.40,-20,97.34, -,8.304162
122.80,606.983,895.40,-20,97.34, -,8.304162
122.85,603.9665,895.50,-20,97.34, -,8.304162
122.90,603.9665,895.50,-20,97.34, -,8.304162
122.95,603.9665,895.50,-17.14286,97.34, -,8.304162
123.00,603.9665,895.50,-17.14286,97.34, -,8.304162
123.05,600.9503,895.60,-20,97.34, -,8.304162
123.10,600.9503,895.60,-20,97.34, -,8.304162
123.15,597.9324,895.70,-20,97.34, -,8.304162
123.20,597.9324,895.70,-20,97.34, -,8.304162
123.25,597.9324,895.70,-17.14286,97.34, -,8.304162
123.30,594.9167,895.80,-20,97.34, -,8.304162
123.35,594.9167,895.80,-20,97.34, -,8.304162
123.40,594.9167,895.80,-17.14286,97.34, -,8.304162
123.45,594.9167,895.80,-17.14286,97.34, -,8.304162
123.50,591.8995,895.90,-20,97.34, -,8.284714
123.55,591.8995,895.90,-17.14286,97.34, -,8.284714
123.60,588.8843,896.00,-20,97.34, -,8.284714
123.65,588.8843,896.00,-20,97.34, -,8.284714
123.70,588.8843,896.00,-17.14286,97.34, -,8.284714
123.75,588.8843,896.00,-17.14286,97.34, -,8.284714
123.80,588.8843,896.00,-17.14286,97.34, -,8.284714
123.85,585.8694,896.10,-20,97.34, -,8.284714
123.90,585.8694,896.10,-17.14286,97.34, -,8.284714
123.95,585.8694,896.10,-17.14286,97.34, -,8.284714
124.00,582.853,896.20,-20,97.34, -,8.284714
124.05,582.853,896.20,-20,97.34, -,8.284714
124.10,579.8386,896.30,-20,97.34, -,8.284714
124.15,579.8386,896.30,-20,97.34, -,8.284714
124.20,579.8386,896.30,-17.14286,97.34, -,8.284714
124.25,576.8228,896.40,-20,97.34, -,8.284714
124.30,576.8228,896.40,-20,97.34, -,8.284714
124.35,573.809,896.50,-20,97.34, -,8.284714
124.40,573.809,896.50,-20,97.34, -,8.284714
124.45,573.809,896.50,-20,97.34, -,8.284714
124.50,573.809,896.50,-20,97.34, -,8.284714
124.55,570.7954,896.60,-20,97.34, -,8.304162
124.60,570.7954,896.60,-20,97.34, -,8.304162
124.65,570.7954,896.60,-17.14286,97.34, -,8.304162
124.70,567.7803,896.70,-20,97.34, -,8.304162
124.75,567.7803,896.70,-20,97.34, -,8.304162
124.80,567.7803,896.70,-20,97.34, -,8.304162
124.85,564.7674,896.80,-22.85714,97.34, -,8.304162
124.90,564.7674,896.80,-20,97.34, -,8.304162
124.95,564.7674,896.80,-20,97.34, -,8.304162
125.00,564.7674,896.80,-20,97.34, -,8.304162
125.05,561.7528,896.90,-20,97.34, -,8.304162
125.10,561.7528,896.90,-20,97.34, -,8.304162
125.15,561.7528,896.90,-17.14286,97.34, -,8.304162
125.20,558.7404,897.00,-20,97.34, -,8.304162
125.25,558.7404,897.00,-20,97.34, -,8.304162
125.30,555.7283,897.10,-20,97.34, -,8.304162
125.35,555.7283,897.10,-20,97.34, -,8.304162
125.40,555.7283,897.10,-17.14286,97.34, -,8.304162
125.45,555.7283,897.10,-17.14286,97.34, -,8.304162
125.50,552.7145,897.20,-20,97.34, -,8.304162
125.55,552.7145,897.20,-20,97.34, -,8.304162
125.60,552.7145,897.20,-17.14286,97.34, -,8.304162
125.65,549.7029,897.30,-20,97.34, -,8.304162
125.70,549.7029,897.30,-20,97.34, -,8.304162
125.75,549.7029,897.30,-17.14286,97.34, -,8.304162
125.80,546.6897,897.40,-20,97.34, -,8.304162
125.85,546.6897,897.40,-20,97.34, -,8.304162
125.90,546.6897,897.40,-17.14286,97.34, -,8.304162
125.95,543.6786,897.50,-20,97.34, -,8.304162
126.00,543.6786,897.50,-20,97.34, -,8.304162
126.05,543.6786,897.50,-20,97.34, -,8.304162
126.10,540.6678,897.60,-20,97.34, -,8.304162
126.15,540.6678,897.60,-20,97.34, -,8.304162
126.20,540.6678,897.60,-20,97.34, -,8.304162
126.25,540.6678,897.60,-17.14286,97.34, -,8.304162
126.30,537.6555,897.70,-20,97.34, -,8.304162
126.35,537.6555,897.70,-17.14286,97.34, -,8.304162
126.40,537.6555,897.70,-17.14286,97.34, -,8.304162
126.45,534.6452,897.80,-20,97.34, -,8.304162
126.50,534.6452,897.80,-20,97.34, -,8.304162
126.55,534.6452,897.80,-17.14286,97.34, -,8.323609
126.60,534.6452,897.80,-17.14286,97.34, -,8.323609
126.65,531.6334,897.90,-20,97.34, -,8.323609
126.70,531.6334,897.90,-17.14286,97.34, -,8.323609
126.75,531.6334,897.90,-17.14286,97.34, -,8.323609
126.80,528.6237,898.00,-20,97.34, -,8.323609
126.85,528.6237,898.00,-17.14286,97.34, -,8.323609
126.90,528.6237,898.00,-17.14286,97.34, -,8.323609
126.95,525.6143,898.10,-20,97.34, -,8.323609
127.00,525.6143,898.10,-17.14286,97.34, -,8.323609
127.05,525.6143,898.10,-17.14286,97.34, -,8.323609
127.10,522.6033,898.20,-20,97.34, -,8.323609
127.15,522.6033,898.20,-17.14286,97.34, -,8.323609
127.20,522.6033,898.20,-17.14286,97.34, -,8.323609
127.25,519.5944,898.30,-20,97.34, -,8.323609
127.30,519.5944,898.30,-20,97.34, -,8.323609
127.35,519.5944,898.30,-17.14286,97.34, -,8.323609
127.40,516.5839,898.40,-20,97.34, -,8.323609
127.45,516.5839,898.40,-20,97.34, -,8.323609
127.50,516.5839,898.40,-17.14286,97.34, -,8.284714
127.55,513.5755,898.50,-20,97.34, -,8.284714
127.60,513.5755,898.50,-20,97.34, -,8.284714
127.65,513.5755,898.50,-20,97.34, -,8.284714
127.70,510.5674,898.60,-20,97.34, -,8.284714
127.75,510.5674,898.60,-20,97.34, -,8.284714
127.80,507.5578,898.70,-22.85714,97.34, -,8.284714
127.85,507.5578,898.70,-20,97.34, -,8.284714
127.90,507.5578,898.70,-20,97.34, -,8.284714
127.95,507.5578,898.70,-20,97.34, -,8.284714
128.00,507.5578,898.70,-17.14286,97.34, -,8.284714
128.05,507.5578,898.70,-17.14286,97.34, -,8.284714
128.10,504.5502,898.80,-20,97.34, -,8.284714
128.15,504.5502,898.80,-17.14286,97.34, -,8.284714
128.20,501.5411,898.90,-20,97.34, -,8.284714
128.25,501.5411,898.90,-20,97.34, -,8.284714
128.30,501.5411,898.90,-17.14286,97.34, -,8.284714
128.35,501.5411,898.90,-17.14286,97.34, -,8.284714
128.40,498.5341,899.00,-20,97.34, -,8.284714
128.45,498.5341,899.00,-17.14286,97.34, -,8.284714
128.50,498.5341,899.00,-17.14286,97.34, -,8.284714
128.55,498.5341,899.00,-17.14286,97.34, -,8.304162
128.60,495.5274,899.10,-17.14286,97.34, -,8.304162
128.65,495.5274,899.10,-17.14286,97.34, -,8.304162
128.70,492.5191,899.20,-20,97.34, -,8.304162
128.75,492.5191,899.20,-17.14286,97.34, -,8.304162
128.80,489.5129,899.30,-20,97.34, -,8.304162
128.85,489.5129,899.30,-17.14286,97.34, -,8.304162
128.90,489.5129,899.30,-17.14286,97.34, -,8.304162
128.95,486.5052,899.40,-20,97.34, -,8.304162
129.00,486.5052,899.40,-20,97.34, -,8.304162
129.05,486.5052,899.40,-20,97.34, -,8.304162
129.10,483.4995,899.50,-22.85714,97.34, -,8.304162
129.15,483.4995,899.50,-20,97.34, -,8.304162
129.20,483.4995,899.50,-20,97.34, -,8.304162
129.25,483.4995,899.50,-17.14286,97.34, -,8.304162
129.30,483.4995,899.50,-17.14286,97.34, -,8.304162
129.35,480.4941,899.60,-20,97.34, -,8.304162
129.40,480.4941,899.60,-20,97.34, -,8.304162
129.45,477.4872,899.70,-20,97.34, -,8.304162
129.50,477.4872,899.70,-20,97.16, -,8.304162
129.55,477.4872,899.70,-20,97.16, -,8.304162
129.60,477.4872,899.70,-20,97.16, -,8.304162
129.65,474.4824,899.80,-20,97.16, -,8.304162
129.70,474.4824,899.80,-20,97.16, -,8.304162
129.75,474.4824,899.80,-17.14286,97.16, -,8.304162
129.80,471.476,899.90,-20,97.16, -,8.304162
129.85,471.476,899.90,-17.14286,97.16, -,8.304162
129.90,471.476,899.90,-17.14286,97.16, -,8.304162
129.95,468.4716,900.00,-20,97.16, -,8.304162
130.00,468.4716,900.00,-17.14286,97.16, -,8.304162
130.05,468.4716,900.00,-17.14286,97.16, -,8.304162
130.10,465.4676,900.10,-20,97.16, -,8.304162
130.15,465.4676,900.10,-17.14286,97.16, -,8.304162
130.20,465.4676,900.10,-17.14286,97.16, -,8.304162
130.25,462.462,900.20,-20,97.16, -,8.304162
130.30,462.462,900.20,-20,97.16, -,8.304162
130.35,459.4586,900.30,-22.85714,97.16, -,8.304162
130.40,459.4586,900.30,-20,97.16, -,8.304162
130.45,459.4586,900.30,-20,97.16, -,8.304162
130.50,456.4535,900.40,-20,97.16, -,8.304162
130.55,456.4535,900.40,-20,97.16, -,8.304162
130.60,456.4535,900.40,-20,97.16, -,8.304162
130.65,453.4506,900.50,-22.85714,97.16, -,8.304162
130.70,453.4506,900.50,-20,97.16, -,8.304162
130.75,453.4506,900.50,-20,97.16, -,8.304162
130.80,453.4506,900.50,-20,97.16, -,8.304162
130.85,450.4479,900.60,-20,97.16, -,8.304162
130.90,450.4479,900.60,-20,97.16, -,8.304162
130.95,450.4479,900.60,-20,97.16, -,8.304162
131.00,447.4437,900.70,-20,97.16, -,8.304162
131.05,447.4437,900.70,-20,97.16, -,8.304162
131.10,444.4415,900.80,-22.85714,97.16, -,8.304162
131.15,444.4415,900.80,-20,97.16, -,8.304162
131.20,441.4378,900.90,-22.85714,97.16, -,8.304162
131.25,441.4378,900.90,-22.85714,97.16, -,8.304162
131.30,441.4378,900.90,-20,97.16, -,8.304162
131.35,438.4362,901.00,-22.85714,97.16, -,8.304162
131.40,438.4362,901.00,-20,97.16, -,8.304162
131.45,438.4362,901.00,-20,97.16, -,8.304162
131.50,435.4349,901.10,-22.85714,97.16, -,8.343058
131.55,435.4349,901.10,-20,97.16, -,8.343058
131.60,435.4349,901.10,-20,97.16, -,8.343058
131.65,432.432,901.20,-22.85714,97.16, -,8.343058
131.70,432.432,901.20,-20,97.16, -,8.343058
131.75,432.432,901.20,-20,97.16, -,8.343058
131.80,432.432,901.20,-20,97.16, -,8.343058
131.85,429.4312,901.30,-22.85714,97.16, -,8.343058
131.90,429.4312,901.30,-20,97.16, -,8.343058
131.95,426.4289,901.40,-22.85714,97.16, -,8.343058
132.00,426.4289,901.40,-22.85714,97.16, -,8.343058
132.05,423.4286,901.50,-22.85714,97.16, -,8.343058
132.10,423.4286,901.50,-22.85714,97.16, -,8.343058
132.15,420.4286,901.60,-22.85714,97.16, -,8.343058
132.20,420.4286,901.60,-22.85714,97.16, -,8.343058
132.25,420.4286,901.60,-20,97.16, -,8.343058
132.30,417.4271,901.70,-22.85714,97.16, -,8.343058
132.35,417.4271,901.70,-22.85714,97.16, -,8.343058
132.40,417.4271,901.70,-20,97.16, -,8.343058
132.45,417.4271,901.70,-20,97.16, -,8.343058
132.50,414.4277,901.80,-22.85714,97.16, -,8.343058
132.55,411.4267,901.90,-22.85714,97.16, -,8.304162
132.60,411.4267,901.90,-22.85714,97.16, -,8.304162
132.65,411.4267,901.90,-22.85714,97.16, -,8.304162
132.70,411.4267,901.90,-20,97.16, -,8.304162
132.75,408.4278,902.00,-22.85714,97.16, -,8.304162
132.80,408.4278,902.00,-22.85714,97.16, -,8.304162
132.85,405.4291,902.10,-25.71428,97.16, -,8.304162
132.90,405.4291,902.10,-22.85714,97.16, -,8.304162
132.95,405.4291,902.10,-22.85714,97.16, -,8.304162
133.00,402.4289,902.20,-22.85714,97.16, -,8.304162
133.05,402.4289,902.20,-22.85714,97.16, -,8.304162
133.10,399.4308,902.30,-22.85714,97.16, -,8.304162
133.15,399.4308,902.30,-22.85714,97.16, -,8.304162
133.20,399.4308,902.30,-20,97.16, -,8.304162
133.25,399.4308,902.30,-20,97.16, -,8.304162
133.30,399.4308,902.30,-20,97.16, -,8.304162
133.35,396.4312,902.40,-20,97.16, -,8.304162
133.40,396.4312,902.40,-20,97.16, -,8.304162
133.45,393.4336,902.50,-22.85714,97.16, -,8.304162
133.50,393.4336,902.50,-22.85714,97.16, -,8.304162
133.55,393.4336,902.50,-20,97.16, -,8.304162
133.60,390.4363,902.60,-20,97.16, -,8.304162
133.65,390.4363,902.60,-20,97.16, -,8.304162
133.70,390.4363,902.60,-20,97.16, -,8.304162
133.75,387.4375,902.70,-22.85714,97.16, -,8.304162
133.80,384.4408,902.80,-22.85714,97.16, -,8.304162
133.85,384.4408,902.80,-22.85714,97.16, -,8.304162
133.90,384.4408,902.80,-20,97.16, -,8.304162
133.95,381.4424,902.90,-22.85714,97.16, -,8.304162
134.00,381.4424,902.90,-22.85714,97.16, -,8.304162
134.05,381.4424,902.90,-20,97.16, -,8.304162
134.10,381.4424,902.90,-20,97.16, -,8.304162
134.15,378.4462,903.00,-20,97.16, -,8.304162
134.20,378.4462,903.00,-20,97.16, -,8.304162
134.25,378.4462,903.00,-20,97.16, -,8.304162
134.30,375.4503,903.10,-22.85714,97.16, -,8.304162
134.35,375.4503,903.10,-22.85714,97.16, -,8.304162
134.40,372.4528,903.20,-22.85714,97.16, -,8.304162
134.45,372.4528,903.20,-22.85714,97.16, -,8.304162
134.50,369.4574,903.30,-22.85714,97.16, -,8.304162
134.55,369.4574,903.30,-22.85714,97.16, -,8.304162
134.60,369.4574,903.30,-22.85714,97.16, -,8.304162
134.65,366.4604,903.40,-22.85714,97.16, -,8.304162
134.70,366.4604,903.40,-22.85714,97.16, -,8.304162
134.75,366.4604,903.40,-22.85714,97.16, -,8.304162
134.80,363.4655,903.50,-22.85714,97.16, -,8.304162
134.85,363.4655,903.50,-20,97.16, -,8.304162
134.90,360.4709,903.60,-22.85714,97.16, -,8.304162
134.95,360.4709,903.60,-22.85714,97.16, -,8.304162
135.00,360.4709,903.60,-20,97.16, -,8.304162
135.05,357.4748,903.70,-22.85714,97.16, -,8.304162
135.10,360.4709,903.60,-20,97.16, -,8.304162
135.15,357.4748,903.70,-22.85714,97.16, -,8.304162
135.20,354.4807,903.80,-22.85714,97.16, -,8.304162
135.25,354.4807,903.80,-22.85714,97.16, -,8.304162
135.30,354.4807,903.80,-22.85714,97.16, -,8.304162
135.35,354.4807,903.80,-20,97.16, -,8.304162
135.40,351.4851,903.90,-22.85714,97.16, -,8.304162
135.45,351.4851,903.90,-20,97.16, -,8.304162
135.50,351.4851,903.90,-20,96.98, -,8.304162
135.55,348.4916,904.00,-20,96.98, -,8.304162
135.60,348.4916,904.00,-20,96.98, -,8.304162
135.65,345.4983,904.10,-22.85714,96.98, -,8.304162
135.70,345.4983,904.10,-20,96.98, -,8.304162
135.75,345.4983,904.10,-20,96.98, -,8.304162
135.80,342.5035,904.20,-22.85714,96.98, -,8.304162
135.85,342.5035,904.20,-20,96.98, -,8.304162
135.90,342.5035,904.20,-20,96.98, -,8.304162
135.95,339.5108,904.30,-20,96.98, -,8.304162
136.00,339.5108,904.30,-20,96.98, -,8.304162
136.05,339.5108,904.30,-20,96.98, -,8.304162
136.10,336.5165,904.40,-20,96.98, -,8.304162
136.15,336.5165,904.40,-22.85714,96.98, -,8.304162
136.20,336.5165,904.40,-20,96.98, -,8.304162
136.25,333.5243,904.50,-20,96.98, -,8.304162
136.30,333.5243,904.50,-20,96.98, -,8.304162
136.35,330.5324,904.60,-22.85714,96.98, -,8.304162
136.40,330.5324,904.60,-22.85714,96.98, -,8.304162
136.45,330.5324,904.60,-20,96.98, -,8.304162
136.50,327.5389,904.70,-22.85714,96.98, -,8.304162
136.55,327.5389,904.70,-22.85714,96.98, -,8.284714
136.60,324.5475,904.80,-22.85714,96.98, -,8.284714
136.65,324.5475,904.80,-22.85714,96.98, -,8.284714
136.70,324.5475,904.80,-20,96.98, -,8.284714
136.75,321.5546,904.90,-22.85714,96.98, -,8.284714
136.80,321.5546,904.90,-22.85714,96.98, -,8.284714
136.85,318.5637,905.00,-22.85714,96.98, -,8.284714
136.90,318.5637,905.00,-22.85714,96.98, -,8.284714
136.95,318.5637,905.00,-22.85714,96.98, -,8.284714
137.00,315.5732,905.10,-22.85714,96.98, -,8.284714
137.05,315.5732,905.10,-22.85714,96.98, -,8.284714
137.10,315.5732,905.10,-22.85714,96.98, -,8.284714
137.15,315.5732,905.10,-20,96.98, -,8.284714
137.20,312.581,905.20,-22.85714,96.98, -,8.284714
137.25,312.581,905.20,-22.85714,96.98, -,8.284714
137.30,309.591,905.30,-22.85714,96.98, -,8.284714
137.35,309.591,905.30,-22.85714,96.98, -,8.284714
137.40,306.5994,905.40,-22.85714,96.98, -,8.284714
137.45,306.5994,905.40,-22.85714,96.98, -,8.284714
137.50,306.5994,905.40,-22.85714,97.16, -,8.323609
137.55,306.5994,905.40,-20,97.16, -,8.323609
137.60,303.6099,905.50,-22.85714,97.16, -,8.323609
137.65,303.6099,905.50,-20,97.16, -,8.323609
137.70,300.6206,905.60,-22.85714,97.16, -,8.323609
137.75,300.6206,905.60,-22.85714,97.16, -,8.323609
137.80,297.6298,905.70,-22.85714,97.16, -,8.323609
137.85,300.6206,905.60,-20,97.16, -,8.323609
137.90,297.6298,905.70,-20,97.16, -,8.323609
137.95,297.6298,905.70,-20,97.16, -,8.323609
138.00,294.6411,905.80,-22.85714,97.16, -,8.323609
138.05,294.6411,905.80,-20,97.16, -,8.323609
138.10,291.6508,905.90,-22.85714,97.16, -,8.323609
138.15,291.6508,905.90,-22.85714,97.16, -,8.323609
138.20,291.6508,905.90,-22.85714,97.16, -,8.323609
138.25,288.6627,906.00,-22.85714,97.16, -,8.323609
138.30,288.6627,906.00,-22.85714,97.16, -,8.323609
138.35,288.6627,906.00,-20,97.16, -,8.323609
138.40,285.6747,906.10,-22.85714,97.16, -,8.323609
138.45,285.6747,906.10,-20,97.16, -,8.323609
138.50,285.6747,906.10,-20,97.16, -,8.323609
138.55,282.6853,906.20,-22.85714,96.98, -,8.304162
138.60,282.6853,906.20,-22.85714,96.98, -,8.304162
138.65,282.6853,906.20,-20,96.98, -,8.304162
138.70,279.6979,906.30,-22.85714,96.98, -,8.304162
138.75,279.6979,906.30,-20,96.98, -,8.304162
138.80,276.709,906.40,-22.85714,96.98, -,8.304162
138.85,276.709,906.40,-20,96.98, -,8.304162
138.90,276.709,906.40,-22.85714,96.98, -,8.304162
138.95,273.7221,906.50,-22.85714,96.98, -,8.304162
139.00,273.7221,906.50,-22.85714,96.98, -,8.304162
139.05,273.7221,906.50,-20,96.98, -,8.304162
139.10,270.7356,906.60,-22.85714,96.98, -,8.304162
139.15,270.7356,906.60,-20,96.98, -,8.304162
139.20,267.7474,906.70,-22.85714,96.98, -,8.304162
139.25,267.7474,906.70,-22.85714,96.98, -,8.304162
139.30,267.7474,906.70,-20,96.98, -,8.304162
139.35,264.7614,906.80,-22.85714,96.98, -,8.304162
139.40,264.7614,906.80,-22.85714,96.98, -,8.304162
139.45,264.7614,906.80,-20,96.98, -,8.304162
139.50,264.7614,906.80,-20,96.98, -,8.304162
139.55,261.7738,906.90,-22.85714,96.98, -,8.304162
139.60,261.7738,906.90,-20,96.98, -,8.304162
139.65,258.7883,907.00,-22.85714,96.98, -,8.304162
139.70,258.7883,907.00,-22.85714,96.98, -,8.304162
139.75,258.7883,907.00,-20,96.98, -,8.304162
139.80,255.8031,907.10,-22.85714,96.98, -,8.304162
139.85,255.8031,907.10,-20,96.98, -,8.304162
139.90,255.8031,907.10,-20,96.98, -,8.304162
139.95,252.8163,907.20,-22.85714,96.98, -,8.304162
140.00,252.8163,907.20,-20,96.98, -,8.304162
140.05,252.8163,907.20,-20,96.98, -,8.304162
140.10,249.8315,907.30,-22.85714,96.98, -,8.304162
140.15,249.8315,907.30,-20,96.98, -,8.304162
140.20,249.8315,907.30,-20,96.98, -,8.304162
140.25,246.8453,907.40,-20,96.98, -,8.304162
140.30,246.8453,907.40,-20,96.98, -,8.304162
140.35,246.8453,907.40,-20,96.98, -,8.304162
140.40,243.8611,907.50,-20,96.98, -,8.304162
140.45,243.8611,907.50,-20,96.98, -,8.304162
140.50,240.8772,907.60,-22.85714,96.98, -,8.304162
140.55,240.8772,907.60,-22.85714,96.98, -,8.304162
140.60,240.8772,907.60,-20,96.98, -,8.304162
140.65,240.8772,907.60,-20,96.98, -,8.304162
140.70,237.8917,907.70,-20,96.98, -,8.304162
140.75,237.8917,907.70,-20,96.98, -,8.304162
140.80,234.9084,907.80,-22.85714,96.98, -,8.304162
140.85,234.9084,907.80,-20,96.98, -,8.304162
140.90,234.9084,907.80,-20,96.98, -,8.304162
140.95,234.9084,907.80,-20,96.98, -,8.304162
141.00,234.9084,907.80,-17.14286,96.98, -,8.304162
141.05,231.9234,907.90,-20,96.98, -,8.304162
141.10,231.9234,907.90,-20,96.98, -,8.304162
141.15,231.9234,907.90,-17.14286,96.98, -,8.304162
141.20,228.9406,908.00,-20,96.98, -,8.304162
141.25,225.958,908.10,-22.85714,96.98, -,8.304162
141.30,225.958,908.10,-20,96.98, -,8.304162
141.35,225.958,908.10,-20,96.98, -,8.304162
141.40,222.9739,908.20,-22.85714,96.98, -,8.304162
141.45,222.9739,908.20,-20,96.98, -,8.304162
141.50,222.9739,908.20,-20,96.98, -,8.284714
141.55,222.9739,908.20,-17.14286,96.98, -,8.284714
141.60,222.9739,908.20,-17.14286,96.98, -,8.284714
141.65,219.9918,908.30,-20,96.98, -,8.284714
141.70,219.9918,908.30,-20,96.98, -,8.284714
141.75,219.9918,908.30,-17.14286,96.98, -,8.284714
141.80,217.0082,908.40,-20,96.98, -,8.284714
141.85,217.0082,908.40,-17.14286,96.98, -,8.284714
141.90,217.0082,908.40,-17.14286,96.98, -,8.284714
141.95,214.0267,908.50,-20,96.98, -,8.284714
142.00,214.0267,908.50,-20,96.98, -,8.284714
142.05,214.0267,908.50,-20,96.98, -,8.284714
142.10,214.0267,908.50,-17.14286,96.98, -,8.284714
142.15,211.0455,908.60,-20,96.98, -,8.284714
142.20,211.0455,908.60,-20,96.98, -,8.284714
142.25,211.0455,908.60,-17.14286,96.98, -,8.284714
142.30,208.0627,908.70,-17.14286,96.98, -,8.284714
142.35,208.0627,908.70,-17.14286,96.98, -,8.284714
142.40,208.0627,908.70,-17.14286,96.98, -,8.284714
142.45,208.0627,908.70,-14.28571,96.98, -,8.284714
142.50,205.0819,908.80,-17.14286,96.98, -,8.284714
142.55,205.0819,908.80,-17.14286,96.98, -,8.323609
142.60,205.0819,908.80,-17.14286,96.98, -,8.323609
142.65,202.0997,908.90,-20,96.98, -,8.323609
142.70,202.0997,908.90,-17.14286,96.98, -,8.323609
142.75,202.0997,908.90,-17.14286,96.98, -,8.323609
142.80,202.0997,908.90,-17.14286,96.98, -,8.323609
142.85,202.0997,908.90,-14.28571,96.98, -,8.323609
142.90,199.1195,909.00,-17.14286,96.98, -,8.323609
142.95,199.1195,909.00,-17.14286,96.98, -,8.323609
143.00,196.1396,909.10,-17.14286,96.98, -,8.323609
143.05,196.1396,909.10,-17.14286,96.98, -,8.323609
143.10,196.1396,909.10,-17.14286,96.98, -,8.323609
143.15,196.1396,909.10,-17.14286,96.98, -,8.323609
143.20,193.1581,909.20,-17.14286,96.98, -,8.323609
143.25,193.1581,909.20,-17.14286,96.98, -,8.323609
143.30,193.1581,909.20,-17.14286,96.98, -,8.323609
143.35,190.1787,909.30,-17.14286,96.98, -,8.323609
143.40,190.1787,909.30,-17.14286,96.98, -,8.323609
143.45,190.1787,909.30,-17.14286,96.98, -,8.323609
143.50,190.1787,909.30,-17.14286,96.98, -,8.304162
143.55,187.1978,909.40,-17.14286,96.98, -,8.304162
143.60,187.1978,909.40,-17.14286,96.98, -,8.304162
143.65,187.1978,909.40,-17.14286,96.98, -,8.304162
143.70,187.1978,909.40,-14.28571,96.98, -,8.304162
143.75,184.2189,909.50,-17.14286,96.98, -,8.304162
143.80,184.2189,909.50,-17.14286,96.98, -,8.304162
143.85,184.2189,909.50,-17.14286,96.98, -,8.304162
143.90,181.2403,909.60,-20,96.98, -,8.304162
143.95,181.2403,909.60,-17.14286,96.98, -,8.304162
144.00,181.2403,909.60,-17.14286,96.98, -,8.304162
144.05,178.2601,909.70,-17.14286,96.98, -,8.304162
144.10,178.2601,909.70,-17.14286,96.98, -,8.304162
144.15,178.2601,909.70,-17.14286,96.98, -,8.304162
144.20,175.2821,909.80,-20,96.98, -,8.304162
144.25,175.2821,909.80,-17.14286,96.98, -,8.304162
144.30,175.2821,909.80,-17.14286,96.98, -,8.304162
144.35,175.2821,909.80,-17.14286,96.98, -,8.304162
144.40,172.3025,909.90,-17.14286,96.98, -,8.304162
144.45,172.3025,909.90,-17.14286,96.98, -,8.304162
144.50,172.3025,909.90,-17.14286,96.98, -,8.304162
144.55,169.3249,910.00,-20,96.98, -,8.284714
144.60,169.3249,910.00,-17.14286,96.98, -,8.284714
144.65,169.3249,910.00,-17.14286,96.98, -,8.284714
144.70,166.3477,910.10,-20,96.98, -,8.284714
144.75,166.3477,910.10,-20,96.98, -,8.284714
144.80,166.3477,910.10,-17.14286,96.98, -,8.284714
144.85,163.3689,910.20,-20,96.98, -,8.284714
144.90,163.3689,910.20,-20,96.98, -,8.284714
144.95,163.3689,910.20,-17.14286,96.98, -,8.284714
145.00,160.3921,910.30,-20,96.98, -,8.284714
145.05,160.3921,910.30,-20,96.98, -,8.284714
145.10,160.3921,910.30,-17.14286,96.98, -,8.284714
145.15,157.4138,910.40,-20,96.98, -,8.284714
145.20,157.4138,910.40,-20,96.98, -,8.284714
145.25,157.4138,910.40,-17.14286,96.98, -,8.284714
145.30,157.4138,910.40,-17.14286,96.98, -,8.284714
145.35,154.4376,910.50,-20,96.98, -,8.284714
145.40,154.4376,910.50,-20,96.98, -,8.284714
145.45,154.4376,910.50,-17.14286,96.98, -,8.284714
145.50,151.4617,910.60,-20,96.98, -,8.284714
145.55,151.4617,910.60,-20,96.98, -,8.284714
145.60,151.4617,910.60,-17.14286,96.98, -,8.284714
145.65,148.4842,910.70,-20,96.98, -,8.284714
145.70,148.4842,910.70,-20,96.98, -,8.284714
145.75,148.4842,910.70,-17.14286,96.98, -,8.284714
145.80,145.5087,910.80,-20,96.98, -,8.284714
145.85,145.5087,910.80,-20,96.98, -,8.284714
145.90,145.5087,910.80,-17.14286,96.98, -,8.284714
145.95,142.5318,910.90,-20,96.98, -,8.284714
146.00,142.5318,910.90,-20,96.98, -,8.284714
146.05,142.5318,910.90,-17.14286,96.98, -,8.284714
146.10,139.5569,911.00,-19.95238,96.98, -,8.284714
146.15,136.5823,911.10,-22.76191,96.98, -,8.284714
146.20,136.5823,911.10,-19.90476,96.98, -,8.284714
146.25,136.5823,911.10,-19.90476,96.98, -,8.284714
146.30,133.6061,911.20,-22.76191,96.98, -,8.284714
146.35,133.6061,911.20,-22.76191,96.98, -,8.284714
146.40,133.6061,911.20,-19.90476,96.98, -,8.284714
146.45,130.632,911.30,-22.71428,96.98, -,8.284714
146.50,130.632,911.30,-22.71428,96.98, -,8.284714
146.55,127.6563,911.40,-22.71428,96.98, -,8.284714
146.60,130.632,911.30,-19.85714,96.98, -,8.284714
146.65,127.6563,911.40,-22.71428,96.98, -,8.284714
146.70,127.6563,911.40,-19.85714,96.98, -,8.284714
146.75,124.6828,911.50,-22.66667,96.98, -,8.284714
146.80,124.6828,911.50,-22.66667,96.98, -,8.284714
146.85,121.7095,911.60,-22.61905,96.98, -,8.284714
146.90,121.7095,911.60,-22.61905,96.98, -,8.284714
146.95,118.7346,911.70,-25.42857,96.98, -,8.284714
147.00,118.7346,911.70,-22.57143,96.98, -,8.284714
147.05,118.7346,911.70,-22.57143,96.98, -,8.284714
147.10,115.7618,911.80,-25.38095,96.98, -,8.284714
147.15,115.7618,911.80,-22.57143,96.98, -,8.284714
147.20,115.7618,911.80,-19.76191,96.98, -,8.284714
147.25,112.7875,911.90,-22.57143,96.98, -,8.284714
147.30,112.7875,911.90,-22.57143,96.98, -,8.284714
147.35,109.8153,912.00,-22.52381,96.98, -,8.284714
147.40,109.8153,912.00,-22.52381,96.98, -,8.284714
147.45,106.8433,912.10,-25.33333,96.98, -,8.284714
147.50,106.8433,912.10,-22.52381,96.98, -,8.284714
147.55,106.8433,912.10,-22.52381,96.98, -,8.284714
147.60,106.8433,912.10,-19.66667,96.98, -,8.284714
147.65,103.8698,912.20,-25.33333,96.98, -,8.284714
147.70,103.8698,912.20,-22.47619,96.98, -,8.284714
147.75,100.8983,912.30,-25.28572,96.98, -,8.284714
147.80,100.8983,912.30,-22.47619,96.98, -,8.284714
147.85,97.92531,912.40,-25.28572,96.98, -,8.284714
147.90,97.92531,912.40,-22.47619,96.98, -,8.284714
147.95,97.92531,912.40,-22.47619,96.98, -,8.284714
148.00,94.95438,912.50,-22.47619,96.98, -,8.284714
148.05,94.95438,912.50,-22.47619,96.98, -,8.284714
148.10,94.95438,912.50,-22.47619,96.98, -,8.284714
148.15,91.98372,912.60,-22.47619,96.98, -,8.284714
148.20,91.98372,912.60,-22.47619,96.98, -,8.284714
148.25,89.01151,912.70,-25.28572,96.98, -,8.284714
148.30,89.01151,912.70,-22.47619,96.98, -,8.284714
148.35,86.04137,912.80,-25.28572,96.98, -,8.284714
148.40,86.04137,912.80,-22.47619,96.98, -,8.284714
148.45,86.04137,912.80,-22.47619,96.98, -,8.284714
148.50,83.06968,912.90,-22.47619,96.98, -,8.284714
148.55,83.06968,912.90,-22.47619,96.8, -,8.304162
148.60,83.06968,912.90,-22.47619,96.8, -,8.304162
148.65,80.10007,913.00,-25.28572,96.8, -,8.304162
148.70,80.10007,913.00,-22.47619,96.8, -,8.304162
148.75,80.10007,913.00,-22.47619,96.8, -,8.304162
148.80,77.13073,913.10,-22.47619,96.8, -,8.304162
148.85,77.13073,913.10,-22.47619,96.8, -,8.304162
148.90,74.15983,913.20,-22.47619,96.8, -,8.304162
148.95,74.15983,913.20,-22.47619,96.8, -,8.304162
149.00,71.19101,913.30,-25.28572,96.8, -,8.304162
149.05,71.19101,913.30,-22.47619,96.8, -,8.304162
149.10,71.19101,913.30,-22.47619,96.8, -,8.304162
149.15,68.22064,913.40,-25.28572,96.8, -,8.304162
149.20,68.22064,913.40,-22.47619,96.8, -,8.304162
149.25,65.25235,913.50,-25.28572,96.8, -,8.304162
149.30,65.25235,913.50,-22.47619,96.8, -,8.304162
149.35,62.28432,913.60,-25.28572,96.8, -,8.304162
149.40,62.28432,913.60,-22.47619,96.8, -,8.304162
149.45,62.28432,913.60,-22.47619,96.8, -,8.304162
149.50,59.31474,913.70,-25.28572,96.8, -,8.284714
149.55,59.31474,913.70,-22.47619,96.8, -,8.284714
149.60,59.31474,913.70,-22.47619,96.8, -,8.284714
149.65,56.34724,913.80,-25.28572,96.8, -,8.284714
149.70,53.37819,913.90,-25.28572,96.8, -,8.284714
149.75,53.37819,913.90,-25.28572,96.8, -,8.284714
149.80,53.37819,913.90,-25.28572,96.8, -,8.284714
149.85,50.41121,914.00,-25.28572,96.8, -,8.284714
149.90,50.41121,914.00,-25.28572,96.8, -,8.284714
149.95,47.44449,914.10,-25.28572,96.8, -,8.284714
150.00,47.44449,914.10,-25.28572,96.8, -,8.284714
150.05,47.44449,914.10,-22.47619,96.8, -,8.284714
150.10,47.44449,914.10,-22.47619,96.8, -,8.284714
150.15,44.47623,914.20,-25.28572,96.8, -,8.284714
150.20,44.47623,914.20,-22.47619,96.8, -,8.284714
150.25,41.51004,914.30,-25.28572,96.8, -,8.284714
150.30,41.51004,914.30,-22.47619,96.8, -,8.284714
150.35,38.5423,914.40,-25.28572,96.8, -,8.284714
150.40,38.5423,914.40,-22.47619,96.8, -,8.284714
150.45,38.5423,914.40,-22.47619,96.8, -,8.284714
150.50,35.57663,914.50,-25.28572,96.8, -,8.284714
150.55,35.57663,914.50,-22.47619,96.8, -,8.304162
150.60,32.61123,914.60,-25.28572,96.8, -,8.304162
150.65,32.61123,914.60,-25.28572,96.8, -,8.304162
150.70,32.61123,914.60,-22.47619,96.8, -,8.304162
150.75,32.61123,914.60,-19.66667,96.8, -,8.304162
150.80,29.64428,914.70,-22.47619,96.8, -,8.304162
150.85,29.64428,914.70,-22.47619,96.8, -,8.304162
150.90,29.64428,914.70,-19.66667,96.8, -,8.304162
150.95,26.67941,914.80,-22.47619,96.8, -,8.304162
151.00,26.67941,914.80,-19.66667,96.8, -,8.304162
151.05,26.67941,914.80,-19.66667,96.8, -,8.304162
151.10,23.71298,914.90,-22.47619,96.8, -,8.304162
151.15,23.71298,914.90,-22.47619,96.8, -,8.304162
151.20,23.71298,914.90,-19.66667,96.8, -,8.304162
151.25,20.74863,915.00,-22.47619,96.8, -,8.304162
151.30,20.74863,915.00,-19.66667,96.8, -,8.304162
151.35,17.78454,915.10,-22.47619,96.8, -,8.304162
151.40,17.78454,915.10,-19.66667,96.8, -,8.304162
151.45,17.78454,915.10,-19.66667,96.8, -,8.304162
151.50,17.78454,915.10,-19.66667,96.8, -,8.323609
151.55,14.8189,915.20,-19.66667,96.8, -,8.323609
151.60,14.8189,915.20,-19.66667,96.8, -,8.323609
151.65,14.8189,915.20,-16.85714,96.8, -,8.323609
151.70,11.85534,915.30,-19.66667,96.8, -,8.323609
151.75,11.85534,915.30,-19.66667,96.8, -,8.323609
151.80,11.85534,915.30,-19.66667,96.8, -,8.323609
151.85,11.85534,915.30,-16.85714,96.8, -,8.323609
151.90,8.890224,915.40,-19.66667,96.8, -,8.323609
151.95,8.890224,915.40,-19.66667,96.8, -,8.323609
152.00,8.890224,915.40,-16.85714,96.8, -,8.323609
152.05,8.890224,915.40,-16.85714,96.8, -,8.323609
152.10,8.890224,915.40,-16.85714,96.8, -,8.323609
152.15,5.927183,915.50,-16.85714,96.8, -,8.323609
152.20,5.927183,915.50,-16.85714,96.8, -,8.323609
152.25,5.927183,915.50,-16.85714,96.8, -,8.323609
152.30,14.8189,915.20,-5.571429,96.8, -,8.323609
152.35,8.890224,915.40,-11.2381,96.8, -,8.323609
152.40,5.927183,915.50,-11.2381,96.8, -,8.323609
152.45,5.927183,915.50,-11.2381,96.8, -,8.323609
152.50,5.927183,915.50,-11.2381,96.8, -,8.323609
152.55,5.927183,915.50,-11.2381,96.8, -,8.323609
152.60,5.927183,915.50,-8.428572,96.8, -,8.323609
152.65,8.890224,915.40,-5.619048,96.8, -,8.323609
152.70,11.85534,915.30,-2.809524,96.8, -,8.323609
152.75,5.927183,915.50,-5.666667,96.8, -,8.323609
152.80,5.927183,915.50,-5.666667,96.8, -,8.323609
152.85,5.927183,915.50,-5.666667,96.8, -,8.323609
152.90,5.927183,915.50,-5.666667,96.8, -,8.323609
152.95,5.927183,915.50,-2.857143,96.8, -,8.323609
153.00,5.927183,915.50,-2.857143,96.8, -,8.323609
153.05,5.927183,915.50,-2.857143,96.8, -,8.323609
153.10,5.927183,915.50,-2.857143,96.8, -,8.323609
153.15,5.927183,915.50,-2.857143,96.8, -,8.323609
153.20,2.964404,915.60,-2.857143,96.8, -,8.323609
153.25,2.964404,915.60,-2.857143,96.8, -,8.323609
153.30,5.927183,915.50,-0.04761905,96.8, -,8.323609
153.35,5.927183,915.50,-8.523809,96.8, -,8.323609
153.40,5.927183,915.50,-2.857143,96.8, -,8.323609
153.45,5.927183,915.50,-0.04761905,96.8, -,8.323609
153.50,5.927183,915.50,-0.04761905, -
153.55,2.964404,915.60,-2.857143, -
153.60,2.964404,915.60,-2.857143, -
153.65,5.927183,915.50,-0.04761905, -
153.70,5.927183,915.50,-2.857143, -
153.75,5.927183,915.50,-5.666667, -
153.80,5.927183,915.50,0, -
153.85,5.927183,915.50,0, -
153.90,5.927183,915.50,0, -
153.95,5.927183,915.50,0, -
154.00,5.927183,915.50,0, -
154.05,5.927183,915.50,0, -
154.10,5.927183,915.50,0, -
154.15,5.927183,915.50,0, -
154.20,5.927183,915.50,0, -
154.25,5.927183,915.50,2.809524, -
154.30,5.927183,915.50,2.809524, -
154.35,5.927183,915.50,0, -
154.40,5.927183,915.50,0, -
154.45,5.927183,915.50,0, -
154.50,5.927183,915.50,0, -
154.55,5.927183,915.50,0, -
154.60,5.927183,915.50,2.809524, -
