
                -------->  BODY TRANSITIONING TO TURBULENT FLOW  <--------

 0.01   0.00    0.405    0.405   0.181   0.010   0.030  0.028   0.024   0.040   0.093     730781
 0.01   9.00   85.002
 0.01   4.00    0.628    0.000
 0.01   4.00    0.628   85.002
 0.01   4.00    0.598    0.450   0.628   0.407
 0.01   4.00    0.598    0.450   0.628   0.407

 0.02   0.00    0.449    0.449   0.225   0.013   0.027  0.028   0.024   0.040   0.093    1461562
 0.02   9.00   85.002
 0.02   4.00    0.628    0.000
 0.02   4.00    0.628   85.002
 0.02   4.00    0.595    0.494   0.628   0.451
 0.02   4.00    0.595    0.494   0.628   0.451

 0.03   0.00    0.456    0.456   0.232   0.013   0.026  0.028   0.024   0.040   0.093    2192343
 0.03   9.00   85.002
 0.03   4.00    0.628    0.000
 0.03   4.00    0.628   85.002
 0.03   4.00    0.595    0.501   0.628   0.458
 0.03   4.00    0.595    0.501   0.628   0.458

 0.04   0.00    0.456    0.456   0.233   0.013   0.026  0.028   0.024   0.040   0.093    2923124
 0.04   9.00   85.002
 0.04   4.00    0.628    0.000
 0.04   4.00    0.628   85.002
 0.04   4.00    0.595    0.501   0.628   0.459
 0.04   4.00    0.595    0.501   0.628   0.459

 0.05   0.00    0.455    0.455   0.231   0.013   0.026  0.028   0.024   0.040   0.093    3653906
 0.05   9.00   85.002
 0.05   4.00    0.628    0.000
 0.05   4.00    0.628   85.002
 0.05   4.00    0.595    0.500   0.628   0.457
 0.05   4.00    0.595    0.500   0.628   0.457

 0.06   0.00    0.453    0.453   0.229   0.013   0.027  0.028   0.024   0.040   0.093    4384686
 0.06   9.00   85.002
 0.06   4.00    0.628    0.000
 0.06   4.00    0.628   85.002
 0.06   4.00    0.595    0.497   0.628   0.455
 0.06   4.00    0.595    0.497   0.628   0.455

 0.07   0.00    0.450    0.450   0.226   0.013   0.027  0.028   0.024   0.040   0.093    5115468
 0.07   9.00   85.002
 0.07   4.00    0.628    0.000
 0.07   4.00    0.628   85.002
 0.07   4.00    0.595    0.495   0.628   0.452
 0.07   4.00    0.595    0.495   0.628   0.452

 0.08   0.00    0.448    0.448   0.224   0.013   0.027  0.028   0.024   0.040   0.093    5846248
 0.08   9.00   85.002
 0.08   4.00    0.628    0.000
 0.08   4.00    0.628   85.002
 0.08   4.00    0.595    0.493   0.628   0.450
 0.08   4.00    0.595    0.493   0.628   0.450

 0.09   0.00    0.446    0.446   0.221   0.013   0.027  0.028   0.024   0.040   0.093    6577030
 0.09   9.00   85.002
 0.09   4.00    0.628    0.000
 0.09   4.00    0.628   85.002
 0.09   4.00    0.596    0.491   0.628   0.448
 0.09   4.00    0.596    0.491   0.628   0.448

                -------->  FINS TRANSITIONING TO TURBULENT FLOW  <--------

 0.10   0.00    0.444    0.444   0.220   0.013   0.027  0.028   0.024   0.040   0.094    7307811
 0.10   9.00   85.002
 0.10   4.00    0.628    0.000
 0.10   4.00    0.628   85.002
 0.10   4.00    0.596    0.489   0.628   0.447
 0.10   4.00    0.596    0.489   0.628   0.447

 0.11   0.00    0.445    0.445   0.220   0.013   0.027  0.028   0.024   0.040   0.094    8038592
 0.11   9.00   85.002
 0.11   4.00    0.628    0.000
 0.11   4.00    0.628   85.002
 0.11   4.00    0.596    0.489   0.628   0.447
 0.11   4.00    0.596    0.489   0.628   0.447

 0.12   0.00    0.445    0.445   0.220   0.013   0.027  0.028   0.024   0.040   0.094    8769373
 0.12   9.00   85.002
 0.12   4.00    0.628    0.000
 0.12   4.00    0.628   85.002
 0.12   4.00    0.596    0.490   0.628   0.447
 0.12   4.00    0.596    0.490   0.628   0.447

 0.13   0.00    0.445    0.445   0.220   0.013   0.027  0.028   0.024   0.040   0.094    9500154
 0.13   9.00   85.002
 0.13   4.00    0.628    0.000
 0.13   4.00    0.628   85.002
 0.13   4.00    0.596    0.490   0.628   0.447
 0.13   4.00    0.596    0.490   0.628   0.447

 0.14   0.00    0.445    0.445   0.220   0.013   0.027  0.028   0.024   0.040   0.094   10230940
 0.14   9.00   85.002
 0.14   4.00    0.628    0.000
 0.14   4.00    0.628   85.002
 0.14   4.00    0.596    0.490   0.628   0.447
 0.14   4.00    0.596    0.490   0.628   0.447

 0.15   0.00    0.445    0.445   0.220   0.013   0.027  0.028   0.024   0.040   0.094   10961720
 0.15   9.00   85.002
 0.15   4.00    0.628    0.000
 0.15   4.00    0.628   85.002
 0.15   4.00    0.596    0.490   0.628   0.447
 0.15   4.00    0.596    0.490   0.628   0.447

 0.16   0.00    0.445    0.445   0.220   0.013   0.027  0.028   0.024   0.040   0.094   11692500
 0.16   9.00   85.002
 0.16   4.00    0.628    0.000
 0.16   4.00    0.628   85.002
 0.16   4.00    0.596    0.490   0.628   0.447
 0.16   4.00    0.596    0.490   0.628   0.447

 0.17   0.00    0.445    0.445   0.220   0.013   0.027  0.028   0.024   0.040   0.094   12423280
 0.17   9.00   85.002
 0.17   4.00    0.628    0.000
 0.17   4.00    0.628   85.002
 0.17   4.00    0.596    0.490   0.628   0.447
 0.17   4.00    0.596    0.490   0.628   0.447

 0.18   0.00    0.445    0.445   0.220   0.013   0.027  0.028   0.024   0.040   0.095   13154060
 0.18   9.00   85.002
 0.18   4.00    0.628    0.000
 0.18   4.00    0.628   85.002
 0.18   4.00    0.596    0.490   0.628   0.447
 0.18   4.00    0.596    0.490   0.628   0.447

 0.19   0.00    0.445    0.445   0.220   0.013   0.027  0.028   0.024   0.040   0.095   13884840
 0.19   9.00   85.002
 0.19   4.00    0.628    0.000
 0.19   4.00    0.628   85.002
 0.19   4.00    0.596    0.490   0.628   0.448
 0.19   4.00    0.596    0.490   0.628   0.448

 0.20   0.00    0.446    0.446   0.220   0.013   0.027  0.028   0.024   0.040   0.095   14615620
 0.20   9.00   85.002
 0.20   4.00    0.628    0.000
 0.20   4.00    0.628   85.002
 0.20   4.00    0.596    0.490   0.628   0.448
 0.20   4.00    0.596    0.490   0.628   0.448

 0.21   0.00    0.446    0.446   0.220   0.013   0.027  0.028   0.024   0.040   0.095   15346400
 0.21   9.00   85.002
 0.21   4.00    0.628    0.000
 0.21   4.00    0.628   85.002
 0.21   4.00    0.596    0.491   0.628   0.448
 0.21   4.00    0.596    0.491   0.628   0.448

 0.22   0.00    0.446    0.446   0.220   0.013   0.027  0.028   0.024   0.040   0.095   16077180
 0.22   9.00   85.002
 0.22   4.00    0.628    0.000
 0.22   4.00    0.628   85.002
 0.22   4.00    0.596    0.491   0.628   0.448
 0.22   4.00    0.596    0.491   0.628   0.448

 0.23   0.00    0.446    0.446   0.220   0.013   0.027  0.028   0.024   0.040   0.096   16807970
 0.23   9.00   85.002
 0.23   4.00    0.628    0.000
 0.23   4.00    0.628   85.002
 0.23   4.00    0.595    0.491   0.628   0.448
 0.23   4.00    0.595    0.491   0.628   0.448

 0.24   0.00    0.446    0.446   0.220   0.013   0.027  0.028   0.024   0.040   0.096   17538750
 0.24   9.00   85.002
 0.24   4.00    0.628    0.000
 0.24   4.00    0.628   85.002
 0.24   4.00    0.595    0.491   0.628   0.448
 0.24   4.00    0.595    0.491   0.628   0.448

 0.25   0.00    0.446    0.446   0.220   0.013   0.027  0.028   0.024   0.040   0.096   18269530
 0.25   9.00   85.002
 0.25   4.00    0.628    0.000
 0.25   4.00    0.628   85.002
 0.25   4.00    0.595    0.491   0.628   0.449
 0.25   4.00    0.595    0.491   0.628   0.449

 0.26   0.00    0.447    0.447   0.220   0.013   0.027  0.028   0.024   0.040   0.096   19000310
 0.26   9.00   85.002
 0.26   4.00    0.628    0.000
 0.26   4.00    0.628   85.002
 0.26   4.00    0.595    0.492   0.628   0.449
 0.26   4.00    0.595    0.492   0.628   0.449

 0.27   0.00    0.447    0.447   0.220   0.013   0.027  0.028   0.024   0.040   0.097   19731090
 0.27   9.00   85.002
 0.27   4.00    0.628    0.000
 0.27   4.00    0.628   85.002
 0.27   4.00    0.595    0.492   0.628   0.449
 0.27   4.00    0.595    0.492   0.628   0.449

 0.28   0.00    0.447    0.447   0.220   0.013   0.027  0.028   0.024   0.040   0.097   20461870
 0.28   9.00   85.002
 0.28   4.00    0.628    0.000
 0.28   4.00    0.628   85.002
 0.28   4.00    0.595    0.492   0.628   0.450
 0.28   4.00    0.595    0.492   0.628   0.450

 0.29   0.00    0.448    0.448   0.219   0.013   0.027  0.028   0.024   0.040   0.097   21192650
 0.29   9.00   85.002
 0.29   4.00    0.628    0.000
 0.29   4.00    0.628   85.002
 0.29   4.00    0.595    0.493   0.628   0.450
 0.29   4.00    0.595    0.493   0.628   0.450

 0.30   0.00    0.448    0.448   0.219   0.013   0.027  0.028   0.024   0.040   0.098   21923430
 0.30   9.00   85.002
 0.30   4.00    0.628    0.000
 0.30   4.00    0.628   85.002
 0.30   4.00    0.595    0.493   0.628   0.450
 0.30   4.00    0.595    0.493   0.628   0.450

 0.31   0.00    0.449    0.449   0.219   0.013   0.027  0.028   0.024   0.040   0.098   22654210
 0.31   9.00   85.002
 0.31   4.00    0.628    0.000
 0.31   4.00    0.628   85.002
 0.31   4.00    0.595    0.494   0.628   0.451
 0.31   4.00    0.595    0.494   0.628   0.451

 0.32   0.00    0.449    0.449   0.219   0.013   0.027  0.028   0.024   0.040   0.098   23384990
 0.32   9.00   85.002
 0.32   4.00    0.628    0.000
 0.32   4.00    0.628   85.002
 0.32   4.00    0.595    0.494   0.628   0.451
 0.32   4.00    0.595    0.494   0.628   0.451

 0.33   0.00    0.449    0.449   0.219   0.013   0.027  0.028   0.024   0.040   0.099   24115780
 0.33   9.00   85.002
 0.33   4.00    0.628    0.000
 0.33   4.00    0.628   85.002
 0.33   4.00    0.595    0.494   0.628   0.452
 0.33   4.00    0.595    0.494   0.628   0.452

 0.34   0.00    0.450    0.450   0.219   0.013   0.027  0.028   0.024   0.040   0.099   24846560
 0.34   9.00   85.002
 0.34   4.00    0.628    0.000
 0.34   4.00    0.628   85.002
 0.34   4.00    0.595    0.495   0.628   0.452
 0.34   4.00    0.595    0.495   0.628   0.452

 0.35   0.00    0.450    0.450   0.219   0.013   0.027  0.028   0.024   0.040   0.099   25577340
 0.35   9.00   85.002
 0.35   4.00    0.628    0.000
 0.35   4.00    0.628   85.002
 0.35   4.00    0.595    0.495   0.628   0.453
 0.35   4.00    0.595    0.495   0.628   0.453

 0.36   0.00    0.451    0.451   0.219   0.013   0.027  0.028   0.024   0.040   0.100   26308120
 0.36   9.00   85.002
 0.36   4.00    0.628    0.000
 0.36   4.00    0.628   85.002
 0.36   4.00    0.595    0.496   0.628   0.453
 0.36   4.00    0.595    0.496   0.628   0.453

 0.37   0.00    0.451    0.451   0.219   0.013   0.027  0.028   0.024   0.040   0.100   27038900
 0.37   9.00   85.002
 0.37   4.00    0.628    0.000
 0.37   4.00    0.628   85.002
 0.37   4.00    0.595    0.496   0.628   0.454
 0.37   4.00    0.595    0.496   0.628   0.454

 0.38   0.00    0.452    0.452   0.219   0.013   0.027  0.028   0.024   0.040   0.101   27769680
 0.38   9.00   85.002
 0.38   4.00    0.628    0.000
 0.38   4.00    0.628   85.002
 0.38   4.00    0.595    0.497   0.628   0.454
 0.38   4.00    0.595    0.497   0.628   0.454

 0.39   0.00    0.452    0.452   0.219   0.013   0.027  0.029   0.024   0.040   0.101   28500460
 0.39   9.00   85.002
 0.39   4.00    0.628    0.000
 0.39   4.00    0.628   85.002
 0.39   4.00    0.595    0.497   0.628   0.455
 0.39   4.00    0.595    0.497   0.628   0.455

 0.40   0.00    0.453    0.453   0.219   0.013   0.027  0.029   0.025   0.040   0.102   29231240
 0.40   9.00   85.002
 0.40   4.00    0.628    0.000
 0.40   4.00    0.628   85.002
 0.40   4.00    0.595    0.498   0.628   0.455
 0.40   4.00    0.595    0.498   0.628   0.455

 0.41   0.00    0.454    0.454   0.219   0.013   0.027  0.029   0.025   0.040   0.102   29962020
 0.41   9.00   85.002
 0.41   4.00    0.628    0.000
 0.41   4.00    0.628   85.002
 0.41   4.00    0.595    0.498   0.628   0.456
 0.41   4.00    0.595    0.498   0.628   0.456

 0.42   0.00    0.454    0.454   0.219   0.013   0.027  0.029   0.025   0.040   0.103   30692800
 0.42   9.00   85.002
 0.42   4.00    0.628    0.000
 0.42   4.00    0.628   85.002
 0.42   4.00    0.595    0.499   0.628   0.456
 0.42   4.00    0.595    0.499   0.628   0.456

 0.43   0.00    0.455    0.455   0.219   0.013   0.027  0.029   0.025   0.040   0.103   31423590
 0.43   9.00   85.002
 0.43   4.00    0.628    0.000
 0.43   4.00    0.628   85.002
 0.43   4.00    0.595    0.500   0.628   0.457
 0.43   4.00    0.595    0.500   0.628   0.457

 0.44   0.00    0.455    0.455   0.219   0.013   0.027  0.029   0.025   0.040   0.104   32154370
 0.44   9.00   85.002
 0.44   4.00    0.628    0.000
 0.44   4.00    0.628   85.002
 0.44   4.00    0.595    0.500   0.628   0.458
 0.44   4.00    0.595    0.500   0.628   0.458

 0.45   0.00    0.456    0.456   0.219   0.013   0.027  0.029   0.025   0.040   0.104   32885150
 0.45   9.00   85.002
 0.45   4.00    0.628    0.000
 0.45   4.00    0.628   85.002
 0.45   4.00    0.595    0.501   0.628   0.458
 0.45   4.00    0.595    0.501   0.628   0.458

 0.46   0.00    0.457    0.457   0.219   0.013   0.027  0.029   0.025   0.040   0.105   33615930
 0.46   9.00   85.002
 0.46   4.00    0.628    0.000
 0.46   4.00    0.628   85.002
 0.46   4.00    0.595    0.502   0.628   0.459
 0.46   4.00    0.595    0.502   0.628   0.459

 0.47   0.00    0.457    0.457   0.219   0.013   0.027  0.029   0.025   0.040   0.105   34346710
 0.47   9.00   85.002
 0.47   4.00    0.628    0.000
 0.47   4.00    0.628   85.002
 0.47   4.00    0.595    0.502   0.628   0.460
 0.47   4.00    0.595    0.502   0.628   0.460

 0.48   0.00    0.458    0.458   0.219   0.013   0.027  0.029   0.025   0.040   0.106   35077490
 0.48   9.00   85.002
 0.48   4.00    0.628    0.000
 0.48   4.00    0.628   85.002
 0.48   4.00    0.595    0.503   0.628   0.460
 0.48   4.00    0.595    0.503   0.628   0.460

 0.49   0.00    0.459    0.459   0.219   0.013   0.027  0.029   0.025   0.040   0.107   35808270
 0.49   9.00   85.002
 0.49   4.00    0.628    0.000
 0.49   4.00    0.628   85.002
 0.49   4.00    0.595    0.504   0.628   0.461
 0.49   4.00    0.595    0.504   0.628   0.461

 0.50   0.00    0.460    0.460   0.219   0.013   0.027  0.029   0.025   0.040   0.107   36539050
 0.50   9.00   85.002
 0.50   4.00    0.628    0.000
 0.50   4.00    0.628   85.002
 0.50   4.00    0.595    0.505   0.628   0.462
 0.50   4.00    0.595    0.505   0.628   0.462

 0.51   0.00    0.460    0.460   0.219   0.013   0.027  0.029   0.025   0.040   0.108   37269840
 0.51   9.00   85.002
 0.51   4.00    0.628    0.000
 0.51   4.00    0.628   85.002
 0.51   4.00    0.594    0.505   0.628   0.463
 0.51   4.00    0.594    0.505   0.628   0.463

 0.52   0.00    0.461    0.461   0.219   0.013   0.027  0.029   0.025   0.040   0.109   38000620
 0.52   9.00   85.002
 0.52   4.00    0.628    0.000
 0.52   4.00    0.628   85.002
 0.52   4.00    0.594    0.506   0.628   0.463
 0.52   4.00    0.594    0.506   0.628   0.463

 0.53   0.00    0.462    0.462   0.219   0.013   0.027  0.029   0.025   0.040   0.110   38731400
 0.53   9.00   85.002
 0.53   4.00    0.628    0.000
 0.53   4.00    0.628   85.002
 0.53   4.00    0.594    0.507   0.628   0.464
 0.53   4.00    0.594    0.507   0.628   0.464

 0.54   0.00    0.463    0.463   0.218   0.013   0.027  0.029   0.025   0.040   0.111   39462180
 0.54   9.00   85.002
 0.54   4.00    0.628    0.000
 0.54   4.00    0.628   85.002
 0.54   4.00    0.594    0.508   0.628   0.465
 0.54   4.00    0.594    0.508   0.628   0.465

 0.55   0.00    0.464    0.464   0.218   0.013   0.027  0.030   0.025   0.040   0.111   40192960
 0.55   9.00   85.002
 0.55   4.00    0.628    0.000
 0.55   4.00    0.628   85.002
 0.55   4.00    0.594    0.509   0.628   0.466
 0.55   4.00    0.594    0.509   0.628   0.466

 0.56   0.00    0.465    0.465   0.218   0.013   0.027  0.030   0.025   0.040   0.112   40923740
 0.56   9.00   85.002
 0.56   4.00    0.628    0.000
 0.56   4.00    0.628   85.002
 0.56   4.00    0.594    0.510   0.628   0.467
 0.56   4.00    0.594    0.510   0.628   0.467

 0.57   0.00    0.466    0.466   0.218   0.013   0.027  0.030   0.025   0.040   0.113   41654520
 0.57   9.00   85.002
 0.57   4.00    0.628    0.000
 0.57   4.00    0.628   85.002
 0.57   4.00    0.594    0.511   0.628   0.468
 0.57   4.00    0.594    0.511   0.628   0.468

 0.58   0.00    0.467    0.467   0.218   0.013   0.027  0.030   0.025   0.040   0.114   42385300
 0.58   9.00   85.002
 0.58   4.00    0.628    0.000
 0.58   4.00    0.628   85.002
 0.58   4.00    0.594    0.512   0.628   0.469
 0.58   4.00    0.594    0.512   0.628   0.469

 0.59   0.00    0.468    0.468   0.218   0.013   0.027  0.030   0.026   0.040   0.115   43116080
 0.59   9.00   85.002
 0.59   4.00    0.628    0.000
 0.59   4.00    0.628   85.002
 0.59   4.00    0.594    0.513   0.628   0.470
 0.59   4.00    0.594    0.513   0.628   0.470

 0.60   0.00    0.469    0.469   0.218   0.013   0.027  0.030   0.026   0.040   0.116   43846870
 0.60   9.00   85.002
 0.60   4.00    0.628    0.000
 0.60   4.00    0.628   85.002
 0.60   4.00    0.594    0.514   0.628   0.472
 0.60   4.00    0.594    0.514   0.628   0.472

 0.61   0.00    0.471    0.471   0.218   0.013   0.027  0.030   0.026   0.040   0.117   44577650
 0.61   9.00   85.002
 0.61   4.00    0.628    0.000
 0.61   4.00    0.628   85.002
 0.61   4.00    0.594    0.516   0.628   0.473
 0.61   4.00    0.594    0.516   0.628   0.473

 0.62   0.00    0.472    0.472   0.218   0.013   0.027  0.030   0.026   0.040   0.119   45308430
 0.62   9.00   85.002
 0.62   4.00    0.628    0.000
 0.62   4.00    0.628   85.002
 0.62   4.00    0.594    0.517   0.628   0.474
 0.62   4.00    0.594    0.517   0.628   0.474

 0.63   0.00    0.474    0.474   0.218   0.013   0.027  0.030   0.026   0.040   0.120   46039210
 0.63   9.00   85.002
 0.63   4.00    0.628    0.000
 0.63   4.00    0.628   85.002
 0.63   4.00    0.594    0.519   0.628   0.476
 0.63   4.00    0.594    0.519   0.628   0.476

 0.64   0.00    0.475    0.475   0.218   0.013   0.027  0.030   0.026   0.040   0.121   46769990
 0.64   9.00   85.002
 0.64   4.00    0.628    0.000
 0.64   4.00    0.628   85.002
 0.64   4.00    0.593    0.520   0.628   0.477
 0.64   4.00    0.593    0.520   0.628   0.477

 0.65   0.00    0.477    0.477   0.218   0.013   0.027  0.031   0.026   0.040   0.122   47500770
 0.65   9.00   85.002
 0.65   4.00    0.628    0.000
 0.65   4.00    0.628   85.002
 0.65   4.00    0.593    0.522   0.628   0.479
 0.65   4.00    0.593    0.522   0.628   0.479

 0.66   0.00    0.478    0.478   0.218   0.013   0.027  0.031   0.026   0.040   0.124   48231550
 0.66   9.00   85.002
 0.66   4.00    0.628    0.000
 0.66   4.00    0.628   85.002
 0.66   4.00    0.593    0.523   0.628   0.481
 0.66   4.00    0.593    0.523   0.628   0.481

 0.67   0.00    0.480    0.480   0.218   0.013   0.027  0.031   0.027   0.040   0.125   48962330
 0.67   9.00   85.002
 0.67   4.00    0.628    0.000
 0.67   4.00    0.628   85.002
 0.67   4.00    0.593    0.525   0.628   0.483
 0.67   4.00    0.593    0.525   0.628   0.483

 0.68   0.00    0.482    0.482   0.218   0.013   0.027  0.031   0.027   0.040   0.127   49693110
 0.68   9.00   85.002
 0.68   4.00    0.628    0.000
 0.68   4.00    0.628   85.002
 0.68   4.00    0.593    0.527   0.628   0.484
 0.68   4.00    0.593    0.527   0.628   0.484

 0.69   0.00    0.484    0.484   0.218   0.013   0.027  0.031   0.027   0.040   0.129   50423890
 0.69   9.00   85.002
 0.69   4.00    0.628    0.000
 0.69   4.00    0.628   85.002
 0.69   4.00    0.593    0.529   0.628   0.486
 0.69   4.00    0.593    0.529   0.628   0.486

 0.70   0.00    0.486    0.486   0.218   0.013   0.027  0.031   0.027   0.040   0.130   51154680
 0.70   9.00   85.002
 0.70   4.00    0.628    0.000
 0.70   4.00    0.628   85.002
 0.70   4.00    0.593    0.531   0.628   0.488
 0.70   4.00    0.593    0.531   0.628   0.488

 0.71   0.00    0.486    0.486   0.218   0.012   0.027  0.032   0.027   0.040   0.130   51885460
 0.71   9.00   85.002
 0.71   4.00    0.628    0.000
 0.71   4.00    0.628   85.002
 0.71   4.00    0.593    0.531   0.628   0.488
 0.71   4.00    0.593    0.531   0.628   0.488

 0.72   0.00    0.485    0.485   0.218   0.012   0.027  0.032   0.027   0.040   0.129   52616240
 0.72   9.00   85.002
 0.72   4.00    0.628    0.000
 0.72   4.00    0.628   85.002
 0.72   4.00    0.593    0.530   0.628   0.488
 0.72   4.00    0.593    0.530   0.628   0.488

 0.73   0.00    0.485    0.485   0.218   0.012   0.027  0.032   0.027   0.040   0.129   53347020
 0.73   9.00   85.002
 0.73   4.00    0.628    0.000
 0.73   4.00    0.628   85.002
 0.73   4.00    0.593    0.530   0.628   0.488
 0.73   4.00    0.593    0.530   0.628   0.488

 0.74   0.00    0.485    0.485   0.218   0.012   0.027  0.032   0.028   0.040   0.128   54077800
 0.74   9.00   85.002
 0.74   4.00    0.628    0.000
 0.74   4.00    0.628   85.002
 0.74   4.00    0.593    0.530   0.628   0.487
 0.74   4.00    0.593    0.530   0.628   0.487

 0.75   0.00    0.485    0.485   0.218   0.012   0.027  0.032   0.028   0.040   0.128   54808580
 0.75   9.00   85.002
 0.75   4.00    0.628    0.000
 0.75   4.00    0.628   85.002
 0.75   4.00    0.593    0.530   0.628   0.487
 0.75   4.00    0.593    0.530   0.628   0.487

 0.76   0.00    0.484    0.484   0.218   0.012   0.027  0.033   0.028   0.040   0.127   55539360
 0.76   9.00   85.002
 0.76   4.00    0.628    0.000
 0.76   4.00    0.628   85.002
 0.76   4.00    0.593    0.529   0.628   0.487
 0.76   4.00    0.593    0.529   0.628   0.487

 0.77   0.00    0.484    0.484   0.218   0.012   0.027  0.033   0.028   0.040   0.126   56270140
 0.77   9.00   85.002
 0.77   4.00    0.628    0.000
 0.77   4.00    0.628   85.002
 0.77   4.00    0.593    0.529   0.628   0.486
 0.77   4.00    0.593    0.529   0.628   0.486

 0.78   0.00    0.484    0.484   0.218   0.012   0.027  0.033   0.028   0.040   0.126   57000920
 0.78   9.00   85.002
 0.78   4.00    0.628    0.000
 0.78   4.00    0.628   85.002
 0.78   4.00    0.593    0.529   0.628   0.486
 0.78   4.00    0.593    0.529   0.628   0.486

 0.79   0.00    0.483    0.483   0.217   0.012   0.027  0.033   0.028   0.040   0.125   57731710
 0.79   9.00   85.002
 0.79   4.00    0.628    0.000
 0.79   4.00    0.628   85.002
 0.79   4.00    0.593    0.528   0.628   0.486
 0.79   4.00    0.593    0.528   0.628   0.486

 0.80   0.00    0.483    0.483   0.217   0.012   0.027  0.033   0.028   0.040   0.125   58462490
 0.80   9.00   85.002
 0.80   4.00    0.628    0.000
 0.80   4.00    0.628   85.002
 0.80   4.00    0.593    0.528   0.628   0.485
 0.80   4.00    0.593    0.528   0.628   0.485

 0.81   0.00    0.488    0.488   0.217   0.012   0.027  0.033   0.029   0.040   0.130   59193270
 0.81   9.00   85.002
 0.81   4.00    0.628    0.000
 0.81   4.00    0.628   85.002
 0.81   4.00    0.593    0.533   0.628   0.491
 0.81   4.00    0.593    0.533   0.628   0.491

 0.82   0.00    0.493    0.493   0.217   0.012   0.027  0.034   0.029   0.040   0.135   59924050
 0.82   9.00   85.002
 0.82   4.00    0.628    0.000
 0.82   4.00    0.628   85.002
 0.82   4.00    0.592    0.539   0.628   0.496
 0.82   4.00    0.592    0.539   0.628   0.496

 0.83   0.00    0.499    0.499   0.217   0.012   0.027  0.034   0.029   0.040   0.140   60654830
 0.83   9.00   85.002
 0.83   4.00    0.628    0.000
 0.83   4.00    0.628   85.002
 0.83   4.00    0.592    0.544   0.628   0.501
 0.83   4.00    0.592    0.544   0.628   0.501

 0.84   0.00    0.504    0.504   0.217   0.012   0.027  0.034   0.029   0.040   0.145   61385610
 0.84   9.00   85.002
 0.84   4.00    0.628    0.000
 0.84   4.00    0.628   85.002
 0.84   4.00    0.591    0.549   0.628   0.506
 0.84   4.00    0.591    0.549   0.628   0.506

 0.85   0.00    0.509    0.509   0.217   0.012   0.027  0.034   0.029   0.040   0.150   62116390
 0.85   9.00   85.002
 0.85   4.00    0.628    0.000
 0.85   4.00    0.628   85.002
 0.85   4.00    0.591    0.554   0.628   0.512
 0.85   4.00    0.591    0.554   0.628   0.512

 0.86   0.00    0.515    0.515   0.217   0.012   0.027  0.034   0.029   0.040   0.155   62847170
 0.86   9.00   85.002
 0.86   4.00    0.628    0.000
 0.86   4.00    0.628   85.002
 0.86   4.00    0.591    0.560   0.628   0.517
 0.86   4.00    0.591    0.560   0.628   0.517

 0.87   0.00    0.520    0.520   0.217   0.012   0.027  0.034   0.029   0.040   0.160   63577950
 0.87   9.00   85.002
 0.87   4.00    0.628    0.000
 0.87   4.00    0.628   85.002
 0.87   4.00    0.590    0.565   0.628   0.522
 0.87   4.00    0.590    0.565   0.628   0.522

 0.88   0.00    0.525    0.525   0.217   0.012   0.027  0.035   0.030   0.040   0.164   64308740
 0.88   9.00   85.002
 0.88   4.00    0.628    0.000
 0.88   4.00    0.628   85.002
 0.88   4.00    0.590    0.570   0.628   0.528
 0.88   4.00    0.590    0.570   0.628   0.528

 0.89   0.00    0.530    0.530   0.217   0.012   0.027  0.035   0.030   0.040   0.169   65039520
 0.89   9.00   85.002
 0.89   4.00    0.628    0.000
 0.89   4.00    0.628   85.002
 0.89   4.00    0.590    0.575   0.628   0.533
 0.89   4.00    0.590    0.575   0.628   0.533

 0.90   0.00    0.536    0.536   0.217   0.012   0.027  0.035   0.030   0.040   0.174   65770300
 0.90   9.00   85.002
 0.90   4.00    0.628    0.000
 0.90   4.00    0.628   85.002
 0.90   4.00    0.589    0.581   0.628   0.538
 0.90   4.00    0.589    0.581   0.628   0.538

 0.91   0.00    0.539    0.539   66501080
 0.91   9.25   85.046
 0.91   4.00    0.639    0.007
 0.91   4.00    0.646   85.046
 0.91   4.00    0.607    0.586   0.646   0.542
 0.91   4.00    0.607    0.586   0.646   0.542

 0.92   0.00    0.550    0.550   67231860
 0.92   9.51   85.090
 0.92   4.00    0.650    0.014
 0.92   4.00    0.664   85.090
 0.92   4.00    0.624    0.598   0.664   0.553
 0.92   4.00    0.624    0.598   0.664   0.553

 0.93   0.00    0.565    0.565   67962640
 0.93   9.76   85.134
 0.93   4.00    0.661    0.021
 0.93   4.00    0.682   85.134
 0.93   4.00    0.640    0.614   0.682   0.568
 0.93   4.00    0.640    0.614   0.682   0.568

 0.94   0.00    0.579    0.579   68693420
 0.94  10.02   85.179
 0.94   4.00    0.672    0.028
 0.94   4.00    0.699   85.179
 0.94   4.00    0.657    0.630   0.699   0.582
 0.94   4.00    0.657    0.630   0.699   0.582

 0.95   0.00    0.593    0.593   69424200
 0.95  10.27   85.223
 0.95   4.00    0.683    0.035
 0.95   4.00    0.717   85.223
 0.95   4.00    0.674    0.645   0.717   0.596
 0.95   4.00    0.674    0.645   0.717   0.596

 0.96   0.00    0.608    0.608   70154980
 0.96  10.53   85.267
 0.96   4.00    0.694    0.042
 0.96   4.00    0.735   85.267
 0.96   4.00    0.691    0.660   0.735   0.611
 0.96   4.00    0.691    0.660   0.735   0.611

 0.97   0.00    0.622    0.622   70885770
 0.97  10.78   85.311
 0.97   4.00    0.704    0.048
 0.97   4.00    0.753   85.311
 0.97   4.00    0.707    0.676   0.753   0.625
 0.97   4.00    0.707    0.676   0.753   0.625

 0.98   0.00    0.636    0.636   71616540
 0.98  11.04   85.355
 0.98   4.00    0.715    0.055
 0.98   4.00    0.771   85.355
 0.98   4.00    0.724    0.691   0.771   0.639
 0.98   4.00    0.724    0.691   0.771   0.639

 0.99   0.00    0.650    0.650   72347330
 0.99  11.29   85.400
 0.99   4.00    0.726    0.062
 0.99   4.00    0.788   85.400
 0.99   4.00    0.741    0.706   0.788   0.653
 0.99   4.00    0.741    0.706   0.788   0.653

 1.00   0.00    0.664    0.664   73078100
 1.00  11.55   85.444
 1.00   4.00    0.737    0.069
 1.00   4.00    0.806   85.444
 1.00   4.00    0.758    0.722   0.806   0.667
 1.00   4.00    0.758    0.722   0.806   0.667

 1.01   0.00    0.678    0.678   73808890
 1.01  11.80   85.488
 1.01   4.00    0.748    0.076
 1.01   4.00    0.824   85.488
 1.01   4.00    0.775    0.737   0.824   0.681
 1.01   4.00    0.775    0.737   0.824   0.681

 1.02   0.00    0.692    0.692   74539670
 1.02  12.06   85.532
 1.02   4.00    0.759    0.083
 1.02   4.00    0.842   85.532
 1.02   4.00    0.791    0.752   0.842   0.695
 1.02   4.00    0.791    0.752   0.842   0.695

 1.03   0.00    0.706    0.706   75270450
 1.03  12.31   85.576
 1.03   4.00    0.770    0.090
 1.03   4.00    0.860   85.576
 1.03   4.00    0.808    0.768   0.860   0.709
 1.03   4.00    0.808    0.768   0.860   0.709

 1.04   0.00    0.720    0.720   76001230
 1.04  12.57   85.621
 1.04   4.00    0.781    0.097
 1.04   4.00    0.877   85.621
 1.04   4.00    0.825    0.783   0.877   0.724
 1.04   4.00    0.825    0.783   0.877   0.724

 1.05   0.00    0.734    0.734   0.213   0.104   0.094   0.028   0.033   0.024   0.063   0.015   0.159  76732010
 1.05  12.82   85.665
 1.05   4.00    0.791    0.104
 1.05   4.00    0.895   85.665
 1.05   4.00    0.842    0.798   0.895   0.738
 1.05   4.00    0.842    0.798   0.895   0.738

 1.06   0.00    0.732    0.732   0.212   0.104   0.094   0.028   0.034   0.024   0.063   0.015   0.158  77462790
 1.06  12.84   85.634
 1.06   4.00    0.792    0.104
 1.06   4.00    0.896   85.634
 1.06   4.00    0.843    0.796   0.896   0.736
 1.06   4.00    0.843    0.796   0.896   0.736

 1.07   0.00    0.730    0.730   0.211   0.103   0.094   0.028   0.035   0.024   0.063   0.015   0.157  78193580
 1.07  12.85   85.607
 1.07   4.00    0.793    0.104
 1.07   4.00    0.897   85.607
 1.07   4.00    0.844    0.795   0.897   0.734
 1.07   4.00    0.844    0.795   0.897   0.734

 1.08   0.00    0.728    0.728   0.210   0.103   0.094   0.028   0.036   0.024   0.063   0.015   0.155  78924360
 1.08  12.86   85.582
 1.08   4.00    0.794    0.104
 1.08   4.00    0.898   85.582
 1.08   4.00    0.845    0.793   0.898   0.732
 1.08   4.00    0.845    0.793   0.898   0.732

 1.09   0.00    0.727    0.727   0.210   0.103   0.094   0.028   0.037   0.024   0.063   0.015   0.154  79655140
 1.09  12.87   85.560
 1.09   4.00    0.795    0.104
 1.09   4.00    0.899   85.560
 1.09   4.00    0.846    0.791   0.899   0.730
 1.09   4.00    0.846    0.791   0.899   0.730

 1.10   0.00    0.725    0.725   0.209   0.102   0.094   0.028   0.038   0.024   0.063   0.014   0.153  80385920
 1.10  12.88   85.539
 1.10   4.00    0.796    0.104
 1.10   4.00    0.899   85.539
 1.10   4.00    0.846    0.789   0.899   0.728
 1.10   4.00    0.846    0.789   0.899   0.728

 1.11   0.00    0.723    0.723   0.208   0.102   0.094   0.028   0.039   0.024   0.063   0.014   0.151  81116700
 1.11  12.89   85.520
 1.11   4.00    0.796    0.104
 1.11   4.00    0.900   85.520
 1.11   4.00    0.847    0.788   0.900   0.727
 1.11   4.00    0.847    0.788   0.900   0.727

 1.12   0.00    0.722    0.722   0.207   0.102   0.094   0.028   0.040   0.024   0.063   0.014   0.150  81847480
 1.12  12.90   85.502
 1.12   4.00    0.797    0.104
 1.12   4.00    0.901   85.502
 1.12   4.00    0.848    0.786   0.901   0.725
 1.12   4.00    0.848    0.786   0.901   0.725

 1.13   0.00    0.720    0.720   0.206   0.101   0.094   0.028   0.041   0.024   0.063   0.014   0.149  82578260
 1.13  12.91   85.485
 1.13   4.00    0.797    0.104
 1.13   4.00    0.901   85.485
 1.13   4.00    0.849    0.785   0.901   0.724
 1.13   4.00    0.849    0.785   0.901   0.724

 1.14   0.00    0.719    0.719   0.206   0.101   0.094   0.028   0.042   0.024   0.063   0.014   0.148  83309040
 1.14  12.92   85.469
 1.14   4.00    0.798    0.104
 1.14   4.00    0.902   85.469
 1.14   4.00    0.849    0.783   0.902   0.722
 1.14   4.00    0.849    0.783   0.902   0.722

 1.15   0.00    0.717    0.717   0.205   0.101   0.094   0.028   0.043   0.024   0.063   0.014   0.147  84039820
 1.15  12.93   85.454
 1.15   4.00    0.799    0.104
 1.15   4.00    0.902   85.454
 1.15   4.00    0.850    0.782   0.902   0.721
 1.15   4.00    0.850    0.782   0.902   0.721

 1.16   0.00    0.715    0.715   0.204   0.100   0.094   0.028   0.044   0.024   0.063   0.014   0.145  84770600
 1.16  12.93   85.441
 1.16   4.00    0.799    0.104
 1.16   4.00    0.903   85.441
 1.16   4.00    0.851    0.780   0.903   0.719
 1.16   4.00    0.851    0.780   0.903   0.719

 1.17   0.00    0.714    0.714   0.203   0.100   0.094   0.027   0.045   0.024   0.063   0.014   0.144  85501380
 1.17  12.94   85.432
 1.17   4.00    0.800    0.104
 1.17   4.00    0.904   85.432
 1.17   4.00    0.851    0.779   0.904   0.717
 1.17   4.00    0.851    0.779   0.904   0.717

 1.18   0.00    0.712    0.712   0.203   0.100   0.093   0.027   0.046   0.023   0.063   0.013   0.143  86232160
 1.18  12.95   85.432
 1.18   4.00    0.801    0.104
 1.18   4.00    0.904   85.432
 1.18   4.00    0.852    0.777   0.904   0.716
 1.18   4.00    0.852    0.777   0.904   0.716

 1.19   0.00    0.710    0.710   0.202   0.099   0.093   0.027   0.048   0.023   0.063   0.013   0.142  86962950
 1.19  12.97   85.433
 1.19   4.00    0.801    0.104
 1.19   4.00    0.905   85.433
 1.19   4.00    0.853    0.775   0.905   0.714
 1.19   4.00    0.853    0.775   0.905   0.714

 1.20   0.00    0.708    0.708   0.201   0.099   0.092   0.027   0.049   0.023   0.062   0.013   0.141  87693740
 1.20  12.98   85.436
 1.20   4.00    0.802    0.104
 1.20   4.00    0.906   85.436
 1.20   4.00    0.854    0.773   0.906   0.712
 1.20   4.00    0.854    0.773   0.906   0.712

 1.21   0.00    0.706    0.706   0.200   0.099   0.092   0.027   0.050   0.023   0.062   0.013   0.140  88424510
 1.21  12.99   85.439
 1.21   4.00    0.803    0.104
 1.21   4.00    0.907   85.439
 1.21   4.00    0.855    0.771   0.907   0.710
 1.21   4.00    0.855    0.771   0.907   0.710

 1.22   0.00    0.704    0.704   0.200   0.098   0.092   0.027   0.052   0.023   0.061   0.013   0.139  89155300
 1.22  13.00   85.444
 1.22   4.00    0.804    0.104
 1.22   4.00    0.908   85.444
 1.22   4.00    0.856    0.769   0.908   0.708
 1.22   4.00    0.856    0.769   0.908   0.708

 1.23   0.00    0.702    0.702   0.199   0.098   0.091   0.027   0.053   0.023   0.060   0.013   0.138  89886070
 1.23  13.02   85.449
 1.23   4.00    0.805    0.104
 1.23   4.00    0.909   85.449
 1.23   4.00    0.857    0.767   0.909   0.706
 1.23   4.00    0.857    0.767   0.909   0.706

 1.24   0.00    0.700    0.700   0.198   0.098   0.091   0.027   0.054   0.023   0.060   0.013   0.137  90616860
 1.24  13.03   85.455
 1.24   4.00    0.806    0.104
 1.24   4.00    0.909   85.455
 1.24   4.00    0.858    0.766   0.909   0.704
 1.24   4.00    0.858    0.766   0.909   0.704

 1.25   0.00    0.699    0.699   0.197   0.098   0.090   0.027   0.056   0.023   0.059   0.013   0.135  91347630
 1.25  13.04   85.461
 1.25   4.00    0.806    0.104
 1.25   4.00    0.910   85.461
 1.25   4.00    0.859    0.764   0.910   0.702
 1.25   4.00    0.859    0.764   0.910   0.702

 1.26   0.00    0.697    0.697   0.197   0.097   0.090   0.027   0.057   0.023   0.059   0.013   0.134  92078420
 1.26  13.05   85.468
 1.26   4.00    0.807    0.104
 1.26   4.00    0.911   85.468
 1.26   4.00    0.860    0.762   0.911   0.700
 1.26   4.00    0.860    0.762   0.911   0.700

 1.27   0.00    0.695    0.695   0.196   0.097   0.090   0.027   0.058   0.023   0.058   0.012   0.133  92809190
 1.27  13.06   85.475
 1.27   4.00    0.808    0.104
 1.27   4.00    0.912   85.475
 1.27   4.00    0.861    0.760   0.912   0.699
 1.27   4.00    0.861    0.760   0.912   0.699

 1.28   0.00    0.693    0.693   0.195   0.097   0.089   0.027   0.060   0.023   0.058   0.012   0.132  93539980
 1.28  13.07   85.483
 1.28   4.00    0.809    0.104
 1.28   4.00    0.913   85.483
 1.28   4.00    0.862    0.759   0.913   0.697
 1.28   4.00    0.862    0.759   0.913   0.697

 1.29   0.00    0.692    0.692   0.195   0.097   0.089   0.027   0.061   0.023   0.057   0.012   0.131  94270750
 1.29  13.08   85.491
 1.29   4.00    0.810    0.104
 1.29   4.00    0.913   85.491
 1.29   4.00    0.863    0.757   0.913   0.695
 1.29   4.00    0.863    0.757   0.913   0.695

 1.30   0.00    0.690    0.690   0.194   0.097   0.088   0.026   0.063   0.023   0.057   0.012   0.131  95001540
 1.30  13.10   85.499
 1.30   4.00    0.810    0.104
 1.30   4.00    0.914   85.499
 1.30   4.00    0.864    0.756   0.914   0.694
 1.30   4.00    0.864    0.756   0.914   0.694

 1.31   0.00    0.689    0.689   0.193   0.096   0.088   0.026   0.064   0.023   0.056   0.012   0.130  95732320
 1.31  13.11   85.507
 1.31   4.00    0.811    0.104
 1.31   4.00    0.915   85.507
 1.31   4.00    0.864    0.754   0.915   0.692
 1.31   4.00    0.864    0.754   0.915   0.692

 1.32   0.00    0.687    0.687   0.192   0.096   0.088   0.026   0.066   0.023   0.056   0.012   0.129  96463100
 1.32  13.12   85.516
 1.32   4.00    0.812    0.104
 1.32   4.00    0.916   85.516
 1.32   4.00    0.865    0.753   0.916   0.691
 1.32   4.00    0.865    0.753   0.916   0.691

                              -------->  FIN LEADING EDGE SUPERSONIC  <--------

 1.33   0.00    0.686    0.686   0.192   0.096   0.087   0.026   0.067   0.023   0.055   0.012   0.128  97193890
 1.33  13.12   85.514
 1.33   4.00    0.812    0.104
 1.33   4.00    0.916   85.514
 1.33   4.00    0.866    0.751   0.916   0.689
 1.33   4.00    0.866    0.751   0.916   0.689

 1.34   0.00    0.683    0.683   0.191   0.096   0.087   0.026   0.067   0.022   0.055   0.012   0.127  97924660
 1.34  13.11   85.488
 1.34   4.00    0.812    0.104
 1.34   4.00    0.915   85.488
 1.34   4.00    0.865    0.749   0.915   0.686
 1.34   4.00    0.865    0.749   0.915   0.686

 1.35   0.00    0.680    0.680   0.190   0.095   0.086   0.026   0.068   0.022   0.054   0.012   0.126  98655450
 1.35  13.11   85.466
 1.35   4.00    0.811    0.104
 1.35   4.00    0.915   85.466
 1.35   4.00    0.865    0.746   0.915   0.684
 1.35   4.00    0.865    0.746   0.915   0.684

 1.36   0.00    0.678    0.678   0.190   0.095   0.086   0.026   0.068   0.022   0.054   0.012   0.125  99386220
 1.36  13.10   85.447
 1.36   4.00    0.811    0.104
 1.36   4.00    0.915   85.447
 1.36   4.00    0.865    0.743   0.915   0.681
 1.36   4.00    0.865    0.743   0.915   0.681

 1.37   0.00    0.675    0.675   0.189   0.095   0.086   0.026   0.068   0.022   0.053   0.012   0.124 100117000
 1.37  13.10   85.430
 1.37   4.00    0.811    0.104
 1.37   4.00    0.915   85.430
 1.37   4.00    0.865    0.741   0.915   0.679
 1.37   4.00    0.865    0.741   0.915   0.679

 1.38   0.00    0.673    0.673   0.188   0.095   0.085   0.026   0.068   0.022   0.053   0.012   0.124 100847800
 1.38  13.10   85.413
 1.38   4.00    0.811    0.104
 1.38   4.00    0.914   85.413
 1.38   4.00    0.865    0.738   0.914   0.676
 1.38   4.00    0.865    0.738   0.914   0.676

 1.39   0.00    0.670    0.670   0.187   0.095   0.085   0.026   0.069   0.022   0.052   0.011   0.123 101578600
 1.39  13.09   85.397
 1.39   4.00    0.810    0.104
 1.39   4.00    0.914   85.397
 1.39   4.00    0.865    0.736   0.914   0.674
 1.39   4.00    0.865    0.736   0.914   0.674

 1.40   0.00    0.668    0.668   0.187   0.094   0.085   0.026   0.069   0.022   0.052   0.011   0.122 102309400
 1.40  13.09   85.380
 1.40   4.00    0.810    0.104
 1.40   4.00    0.914   85.380
 1.40   4.00    0.865    0.733   0.914   0.671
 1.40   4.00    0.865    0.733   0.914   0.671

 1.41   0.00    0.666    0.666   0.186   0.094   0.084   0.026   0.069   0.022   0.052   0.011   0.121 103040100
 1.41  13.09   85.363
 1.41   4.00    0.810    0.104
 1.41   4.00    0.914   85.363
 1.41   4.00    0.865    0.731   0.914   0.669
 1.41   4.00    0.865    0.731   0.914   0.669

 1.42   0.00    0.663    0.663   0.185   0.094   0.084   0.026   0.070   0.022   0.051   0.011   0.120 103770900
 1.42  13.08   85.344
 1.42   4.00    0.810    0.104
 1.42   4.00    0.913   85.344
 1.42   4.00    0.865    0.729   0.913   0.666
 1.42   4.00    0.865    0.729   0.913   0.666

 1.43   0.00    0.661    0.661   0.185   0.094   0.083   0.026   0.070   0.022   0.051   0.011   0.120 104501700
 1.43  13.08   85.324
 1.43   4.00    0.809    0.104
 1.43   4.00    0.913   85.324
 1.43   4.00    0.865    0.726   0.913   0.664
 1.43   4.00    0.865    0.726   0.913   0.664

 1.44   0.00    0.659    0.659   0.184   0.094   0.083   0.025   0.070   0.022   0.050   0.011   0.119 105232500
 1.44  13.07   85.308
 1.44   4.00    0.809    0.104
 1.44   4.00    0.913   85.308
 1.44   4.00    0.864    0.724   0.913   0.662
 1.44   4.00    0.864    0.724   0.913   0.662

 1.45   0.00    0.656    0.656   0.183   0.094   0.083   0.025   0.071   0.022   0.050   0.011   0.118 105963300
 1.45  13.06   85.293
 1.45   4.00    0.809    0.103
 1.45   4.00    0.912   85.293
 1.45   4.00    0.864    0.721   0.912   0.659
 1.45   4.00    0.864    0.721   0.912   0.659

 1.46   0.00    0.654    0.654   0.183   0.093   0.082   0.025   0.071   0.022   0.049   0.011   0.118 106694000
 1.46  13.05   85.277
 1.46   4.00    0.808    0.103
 1.46   4.00    0.911   85.277
 1.46   4.00    0.863    0.719   0.911   0.657
 1.46   4.00    0.863    0.719   0.911   0.657

 1.47   0.00    0.652    0.652   0.182   0.093   0.082   0.025   0.071   0.022   0.049   0.011   0.117 107424800
 1.47  13.03   85.259
 1.47   4.00    0.808    0.102
 1.47   4.00    0.910   85.259
 1.47   4.00    0.862    0.717   0.910   0.655
 1.47   4.00    0.862    0.717   0.910   0.655

 1.48   0.00    0.650    0.650   0.181   0.093   0.082   0.025   0.072   0.022   0.048   0.011   0.116 108155600
 1.48  13.02   85.239
 1.48   4.00    0.807    0.102
 1.48   4.00    0.909   85.239
 1.48   4.00    0.861    0.715   0.909   0.653
 1.48   4.00    0.861    0.715   0.909   0.653

 1.49   0.00    0.647    0.647   0.180   0.093   0.081   0.025   0.072   0.022   0.048   0.011   0.116 108886400
 1.49  13.01   85.217
 1.49   4.00    0.806    0.102
 1.49   4.00    0.908   85.217
 1.49   4.00    0.860    0.712   0.908   0.651
 1.49   4.00    0.860    0.712   0.908   0.651

 1.50   0.00    0.645    0.645   0.180   0.093   0.081   0.025   0.072   0.021   0.048   0.011   0.115 109617200
 1.50  12.99   85.194
 1.50   4.00    0.806    0.101
 1.50   4.00    0.907   85.194
 1.50   4.00    0.859    0.710   0.907   0.649
 1.50   4.00    0.859    0.710   0.907   0.649

 1.51   0.00    0.643    0.643   0.179   0.093   0.081   0.025   0.073   0.021   0.047   0.011   0.114 110347900
 1.51  12.97   85.168
 1.51   4.00    0.805    0.101
 1.51   4.00    0.906   85.168
 1.51   4.00    0.858    0.708   0.906   0.646
 1.51   4.00    0.858    0.708   0.906   0.646

 1.52   0.00    0.641    0.641   0.178   0.093   0.080   0.025   0.073   0.021   0.047   0.010   0.114 111078700
 1.52  12.95   85.141
 1.52   4.00    0.804    0.100
 1.52   4.00    0.904   85.141
 1.52   4.00    0.857    0.706   0.904   0.644
 1.52   4.00    0.857    0.706   0.904   0.644

 1.53   0.00    0.639    0.639   0.178   0.092   0.080   0.025   0.073   0.021   0.046   0.010   0.113 111809500
 1.53  12.94   85.113
 1.53   4.00    0.803    0.100
 1.53   4.00    0.903   85.113
 1.53   4.00    0.856    0.704   0.903   0.642
 1.53   4.00    0.856    0.704   0.903   0.642

 1.54   0.00    0.637    0.637   0.177   0.092   0.079   0.025   0.073   0.021   0.046   0.010   0.113 112540300
 1.54  12.92   85.082
 1.54   4.00    0.802    0.100
 1.54   4.00    0.902   85.082
 1.54   4.00    0.855    0.702   0.902   0.640
 1.54   4.00    0.855    0.702   0.902   0.640

 1.55   0.00    0.635    0.635   0.176   0.092   0.079   0.025   0.074   0.021   0.046   0.010   0.112 113271100
 1.55  12.90   85.050
 1.55   4.00    0.801    0.099
 1.55   4.00    0.900   85.050
 1.55   4.00    0.854    0.699   0.900   0.638
 1.55   4.00    0.854    0.699   0.900   0.638

 1.56   0.00    0.633    0.633   0.176   0.092   0.079   0.025   0.074   0.021   0.045   0.010   0.112 114001800
 1.56  12.88   85.017
 1.56   4.00    0.800    0.099
 1.56   4.00    0.899   85.017
 1.56   4.00    0.852    0.697   0.899   0.636
 1.56   4.00    0.852    0.697   0.899   0.636

 1.57   0.00    0.631    0.631   0.175   0.092   0.078   0.025   0.074   0.021   0.045   0.010   0.111 114732600
 1.57  12.85   84.982
 1.57   4.00    0.799    0.099
 1.57   4.00    0.897   84.982
 1.57   4.00    0.851    0.695   0.897   0.634
 1.57   4.00    0.851    0.695   0.897   0.634

 1.58   0.00    0.629    0.629   0.174   0.092   0.078   0.024   0.075   0.021   0.044   0.010   0.111 115463400
 1.58  12.83   84.945
 1.58   4.00    0.798    0.098
 1.58   4.00    0.896   84.945
 1.58   4.00    0.849    0.693   0.896   0.632
 1.58   4.00    0.849    0.693   0.896   0.632

 1.59   0.00    0.627    0.627   0.174   0.092   0.078   0.024   0.075   0.021   0.044   0.010   0.110 116194200
 1.59  12.81   84.907
 1.59   4.00    0.796    0.098
 1.59   4.00    0.894   84.907
 1.59   4.00    0.848    0.691   0.894   0.630
 1.59   4.00    0.848    0.691   0.894   0.630

 1.60   0.00    0.626    0.626   0.173   0.091   0.077   0.024   0.075   0.021   0.044   0.010   0.110 116925000
 1.60  12.78   84.868
 1.60   4.00    0.795    0.097
 1.60   4.00    0.892   84.868
 1.60   4.00    0.846    0.689   0.892   0.629
 1.60   4.00    0.846    0.689   0.892   0.629

 1.61   0.00    0.624    0.624   0.172   0.091   0.077   0.024   0.076   0.021   0.043   0.010   0.109 117655800
 1.61  12.76   84.828
 1.61   4.00    0.794    0.097
 1.61   4.00    0.891   84.828
 1.61   4.00    0.845    0.687   0.891   0.627
 1.61   4.00    0.845    0.687   0.891   0.627

 1.62   0.00    0.622    0.622   0.172   0.091   0.077   0.024   0.076   0.021   0.043   0.010   0.109 118386500
 1.62  12.73   84.786
 1.62   4.00    0.792    0.097
 1.62   4.00    0.889   84.786
 1.62   4.00    0.843    0.685   0.889   0.625
 1.62   4.00    0.843    0.685   0.889   0.625

 1.63   0.00    0.620    0.620   0.171   0.091   0.076   0.024   0.076   0.021   0.043   0.010   0.108 119117300
 1.63  12.71   84.743
 1.63   4.00    0.791    0.096
 1.63   4.00    0.887   84.743
 1.63   4.00    0.842    0.684   0.887   0.623
 1.63   4.00    0.842    0.684   0.887   0.623

 1.64   0.00    0.618    0.618   0.170   0.091   0.076   0.024   0.077   0.021   0.042   0.010   0.108 119848100
 1.64  12.68   84.699
 1.64   4.00    0.790    0.096
 1.64   4.00    0.885   84.699
 1.64   4.00    0.840    0.682   0.885   0.621
 1.64   4.00    0.840    0.682   0.885   0.621

 1.65   0.00    0.617    0.617   0.170   0.091   0.076   0.024   0.077   0.021   0.042   0.010   0.108 120578900
 1.65  12.66   84.654
 1.65   4.00    0.788    0.096
 1.65   4.00    0.884   84.654
 1.65   4.00    0.838    0.680   0.884   0.620
 1.65   4.00    0.838    0.680   0.884   0.620

 1.66   0.00    0.615    0.615   0.169   0.091   0.075   0.024   0.077   0.020   0.041   0.010   0.107 121309700
 1.66  12.63   84.608
 1.66   4.00    0.787    0.095
 1.66   4.00    0.882   84.608
 1.66   4.00    0.836    0.678   0.882   0.618
 1.66   4.00    0.836    0.678   0.882   0.618

 1.67   0.00    0.613    0.613   0.168   0.091   0.075   0.024   0.077   0.020   0.041   0.010   0.107 122040400
 1.67  12.60   84.561
 1.67   4.00    0.785    0.095
 1.67   4.00    0.880   84.561
 1.67   4.00    0.835    0.676   0.880   0.616
 1.67   4.00    0.835    0.676   0.880   0.616

 1.68   0.00    0.612    0.612   0.168   0.091   0.075   0.024   0.078   0.020   0.041   0.009   0.106 122771200
 1.68  12.57   84.513
 1.68   4.00    0.783    0.094
 1.68   4.00    0.878   84.513
 1.68   4.00    0.833    0.674   0.878   0.615
 1.68   4.00    0.833    0.674   0.878   0.615

 1.69   0.00    0.610    0.610   0.167   0.090   0.074   0.024   0.078   0.020   0.040   0.009   0.106 123502000
 1.69  12.55   84.464
 1.69   4.00    0.782    0.094
 1.69   4.00    0.876   84.464
 1.69   4.00    0.831    0.672   0.876   0.613
 1.69   4.00    0.831    0.672   0.876   0.613

 1.70   0.00    0.608    0.608   0.167   0.090   0.074   0.024   0.078   0.020   0.040   0.009   0.106 124232800
 1.70  12.52   84.415
 1.70   4.00    0.780    0.094
 1.70   4.00    0.874   84.415
 1.70   4.00    0.829    0.671   0.874   0.611
 1.70   4.00    0.829    0.671   0.874   0.611

 1.71   0.00    0.607    0.607   0.166   0.090   0.074   0.023   0.079   0.020   0.040   0.009   0.106 124963600
 1.71  12.49   84.364
 1.71   4.00    0.779    0.093
 1.71   4.00    0.872   84.364
 1.71   4.00    0.827    0.669   0.872   0.610
 1.71   4.00    0.827    0.669   0.872   0.610

 1.72   0.00    0.605    0.605   0.165   0.090   0.073   0.023   0.079   0.020   0.039   0.009   0.105 125694300
 1.72  12.46   84.313
 1.72   4.00    0.777    0.093
 1.72   4.00    0.870   84.313
 1.72   4.00    0.825    0.667   0.870   0.608
 1.72   4.00    0.825    0.667   0.870   0.608

 1.73   0.00    0.603    0.603   0.165   0.090   0.073   0.023   0.079   0.020   0.039   0.009   0.105 126425100
 1.73  12.43   84.261
 1.73   4.00    0.775    0.092
 1.73   4.00    0.868   84.261
 1.73   4.00    0.823    0.665   0.868   0.606
 1.73   4.00    0.823    0.665   0.868   0.606

 1.74   0.00    0.602    0.602   0.164   0.090   0.073   0.023   0.079   0.020   0.039   0.009   0.105 127155900
 1.74  12.40   84.209
 1.74   4.00    0.774    0.092
 1.74   4.00    0.866   84.209
 1.74   4.00    0.821    0.664   0.866   0.605
 1.74   4.00    0.821    0.664   0.866   0.605

 1.75   0.00    0.600    0.600   0.163   0.090   0.072   0.023   0.080   0.020   0.038   0.009   0.105 127886700
 1.75  12.37   84.156
 1.75   4.00    0.772    0.092
 1.75   4.00    0.864   84.156
 1.75   4.00    0.819    0.662   0.864   0.603
 1.75   4.00    0.819    0.662   0.864   0.603

 1.76   0.00    0.599    0.599   0.163   0.090   0.072   0.023   0.080   0.020   0.038   0.009   0.104 128617500
 1.76  12.34   84.102
 1.76   4.00    0.770    0.091
 1.76   4.00    0.862   84.102
 1.76   4.00    0.817    0.660   0.862   0.602
 1.76   4.00    0.817    0.660   0.862   0.602

 1.77   0.00    0.597    0.597   0.162   0.090   0.072   0.023   0.080   0.020   0.038   0.009   0.104 129348200
 1.77  12.31   84.048
 1.77   4.00    0.769    0.091
 1.77   4.00    0.859   84.048
 1.77   4.00    0.815    0.659   0.859   0.600
 1.77   4.00    0.815    0.659   0.859   0.600

 1.78   0.00    0.596    0.596   0.161   0.089   0.071   0.023   0.080   0.020   0.037   0.009   0.104 130079000
 1.78  12.28   83.993
 1.78   4.00    0.767    0.091
 1.78   4.00    0.857   83.993
 1.78   4.00    0.813    0.657   0.857   0.599
 1.78   4.00    0.813    0.657   0.857   0.599

 1.79   0.00    0.595    0.595   0.161   0.089   0.071   0.023   0.081   0.020   0.037   0.009   0.104 130809800
 1.79  12.25   83.937
 1.79   4.00    0.765    0.090
 1.79   4.00    0.855   83.937
 1.79   4.00    0.811    0.656   0.855   0.597
 1.79   4.00    0.811    0.656   0.855   0.597

 1.80   0.00    0.593    0.593   0.160   0.089   0.071   0.023   0.081   0.020   0.037   0.009   0.104 131540600
 1.80  12.22   83.881
 1.80   4.00    0.763    0.090
 1.80   4.00    0.853   83.881
 1.80   4.00    0.809    0.654   0.853   0.596
 1.80   4.00    0.809    0.654   0.853   0.596

 1.81   0.00    0.592    0.592   0.160   0.089   0.071   0.023   0.081   0.020   0.037   0.009   0.104 132271400
 1.81  12.19   83.825
 1.81   4.00    0.761    0.089
 1.81   4.00    0.851   83.825
 1.81   4.00    0.807    0.653   0.851   0.595
 1.81   4.00    0.807    0.653   0.851   0.595

 1.82   0.00    0.591    0.591   0.159   0.089   0.070   0.023   0.082   0.019   0.036   0.009   0.104 133002200
 1.82  12.16   83.768
 1.82   4.00    0.760    0.089
 1.82   4.00    0.849   83.768
 1.82   4.00    0.805    0.651   0.849   0.594
 1.82   4.00    0.805    0.651   0.849   0.594

 1.83   0.00    0.589    0.589   0.158   0.089   0.070   0.023   0.082   0.019   0.036   0.009   0.104 133732900
 1.83  12.13   83.711
 1.83   4.00    0.758    0.089
 1.83   4.00    0.847   83.711
 1.83   4.00    0.803    0.650   0.847   0.592
 1.83   4.00    0.803    0.650   0.847   0.592

 1.84   0.00    0.588    0.588   0.158   0.089   0.070   0.023   0.082   0.019   0.036   0.009   0.104 134463700
 1.84  12.09   83.653
 1.84   4.00    0.756    0.088
 1.84   4.00    0.844   83.653
 1.84   4.00    0.801    0.649   0.844   0.591
 1.84   4.00    0.801    0.649   0.844   0.591

 1.85   0.00    0.587    0.587   0.157   0.089   0.069   0.022   0.082   0.019   0.035   0.009   0.104 135194500
 1.85  12.06   83.595
 1.85   4.00    0.754    0.088
 1.85   4.00    0.842   83.595
 1.85   4.00    0.799    0.647   0.842   0.590
 1.85   4.00    0.799    0.647   0.842   0.590

 1.86   0.00    0.586    0.586   0.156   0.089   0.069   0.022   0.082   0.019   0.035   0.009   0.104 135925300
 1.86  12.03   83.537
 1.86   4.00    0.753    0.087
 1.86   4.00    0.840   83.537
 1.86   4.00    0.797    0.646   0.840   0.589
 1.86   4.00    0.797    0.646   0.840   0.589

 1.87   0.00    0.584    0.584   0.156   0.089   0.069   0.022   0.083   0.019   0.035   0.008   0.104 136656100
 1.87  12.00   83.478
 1.87   4.00    0.751    0.087
 1.87   4.00    0.838   83.478
 1.87   4.00    0.795    0.644   0.838   0.587
 1.87   4.00    0.795    0.644   0.838   0.587

 1.88   0.00    0.583    0.583   0.155   0.089   0.068   0.022   0.083   0.019   0.035   0.008   0.104 137386800
 1.88  11.97   83.420
 1.88   4.00    0.749    0.087
 1.88   4.00    0.836   83.420
 1.88   4.00    0.793    0.643   0.836   0.586
 1.88   4.00    0.793    0.643   0.836   0.586

 1.89   0.00    0.582    0.582   0.155   0.089   0.068   0.022   0.083   0.019   0.034   0.008   0.104 138117600
 1.89  11.94   83.360
 1.89   4.00    0.747    0.086
 1.89   4.00    0.833   83.360
 1.89   4.00    0.791    0.642   0.833   0.585
 1.89   4.00    0.791    0.642   0.833   0.585

 1.90   0.00    0.581    0.581   0.154   0.088   0.068   0.022   0.083   0.019   0.034   0.008   0.104 138848400
 1.90  11.91   83.298
 1.90   4.00    0.745    0.086
 1.90   4.00    0.831   83.298
 1.90   4.00    0.789    0.640   0.831   0.584
 1.90   4.00    0.789    0.640   0.831   0.584

 1.91   0.00    0.580    0.580   0.153   0.088   0.068   0.022   0.084   0.019   0.034   0.008   0.104 139579200
 1.91  11.88   83.228
 1.91   4.00    0.744    0.086
 1.91   4.00    0.829   83.228
 1.91   4.00    0.787    0.639   0.829   0.582
 1.91   4.00    0.787    0.639   0.829   0.582

 1.92   0.00    0.578    0.578   0.153   0.088   0.067   0.022   0.084   0.019   0.033   0.008   0.104 140310000
 1.92  11.85   83.157
 1.92   4.00    0.742    0.085
 1.92   4.00    0.828   83.157
 1.92   4.00    0.785    0.637   0.828   0.581
 1.92   4.00    0.785    0.637   0.828   0.581

 1.93   0.00    0.577    0.577   0.152   0.088   0.067   0.022   0.084   0.019   0.033   0.008   0.104 141040700
 1.93  11.83   83.086
 1.93   4.00    0.741    0.085
 1.93   4.00    0.826   83.086
 1.93   4.00    0.783    0.636   0.826   0.580
 1.93   4.00    0.783    0.636   0.826   0.580

 1.94   0.00    0.576    0.576   0.151   0.088   0.067   0.022   0.084   0.019   0.033   0.008   0.104 141771500
 1.94  11.80   83.015
 1.94   4.00    0.739    0.084
 1.94   4.00    0.824   83.015
 1.94   4.00    0.781    0.635   0.824   0.579
 1.94   4.00    0.781    0.635   0.824   0.579

 1.95   0.00    0.575    0.575   0.151   0.088   0.066   0.022   0.085   0.019   0.033   0.008   0.104 142502300
 1.95  11.77   82.944
 1.95   4.00    0.738    0.084
 1.95   4.00    0.822   82.944
 1.95   4.00    0.780    0.633   0.822   0.578
 1.95   4.00    0.780    0.633   0.822   0.578

 1.96   0.00    0.574    0.574   0.150   0.088   0.066   0.022   0.085   0.019   0.032   0.008   0.104 143233100
 1.96  11.74   82.873
 1.96   4.00    0.736    0.084
 1.96   4.00    0.820   82.873
 1.96   4.00    0.778    0.632   0.820   0.576
 1.96   4.00    0.778    0.632   0.820   0.576

 1.97   0.00    0.572    0.572   0.150   0.088   0.066   0.022   0.085   0.018   0.032   0.008   0.104 143963900
 1.97  11.72   82.802
 1.97   4.00    0.735    0.083
 1.97   4.00    0.818   82.802
 1.97   4.00    0.776    0.631   0.818   0.575
 1.97   4.00    0.776    0.631   0.818   0.575

 1.98   0.00    0.571    0.571   0.149   0.088   0.065   0.021   0.085   0.018   0.032   0.008   0.104 144694700
 1.98  11.69   82.731
 1.98   4.00    0.733    0.083
 1.98   4.00    0.816   82.731
 1.98   4.00    0.774    0.629   0.816   0.574
 1.98   4.00    0.774    0.629   0.816   0.574

 1.99   0.00    0.570    0.570   0.148   0.088   0.065   0.021   0.085   0.018   0.032   0.008   0.104 145425400
 1.99  11.66   82.659
 1.99   4.00    0.732    0.083
 1.99   4.00    0.814   82.659
 1.99   4.00    0.772    0.628   0.814   0.573
 1.99   4.00    0.772    0.628   0.814   0.573

 2.00   0.00    0.569    0.569   0.148   0.088   0.065   0.021   0.086   0.018   0.031   0.008   0.104 146156200
 2.00  11.64   82.588
 2.00   4.00    0.730    0.082
 2.00   4.00    0.812   82.588
 2.00   4.00    0.770    0.627   0.812   0.572
 2.00   4.00    0.770    0.627   0.812   0.572

 2.01   0.00    0.568    0.568   0.147   0.088   0.065   0.021   0.086   0.018   0.031   0.008   0.104 146887000
 2.01  11.61   82.517
 2.01   4.00    0.729    0.082
 2.01   4.00    0.810   82.517
 2.01   4.00    0.769    0.626   0.810   0.571
 2.01   4.00    0.769    0.626   0.810   0.571

 2.02   0.00    0.567    0.567   0.147   0.088   0.064   0.021   0.086   0.018   0.031   0.008   0.104 147617800
 2.02  11.58   82.445
 2.02   4.00    0.727    0.081
 2.02   4.00    0.809   82.445
 2.02   4.00    0.767    0.624   0.809   0.569
 2.02   4.00    0.767    0.624   0.809   0.569

 2.03   0.00    0.566    0.566   0.146   0.088   0.064   0.021   0.086   0.018   0.031   0.008   0.104 148348600
 2.03  11.55   82.374
 2.03   4.00    0.726    0.081
 2.03   4.00    0.807   82.374
 2.03   4.00    0.765    0.623   0.807   0.568
 2.03   4.00    0.765    0.623   0.807   0.568

 2.04   0.00    0.565    0.565   0.146   0.087   0.064   0.021   0.086   0.018   0.030   0.008   0.104 149079300
 2.04  11.53   82.303
 2.04   4.00    0.724    0.081
 2.04   4.00    0.805   82.303
 2.04   4.00    0.763    0.622   0.805   0.567
 2.04   4.00    0.763    0.622   0.805   0.567

 2.05   0.00    0.564    0.564   0.145   0.087   0.063   0.021   0.087   0.018   0.030   0.008   0.104 149810100
 2.05  11.50   82.231
 2.05   4.00    0.723    0.080
 2.05   4.00    0.803   82.231
 2.05   4.00    0.761    0.621   0.803   0.566
 2.05   4.00    0.761    0.621   0.803   0.566

 2.06   0.00    0.563    0.563   0.145   0.087   0.063   0.021   0.087   0.018   0.030   0.008   0.104 150540900
 2.06  11.47   82.160
 2.06   4.00    0.721    0.080
 2.06   4.00    0.801   82.160
 2.06   4.00    0.760    0.620   0.801   0.565
 2.06   4.00    0.760    0.620   0.801   0.565

 2.07   0.00    0.562    0.562   0.144   0.087   0.063   0.021   0.087   0.018   0.030   0.008   0.104 151271700
 2.07  11.45   82.089
 2.07   4.00    0.720    0.079
 2.07   4.00    0.799   82.089
 2.07   4.00    0.758    0.619   0.799   0.564
 2.07   4.00    0.758    0.619   0.799   0.564

 2.08   0.00    0.560    0.560   0.144   0.087   0.063   0.021   0.087   0.018   0.029   0.008   0.104 152002500
 2.08  11.42   82.017
 2.08   4.00    0.718    0.079
 2.08   4.00    0.797   82.017
 2.08   4.00    0.756    0.617   0.797   0.563
 2.08   4.00    0.756    0.617   0.797   0.563

 2.09   0.00    0.559    0.559   0.143   0.087   0.062   0.021   0.087   0.018   0.029   0.008   0.104 152733200
 2.09  11.39   81.946
 2.09   4.00    0.717    0.079
 2.09   4.00    0.795   81.946
 2.09   4.00    0.754    0.616   0.795   0.562
 2.09   4.00    0.754    0.616   0.795   0.562

 2.10   0.00    0.558    0.558   0.143   0.087   0.062   0.021   0.087   0.018   0.029   0.008   0.104 153464000
 2.10  11.37   81.875
 2.10   4.00    0.715    0.078
 2.10   4.00    0.794   81.875
 2.10   4.00    0.752    0.615   0.794   0.561
 2.10   4.00    0.752    0.615   0.794   0.561

 2.11   0.00    0.557    0.557   0.142   0.087   0.062   0.021   0.088   0.018   0.029   0.008   0.104 154194800
 2.11  11.34   81.804
 2.11   4.00    0.714    0.078
 2.11   4.00    0.792   81.804
 2.11   4.00    0.751    0.614   0.792   0.560
 2.11   4.00    0.751    0.614   0.792   0.560

 2.12   0.00    0.556    0.556   0.142   0.087   0.062   0.021   0.088   0.018   0.029   0.007   0.104 154925600
 2.12  11.31   81.733
 2.12   4.00    0.712    0.078
 2.12   4.00    0.790   81.733
 2.12   4.00    0.749    0.613   0.790   0.559
 2.12   4.00    0.749    0.613   0.790   0.559

 2.13   0.00    0.555    0.555   0.141   0.087   0.061   0.021   0.088   0.018   0.028   0.007   0.104 155656400
 2.13  11.29   81.662
 2.13   4.00    0.711    0.077
 2.13   4.00    0.788   81.662
 2.13   4.00    0.747    0.612   0.788   0.558
 2.13   4.00    0.747    0.612   0.788   0.558

 2.14   0.00    0.554    0.554   0.141   0.087   0.061   0.021   0.088   0.018   0.028   0.007   0.104 156387200
 2.14  11.26   81.592
 2.14   4.00    0.709    0.077
 2.14   4.00    0.786   81.592
 2.14   4.00    0.745    0.611   0.786   0.557
 2.14   4.00    0.745    0.611   0.786   0.557

 2.15   0.00    0.553    0.553   0.140   0.087   0.061   0.021   0.088   0.018   0.028   0.007   0.104 157117900
 2.15  11.24   81.521
 2.15   4.00    0.708    0.076
 2.15   4.00    0.784   81.521
 2.15   4.00    0.744    0.610   0.784   0.556
 2.15   4.00    0.744    0.610   0.784   0.556

 2.16   0.00    0.553    0.553   0.140   0.087   0.061   0.021   0.089   0.018   0.028   0.007   0.104 157848700
 2.16  11.21   81.450
 2.16   4.00    0.707    0.076
 2.16   4.00    0.783   81.450
 2.16   4.00    0.742    0.608   0.783   0.555
 2.16   4.00    0.742    0.608   0.783   0.555

 2.17   0.00    0.552    0.552   0.139   0.087   0.060   0.020   0.089   0.018   0.028   0.007   0.104 158579500
 2.17  11.18   81.380
 2.17   4.00    0.705    0.076
 2.17   4.00    0.781   81.380
 2.17   4.00    0.740    0.607   0.781   0.554
 2.17   4.00    0.740    0.607   0.781   0.554

 2.18   0.00    0.551    0.551   0.139   0.087   0.060   0.020   0.089   0.018   0.027   0.007   0.104 159310300
 2.18  11.16   81.310
 2.18   4.00    0.704    0.075
 2.18   4.00    0.779   81.310
 2.18   4.00    0.738    0.606   0.779   0.553
 2.18   4.00    0.738    0.606   0.779   0.553

 2.19   0.00    0.550    0.550   0.138   0.087   0.060   0.020   0.089   0.017   0.027   0.007   0.104 160041100
 2.19  11.13   81.239
 2.19   4.00    0.702    0.075
 2.19   4.00    0.777   81.239
 2.19   4.00    0.737    0.605   0.777   0.552
 2.19   4.00    0.737    0.605   0.777   0.552

 2.20   0.00    0.549    0.549   0.138   0.087   0.059   0.020   0.089   0.017   0.027   0.007   0.104 160771800
 2.20  11.11   81.169
 2.20   4.00    0.701    0.074
 2.20   4.00    0.775   81.169
 2.20   4.00    0.735    0.604   0.775   0.551
 2.20   4.00    0.735    0.604   0.775   0.551

 2.21   0.00    0.548    0.548   0.137   0.086   0.059   0.020   0.089   0.017   0.027   0.007   0.104 161502600
 2.21  11.08   81.099
 2.21   4.00    0.699    0.074
 2.21   4.00    0.774   81.099
 2.21   4.00    0.733    0.603   0.774   0.550
 2.21   4.00    0.733    0.603   0.774   0.550

 2.22   0.00    0.547    0.547   0.137   0.086   0.059   0.020   0.089   0.017   0.027   0.007   0.104 162233400
 2.22  11.05   81.029
 2.22   4.00    0.698    0.074
 2.22   4.00    0.772   81.029
 2.22   4.00    0.732    0.602   0.772   0.549
 2.22   4.00    0.732    0.602   0.772   0.549

 2.23   0.00    0.546    0.546   0.136   0.086   0.059   0.020   0.090   0.017   0.026   0.007   0.104 162964200
 2.23  11.03   80.960
 2.23   4.00    0.697    0.073
 2.23   4.00    0.770   80.960
 2.23   4.00    0.730    0.601   0.770   0.548
 2.23   4.00    0.730    0.601   0.770   0.548

 2.24   0.00    0.545    0.545   0.136   0.086   0.058   0.020   0.090   0.017   0.026   0.007   0.104 163695000
 2.24  11.00   80.890
 2.24   4.00    0.695    0.073
 2.24   4.00    0.768   80.890
 2.24   4.00    0.728    0.600   0.768   0.548
 2.24   4.00    0.728    0.600   0.768   0.548

 2.25   0.00    0.544    0.544   0.135   0.086   0.058   0.020   0.090   0.017   0.026   0.007   0.104 164425700
 2.25  10.98   80.821
 2.25   4.00    0.694    0.073
 2.25   4.00    0.766   80.821
 2.25   4.00    0.726    0.599   0.766   0.547
 2.25   4.00    0.726    0.599   0.766   0.547

 2.26   0.00    0.543    0.543   0.135   0.086   0.058   0.020   0.090   0.017   0.026   0.007   0.104 165156500
 2.26  10.95   80.752
 2.26   4.00    0.692    0.072
 2.26   4.00    0.765   80.752
 2.26   4.00    0.725    0.598   0.765   0.546
 2.26   4.00    0.725    0.598   0.765   0.546

 2.27   0.00    0.542    0.542   0.134   0.086   0.058   0.020   0.090   0.017   0.026   0.007   0.104 165887300
 2.27  10.93   80.683
 2.27   4.00    0.691    0.072
 2.27   4.00    0.763   80.683
 2.27   4.00    0.723    0.597   0.763   0.545
 2.27   4.00    0.723    0.597   0.763   0.545

 2.28   0.00    0.541    0.541   0.134   0.086   0.057   0.020   0.090   0.017   0.025   0.007   0.104 166618100
 2.28  10.90   80.614
 2.28   4.00    0.690    0.071
 2.28   4.00    0.761   80.614
 2.28   4.00    0.721    0.596   0.761   0.544
 2.28   4.00    0.721    0.596   0.761   0.544

 2.29   0.00    0.540    0.540   0.133   0.086   0.057   0.020   0.090   0.017   0.025   0.007   0.104 167348900
 2.29  10.88   80.545
 2.29   4.00    0.688    0.071
 2.29   4.00    0.759   80.545
 2.29   4.00    0.720    0.595   0.759   0.543
 2.29   4.00    0.720    0.595   0.759   0.543

 2.30   0.00    0.539    0.539   0.133   0.086   0.057   0.020   0.091   0.017   0.025   0.007   0.104 168079600
 2.30  10.85   80.476
 2.30   4.00    0.687    0.071
 2.30   4.00    0.758   80.476
 2.30   4.00    0.718    0.594   0.758   0.542
 2.30   4.00    0.718    0.594   0.758   0.542

 2.31   0.00    0.538    0.538   0.133   0.086   0.057   0.020   0.091   0.017   0.025   0.007   0.104 168810400
 2.31  10.83   80.408
 2.31   4.00    0.686    0.070
 2.31   4.00    0.756   80.408
 2.31   4.00    0.716    0.592   0.756   0.541
 2.31   4.00    0.716    0.592   0.756   0.541

 2.32   0.00    0.538    0.538   0.132   0.086   0.056   0.020   0.091   0.017   0.025   0.007   0.104 169541200
 2.32  10.80   80.340
 2.32   4.00    0.684    0.070
 2.32   4.00    0.754   80.340
 2.32   4.00    0.715    0.591   0.754   0.540
 2.32   4.00    0.715    0.591   0.754   0.540

 2.33   0.00    0.537    0.537   0.132   0.086   0.056   0.020   0.091   0.017   0.025   0.007   0.104 170272000
 2.33  10.78   80.272
 2.33   4.00    0.683    0.070
 2.33   4.00    0.753   80.272
 2.33   4.00    0.713    0.590   0.753   0.539
 2.33   4.00    0.713    0.590   0.753   0.539

 2.34   0.00    0.536    0.536   0.131   0.086   0.056   0.020   0.091   0.017   0.024   0.007   0.104 171002800
 2.34  10.75   80.204
 2.34   4.00    0.682    0.069
 2.34   4.00    0.751   80.204
 2.34   4.00    0.711    0.589   0.751   0.538
 2.34   4.00    0.711    0.589   0.751   0.538

 2.35   0.00    0.535    0.535   0.131   0.086   0.056   0.020   0.091   0.017   0.024   0.007   0.104 171733600
 2.35  10.73   80.136
 2.35   4.00    0.680    0.069
 2.35   4.00    0.749   80.136
 2.35   4.00    0.710    0.588   0.749   0.537
 2.35   4.00    0.710    0.588   0.749   0.537

 2.36   0.00    0.534    0.534   0.130   0.086   0.056   0.020   0.091   0.017   0.024   0.007   0.104 172464300
 2.36  10.71   80.069
 2.36   4.00    0.679    0.068
 2.36   4.00    0.747   80.069
 2.36   4.00    0.708    0.587   0.747   0.537
 2.36   4.00    0.708    0.587   0.747   0.537

 2.37   0.00    0.533    0.533   0.130   0.086   0.055   0.020   0.092   0.017   0.024   0.007   0.104 173195100
 2.37  10.68   80.001
 2.37   4.00    0.678    0.068
 2.37   4.00    0.746   80.001
 2.37   4.00    0.707    0.586   0.746   0.536
 2.37   4.00    0.707    0.586   0.746   0.536

 2.38   0.00    0.532    0.532   0.129   0.086   0.055   0.019   0.092   0.017   0.024   0.007   0.104 173925900
 2.38  10.66   79.934
 2.38   4.00    0.676    0.068
 2.38   4.00    0.744   79.934
 2.38   4.00    0.705    0.585   0.744   0.535
 2.38   4.00    0.705    0.585   0.744   0.535

 2.39   0.00    0.531    0.531   0.129   0.086   0.055   0.019   0.092   0.017   0.024   0.007   0.104 174656700
 2.39  10.63   79.867
 2.39   4.00    0.675    0.067
 2.39   4.00    0.742   79.867
 2.39   4.00    0.703    0.584   0.742   0.534
 2.39   4.00    0.703    0.584   0.742   0.534

 2.40   0.00    0.531    0.531   0.129   0.086   0.055   0.019   0.092   0.017   0.023   0.007   0.104 175387500
 2.40  10.61   79.801
 2.40   4.00    0.674    0.067
 2.40   4.00    0.741   79.801
 2.40   4.00    0.702    0.583   0.741   0.533
 2.40   4.00    0.702    0.583   0.741   0.533

 2.41   0.00    0.530    0.530   0.128   0.086   0.054   0.019   0.092   0.017   0.023   0.007   0.104 176118200
 2.41  10.59   79.734
 2.41   4.00    0.673    0.066
 2.41   4.00    0.739   79.734
 2.41   4.00    0.700    0.582   0.739   0.532
 2.41   4.00    0.700    0.582   0.739   0.532

 2.42   0.00    0.529    0.529   0.128   0.086   0.054   0.019   0.092   0.017   0.023   0.007   0.104 176849000
 2.42  10.56   79.668
 2.42   4.00    0.671    0.066
 2.42   4.00    0.737   79.668
 2.42   4.00    0.699    0.582   0.737   0.531
 2.42   4.00    0.699    0.582   0.737   0.531

 2.43   0.00    0.528    0.528   0.127   0.085   0.054   0.019   0.092   0.016   0.023   0.007   0.104 177579800
 2.43  10.54   79.602
 2.43   4.00    0.670    0.066
 2.43   4.00    0.736   79.602
 2.43   4.00    0.697    0.581   0.736   0.531
 2.43   4.00    0.697    0.581   0.736   0.531

 2.44   0.00    0.527    0.527   0.127   0.085   0.054   0.019   0.092   0.016   0.023   0.007   0.104 178310600
 2.44  10.52   79.536
 2.44   4.00    0.669    0.065
 2.44   4.00    0.734   79.536
 2.44   4.00    0.695    0.580   0.734   0.530
 2.44   4.00    0.695    0.580   0.734   0.530

 2.45   0.00    0.526    0.526   0.126   0.085   0.053   0.019   0.092   0.016   0.023   0.006   0.104 179041400
 2.45  10.49   79.470
 2.45   4.00    0.668    0.065
 2.45   4.00    0.733   79.470
 2.45   4.00    0.694    0.579   0.733   0.529
 2.45   4.00    0.694    0.579   0.733   0.529

 2.46   0.00    0.525    0.525   0.126   0.085   0.053   0.019   0.093   0.016   0.023   0.006   0.104 179772100
 2.46  10.47   79.405
 2.46   4.00    0.666    0.065
 2.46   4.00    0.731   79.405
 2.46   4.00    0.692    0.578   0.731   0.528
 2.46   4.00    0.692    0.578   0.731   0.528

 2.47   0.00    0.525    0.525   0.126   0.085   0.053   0.019   0.093   0.016   0.022   0.006   0.104 180502900
 2.47  10.45   79.344
 2.47   4.00    0.665    0.064
 2.47   4.00    0.729   79.344
 2.47   4.00    0.691    0.577   0.729   0.527
 2.47   4.00    0.691    0.577   0.729   0.527

 2.48   0.00    0.524    0.524   0.125   0.085   0.053   0.019   0.093   0.016   0.022   0.006   0.104 181233700
 2.48  10.42   79.276
 2.48   4.00    0.664    0.064
 2.48   4.00    0.728   79.276
 2.48   4.00    0.689    0.576   0.728   0.526
 2.48   4.00    0.689    0.576   0.728   0.526

 2.49   0.00    0.523    0.523   0.125   0.085   0.053   0.019   0.093   0.016   0.022   0.006   0.104 181964500
 2.49  10.40   79.207
 2.49   4.00    0.663    0.063
 2.49   4.00    0.726   79.207
 2.49   4.00    0.688    0.575   0.726   0.525
 2.49   4.00    0.688    0.575   0.726   0.525

 2.50   0.00    0.522    0.522   0.124   0.085   0.052   0.019   0.093   0.016   0.022   0.006   0.104 182695300
 2.50  10.38   79.140
 2.50   4.00    0.662    0.063
 2.50   4.00    0.725   79.140
 2.50   4.00    0.686    0.574   0.725   0.525
 2.50   4.00    0.686    0.574   0.725   0.525

 2.51   0.00    0.521    0.521   0.124   0.085   0.052   0.019   0.093   0.016   0.022   0.006   0.104 183426000
 2.51  10.36   79.072
 2.51   4.00    0.660    0.063
 2.51   4.00    0.723   79.072
 2.51   4.00    0.685    0.573   0.723   0.524
 2.51   4.00    0.685    0.573   0.723   0.524

 2.52   0.00    0.520    0.520   0.123   0.085   0.052   0.019   0.093   0.016   0.022   0.006   0.104 184156800
 2.52  10.34   79.004
 2.52   4.00    0.659    0.062
 2.52   4.00    0.722   79.004
 2.52   4.00    0.683    0.572   0.722   0.523
 2.52   4.00    0.683    0.572   0.722   0.523

 2.53   0.00    0.520    0.520   0.123   0.085   0.052   0.019   0.093   0.016   0.022   0.006   0.104 184887600
 2.53  10.31   78.936
 2.53   4.00    0.658    0.062
 2.53   4.00    0.720   78.936
 2.53   4.00    0.682    0.571   0.720   0.522
 2.53   4.00    0.682    0.571   0.720   0.522

 2.54   0.00    0.519    0.519   0.123   0.085   0.051   0.019   0.093   0.016   0.021   0.006   0.104 185618400
 2.54  10.29   78.869
 2.54   4.00    0.657    0.062
 2.54   4.00    0.719   78.869
 2.54   4.00    0.680    0.570   0.719   0.521
 2.54   4.00    0.680    0.570   0.719   0.521

 2.55   0.00    0.518    0.518   0.122   0.085   0.051   0.019   0.093   0.016   0.021   0.006   0.104 186349200
 2.55  10.27   78.801
 2.55   4.00    0.656    0.061
 2.55   4.00    0.717   78.801
 2.55   4.00    0.679    0.569   0.717   0.521
 2.55   4.00    0.679    0.569   0.717   0.521

 2.56   0.00    0.517    0.517   0.122   0.085   0.051   0.019   0.094   0.016   0.021   0.006   0.104 187080000
 2.56  10.25   78.734
 2.56   4.00    0.655    0.061
 2.56   4.00    0.716   78.734
 2.56   4.00    0.678    0.568   0.716   0.520
 2.56   4.00    0.678    0.568   0.716   0.520

 2.57   0.00    0.516    0.516   0.121   0.085   0.051   0.019   0.094   0.016   0.021   0.006   0.104 187810700
 2.57  10.23   78.667
 2.57   4.00    0.654    0.060
 2.57   4.00    0.714   78.667
 2.57   4.00    0.676    0.567   0.714   0.519
 2.57   4.00    0.676    0.567   0.714   0.519

 2.58   0.00    0.516    0.516   0.121   0.085   0.051   0.019   0.094   0.016   0.021   0.006   0.104 188541500
 2.58  10.21   78.600
 2.58   4.00    0.653    0.060
 2.58   4.00    0.713   78.600
 2.58   4.00    0.675    0.567   0.713   0.518
 2.58   4.00    0.675    0.567   0.713   0.518

 2.59   0.00    0.515    0.515   0.121   0.085   0.050   0.018   0.094   0.016   0.021   0.006   0.104 189272300
 2.59  10.19   78.533
 2.59   4.00    0.652    0.060
 2.59   4.00    0.711   78.533
 2.59   4.00    0.673    0.566   0.711   0.517
 2.59   4.00    0.673    0.566   0.711   0.517

 2.60   0.00    0.514    0.514   0.120   0.085   0.050   0.018   0.094   0.016   0.021   0.006   0.104 190003100
 2.60  10.16   78.466
 2.60   4.00    0.650    0.059
 2.60   4.00    0.710   78.466
 2.60   4.00    0.672    0.565   0.710   0.517
 2.60   4.00    0.672    0.565   0.710   0.517

 2.61   0.00    0.513    0.513   0.120   0.085   0.050   0.018   0.094   0.016   0.021   0.006   0.104 190733900
 2.61  10.14   78.399
 2.61   4.00    0.649    0.059
 2.61   4.00    0.708   78.399
 2.61   4.00    0.670    0.564   0.708   0.516
 2.61   4.00    0.670    0.564   0.708   0.516

 2.62   0.00    0.512    0.512   0.119   0.085   0.050   0.018   0.094   0.016   0.020   0.006   0.104 191464600
 2.62  10.12   78.333
 2.62   4.00    0.648    0.058
 2.62   4.00    0.707   78.333
 2.62   4.00    0.669    0.563   0.707   0.515
 2.62   4.00    0.669    0.563   0.707   0.515

 2.63   0.00    0.512    0.512   0.119   0.085   0.050   0.018   0.094   0.016   0.020   0.006   0.104 192195400
 2.63  10.10   78.266
 2.63   4.00    0.647    0.058
 2.63   4.00    0.705   78.266
 2.63   4.00    0.668    0.562   0.705   0.514
 2.63   4.00    0.668    0.562   0.705   0.514

 2.64   0.00    0.511    0.511   0.119   0.085   0.049   0.018   0.094   0.016   0.020   0.006   0.104 192926200
 2.64  10.08   78.200
 2.64   4.00    0.646    0.058
 2.64   4.00    0.704   78.200
 2.64   4.00    0.666    0.561   0.704   0.513
 2.64   4.00    0.666    0.561   0.704   0.513

 2.65   0.00    0.510    0.510   0.118   0.085   0.049   0.018   0.094   0.016   0.020   0.006   0.104 193657000
 2.65  10.06   78.134
 2.65   4.00    0.645    0.057
 2.65   4.00    0.702   78.134
 2.65   4.00    0.665    0.560   0.702   0.513
 2.65   4.00    0.665    0.560   0.702   0.513

 2.66   0.00    0.509    0.509   0.118   0.085   0.049   0.018   0.094   0.016   0.020   0.006   0.104 194387800
 2.66  10.04   78.068
 2.66   4.00    0.644    0.057
 2.66   4.00    0.701   78.068
 2.66   4.00    0.664    0.560   0.701   0.512
 2.66   4.00    0.664    0.560   0.701   0.512

 2.67   0.00    0.509    0.509   0.118   0.085   0.049   0.018   0.095   0.016   0.020   0.006   0.104 195118600
 2.67  10.02   78.002
 2.67   4.00    0.643    0.057
 2.67   4.00    0.700   78.002
 2.67   4.00    0.662    0.559   0.700   0.511
 2.67   4.00    0.662    0.559   0.700   0.511

 2.68   0.00    0.508    0.508   0.117   0.085   0.049   0.018   0.095   0.016   0.020   0.006   0.104 195849300
 2.68  10.00   77.936
 2.68   4.00    0.642    0.056
 2.68   4.00    0.698   77.936
 2.68   4.00    0.661    0.558   0.698   0.510
 2.68   4.00    0.661    0.558   0.698   0.510

 2.69   0.00    0.507    0.507   0.117   0.085   0.048   0.018   0.095   0.015   0.020   0.006   0.104 196580100
 2.69   9.98   77.870
 2.69   4.00    0.641    0.056
 2.69   4.00    0.697   77.870
 2.69   4.00    0.660    0.557   0.697   0.510
 2.69   4.00    0.660    0.557   0.697   0.510

 2.70   0.00    0.506    0.506   0.116   0.085   0.048   0.018   0.095   0.015   0.019   0.006   0.104 197310900
 2.70   9.96   77.805
 2.70   4.00    0.640    0.055
 2.70   4.00    0.695   77.805
 2.70   4.00    0.658    0.556   0.695   0.509
 2.70   4.00    0.658    0.556   0.695   0.509

 2.71   0.00    0.506    0.506   0.116   0.084   0.048   0.018   0.095   0.015   0.019   0.006   0.104 198041700
 2.71   9.94   77.740
 2.71   4.00    0.639    0.055
 2.71   4.00    0.694   77.740
 2.71   4.00    0.657    0.555   0.694   0.508
 2.71   4.00    0.657    0.555   0.694   0.508

 2.72   0.00    0.505    0.505   0.116   0.084   0.048   0.018   0.095   0.015   0.019   0.006   0.104 198772400
 2.72   9.92   77.674
 2.72   4.00    0.638    0.055
 2.72   4.00    0.693   77.674
 2.72   4.00    0.656    0.554   0.693   0.507
 2.72   4.00    0.656    0.554   0.693   0.507

 2.73   0.00    0.504    0.504   0.115   0.084   0.048   0.018   0.095   0.015   0.019   0.006   0.104 199503200
 2.73   9.90   77.609
 2.73   4.00    0.637    0.054
 2.73   4.00    0.691   77.609
 2.73   4.00    0.654    0.554   0.691   0.507
 2.73   4.00    0.654    0.554   0.691   0.507

 2.74   0.00    0.503    0.503   0.115   0.084   0.047   0.018   0.095   0.015   0.019   0.006   0.104 200234000
 2.74   9.88   77.544
 2.74   4.00    0.636    0.054
 2.74   4.00    0.690   77.544
 2.74   4.00    0.653    0.553   0.690   0.506
 2.74   4.00    0.653    0.553   0.690   0.506

 2.75   0.00    0.503    0.503   0.115   0.084   0.047   0.018   0.095   0.015   0.019   0.006   0.104 200964800
 2.75   9.86   77.480
 2.75   4.00    0.635    0.053
 2.75   4.00    0.689   77.480
 2.75   4.00    0.652    0.552   0.689   0.505
 2.75   4.00    0.652    0.552   0.689   0.505

 2.76   0.00    0.502    0.502   0.114   0.084   0.047   0.018   0.095   0.015   0.019   0.006   0.104 201695600
 2.76   9.84   77.415
 2.76   4.00    0.634    0.053
 2.76   4.00    0.687   77.415
 2.76   4.00    0.650    0.551   0.687   0.504
 2.76   4.00    0.650    0.551   0.687   0.504

 2.77   0.00    0.501    0.501   0.114   0.084   0.047   0.018   0.095   0.015   0.019   0.006   0.104 202426400
 2.77   9.82   77.350
 2.77   4.00    0.633    0.053
 2.77   4.00    0.686   77.350
 2.77   4.00    0.649    0.550   0.686   0.504
 2.77   4.00    0.649    0.550   0.686   0.504

 2.78   0.00    0.500    0.500   0.113   0.084   0.047   0.018   0.095   0.015   0.018   0.006   0.104 203157100
 2.78   9.81   77.286
 2.78   4.00    0.632    0.052
 2.78   4.00    0.685   77.286
 2.78   4.00    0.648    0.549   0.685   0.503
 2.78   4.00    0.648    0.549   0.685   0.503

 2.79   0.00    0.500    0.500   0.113   0.084   0.046   0.018   0.095   0.015   0.018   0.006   0.104 203887900
 2.79   9.79   77.222
 2.79   4.00    0.631    0.052
 2.79   4.00    0.683   77.222
 2.79   4.00    0.647    0.549   0.683   0.502
 2.79   4.00    0.647    0.549   0.683   0.502

 2.80   0.00    0.499    0.499   0.113   0.084   0.046   0.018   0.096   0.015   0.018   0.006   0.104 204618700
 2.80   9.77   77.158
 2.80   4.00    0.630    0.052
 2.80   4.00    0.682   77.158
 2.80   4.00    0.645    0.548   0.682   0.501
 2.80   4.00    0.645    0.548   0.682   0.501

 2.81   0.00    0.498    0.498   0.112   0.084   0.046   0.018   0.096   0.015   0.018   0.006   0.104 205349500
 2.81   9.75   77.094
 2.81   4.00    0.629    0.051
 2.81   4.00    0.681   77.094
 2.81   4.00    0.644    0.547   0.681   0.501
 2.81   4.00    0.644    0.547   0.681   0.501

 2.82   0.00    0.498    0.498   0.112   0.084   0.046   0.017   0.096   0.015   0.018   0.006   0.104 206080300
 2.82   9.73   77.030
 2.82   4.00    0.629    0.051
 2.82   4.00    0.679   77.030
 2.82   4.00    0.643    0.546   0.679   0.500
 2.82   4.00    0.643    0.546   0.679   0.500

 2.83   0.00    0.497    0.497   0.112   0.084   0.046   0.017   0.096   0.015   0.018   0.006   0.104 206811000
 2.83   9.71   76.967
 2.83   4.00    0.628    0.050
 2.83   4.00    0.678   76.967
 2.83   4.00    0.642    0.545   0.678   0.499
 2.83   4.00    0.642    0.545   0.678   0.499

 2.84   0.00    0.496    0.496   0.111   0.084   0.045   0.017   0.096   0.015   0.018   0.006   0.104 207541800
 2.84   9.69   76.903
 2.84   4.00    0.627    0.050
 2.84   4.00    0.677   76.903
 2.84   4.00    0.640    0.545   0.677   0.499
 2.84   4.00    0.640    0.545   0.677   0.499

 2.85   0.00    0.495    0.495   0.111   0.084   0.045   0.017   0.096   0.015   0.018   0.006   0.104 208272600
 2.85   9.68   76.840
 2.85   4.00    0.626    0.050
 2.85   4.00    0.675   76.840
 2.85   4.00    0.639    0.544   0.675   0.498
 2.85   4.00    0.639    0.544   0.675   0.498

 2.86   0.00    0.495    0.495   0.111   0.084   0.045   0.017   0.096   0.015   0.018   0.006   0.104 209003400
 2.86   9.66   76.777
 2.86   4.00    0.625    0.049
 2.86   4.00    0.674   76.777
 2.86   4.00    0.638    0.543   0.674   0.497
 2.86   4.00    0.638    0.543   0.674   0.497

 2.87   0.00    0.494    0.494   0.110   0.084   0.045   0.017   0.096   0.015   0.017   0.006   0.104 209734200
 2.87   9.64   76.714
 2.87   4.00    0.624    0.049
 2.87   4.00    0.673   76.714
 2.87   4.00    0.637    0.542   0.673   0.496
 2.87   4.00    0.637    0.542   0.673   0.496

 2.88   0.00    0.493    0.493   0.110   0.084   0.045   0.017   0.096   0.015   0.017   0.006   0.104 210465000
 2.88   9.62   76.651
 2.88   4.00    0.623    0.049
 2.88   4.00    0.672   76.651
 2.88   4.00    0.635    0.541   0.672   0.496
 2.88   4.00    0.635    0.541   0.672   0.496

 2.89   0.00    0.493    0.493   0.110   0.084   0.045   0.017   0.096   0.015   0.017   0.005   0.104 211195700
 2.89   9.60   76.588
 2.89   4.00    0.622    0.048
 2.89   4.00    0.670   76.588
 2.89   4.00    0.634    0.541   0.670   0.495
 2.89   4.00    0.634    0.541   0.670   0.495

 2.90   0.00    0.492    0.492   0.109   0.084   0.044   0.017   0.096   0.015   0.017   0.005   0.104 211926500
 2.90   9.59   76.526
 2.90   4.00    0.621    0.048
 2.90   4.00    0.669   76.526
 2.90   4.00    0.633    0.540   0.669   0.494
 2.90   4.00    0.633    0.540   0.669   0.494

 2.91   0.00    0.491    0.491   0.109   0.084   0.044   0.017   0.096   0.015   0.017   0.005   0.104 212657300
 2.91   9.57   76.464
 2.91   4.00    0.621    0.047
 2.91   4.00    0.668   76.464
 2.91   4.00    0.632    0.539   0.668   0.494
 2.91   4.00    0.632    0.539   0.668   0.494

 2.92   0.00    0.491    0.491   0.108   0.084   0.044   0.017   0.096   0.015   0.017   0.005   0.104 213388100
 2.92   9.55   76.401
 2.92   4.00    0.620    0.047
 2.92   4.00    0.667   76.401
 2.92   4.00    0.631    0.538   0.667   0.493
 2.92   4.00    0.631    0.538   0.667   0.493

 2.93   0.00    0.490    0.490   0.108   0.084   0.044   0.017   0.096   0.015   0.017   0.005   0.104 214118900
 2.93   9.53   76.339
 2.93   4.00    0.619    0.047
 2.93   4.00    0.665   76.339
 2.93   4.00    0.630    0.538   0.665   0.492
 2.93   4.00    0.630    0.538   0.665   0.492

 2.94   0.00    0.489    0.489   0.108   0.084   0.044   0.017   0.096   0.015   0.017   0.005   0.104 214849600
 2.94   9.51   76.277
 2.94   4.00    0.618    0.046
 2.94   4.00    0.664   76.277
 2.94   4.00    0.628    0.537   0.664   0.492
 2.94   4.00    0.628    0.537   0.664   0.492

 2.95   0.00    0.489    0.489   0.107   0.084   0.044   0.017   0.096   0.015   0.017   0.005   0.104 215580400
 2.95   9.50   76.216
 2.95   4.00    0.617    0.046
 2.95   4.00    0.663   76.216
 2.95   4.00    0.627    0.536   0.663   0.491
 2.95   4.00    0.627    0.536   0.663   0.491

 2.96   0.00    0.488    0.488   0.107   0.084   0.043   0.017   0.097   0.014   0.016   0.005   0.104 216311200
 2.96   9.48   76.154
 2.96   4.00    0.616    0.045
 2.96   4.00    0.662   76.154
 2.96   4.00    0.626    0.535   0.662   0.490
 2.96   4.00    0.626    0.535   0.662   0.490

 2.97   0.00    0.487    0.487   0.107   0.084   0.043   0.017   0.097   0.014   0.016   0.005   0.104 217042000
 2.97   9.46   76.093
 2.97   4.00    0.616    0.045
 2.97   4.00    0.661   76.093
 2.97   4.00    0.625    0.534   0.661   0.490
 2.97   4.00    0.625    0.534   0.661   0.490

 2.98   0.00    0.486    0.486   0.106   0.084   0.043   0.017   0.097   0.014   0.016   0.005   0.104 217772800
 2.98   9.45   76.032
 2.98   4.00    0.615    0.045
 2.98   4.00    0.659   76.032
 2.98   4.00    0.624    0.534   0.659   0.489
 2.98   4.00    0.624    0.534   0.659   0.489

 2.99   0.00    0.486    0.486   0.106   0.084   0.043   0.017   0.097   0.014   0.016   0.005   0.104 218503500
 2.99   9.43   75.970
 2.99   4.00    0.614    0.044
 2.99   4.00    0.658   75.970
 2.99   4.00    0.623    0.533   0.658   0.488
 2.99   4.00    0.623    0.533   0.658   0.488

 3.00   0.00    0.485    0.485   0.106   0.084   0.043   0.017   0.097   0.014   0.016   0.005   0.104 219234300
 3.00   9.41   75.910
 3.00   4.00    0.613    0.044
 3.00   4.00    0.657   75.910
 3.00   4.00    0.621    0.532   0.657   0.488
 3.00   4.00    0.621    0.532   0.657   0.488

 3.01   0.00    0.485    0.485   0.106   0.084   0.043   0.017   0.097   0.014   0.016   0.005   0.104 219965100
 3.01   9.40   75.849
 3.01   4.00    0.612    0.044
 3.01   4.00    0.656   75.849
 3.01   4.00    0.620    0.532   0.656   0.487
 3.01   4.00    0.620    0.532   0.656   0.487

 3.02   0.00    0.484    0.484   0.105   0.084   0.042   0.017   0.097   0.014   0.016   0.005   0.104 220695900
 3.02   9.38   75.788
 3.02   4.00    0.612    0.043
 3.02   4.00    0.655   75.788
 3.02   4.00    0.619    0.531   0.655   0.486
 3.02   4.00    0.619    0.531   0.655   0.486

 3.03   0.00    0.484    0.484   0.105   0.084   0.042   0.017   0.097   0.014   0.016   0.005   0.104 221426700
 3.03   9.36   75.728
 3.03   4.00    0.611    0.043
 3.03   4.00    0.654   75.728
 3.03   4.00    0.618    0.530   0.654   0.486
 3.03   4.00    0.618    0.530   0.654   0.486

 3.04   0.00    0.483    0.483   0.105   0.084   0.042   0.017   0.097   0.014   0.016   0.005   0.104 222157400
 3.04   9.35   75.668
 3.04   4.00    0.610    0.042
 3.04   4.00    0.652   75.668
 3.04   4.00    0.617    0.530   0.652   0.485
 3.04   4.00    0.617    0.530   0.652   0.485

 3.05   0.00    0.482    0.482   0.105   0.084   0.042   0.017   0.097   0.014   0.016   0.005   0.104 222888200
 3.05   9.33   75.608
 3.05   4.00    0.609    0.042
 3.05   4.00    0.651   75.608
 3.05   4.00    0.616    0.529   0.651   0.485
 3.05   4.00    0.616    0.529   0.651   0.485

 3.06   0.00    0.482    0.482   0.104   0.084   0.042   0.016   0.097   0.014   0.016   0.005   0.104 223619000
 3.06   9.31   75.548
 3.06   4.00    0.608    0.042
 3.06   4.00    0.650   75.548
 3.06   4.00    0.615    0.528   0.650   0.484
 3.06   4.00    0.615    0.528   0.650   0.484

 3.07   0.00    0.481    0.481   0.104   0.084   0.042   0.016   0.097   0.014   0.016   0.005   0.104 224349800
 3.07   9.30   75.488
 3.07   4.00    0.608    0.041
 3.07   4.00    0.649   75.488
 3.07   4.00    0.614    0.528   0.649   0.484
 3.07   4.00    0.614    0.528   0.649   0.484

 3.08   0.00    0.481    0.481   0.104   0.084   0.041   0.016   0.097   0.014   0.016   0.005   0.104 225080600
 3.08   9.28   75.428
 3.08   4.00    0.607    0.041
 3.08   4.00    0.648   75.428
 3.08   4.00    0.613    0.527   0.648   0.483
 3.08   4.00    0.613    0.527   0.648   0.483

 3.09   0.00    0.480    0.480   0.104   0.084   0.041   0.016   0.097   0.014   0.016   0.005   0.104 225811300
 3.09   9.26   75.369
 3.09   4.00    0.606    0.040
 3.09   4.00    0.647   75.369
 3.09   4.00    0.611    0.527   0.647   0.483
 3.09   4.00    0.611    0.527   0.647   0.483

 3.10   0.00    0.480    0.480   0.103   0.084   0.041   0.016   0.097   0.014   0.016   0.005   0.104 226542100
 3.10   9.25   75.310
 3.10   4.00    0.605    0.040
 3.10   4.00    0.646   75.310
 3.10   4.00    0.610    0.526   0.646   0.482
 3.10   4.00    0.610    0.526   0.646   0.482

 3.11   0.00    0.479    0.479   0.103   0.083   0.041   0.016   0.097   0.014   0.016   0.005   0.104 227272900
 3.11   9.23   75.251
 3.11   4.00    0.605    0.040
 3.11   4.00    0.644   75.251
 3.11   4.00    0.609    0.525   0.644   0.482
 3.11   4.00    0.609    0.525   0.644   0.482

 3.12   0.00    0.479    0.479   0.103   0.083   0.041   0.016   0.097   0.014   0.015   0.005   0.104 228003700
 3.12   9.22   75.192
 3.12   4.00    0.604    0.039
 3.12   4.00    0.643   75.192
 3.12   4.00    0.608    0.525   0.643   0.481
 3.12   4.00    0.608    0.525   0.643   0.481

 3.13   0.00    0.478    0.478   0.103   0.083   0.041   0.016   0.097   0.014   0.015   0.005   0.104 228734500
 3.13   9.20   75.133
 3.13   4.00    0.603    0.039
 3.13   4.00    0.642   75.133
 3.13   4.00    0.607    0.524   0.642   0.481
 3.13   4.00    0.607    0.524   0.642   0.481

 3.14   0.00    0.478    0.478   0.102   0.083   0.040   0.016   0.097   0.014   0.015   0.005   0.104 229465300
 3.14   9.18   75.074
 3.14   4.00    0.603    0.039
 3.14   4.00    0.641   75.074
 3.14   4.00    0.606    0.524   0.641   0.480
 3.14   4.00    0.606    0.524   0.641   0.480

 3.15   0.00    0.477    0.477   0.102   0.083   0.040   0.016   0.097   0.014   0.015   0.005   0.104 230196000
 3.15   9.17   75.016
 3.15   4.00    0.602    0.038
 3.15   4.00    0.640   75.016
 3.15   4.00    0.605    0.523   0.640   0.480
 3.15   4.00    0.605    0.523   0.640   0.480

 3.16   0.00    0.477    0.477   0.102   0.083   0.040   0.016   0.097   0.014   0.015   0.005   0.104 230926800
 3.16   9.15   74.958
 3.16   4.00    0.601    0.038
 3.16   4.00    0.639   74.958
 3.16   4.00    0.604    0.522   0.639   0.479
 3.16   4.00    0.604    0.522   0.639   0.479

 3.17   0.00    0.476    0.476   0.102   0.083   0.040   0.016   0.098   0.014   0.015   0.005   0.104 231657600
 3.17   9.14   74.900
 3.17   4.00    0.600    0.037
 3.17   4.00    0.638   74.900
 3.17   4.00    0.603    0.522   0.638   0.479
 3.17   4.00    0.603    0.522   0.638   0.479

 3.18   0.00    0.476    0.476   0.101   0.083   0.040   0.016   0.098   0.014   0.015   0.005   0.104 232388400
 3.18   9.12   74.842
 3.18   4.00    0.600    0.037
 3.18   4.00    0.637   74.842
 3.18   4.00    0.602    0.521   0.637   0.478
 3.18   4.00    0.602    0.521   0.637   0.478

 3.19   0.00    0.475    0.475   0.101   0.083   0.040   0.016   0.098   0.014   0.015   0.005   0.104 233119200
 3.19   9.11   74.784
 3.19   4.00    0.599    0.037
 3.19   4.00    0.636   74.784
 3.19   4.00    0.601    0.521   0.636   0.477
 3.19   4.00    0.601    0.521   0.636   0.477

 3.20   0.00    0.475    0.475   0.101   0.083   0.040   0.016   0.098   0.014   0.015   0.005   0.104 233850000
 3.20   9.09   74.726
 3.20   4.00    0.598    0.036
 3.20   4.00    0.635   74.726
 3.20   4.00    0.600    0.520   0.635   0.477
 3.20   4.00    0.600    0.520   0.635   0.477

 3.21   0.00    0.474    0.474   0.101   0.083   0.039   0.016   0.098   0.014   0.015   0.005   0.104 234580700
 3.21   9.08   74.669
 3.21   4.00    0.598    0.036
 3.21   4.00    0.634   74.669
 3.21   4.00    0.599    0.520   0.634   0.476
 3.21   4.00    0.599    0.520   0.634   0.476

 3.22   0.00    0.474    0.474   0.100   0.083   0.039   0.016   0.098   0.014   0.015   0.005   0.104 235311500
 3.22   9.06   74.612
 3.22   4.00    0.597    0.036
 3.22   4.00    0.633   74.612
 3.22   4.00    0.598    0.519   0.633   0.476
 3.22   4.00    0.598    0.519   0.633   0.476

 3.23   0.00    0.473    0.473   0.100   0.083   0.039   0.016   0.098   0.014   0.015   0.005   0.104 236042300
 3.23   9.05   74.555
 3.23   4.00    0.596    0.035
 3.23   4.00    0.632   74.555
 3.23   4.00    0.597    0.518   0.632   0.475
 3.23   4.00    0.597    0.518   0.632   0.475

 3.24   0.00    0.473    0.473   0.100   0.083   0.039   0.016   0.098   0.014   0.015   0.005   0.104 236773100
 3.24   9.03   74.498
 3.24   4.00    0.596    0.035
 3.24   4.00    0.630   74.498
 3.24   4.00    0.596    0.518   0.630   0.475
 3.24   4.00    0.596    0.518   0.630   0.475

 3.25   0.00    0.472    0.472   0.100   0.083   0.039   0.016   0.098   0.013   0.015   0.005   0.104 237503900
 3.25   9.02   74.441
 3.25   4.00    0.595    0.034
 3.25   4.00    0.629   74.441
 3.25   4.00    0.595    0.517   0.629   0.474
 3.25   4.00    0.595    0.517   0.629   0.474

 3.26   0.00    0.472    0.472   0.099   0.083   0.039   0.016   0.098   0.013   0.015   0.005   0.104 238234600
 3.26   9.00   74.385
 3.26   4.00    0.594    0.034
 3.26   4.00    0.628   74.385
 3.26   4.00    0.594    0.517   0.628   0.474
 3.26   4.00    0.594    0.517   0.628   0.474

 3.27   0.00    0.471    0.471   0.099   0.083   0.038   0.016   0.098   0.013   0.015   0.005   0.104 238965400
 3.27   8.99   74.328
 3.27   4.00    0.594    0.034
 3.27   4.00    0.627   74.328
 3.27   4.00    0.593    0.516   0.627   0.473
 3.27   4.00    0.593    0.516   0.627   0.473

 3.28   0.00    0.471    0.471   0.099   0.083   0.038   0.016   0.098   0.013   0.015   0.005   0.104 239696200
 3.28   8.97   74.272
 3.28   4.00    0.593    0.033
 3.28   4.00    0.626   74.272
 3.28   4.00    0.592    0.515   0.626   0.473
 3.28   4.00    0.592    0.515   0.626   0.473

 3.29   0.00    0.470    0.470   0.099   0.083   0.038   0.016   0.098   0.013   0.015   0.005   0.104 240427000
 3.29   8.96   74.216
 3.29   4.00    0.592    0.033
 3.29   4.00    0.625   74.216
 3.29   4.00    0.591    0.515   0.625   0.472
 3.29   4.00    0.591    0.515   0.625   0.472

 3.30   0.00    0.470    0.470   0.098   0.083   0.038   0.016   0.098   0.013   0.015   0.005   0.104 241157700
 3.30   8.94   74.160
 3.30   4.00    0.592    0.032
 3.30   4.00    0.624   74.160
 3.30   4.00    0.590    0.514   0.624   0.472
 3.30   4.00    0.590    0.514   0.624   0.472

 3.31   0.00    0.469    0.469   0.098   0.083   0.038   0.016   0.098   0.013   0.015   0.005   0.104 241888500
 3.31   8.93   74.105
 3.31   4.00    0.591    0.032
 3.31   4.00    0.623   74.105
 3.31   4.00    0.589    0.514   0.623   0.471
 3.31   4.00    0.589    0.514   0.623   0.471

 3.32   0.00    0.469    0.469   0.098   0.083   0.038   0.015   0.098   0.013   0.015   0.005   0.104 242619300
 3.32   8.91   74.049
 3.32   4.00    0.591    0.032
 3.32   4.00    0.622   74.049
 3.32   4.00    0.588    0.513   0.622   0.471
 3.32   4.00    0.588    0.513   0.622   0.471

 3.33   0.00    0.468    0.468   0.098   0.083   0.038   0.015   0.098   0.013   0.015   0.005   0.104 243350100
 3.33   8.90   73.994
 3.33   4.00    0.590    0.031
 3.33   4.00    0.621   73.994
 3.33   4.00    0.587    0.513   0.621   0.470
 3.33   4.00    0.587    0.513   0.621   0.470

 3.34   0.00    0.468    0.468   0.097   0.083   0.037   0.015   0.098   0.013   0.015   0.005   0.104 244080900
 3.34   8.89   73.939
 3.34   4.00    0.589    0.031
 3.34   4.00    0.620   73.939
 3.34   4.00    0.586    0.512   0.620   0.470
 3.34   4.00    0.586    0.512   0.620   0.470

 3.35   0.00    0.467    0.467   0.097   0.083   0.037   0.015   0.098   0.013   0.015   0.004   0.104 244811600
 3.35   8.87   73.884
 3.35   4.00    0.589    0.031
 3.35   4.00    0.619   73.884
 3.35   4.00    0.585    0.512   0.619   0.470
 3.35   4.00    0.585    0.512   0.619   0.470

 3.36   0.00    0.467    0.467   0.097   0.083   0.037   0.015   0.098   0.013   0.015   0.004   0.104 245542400
 3.36   8.86   73.829
 3.36   4.00    0.588    0.030
 3.36   4.00    0.618   73.829
 3.36   4.00    0.584    0.511   0.618   0.469
 3.36   4.00    0.584    0.511   0.618   0.469

 3.37   0.00    0.466    0.466   0.097   0.083   0.037   0.015   0.098   0.013   0.014   0.004   0.104 246273200
 3.37   8.84   73.774
 3.37   4.00    0.588    0.030
 3.37   4.00    0.617   73.774
 3.37   4.00    0.583    0.510   0.617   0.469
 3.37   4.00    0.583    0.510   0.617   0.469

 3.38   0.00    0.466    0.466   0.097   0.083   0.037   0.015   0.098   0.013   0.014   0.004   0.104 247004000
 3.38   8.83   73.722
 3.38   4.00    0.587    0.029
 3.38   4.00    0.616   73.722
 3.38   4.00    0.582    0.510   0.616   0.468
 3.38   4.00    0.582    0.510   0.616   0.468

 3.39   0.00    0.465    0.465   0.096   0.083   0.037   0.015   0.098   0.013   0.014   0.004   0.104 247734800
 3.39   8.81   73.679
 3.39   4.00    0.586    0.029
 3.39   4.00    0.615   73.679
 3.39   4.00    0.581    0.509   0.615   0.468
 3.39   4.00    0.581    0.509   0.615   0.468

 3.40   0.00    0.465    0.465   0.096   0.083   0.037   0.015   0.098   0.013   0.014   0.004   0.104 248465600
 3.40   8.79   73.636
 3.40   4.00    0.585    0.029
 3.40   4.00    0.614   73.636
 3.40   4.00    0.580    0.509   0.614   0.467
 3.40   4.00    0.580    0.509   0.614   0.467

 3.41   0.00    0.464    0.464   0.096   0.083   0.037   0.015   0.098   0.013   0.014   0.004   0.104 249196400
 3.41   8.77   73.594
 3.41   4.00    0.584    0.028
 3.41   4.00    0.612   73.594
 3.41   4.00    0.578    0.508   0.612   0.467
 3.41   4.00    0.578    0.508   0.612   0.467

 3.42   0.00    0.464    0.464   0.096   0.083   0.036   0.015   0.098   0.013   0.014   0.004   0.104 249927100
 3.42   8.75   73.552
 3.42   4.00    0.583    0.028
 3.42   4.00    0.611   73.552
 3.42   4.00    0.577    0.508   0.611   0.466
 3.42   4.00    0.577    0.508   0.611   0.466

 3.43   0.00    0.463    0.463   0.095   0.083   0.036   0.015   0.098   0.013   0.014   0.004   0.104 250657900
 3.43   8.74   73.511
 3.43   4.00    0.582    0.028
 3.43   4.00    0.610   73.511
 3.43   4.00    0.576    0.507   0.610   0.466
 3.43   4.00    0.576    0.507   0.610   0.466

 3.44   0.00    0.463    0.463   0.095   0.083   0.036   0.015   0.098   0.013   0.014   0.004   0.104 251388700
 3.44   8.72   73.469
 3.44   4.00    0.582    0.027
 3.44   4.00    0.609   73.469
 3.44   4.00    0.575    0.507   0.609   0.465
 3.44   4.00    0.575    0.507   0.609   0.465

 3.45   0.00    0.462    0.462   0.095   0.083   0.036   0.015   0.099   0.013   0.014   0.004   0.104 252119500
 3.45   8.70   73.428
 3.45   4.00    0.581    0.027
 3.45   4.00    0.607   73.428
 3.45   4.00    0.574    0.506   0.607   0.465
 3.45   4.00    0.574    0.506   0.607   0.465

 3.46   0.00    0.462    0.462   0.095   0.083   0.036   0.015   0.099   0.013   0.014   0.004   0.104 252850300
 3.46   8.68   73.387
 3.46   4.00    0.580    0.026
 3.46   4.00    0.606   73.387
 3.46   4.00    0.572    0.505   0.606   0.464
 3.46   4.00    0.572    0.505   0.606   0.464

 3.47   0.00    0.462    0.462   0.094   0.083   0.036   0.015   0.099   0.013   0.014   0.004   0.104 253581000
 3.47   8.66   73.347
 3.47   4.00    0.579    0.026
 3.47   4.00    0.605   73.347
 3.47   4.00    0.571    0.505   0.605   0.464
 3.47   4.00    0.571    0.505   0.605   0.464

 3.48   0.00    0.461    0.461   0.094   0.083   0.036   0.015   0.099   0.013   0.014   0.004   0.104 254311800
 3.48   8.65   73.307
 3.48   4.00    0.578    0.026
 3.48   4.00    0.604   73.307
 3.48   4.00    0.570    0.504   0.604   0.463
 3.48   4.00    0.570    0.504   0.604   0.463

 3.49   0.00    0.461    0.461   0.094   0.083   0.036   0.015   0.099   0.013   0.014   0.004   0.104 255042600
 3.49   8.63   73.266
 3.49   4.00    0.577    0.025
 3.49   4.00    0.602   73.266
 3.49   4.00    0.569    0.504   0.602   0.463
 3.49   4.00    0.569    0.504   0.602   0.463

 3.50   0.00    0.460    0.460   0.094   0.083   0.035   0.015   0.099   0.013   0.014   0.004   0.104 255773400
 3.50   8.61   73.227
 3.50   4.00    0.576    0.025
 3.50   4.00    0.601   73.227
 3.50   4.00    0.567    0.503   0.601   0.462
 3.50   4.00    0.567    0.503   0.601   0.462

 3.51   0.00    0.460    0.460   0.094   0.083   0.035   0.015   0.099   0.013   0.014   0.004   0.104 256504200
 3.51   8.59   73.187
 3.51   4.00    0.575    0.024
 3.51   4.00    0.600   73.187
 3.51   4.00    0.566    0.503   0.600   0.462
 3.51   4.00    0.566    0.503   0.600   0.462

 3.52   0.00    0.459    0.459   0.093   0.083   0.035   0.015   0.099   0.013   0.014   0.004   0.104 257234900
 3.52   8.58   73.148
 3.52   4.00    0.575    0.024
 3.52   4.00    0.599   73.148
 3.52   4.00    0.565    0.502   0.599   0.461
 3.52   4.00    0.565    0.502   0.599   0.461

 3.53   0.00    0.459    0.459   0.093   0.083   0.035   0.015   0.099   0.013   0.014   0.004   0.104 257965700
 3.53   8.56   73.109
 3.53   4.00    0.574    0.024
 3.53   4.00    0.597   73.109
 3.53   4.00    0.564    0.502   0.597   0.461
 3.53   4.00    0.564    0.502   0.597   0.461

 3.54   0.00    0.458    0.458   0.093   0.083   0.035   0.015   0.099   0.013   0.014   0.004   0.104 258696500
 3.54   8.54   73.070
 3.54   4.00    0.573    0.023
 3.54   4.00    0.596   73.070
 3.54   4.00    0.563    0.501   0.596   0.461
 3.54   4.00    0.563    0.501   0.596   0.461

 3.55   0.00    0.458    0.458   0.093   0.083   0.035   0.015   0.099   0.013   0.014   0.004   0.104 259427300
 3.55   8.52   73.031
 3.55   4.00    0.572    0.023
 3.55   4.00    0.595   73.031
 3.55   4.00    0.561    0.500   0.595   0.460
 3.55   4.00    0.561    0.500   0.595   0.460

 3.56   0.00    0.457    0.457   0.092   0.083   0.035   0.015   0.099   0.013   0.014   0.004   0.104 260158100
 3.56   8.50   72.993
 3.56   4.00    0.571    0.023
 3.56   4.00    0.594   72.993
 3.56   4.00    0.560    0.500   0.594   0.460
 3.56   4.00    0.560    0.500   0.594   0.460

 3.57   0.00    0.457    0.457   0.092   0.083   0.035   0.015   0.099   0.012   0.014   0.004   0.104 260888800
 3.57   8.49   72.955
 3.57   4.00    0.570    0.022
 3.57   4.00    0.592   72.955
 3.57   4.00    0.559    0.499   0.592   0.459
 3.57   4.00    0.559    0.499   0.592   0.459

 3.58   0.00    0.456    0.456   0.092   0.083   0.034   0.015   0.099   0.012   0.014   0.004   0.104 261619600
 3.58   8.47   72.917
 3.58   4.00    0.569    0.022
 3.58   4.00    0.591   72.917
 3.58   4.00    0.558    0.499   0.591   0.459
 3.58   4.00    0.558    0.499   0.591   0.459

 3.59   0.00    0.456    0.456   0.092   0.083   0.034   0.015   0.099   0.012   0.014   0.004   0.104 262350400
 3.59   8.45   72.876
 3.59   4.00    0.569    0.022
 3.59   4.00    0.590   72.876
 3.59   4.00    0.557    0.498   0.590   0.458
 3.59   4.00    0.557    0.498   0.590   0.458

 3.60   0.00    0.455    0.455   0.092   0.082   0.034   0.014   0.099   0.012   0.014   0.004   0.104 263081200
 3.60   8.44   72.833
 3.60   4.00    0.568    0.022
 3.60   4.00    0.589   72.833
 3.60   4.00    0.556    0.498   0.589   0.458
 3.60   4.00    0.556    0.498   0.589   0.458

 3.61   0.00    0.455    0.455   0.091   0.082   0.034   0.014   0.099   0.012   0.013   0.004   0.104 263812000
 3.61   8.43   72.790
 3.61   4.00    0.567    0.022
 3.61   4.00    0.589   72.790
 3.61   4.00    0.555    0.497   0.589   0.457
 3.61   4.00    0.555    0.497   0.589   0.457

 3.62   0.00    0.454    0.454   0.091   0.082   0.034   0.014   0.099   0.012   0.013   0.004   0.104 264542700
 3.62   8.42   72.748
 3.62   4.00    0.566    0.022
 3.62   4.00    0.588   72.748
 3.62   4.00    0.554    0.496   0.588   0.457
 3.62   4.00    0.554    0.496   0.588   0.457

 3.63   0.00    0.454    0.454   0.091   0.082   0.034   0.014   0.099   0.012   0.013   0.004   0.104 265273500
 3.63   8.41   72.705
 3.63   4.00    0.565    0.022
 3.63   4.00    0.587   72.705
 3.63   4.00    0.554    0.496   0.587   0.456
 3.63   4.00    0.554    0.496   0.587   0.456

 3.64   0.00    0.453    0.453   0.091   0.082   0.034   0.014   0.099   0.012   0.013   0.004   0.104 266004300
 3.64   8.39   72.663
 3.64   4.00    0.564    0.022
 3.64   4.00    0.586   72.663
 3.64   4.00    0.553    0.495   0.586   0.456
 3.64   4.00    0.553    0.495   0.586   0.456

 3.65   0.00    0.453    0.453   0.091   0.082   0.034   0.014   0.099   0.012   0.013   0.004   0.104 266735100
 3.65   8.38   72.622
 3.65   4.00    0.564    0.022
 3.65   4.00    0.585   72.622
 3.65   4.00    0.552    0.495   0.585   0.455
 3.65   4.00    0.552    0.495   0.585   0.455

 3.66   0.00    0.452    0.452   0.090   0.082   0.033   0.014   0.099   0.012   0.013   0.004   0.104 267465900
 3.66   8.37   72.580
 3.66   4.00    0.563    0.022
 3.66   4.00    0.584   72.580
 3.66   4.00    0.551    0.494   0.584   0.455
 3.66   4.00    0.551    0.494   0.584   0.455

 3.67   0.00    0.452    0.452   0.090   0.082   0.033   0.014   0.099   0.012   0.013   0.004   0.104 268196700
 3.67   8.36   72.539
 3.67   4.00    0.562    0.022
 3.67   4.00    0.584   72.539
 3.67   4.00    0.550    0.494   0.584   0.454
 3.67   4.00    0.550    0.494   0.584   0.454

 3.68   0.00    0.451    0.451   0.090   0.082   0.033   0.014   0.099   0.012   0.013   0.004   0.104 268927500
 3.68   8.35   72.497
 3.68   4.00    0.561    0.022
 3.68   4.00    0.583   72.497
 3.68   4.00    0.550    0.493   0.583   0.454
 3.68   4.00    0.550    0.493   0.583   0.454

 3.69   0.00    0.451    0.451   0.090   0.082   0.033   0.014   0.099   0.012   0.013   0.004   0.104 269658200
 3.69   8.33   72.456
 3.69   4.00    0.560    0.022
 3.69   4.00    0.582   72.456
 3.69   4.00    0.549    0.493   0.582   0.453
 3.69   4.00    0.549    0.493   0.582   0.453

 3.70   0.00    0.450    0.450   0.089   0.082   0.033   0.014   0.099   0.012   0.013   0.004   0.104 270389000
 3.70   8.32   72.416
 3.70   4.00    0.559    0.022
 3.70   4.00    0.581   72.416
 3.70   4.00    0.548    0.492   0.581   0.453
 3.70   4.00    0.548    0.492   0.581   0.453

 3.71   0.00    0.450    0.450   0.089   0.082   0.033   0.014   0.099   0.012   0.013   0.004   0.104 271119800
 3.71   8.31   72.375
 3.71   4.00    0.559    0.022
 3.71   4.00    0.580   72.375
 3.71   4.00    0.547    0.491   0.580   0.452
 3.71   4.00    0.547    0.491   0.580   0.452

 3.72   0.00    0.449    0.449   0.089   0.082   0.033   0.014   0.099   0.012   0.013   0.004   0.104 271850600
 3.72   8.30   72.335
 3.72   4.00    0.558    0.022
 3.72   4.00    0.579   72.335
 3.72   4.00    0.547    0.491   0.579   0.452
 3.72   4.00    0.547    0.491   0.579   0.452

 3.73   0.00    0.449    0.449   0.089   0.081   0.033   0.014   0.099   0.012   0.013   0.004   0.104 272581300
 3.73   8.29   72.294
 3.73   4.00    0.557    0.022
 3.73   4.00    0.579   72.294
 3.73   4.00    0.546    0.490   0.579   0.451
 3.73   4.00    0.546    0.490   0.579   0.451

 3.74   0.00    0.448    0.448   0.089   0.081   0.033   0.014   0.099   0.012   0.013   0.004   0.104 273312100
 3.74   8.28   72.254
 3.74   4.00    0.556    0.022
 3.74   4.00    0.578   72.254
 3.74   4.00    0.545    0.490   0.578   0.451
 3.74   4.00    0.545    0.490   0.578   0.451

 3.75   0.00    0.448    0.448   0.088   0.081   0.032   0.014   0.099   0.012   0.013   0.004   0.104 274042900
 3.75   8.26   72.215
 3.75   4.00    0.555    0.022
 3.75   4.00    0.577   72.215
 3.75   4.00    0.544    0.489   0.577   0.450
 3.75   4.00    0.544    0.489   0.577   0.450

 3.76   0.00    0.447    0.447   0.088   0.081   0.032   0.014   0.099   0.012   0.013   0.004   0.104 274773700
 3.76   8.25   72.175
 3.76   4.00    0.555    0.022
 3.76   4.00    0.576   72.175
 3.76   4.00    0.543    0.489   0.576   0.450
 3.76   4.00    0.543    0.489   0.576   0.450

 3.77   0.00    0.447    0.447   0.088   0.081   0.032   0.014   0.099   0.012   0.013   0.004   0.104 275504400
 3.77   8.24   72.135
 3.77   4.00    0.554    0.022
 3.77   4.00    0.575   72.135
 3.77   4.00    0.543    0.488   0.575   0.449
 3.77   4.00    0.543    0.488   0.575   0.449

 3.78   0.00    0.447    0.447   0.088   0.081   0.032   0.014   0.099   0.012   0.013   0.004   0.104 276235200
 3.78   8.23   72.096
 3.78   4.00    0.553    0.022
 3.78   4.00    0.575   72.096
 3.78   4.00    0.542    0.488   0.575   0.449
 3.78   4.00    0.542    0.488   0.575   0.449

 3.79   0.00    0.446    0.446   0.088   0.081   0.032   0.014   0.099   0.012   0.013   0.004   0.104 276966000
 3.79   8.22   72.057
 3.79   4.00    0.552    0.022
 3.79   4.00    0.574   72.057
 3.79   4.00    0.541    0.487   0.574   0.448
 3.79   4.00    0.541    0.487   0.574   0.448

 3.80   0.00    0.446    0.446   0.087   0.081   0.032   0.014   0.099   0.012   0.013   0.004   0.104 277696800
 3.80   8.21   72.018
 3.80   4.00    0.551    0.022
 3.80   4.00    0.573   72.018
 3.80   4.00    0.540    0.487   0.573   0.448
 3.80   4.00    0.540    0.487   0.573   0.448

 3.81   0.00    0.445    0.445   0.087   0.081   0.032   0.014   0.099   0.012   0.013   0.004   0.104 278427600
 3.81   8.20   71.979
 3.81   4.00    0.551    0.022
 3.81   4.00    0.572   71.979
 3.81   4.00    0.540    0.486   0.572   0.447
 3.81   4.00    0.540    0.486   0.572   0.447

 3.82   0.00    0.445    0.445   0.087   0.081   0.032   0.014   0.099   0.012   0.013   0.004   0.104 279158400
 3.82   8.18   71.941
 3.82   4.00    0.550    0.022
 3.82   4.00    0.571   71.941
 3.82   4.00    0.539    0.486   0.571   0.447
 3.82   4.00    0.539    0.486   0.571   0.447

 3.83   0.00    0.444    0.444   0.087   0.081   0.032   0.014   0.099   0.012   0.013   0.004   0.104 279889200
 3.83   8.17   71.902
 3.83   4.00    0.549    0.022
 3.83   4.00    0.571   71.902
 3.83   4.00    0.538    0.485   0.571   0.446
 3.83   4.00    0.538    0.485   0.571   0.446

 3.84   0.00    0.444    0.444   0.087   0.081   0.031   0.014   0.099   0.012   0.013   0.004   0.104 280619900
 3.84   8.16   71.864
 3.84   4.00    0.548    0.022
 3.84   4.00    0.570   71.864
 3.84   4.00    0.537    0.485   0.570   0.446
 3.84   4.00    0.537    0.485   0.570   0.446

 3.85   0.00    0.443    0.443   0.086   0.081   0.031   0.014   0.099   0.012   0.013   0.004   0.104 281350700
 3.85   8.15   71.826
 3.85   4.00    0.547    0.022
 3.85   4.00    0.569   71.826
 3.85   4.00    0.536    0.484   0.569   0.445
 3.85   4.00    0.536    0.484   0.569   0.445

 3.86   0.00    0.443    0.443   0.086   0.081   0.031   0.014   0.099   0.012   0.012   0.004   0.104 282081500
 3.86   8.14   71.788
 3.86   4.00    0.547    0.022
 3.86   4.00    0.568   71.788
 3.86   4.00    0.536    0.484   0.568   0.445
 3.86   4.00    0.536    0.484   0.568   0.445

 3.87   0.00    0.442    0.442   0.086   0.081   0.031   0.014   0.099   0.012   0.012   0.004   0.104 282812300
 3.87   8.13   71.750
 3.87   4.00    0.546    0.022
 3.87   4.00    0.567   71.750
 3.87   4.00    0.535    0.483   0.567   0.445
 3.87   4.00    0.535    0.483   0.567   0.445

 3.88   0.00    0.442    0.442   0.086   0.081   0.031   0.014   0.100   0.012   0.012   0.004   0.104 283543100
 3.88   8.12   71.712
 3.88   4.00    0.545    0.022
 3.88   4.00    0.567   71.712
 3.88   4.00    0.534    0.482   0.567   0.444
 3.88   4.00    0.534    0.482   0.567   0.444

 3.89   0.00    0.441    0.441   0.086   0.080   0.031   0.014   0.100   0.012   0.012   0.004   0.104 284273900
 3.89   8.10   71.675
 3.89   4.00    0.544    0.022
 3.89   4.00    0.566   71.675
 3.89   4.00    0.533    0.482   0.566   0.444
 3.89   4.00    0.533    0.482   0.566   0.444

 3.90   0.00    0.441    0.441   0.085   0.080   0.031   0.013   0.100   0.012   0.012   0.003   0.104 285004600
 3.90   8.09   71.637
 3.90   4.00    0.543    0.022
 3.90   4.00    0.565   71.637
 3.90   4.00    0.533    0.481   0.565   0.443
 3.90   4.00    0.533    0.481   0.565   0.443

 3.91   0.00    0.441    0.441   0.085   0.080   0.031   0.013   0.100   0.012   0.012   0.003   0.104 285735400
 3.91   8.08   71.600
 3.91   4.00    0.543    0.022
 3.91   4.00    0.564   71.600
 3.91   4.00    0.532    0.481   0.564   0.443
 3.91   4.00    0.532    0.481   0.564   0.443

 3.92   0.00    0.440    0.440   0.085   0.080   0.031   0.013   0.100   0.012   0.012   0.003   0.104 286466200
 3.92   8.07   71.563
 3.92   4.00    0.542    0.022
 3.92   4.00    0.563   71.563
 3.92   4.00    0.531    0.480   0.563   0.442
 3.92   4.00    0.531    0.480   0.563   0.442

 3.93   0.00    0.440    0.440   0.085   0.080   0.031   0.013   0.100   0.011   0.012   0.003   0.104 287197000
 3.93   8.06   71.526
 3.93   4.00    0.541    0.022
 3.93   4.00    0.563   71.526
 3.93   4.00    0.531    0.480   0.563   0.442
 3.93   4.00    0.531    0.480   0.563   0.442

 3.94   0.00    0.439    0.439   0.085   0.080   0.030   0.013   0.100   0.011   0.012   0.003   0.104 287927700
 3.94   8.05   71.489
 3.94   4.00    0.540    0.022
 3.94   4.00    0.562   71.489
 3.94   4.00    0.530    0.479   0.562   0.441
 3.94   4.00    0.530    0.479   0.562   0.441

 3.95   0.00    0.439    0.439   0.084   0.080   0.030   0.013   0.100   0.011   0.012   0.003   0.104 288658500
 3.95   8.04   71.452
 3.95   4.00    0.540    0.022
 3.95   4.00    0.561   71.452
 3.95   4.00    0.529    0.479   0.561   0.441
 3.95   4.00    0.529    0.479   0.561   0.441

 3.96   0.00    0.438    0.438   0.084   0.080   0.030   0.013   0.100   0.011   0.012   0.003   0.104 289389300
 3.96   8.03   71.416
 3.96   4.00    0.539    0.022
 3.96   4.00    0.560   71.416
 3.96   4.00    0.528    0.478   0.560   0.440
 3.96   4.00    0.528    0.478   0.560   0.440

 3.97   0.00    0.438    0.438   0.084   0.080   0.030   0.013   0.100   0.011   0.012   0.003   0.104 290120100
 3.97   8.02   71.379
 3.97   4.00    0.538    0.022
 3.97   4.00    0.560   71.379
 3.97   4.00    0.528    0.478   0.560   0.440
 3.97   4.00    0.528    0.478   0.560   0.440

 3.98   0.00    0.437    0.437   0.084   0.080   0.030   0.013   0.100   0.011   0.012   0.003   0.104 290850900
 3.98   8.00   71.343
 3.98   4.00    0.537    0.022
 3.98   4.00    0.559   71.343
 3.98   4.00    0.527    0.477   0.559   0.440
 3.98   4.00    0.527    0.477   0.559   0.440

 3.99   0.00    0.437    0.437   0.084   0.080   0.030   0.013   0.100   0.011   0.012   0.003   0.104 291581700
 3.99   7.99   71.307
 3.99   4.00    0.536    0.022
 3.99   4.00    0.558   71.307
 3.99   4.00    0.526    0.477   0.558   0.439
 3.99   4.00    0.526    0.477   0.558   0.439

 4.00   0.00    0.437    0.437   0.084   0.080   0.030   0.013   0.100   0.011   0.012   0.003   0.104 292312400
 4.00   7.98   71.271
 4.00   4.00    0.536    0.022
 4.00   4.00    0.557   71.271
 4.00   4.00    0.525    0.476   0.557   0.439
 4.00   4.00    0.525    0.476   0.557   0.439

 4.01   0.00    0.436    0.436   0.083   0.080   0.030   0.013   0.100   0.011   0.012   0.003   0.104 293043200
 4.01   7.97   71.235
 4.01   4.00    0.535    0.022
 4.01   4.00    0.557   71.235
 4.01   4.00    0.525    0.476   0.557   0.438
 4.01   4.00    0.525    0.476   0.557   0.438

 4.02   0.00    0.436    0.436   0.083   0.080   0.030   0.013   0.100   0.011   0.012   0.003   0.104 293774000
 4.02   7.96   71.199
 4.02   4.00    0.534    0.022
 4.02   4.00    0.556   71.199
 4.02   4.00    0.524    0.476   0.556   0.438
 4.02   4.00    0.524    0.476   0.556   0.438

 4.03   0.00    0.435    0.435   0.083   0.080   0.030   0.013   0.100   0.011   0.012   0.003   0.104 294504800
 4.03   7.95   71.163
 4.03   4.00    0.533    0.022
 4.03   4.00    0.555   71.163
 4.03   4.00    0.523    0.475   0.555   0.437
 4.03   4.00    0.523    0.475   0.555   0.437

 4.04   0.00    0.435    0.435   0.083   0.080   0.030   0.013   0.100   0.011   0.012   0.003   0.104 295235600
 4.04   7.94   71.128
 4.04   4.00    0.533    0.022
 4.04   4.00    0.554   71.128
 4.04   4.00    0.522    0.475   0.554   0.437
 4.04   4.00    0.522    0.475   0.554   0.437

 4.05   0.00    0.434    0.434   0.083   0.080   0.029   0.013   0.100   0.011   0.012   0.003   0.104 295966300
 4.05   7.93   71.092
 4.05   4.00    0.532    0.022
 4.05   4.00    0.554   71.092
 4.05   4.00    0.522    0.474   0.554   0.437
 4.05   4.00    0.522    0.474   0.554   0.437

 4.06   0.00    0.434    0.434   0.082   0.079   0.029   0.013   0.100   0.011   0.012   0.003   0.104 296697100
 4.06   7.92   71.057
 4.06   4.00    0.531    0.022
 4.06   4.00    0.553   71.057
 4.06   4.00    0.521    0.474   0.553   0.436
 4.06   4.00    0.521    0.474   0.553   0.436

 4.07   0.00    0.434    0.434   0.082   0.079   0.029   0.013   0.100   0.011   0.012   0.003   0.104 297427900
 4.07   7.91   71.021
 4.07   4.00    0.530    0.022
 4.07   4.00    0.552   71.021
 4.07   4.00    0.520    0.473   0.552   0.436
 4.07   4.00    0.520    0.473   0.552   0.436

 4.08   0.00    0.433    0.433   0.082   0.079   0.029   0.013   0.100   0.011   0.012   0.003   0.104 298158700
 4.08   7.90   70.986
 4.08   4.00    0.530    0.022
 4.08   4.00    0.551   70.986
 4.08   4.00    0.520    0.473   0.551   0.435
 4.08   4.00    0.520    0.473   0.551   0.435

 4.09   0.00    0.433    0.433   0.082   0.079   0.029   0.013   0.100   0.011   0.012   0.003   0.104 298889500
 4.09   7.89   70.951
 4.09   4.00    0.529    0.022
 4.09   4.00    0.551   70.951
 4.09   4.00    0.519    0.472   0.551   0.435
 4.09   4.00    0.519    0.472   0.551   0.435

 4.10   0.00    0.432    0.432   0.082   0.079   0.029   0.013   0.100   0.011   0.011   0.003   0.104 299620200
 4.10   7.88   70.916
 4.10   4.00    0.528    0.022
 4.10   4.00    0.550   70.916
 4.10   4.00    0.518    0.472   0.550   0.434
 4.10   4.00    0.518    0.472   0.550   0.434

 4.11   0.00    0.432    0.432   0.081   0.079   0.029   0.013   0.100   0.011   0.011   0.003   0.104 300351000
 4.11   7.87   70.882
 4.11   4.00    0.528    0.022
 4.11   4.00    0.549   70.882
 4.11   4.00    0.518    0.471   0.549   0.434
 4.11   4.00    0.518    0.471   0.549   0.434

 4.12   0.00    0.431    0.431   0.081   0.079   0.029   0.013   0.100   0.011   0.011   0.003   0.104 301081800
 4.12   7.86   70.847
 4.12   4.00    0.527    0.022
 4.12   4.00    0.548   70.847
 4.12   4.00    0.517    0.471   0.548   0.434
 4.12   4.00    0.517    0.471   0.548   0.434

 4.13   0.00    0.431    0.431   0.081   0.079   0.029   0.013   0.100   0.011   0.011   0.003   0.104 301812600
 4.13   7.84   70.812
 4.13   4.00    0.526    0.022
 4.13   4.00    0.548   70.812
 4.13   4.00    0.516    0.470   0.548   0.433
 4.13   4.00    0.516    0.470   0.548   0.433

 4.14   0.00    0.431    0.431   0.081   0.079   0.029   0.013   0.100   0.011   0.011   0.003   0.104 302543400
 4.14   7.83   70.778
 4.14   4.00    0.525    0.022
 4.14   4.00    0.547   70.778
 4.14   4.00    0.515    0.470   0.547   0.433
 4.14   4.00    0.515    0.470   0.547   0.433

 4.15   0.00    0.430    0.430   0.081   0.079   0.029   0.013   0.100   0.011   0.011   0.003   0.104 303274100
 4.15   7.82   70.743
 4.15   4.00    0.525    0.022
 4.15   4.00    0.546   70.743
 4.15   4.00    0.515    0.469   0.546   0.432
 4.15   4.00    0.515    0.469   0.546   0.432

 4.16   0.00    0.430    0.430   0.081   0.079   0.028   0.013   0.100   0.011   0.011   0.003   0.104 304004900
 4.16   7.81   70.709
 4.16   4.00    0.524    0.022
 4.16   4.00    0.545   70.709
 4.16   4.00    0.514    0.469   0.545   0.432
 4.16   4.00    0.514    0.469   0.545   0.432

 4.17   0.00    0.429    0.429   0.080   0.079   0.028   0.013   0.100   0.011   0.011   0.003   0.104 304735700
 4.17   7.80   70.675
 4.17   4.00    0.523    0.022
 4.17   4.00    0.545   70.675
 4.17   4.00    0.513    0.468   0.545   0.432
 4.17   4.00    0.513    0.468   0.545   0.432

 4.18   0.00    0.429    0.429   0.080   0.079   0.028   0.013   0.100   0.011   0.011   0.003   0.104 305466500
 4.18   7.79   70.641
 4.18   4.00    0.522    0.022
 4.18   4.00    0.544   70.641
 4.18   4.00    0.513    0.468   0.544   0.431
 4.18   4.00    0.513    0.468   0.544   0.431

 4.19   0.00    0.429    0.429   0.080   0.079   0.028   0.013   0.100   0.011   0.011   0.003   0.104 306197300
 4.19   7.78   70.607
 4.19   4.00    0.522    0.022
 4.19   4.00    0.543   70.607
 4.19   4.00    0.512    0.468   0.543   0.431
 4.19   4.00    0.512    0.468   0.543   0.431

 4.20   0.00    0.428    0.428   0.080   0.079   0.028   0.013   0.100   0.011   0.011   0.003   0.104 306928000
 4.20   7.77   70.573
 4.20   4.00    0.521    0.022
 4.20   4.00    0.543   70.573
 4.20   4.00    0.511    0.467   0.543   0.430
 4.20   4.00    0.511    0.467   0.543   0.430

 4.21   0.00    0.428    0.428   0.080   0.079   0.028   0.013   0.100   0.011   0.011   0.003   0.104 307658800
 4.21   7.76   70.539
 4.21   4.00    0.520    0.022
 4.21   4.00    0.542   70.539
 4.21   4.00    0.511    0.467   0.542   0.430
 4.21   4.00    0.511    0.467   0.542   0.430

 4.22   0.00    0.427    0.427   0.080   0.079   0.028   0.013   0.100   0.011   0.011   0.003   0.104 308389600
 4.22   7.75   70.505
 4.22   4.00    0.520    0.022
 4.22   4.00    0.541   70.505
 4.22   4.00    0.510    0.466   0.541   0.430
 4.22   4.00    0.510    0.466   0.541   0.430

 4.23   0.00    0.427    0.427   0.079   0.079   0.028   0.013   0.100   0.011   0.011   0.003   0.104 309120400
 4.23   7.74   70.472
 4.23   4.00    0.519    0.022
 4.23   4.00    0.540   70.472
 4.23   4.00    0.509    0.466   0.540   0.429
 4.23   4.00    0.509    0.466   0.540   0.429

 4.24   0.00    0.427    0.427   0.079   0.079   0.028   0.013   0.100   0.011   0.011   0.003   0.104 309851200
 4.24   7.73   70.438
 4.24   4.00    0.518    0.022
 4.24   4.00    0.540   70.438
 4.24   4.00    0.509    0.465   0.540   0.429
 4.24   4.00    0.509    0.465   0.540   0.429

 4.25   0.00    0.426    0.426   0.079   0.079   0.028   0.012   0.100   0.011   0.011   0.003   0.104 310582000
 4.25   7.72   70.405
 4.25   4.00    0.517    0.022
 4.25   4.00    0.539   70.405
 4.25   4.00    0.508    0.465   0.539   0.428
 4.25   4.00    0.508    0.465   0.539   0.428

 4.26   0.00    0.426    0.426   0.079   0.078   0.028   0.012   0.100   0.011   0.011   0.003   0.104 311312800
 4.26   7.71   70.371
 4.26   4.00    0.517    0.022
 4.26   4.00    0.538   70.371
 4.26   4.00    0.507    0.464   0.538   0.428
 4.26   4.00    0.507    0.464   0.538   0.428

 4.27   0.00    0.425    0.425   0.079   0.078   0.028   0.012   0.100   0.011   0.011   0.003   0.104 312043500
 4.27   7.70   70.338
 4.27   4.00    0.516    0.022
 4.27   4.00    0.538   70.338
 4.27   4.00    0.507    0.464   0.538   0.428
 4.27   4.00    0.507    0.464   0.538   0.428

 4.28   0.00    0.425    0.425   0.078   0.078   0.027   0.012   0.100   0.011   0.011   0.003   0.104 312774300
 4.28   7.69   70.305
 4.28   4.00    0.515    0.022
 4.28   4.00    0.537   70.305
 4.28   4.00    0.506    0.464   0.537   0.427
 4.28   4.00    0.506    0.464   0.537   0.427

 4.29   0.00    0.425    0.425   0.078   0.078   0.027   0.012   0.100   0.011   0.011   0.003   0.104 313505100
 4.29   7.68   70.272
 4.29   4.00    0.515    0.022
 4.29   4.00    0.536   70.272
 4.29   4.00    0.505    0.463   0.536   0.427
 4.29   4.00    0.505    0.463   0.536   0.427

 4.30   0.00    0.424    0.424   0.078   0.078   0.027   0.012   0.100   0.011   0.011   0.003   0.104 314235900
 4.30   7.67   70.239
 4.30   4.00    0.514    0.022
 4.30   4.00    0.536   70.239
 4.30   4.00    0.505    0.463   0.536   0.426
 4.30   4.00    0.505    0.463   0.536   0.426

 4.31   0.00    0.424    0.424   0.078   0.078   0.027   0.012   0.100   0.011   0.011   0.003   0.104 314966600
 4.31   7.66   70.206
 4.31   4.00    0.513    0.022
 4.31   4.00    0.535   70.206
 4.31   4.00    0.504    0.462   0.535   0.426
 4.31   4.00    0.504    0.462   0.535   0.426

 4.32   0.00    0.424    0.424   0.078   0.078   0.027   0.012   0.100   0.011   0.011   0.003   0.104 315697400
 4.32   7.65   70.173
 4.32   4.00    0.513    0.022
 4.32   4.00    0.534   70.173
 4.32   4.00    0.503    0.462   0.534   0.426
 4.32   4.00    0.503    0.462   0.534   0.426

 4.33   0.00    0.423    0.423   0.078   0.078   0.027   0.012   0.100   0.011   0.011   0.003   0.104 316428200
 4.33   7.64   70.140
 4.33   4.00    0.512    0.022
 4.33   4.00    0.534   70.140
 4.33   4.00    0.503    0.461   0.534   0.425
 4.33   4.00    0.503    0.461   0.534   0.425

 4.34   0.00    0.423    0.423   0.077   0.078   0.027   0.012   0.100   0.010   0.010   0.003   0.104 317159000
 4.34   7.63   70.107
 4.34   4.00    0.511    0.022
 4.34   4.00    0.533   70.107
 4.34   4.00    0.502    0.461   0.533   0.425
 4.34   4.00    0.502    0.461   0.533   0.425

 4.35   0.00    0.422    0.422   0.077   0.078   0.027   0.012   0.100   0.010   0.010   0.003   0.104 317889800
 4.35   7.62   70.075
 4.35   4.00    0.511    0.022
 4.35   4.00    0.532   70.075
 4.35   4.00    0.501    0.461   0.532   0.424
 4.35   4.00    0.501    0.461   0.532   0.424

 4.36   0.00    0.422    0.422   0.077   0.078   0.027   0.012   0.100   0.010   0.010   0.003   0.104 318620500
 4.36   7.61   70.042
 4.36   4.00    0.510    0.022
 4.36   4.00    0.531   70.042
 4.36   4.00    0.501    0.460   0.531   0.424
 4.36   4.00    0.501    0.460   0.531   0.424

 4.37   0.00    0.422    0.422   0.077   0.078   0.027   0.012   0.100   0.010   0.010   0.003   0.104 319351300
 4.37   7.60   70.010
 4.37   4.00    0.509    0.022
 4.37   4.00    0.531   70.010
 4.37   4.00    0.500    0.460   0.531   0.424
 4.37   4.00    0.500    0.460   0.531   0.424

 4.38   0.00    0.421    0.421   0.077   0.078   0.027   0.012   0.100   0.010   0.010   0.003   0.104 320082100
 4.38   7.59   69.977
 4.38   4.00    0.508    0.022
 4.38   4.00    0.530   69.977
 4.38   4.00    0.499    0.459   0.530   0.423
 4.38   4.00    0.499    0.459   0.530   0.423

 4.39   0.00    0.421    0.421   0.077   0.078   0.027   0.012   0.100   0.010   0.010   0.003   0.104 320812900
 4.39   7.58   69.945
 4.39   4.00    0.508    0.022
 4.39   4.00    0.529   69.945
 4.39   4.00    0.499    0.459   0.529   0.423
 4.39   4.00    0.499    0.459   0.529   0.423

 4.40   0.00    0.420    0.420   0.076   0.078   0.026   0.012   0.100   0.010   0.010   0.003   0.104 321543700
 4.40   7.57   69.913
 4.40   4.00    0.507    0.022
 4.40   4.00    0.529   69.913
 4.40   4.00    0.498    0.458   0.529   0.423
 4.40   4.00    0.498    0.458   0.529   0.423

 4.41   0.00    0.420    0.420   0.076   0.078   0.026   0.012   0.100   0.010   0.010   0.003   0.104 322274400
 4.41   7.56   69.881
 4.41   4.00    0.506    0.022
 4.41   4.00    0.528   69.881
 4.41   4.00    0.497    0.458   0.528   0.422
 4.41   4.00    0.497    0.458   0.528   0.422

 4.42   0.00    0.420    0.420   0.076   0.078   0.026   0.012   0.100   0.010   0.010   0.003   0.104 323005200
 4.42   7.55   69.848
 4.42   4.00    0.506    0.022
 4.42   4.00    0.527   69.848
 4.42   4.00    0.497    0.458   0.527   0.422
 4.42   4.00    0.497    0.458   0.527   0.422

 4.43   0.00    0.419    0.419   0.076   0.078   0.026   0.012   0.100   0.010   0.010   0.003   0.104 323736000
 4.43   7.54   69.817
 4.43   4.00    0.505    0.022
 4.43   4.00    0.527   69.817
 4.43   4.00    0.496    0.457   0.527   0.421
 4.43   4.00    0.496    0.457   0.527   0.421

 4.44   0.00    0.419    0.419   0.076   0.078   0.026   0.012   0.100   0.010   0.010   0.003   0.104 324466800
 4.44   7.54   69.785
 4.44   4.00    0.504    0.022
 4.44   4.00    0.526   69.785
 4.44   4.00    0.495    0.457   0.526   0.421
 4.44   4.00    0.495    0.457   0.526   0.421

 4.45   0.00    0.419    0.419   0.076   0.078   0.026   0.012   0.100   0.010   0.010   0.003   0.104 325197600
 4.45   7.53   69.753
 4.45   4.00    0.504    0.022
 4.45   4.00    0.525   69.753
 4.45   4.00    0.495    0.456   0.525   0.421
 4.45   4.00    0.495    0.456   0.525   0.421

 4.46   0.00    0.418    0.418   0.075   0.078   0.026   0.012   0.100   0.010   0.010   0.003   0.104 325928400
 4.46   7.52   69.721
 4.46   4.00    0.503    0.022
 4.46   4.00    0.525   69.721
 4.46   4.00    0.494    0.456   0.525   0.420
 4.46   4.00    0.494    0.456   0.525   0.420

 4.47   0.00    0.418    0.418   0.075   0.078   0.026   0.012   0.100   0.010   0.010   0.003   0.104 326659100
 4.47   7.51   69.689
 4.47   4.00    0.502    0.022
 4.47   4.00    0.524   69.689
 4.47   4.00    0.494    0.455   0.524   0.420
 4.47   4.00    0.494    0.455   0.524   0.420

 4.48   0.00    0.418    0.418   0.075   0.078   0.026   0.012   0.100   0.010   0.010   0.003   0.104 327389900
 4.48   7.50   69.658
 4.48   4.00    0.502    0.022
 4.48   4.00    0.523   69.658
 4.48   4.00    0.493    0.455   0.523   0.420
 4.48   4.00    0.493    0.455   0.523   0.420

 4.49   0.00    0.417    0.417   0.075   0.077   0.026   0.012   0.100   0.010   0.010   0.003   0.104 328120700
 4.49   7.49   69.626
 4.49   4.00    0.501    0.022
 4.49   4.00    0.523   69.626
 4.49   4.00    0.492    0.455   0.523   0.419
 4.49   4.00    0.492    0.455   0.523   0.419

 4.50   0.00    0.417    0.417   0.075   0.077   0.026   0.012   0.100   0.010   0.010   0.003   0.104 328851500
 4.50   7.48   69.594
 4.50   4.00    0.500    0.022
 4.50   4.00    0.522   69.594
 4.50   4.00    0.492    0.454   0.522   0.419
 4.50   4.00    0.492    0.454   0.522   0.419

 4.51   0.00    0.416    0.416   0.075   0.077   0.026   0.012   0.100   0.010   0.010   0.003   0.104 329582300
 4.51   7.47   69.563
 4.51   4.00    0.500    0.022
 4.51   4.00    0.521   69.563
 4.51   4.00    0.491    0.454   0.521   0.418
 4.51   4.00    0.491    0.454   0.521   0.418

 4.52   0.00    0.416    0.416   0.074   0.077   0.026   0.012   0.100   0.010   0.010   0.003   0.104 330313100
 4.52   7.46   69.532
 4.52   4.00    0.499    0.022
 4.52   4.00    0.521   69.532
 4.52   4.00    0.490    0.453   0.521   0.418
 4.52   4.00    0.490    0.453   0.521   0.418

 4.53   0.00    0.416    0.416   0.074   0.077   0.026   0.012   0.100   0.010   0.010   0.003   0.104 331043800
 4.53   7.45   69.500
 4.53   4.00    0.499    0.022
 4.53   4.00    0.520   69.500
 4.53   4.00    0.490    0.453   0.520   0.418
 4.53   4.00    0.490    0.453   0.520   0.418

 4.54   0.00    0.415    0.415   0.074   0.077   0.025   0.012   0.100   0.010   0.010   0.003   0.104 331774600
 4.54   7.44   69.469
 4.54   4.00    0.498    0.022
 4.54   4.00    0.520   69.469
 4.54   4.00    0.489    0.453   0.520   0.417
 4.54   4.00    0.489    0.453   0.520   0.417

 4.55   0.00    0.415    0.415   0.074   0.077   0.025   0.012   0.100   0.010   0.010   0.003   0.104 332505400
 4.55   7.43   69.438
 4.55   4.00    0.497    0.022
 4.55   4.00    0.519   69.438
 4.55   4.00    0.489    0.452   0.519   0.417
 4.55   4.00    0.489    0.452   0.519   0.417

 4.56   0.00    0.415    0.415   0.074   0.077   0.025   0.012   0.100   0.010   0.010   0.003   0.104 333236200
 4.56   7.42   69.407
 4.56   4.00    0.497    0.022
 4.56   4.00    0.518   69.407
 4.56   4.00    0.488    0.452   0.518   0.417
 4.56   4.00    0.488    0.452   0.518   0.417

 4.57   0.00    0.414    0.414   0.074   0.077   0.025   0.012   0.100   0.010   0.010   0.003   0.104 333967000
 4.57   7.41   69.376
 4.57   4.00    0.496    0.022
 4.57   4.00    0.518   69.376
 4.57   4.00    0.487    0.451   0.518   0.416
 4.57   4.00    0.487    0.451   0.518   0.416

 4.58   0.00    0.414    0.414   0.074   0.077   0.025   0.012   0.100   0.010   0.010   0.003   0.104 334697700
 4.58   7.40   69.345
 4.58   4.00    0.495    0.022
 4.58   4.00    0.517   69.345
 4.58   4.00    0.487    0.451   0.517   0.416
 4.58   4.00    0.487    0.451   0.517   0.416

 4.59   0.00    0.414    0.414   0.073   0.077   0.025   0.012   0.100   0.010   0.009   0.003   0.104 335428500
 4.59   7.40   69.314
 4.59   4.00    0.495    0.022
 4.59   4.00    0.516   69.314
 4.59   4.00    0.486    0.451   0.516   0.416
 4.59   4.00    0.486    0.451   0.516   0.416

 4.60   0.00    0.413    0.413   0.073   0.077   0.025   0.012   0.100   0.010   0.009   0.003   0.104 336159300
 4.60   7.39   69.283
 4.60   4.00    0.494    0.022
 4.60   4.00    0.516   69.283
 4.60   4.00    0.485    0.450   0.516   0.415
 4.60   4.00    0.485    0.450   0.516   0.415

 4.61   0.00    0.413    0.413   0.073   0.077   0.025   0.012   0.100   0.010   0.009   0.003   0.104 336890100
 4.61   7.38   69.252
 4.61   4.00    0.493    0.022
 4.61   4.00    0.515   69.252
 4.61   4.00    0.485    0.450   0.515   0.415
 4.61   4.00    0.485    0.450   0.515   0.415

 4.62   0.00    0.413    0.413   0.073   0.077   0.025   0.012   0.100   0.010   0.009   0.003   0.104 337620800
 4.62   7.37   69.221
 4.62   4.00    0.493    0.022
 4.62   4.00    0.514   69.221
 4.62   4.00    0.484    0.449   0.514   0.415
 4.62   4.00    0.484    0.449   0.514   0.415

 4.63   0.00    0.412    0.412   0.073   0.077   0.025   0.011   0.100   0.010   0.009   0.003   0.104 338351600
 4.63   7.36   69.190
 4.63   4.00    0.492    0.022
 4.63   4.00    0.514   69.190
 4.63   4.00    0.484    0.449   0.514   0.414
 4.63   4.00    0.484    0.449   0.514   0.414

 4.64   0.00    0.412    0.412   0.073   0.077   0.025   0.011   0.100   0.010   0.009   0.003   0.104 339082400
 4.64   7.35   69.160
 4.64   4.00    0.492    0.022
 4.64   4.00    0.513   69.160
 4.64   4.00    0.483    0.449   0.513   0.414
 4.64   4.00    0.483    0.449   0.513   0.414

 4.65   0.00    0.411    0.411   0.072   0.077   0.025   0.011   0.100   0.010   0.009   0.003   0.104 339813200
 4.65   7.34   69.129
 4.65   4.00    0.491    0.022
 4.65   4.00    0.513   69.129
 4.65   4.00    0.482    0.448   0.513   0.413
 4.65   4.00    0.482    0.448   0.513   0.413

 4.66   0.00    0.411    0.411   0.072   0.077   0.025   0.011   0.100   0.010   0.009   0.003   0.104 340544000
 4.66   7.33   69.099
 4.66   4.00    0.490    0.022
 4.66   4.00    0.512   69.099
 4.66   4.00    0.482    0.448   0.512   0.413
 4.66   4.00    0.482    0.448   0.512   0.413

 4.67   0.00    0.411    0.411   0.072   0.077   0.024   0.011   0.100   0.010   0.009   0.003   0.104 341274800
 4.67   7.32   69.068
 4.67   4.00    0.490    0.022
 4.67   4.00    0.511   69.068
 4.67   4.00    0.481    0.447   0.511   0.413
 4.67   4.00    0.481    0.447   0.511   0.413

 4.68   0.00    0.410    0.410   0.072   0.077   0.024   0.011   0.100   0.010   0.009   0.003   0.104 342005500
 4.68   7.31   69.038
 4.68   4.00    0.489    0.022
 4.68   4.00    0.511   69.038
 4.68   4.00    0.481    0.447   0.511   0.412
 4.68   4.00    0.481    0.447   0.511   0.412

 4.69   0.00    0.410    0.410   0.072   0.077   0.024   0.011   0.100   0.010   0.009   0.003   0.104 342736300
 4.69   7.31   69.007
 4.69   4.00    0.488    0.022
 4.69   4.00    0.510   69.007
 4.69   4.00    0.480    0.447   0.510   0.412
 4.69   4.00    0.480    0.447   0.510   0.412

 4.70   0.00    0.410    0.410   0.072   0.077   0.024   0.011   0.100   0.010   0.009   0.003   0.104 343467100
 4.70   7.30   68.977
 4.70   4.00    0.488    0.022
 4.70   4.00    0.509   68.977
 4.70   4.00    0.479    0.446   0.509   0.412
 4.70   4.00    0.479    0.446   0.509   0.412

 4.71   0.00    0.409    0.409   0.072   0.077   0.024   0.011   0.100   0.010   0.009   0.003   0.104 344197900
 4.71   7.29   68.947
 4.71   4.00    0.487    0.022
 4.71   4.00    0.509   68.947
 4.71   4.00    0.479    0.446   0.509   0.411
 4.71   4.00    0.479    0.446   0.509   0.411

 4.72   0.00    0.409    0.409   0.071   0.077   0.024   0.011   0.100   0.010   0.009   0.003   0.104 344928600
 4.72   7.28   68.917
 4.72   4.00    0.487    0.022
 4.72   4.00    0.508   68.917
 4.72   4.00    0.478    0.446   0.508   0.411
 4.72   4.00    0.478    0.446   0.508   0.411

 4.73   0.00    0.409    0.409   0.071   0.077   0.024   0.011   0.100   0.010   0.009   0.003   0.104 345659500
 4.73   7.27   68.887
 4.73   4.00    0.486    0.022
 4.73   4.00    0.508   68.887
 4.73   4.00    0.478    0.445   0.508   0.411
 4.73   4.00    0.478    0.445   0.508   0.411

 4.74   0.00    0.408    0.408   0.071   0.077   0.024   0.011   0.100   0.010   0.009   0.003   0.104 346390200
 4.74   7.26   68.857
 4.74   4.00    0.485    0.022
 4.74   4.00    0.507   68.857
 4.74   4.00    0.477    0.445   0.507   0.410
 4.74   4.00    0.477    0.445   0.507   0.410

 4.75   0.00    0.408    0.408   0.071   0.076   0.024   0.011   0.100   0.010   0.009   0.003   0.104 347121000
 4.75   7.25   68.826
 4.75   4.00    0.485    0.022
 4.75   4.00    0.506   68.826
 4.75   4.00    0.477    0.444   0.506   0.410
 4.75   4.00    0.477    0.444   0.506   0.410

 4.76   0.00    0.408    0.408   0.071   0.076   0.024   0.011   0.100   0.010   0.009   0.003   0.104 347851800
 4.76   7.24   68.797
 4.76   4.00    0.484    0.022
 4.76   4.00    0.506   68.797
 4.76   4.00    0.476    0.444   0.506   0.410
 4.76   4.00    0.476    0.444   0.506   0.410

 4.77   0.00    0.407    0.407   0.071   0.076   0.024   0.011   0.100   0.010   0.009   0.003   0.104 348582600
 4.77   7.24   68.767
 4.77   4.00    0.484    0.022
 4.77   4.00    0.505   68.767
 4.77   4.00    0.475    0.444   0.505   0.409
 4.77   4.00    0.475    0.444   0.505   0.409

 4.78   0.00    0.407    0.407   0.070   0.076   0.024   0.011   0.100   0.010   0.009   0.003   0.104 349313400
 4.78   7.23   68.737
 4.78   4.00    0.483    0.022
 4.78   4.00    0.505   68.737
 4.78   4.00    0.475    0.443   0.505   0.409
 4.78   4.00    0.475    0.443   0.505   0.409

 4.79   0.00    0.407    0.407   0.070   0.076   0.024   0.011   0.100   0.010   0.009   0.003   0.104 350044100
 4.79   7.22   68.707
 4.79   4.00    0.482    0.022
 4.79   4.00    0.504   68.707
 4.79   4.00    0.474    0.443   0.504   0.409
 4.79   4.00    0.474    0.443   0.504   0.409

 4.80   0.00    0.406    0.406   0.070   0.076   0.024   0.011   0.100   0.010   0.009   0.003   0.104 350774900
 4.80   7.21   68.677
 4.80   4.00    0.482    0.022
 4.80   4.00    0.503   68.677
 4.80   4.00    0.474    0.443   0.503   0.408
 4.80   4.00    0.474    0.443   0.503   0.408

 4.81   0.00    0.406    0.406   0.070   0.076   0.024   0.011   0.100   0.009   0.009   0.003   0.104 351505700
 4.81   7.20   68.647
 4.81   4.00    0.481    0.022
 4.81   4.00    0.503   68.647
 4.81   4.00    0.473    0.442   0.503   0.408
 4.81   4.00    0.473    0.442   0.503   0.408

 4.82   0.00    0.406    0.406   0.070   0.076   0.023   0.011   0.100   0.009   0.009   0.003   0.104 352236500
 4.82   7.19   68.618
 4.82   4.00    0.481    0.022
 4.82   4.00    0.502   68.618
 4.82   4.00    0.473    0.442   0.502   0.408
 4.82   4.00    0.473    0.442   0.502   0.408

 4.83   0.00    0.405    0.405   0.070   0.076   0.023   0.011   0.100   0.009   0.008   0.003   0.104 352967300
 4.83   7.18   68.588
 4.83   4.00    0.480    0.022
 4.83   4.00    0.502   68.588
 4.83   4.00    0.472    0.441   0.502   0.407
 4.83   4.00    0.472    0.441   0.502   0.407

 4.84   0.00    0.405    0.405   0.070   0.076   0.023   0.011   0.100   0.009   0.008   0.003   0.104 353698000
 4.84   7.18   68.559
 4.84   4.00    0.479    0.022
 4.84   4.00    0.501   68.559
 4.84   4.00    0.471    0.441   0.501   0.407
 4.84   4.00    0.471    0.441   0.501   0.407

 4.85   0.00    0.405    0.405   0.069   0.076   0.023   0.011   0.100   0.009   0.008   0.003   0.104 354428800
 4.85   7.17   68.529
 4.85   4.00    0.479    0.022
 4.85   4.00    0.500   68.529
 4.85   4.00    0.471    0.441   0.500   0.407
 4.85   4.00    0.471    0.441   0.500   0.407

 4.86   0.00    0.404    0.404   0.069   0.076   0.023   0.011   0.100   0.009   0.008   0.003   0.104 355159600
 4.86   7.16   68.500
 4.86   4.00    0.478    0.022
 4.86   4.00    0.500   68.500
 4.86   4.00    0.470    0.440   0.500   0.406
 4.86   4.00    0.470    0.440   0.500   0.406

 4.87   0.00    0.404    0.404   0.069   0.076   0.023   0.011   0.100   0.009   0.008   0.003   0.104 355890400
 4.87   7.15   68.470
 4.87   4.00    0.478    0.022
 4.87   4.00    0.499   68.470
 4.87   4.00    0.470    0.440   0.499   0.406
 4.87   4.00    0.470    0.440   0.499   0.406

 4.88   0.00    0.404    0.404   0.069   0.076   0.023   0.011   0.100   0.009   0.008   0.003   0.104 356621200
 4.88   7.14   68.441
 4.88   4.00    0.477    0.022
 4.88   4.00    0.499   68.441
 4.88   4.00    0.469    0.440   0.499   0.406
 4.88   4.00    0.469    0.440   0.499   0.406

 4.89   0.00    0.403    0.403   0.069   0.076   0.023   0.011   0.101   0.009   0.008   0.003   0.104 357351900
 4.89   7.13   68.412
 4.89   4.00    0.476    0.022
 4.89   4.00    0.498   68.412
 4.89   4.00    0.469    0.439   0.498   0.405
 4.89   4.00    0.469    0.439   0.498   0.405

 4.90   0.00    0.403    0.403   0.069   0.076   0.023   0.011   0.101   0.009   0.008   0.003   0.104 358082700
 4.90   7.13   68.382
 4.90   4.00    0.476    0.022
 4.90   4.00    0.498   68.382
 4.90   4.00    0.468    0.439   0.498   0.405
 4.90   4.00    0.468    0.439   0.498   0.405

 4.91   0.00    0.403    0.403   0.069   0.076   0.023   0.011   0.101   0.009   0.008   0.003   0.104 358813500
 4.91   7.12   68.353
 4.91   4.00    0.475    0.022
 4.91   4.00    0.497   68.353
 4.91   4.00    0.467    0.438   0.497   0.405
 4.91   4.00    0.467    0.438   0.497   0.405

 4.92   0.00    0.402    0.402   0.068   0.076   0.023   0.011   0.101   0.009   0.008   0.003   0.104 359544300
 4.92   7.11   68.324
 4.92   4.00    0.475    0.022
 4.92   4.00    0.496   68.324
 4.92   4.00    0.467    0.438   0.496   0.404
 4.92   4.00    0.467    0.438   0.496   0.404

 4.93   0.00    0.402    0.402   0.068   0.076   0.023   0.011   0.101   0.009   0.008   0.003   0.104 360275100
 4.93   7.10   68.295
 4.93   4.00    0.474    0.022
 4.93   4.00    0.496   68.295
 4.93   4.00    0.466    0.438   0.496   0.404
 4.93   4.00    0.466    0.438   0.496   0.404

 4.94   0.00    0.402    0.402   0.068   0.076   0.023   0.011   0.101   0.009   0.008   0.003   0.104 361005900
 4.94   7.09   68.266
 4.94   4.00    0.474    0.022
 4.94   4.00    0.495   68.266
 4.94   4.00    0.466    0.437   0.495   0.404
 4.94   4.00    0.466    0.437   0.495   0.404

 4.95   0.00    0.402    0.402   0.068   0.076   0.023   0.011   0.101   0.009   0.008   0.003   0.104 361736600
 4.95   7.09   68.237
 4.95   4.00    0.473    0.022
 4.95   4.00    0.495   68.237
 4.95   4.00    0.465    0.437   0.495   0.403
 4.95   4.00    0.465    0.437   0.495   0.403

 4.96   0.00    0.401    0.401   0.068   0.076   0.023   0.011   0.101   0.009   0.008   0.003   0.104 362467400
 4.96   7.08   68.208
 4.96   4.00    0.472    0.022
 4.96   4.00    0.494   68.208
 4.96   4.00    0.465    0.437   0.494   0.403
 4.96   4.00    0.465    0.437   0.494   0.403

 4.97   0.00    0.401    0.401   0.068   0.076   0.022   0.011   0.101   0.009   0.008   0.003   0.104 363198200
 4.97   7.07   68.179
 4.97   4.00    0.472    0.022
 4.97   4.00    0.493   68.179
 4.97   4.00    0.464    0.436   0.493   0.403
 4.97   4.00    0.464    0.436   0.493   0.403

 4.98   0.00    0.401    0.401   0.068   0.076   0.022   0.011   0.101   0.009   0.008   0.003   0.104 363929000
 4.98   7.06   68.150
 4.98   4.00    0.471    0.022
 4.98   4.00    0.493   68.150
 4.98   4.00    0.464    0.436   0.493   0.403
 4.98   4.00    0.464    0.436   0.493   0.403

 4.99   0.00    0.400    0.400   0.067   0.076   0.022   0.011   0.101   0.009   0.008   0.003   0.104 364659700
 4.99   7.05   68.121
 4.99   4.00    0.471    0.022
 4.99   4.00    0.492   68.121
 4.99   4.00    0.463    0.436   0.492   0.402
 4.99   4.00    0.463    0.436   0.492   0.402

 5.00   0.00    0.400    0.400   0.067   0.076   0.022   0.011   0.101   0.009   0.008   0.003   0.104 365390500
 5.00   7.04   68.092
 5.00   4.00    0.470    0.022
 5.00   4.00    0.492   68.092
 5.00   4.00    0.463    0.435   0.492   0.402
 5.00   4.00    0.463    0.435   0.492   0.402

 5.01   0.00    0.400    0.400   0.067   0.076   0.022   0.011   0.101   0.009   0.008   0.003   0.104 366121300
 5.01   7.04   68.063
 5.01   4.00    0.470    0.022
 5.01   4.00    0.491   68.063
 5.01   4.00    0.462    0.435   0.491   0.402
 5.01   4.00    0.462    0.435   0.491   0.402

 5.02   0.00    0.399    0.399   0.067   0.076   0.022   0.011   0.101   0.009   0.008   0.003   0.104 366852100
 5.02   7.03   68.035
 5.02   4.00    0.469    0.022
 5.02   4.00    0.491   68.035
 5.02   4.00    0.461    0.435   0.491   0.401
 5.02   4.00    0.461    0.435   0.491   0.401

 5.03   0.00    0.399    0.399   0.067   0.076   0.022   0.011   0.101   0.009   0.008   0.003   0.104 367582900
 5.03   7.02   68.006
 5.03   4.00    0.469    0.022
 5.03   4.00    0.490   68.006
 5.03   4.00    0.461    0.434   0.490   0.401
 5.03   4.00    0.461    0.434   0.490   0.401

 5.04   0.00    0.399    0.399   0.067   0.076   0.022   0.011   0.101   0.009   0.008   0.003   0.104 368313700
 5.04   7.01   67.977
 5.04   4.00    0.468    0.022
 5.04   4.00    0.490   67.977
 5.04   4.00    0.460    0.434   0.490   0.401
 5.04   4.00    0.460    0.434   0.490   0.401

 5.05   0.00    0.398    0.398   0.067   0.076   0.022   0.011   0.101   0.009   0.008   0.003   0.104 369044400
 5.05   7.00   67.949
 5.05   4.00    0.467    0.022
 5.05   4.00    0.489   67.949
 5.05   4.00    0.460    0.434   0.489   0.400
 5.05   4.00    0.460    0.434   0.489   0.400

 5.06   0.00    0.398    0.398   0.067   0.076   0.022   0.011   0.101   0.009   0.008   0.003   0.104 369775200
 5.06   7.00   67.920
 5.06   4.00    0.467    0.022
 5.06   4.00    0.488   67.920
 5.06   4.00    0.459    0.433   0.488   0.400
 5.06   4.00    0.459    0.433   0.488   0.400

 5.07   0.00    0.398    0.398   0.066   0.075   0.022   0.010   0.101   0.009   0.008   0.003   0.104 370506000
 5.07   6.99   67.892
 5.07   4.00    0.466    0.022
 5.07   4.00    0.488   67.892
 5.07   4.00    0.459    0.433   0.488   0.400
 5.07   4.00    0.459    0.433   0.488   0.400

 5.08   0.00    0.398    0.398   0.066   0.075   0.022   0.010   0.101   0.009   0.008   0.003   0.104 371236800
 5.08   6.98   67.863
 5.08   4.00    0.466    0.022
 5.08   4.00    0.487   67.863
 5.08   4.00    0.458    0.433   0.487   0.400
 5.08   4.00    0.458    0.433   0.487   0.400

 5.09   0.00    0.397    0.397   0.066   0.075   0.022   0.010   0.101   0.009   0.008   0.003   0.104 371967600
 5.09   6.97   67.835
 5.09   4.00    0.465    0.022
 5.09   4.00    0.487   67.835
 5.09   4.00    0.458    0.432   0.487   0.399
 5.09   4.00    0.458    0.432   0.487   0.399

 5.10   0.00    0.397    0.397   0.066   0.075   0.022   0.010   0.101   0.009   0.008   0.003   0.104 372698300
 5.10   6.97   67.806
 5.10   4.00    0.465    0.022
 5.10   4.00    0.486   67.806
 5.10   4.00    0.457    0.432   0.486   0.399
 5.10   4.00    0.457    0.432   0.486   0.399

 5.11   0.00    0.397    0.397   0.066   0.075   0.022   0.010   0.101   0.009   0.007   0.003   0.104 373429200
 5.11   6.96   67.778
 5.11   4.00    0.464    0.022
 5.11   4.00    0.486   67.778
 5.11   4.00    0.457    0.432   0.486   0.399
 5.11   4.00    0.457    0.432   0.486   0.399

 5.12   0.00    0.396    0.396   0.066   0.075   0.022   0.010   0.101   0.009   0.007   0.003   0.104 374159900
 5.12   6.95   67.750
 5.12   4.00    0.464    0.022
 5.12   4.00    0.485   67.750
 5.12   4.00    0.456    0.431   0.485   0.398
 5.12   4.00    0.456    0.431   0.485   0.398

 5.13   0.00    0.396    0.396   0.066   0.075   0.021   0.010   0.101   0.009   0.007   0.003   0.104 374890700
 5.13   6.94   67.721
 5.13   4.00    0.463    0.022
 5.13   4.00    0.485   67.721
 5.13   4.00    0.456    0.431   0.485   0.398
 5.13   4.00    0.456    0.431   0.485   0.398

 5.14   0.00    0.396    0.396   0.065   0.075   0.021   0.010   0.101   0.009   0.007   0.003   0.104 375621500
 5.14   6.93   67.693
 5.14   4.00    0.462    0.022
 5.14   4.00    0.484   67.693
 5.14   4.00    0.455    0.431   0.484   0.398
 5.14   4.00    0.455    0.431   0.484   0.398

 5.15   0.00    0.395    0.395   0.065   0.075   0.021   0.010   0.101   0.009   0.007   0.003   0.104 376352300
 5.15   6.93   67.665
 5.15   4.00    0.462    0.022
 5.15   4.00    0.484   67.665
 5.15   4.00    0.455    0.430   0.484   0.397
 5.15   4.00    0.455    0.430   0.484   0.397

 5.16   0.00    0.395    0.395   0.065   0.075   0.021   0.010   0.101   0.009   0.007   0.003   0.104 377083000
 5.16   6.92   67.637
 5.16   4.00    0.461    0.022
 5.16   4.00    0.483   67.637
 5.16   4.00    0.454    0.430   0.483   0.397
 5.16   4.00    0.454    0.430   0.483   0.397

 5.17   0.00    0.395    0.395   0.065   0.075   0.021   0.010   0.101   0.009   0.007   0.003   0.104 377813800
 5.17   6.91   67.609
 5.17   4.00    0.461    0.022
 5.17   4.00    0.482   67.609
 5.17   4.00    0.454    0.430   0.482   0.397
 5.17   4.00    0.454    0.430   0.482   0.397

 5.18   0.00    0.395    0.395   0.065   0.075   0.021   0.010   0.101   0.009   0.007   0.003   0.104 378544600
 5.18   6.90   67.581
 5.18   4.00    0.460    0.022
 5.18   4.00    0.482   67.581
 5.18   4.00    0.453    0.429   0.482   0.397
 5.18   4.00    0.453    0.429   0.482   0.397

 5.19   0.00    0.394    0.394   0.065   0.075   0.021   0.010   0.101   0.009   0.007   0.003   0.104 379275400
 5.19   6.90   67.553
 5.19   4.00    0.460    0.022
 5.19   4.00    0.481   67.553
 5.19   4.00    0.453    0.429   0.481   0.396
 5.19   4.00    0.453    0.429   0.481   0.396

 5.20   0.00    0.394    0.394   0.065   0.075   0.021   0.010   0.101   0.009   0.007   0.003   0.104 380006100
 5.20   6.89   67.525
 5.20   4.00    0.459    0.022
 5.20   4.00    0.481   67.525
 5.20   4.00    0.452    0.429   0.481   0.396
 5.20   4.00    0.452    0.429   0.481   0.396

 5.21   0.00    0.394    0.394   0.065   0.075   0.021   0.010   0.101   0.009   0.007   0.003   0.104 380736900
 5.21   6.88   67.497
 5.21   4.00    0.459    0.022
 5.21   4.00    0.480   67.497
 5.21   4.00    0.452    0.428   0.480   0.396
 5.21   4.00    0.452    0.428   0.480   0.396

 5.22   0.00    0.393    0.393   0.064   0.075   0.021   0.010   0.101   0.009   0.007   0.003   0.104 381467700
 5.22   6.87   67.469
 5.22   4.00    0.458    0.022
 5.22   4.00    0.480   67.469
 5.22   4.00    0.451    0.428   0.480   0.395
 5.22   4.00    0.451    0.428   0.480   0.395

 5.23   0.00    0.393    0.393   0.064   0.075   0.021   0.010   0.101   0.009   0.007   0.003   0.104 382198500
 5.23   6.87   67.441
 5.23   4.00    0.458    0.022
 5.23   4.00    0.479   67.441
 5.23   4.00    0.451    0.428   0.479   0.395
 5.23   4.00    0.451    0.428   0.479   0.395

 5.24   0.00    0.393    0.393   0.064   0.075   0.021   0.010   0.101   0.009   0.007   0.003   0.104 382929300
 5.24   6.86   67.413
 5.24   4.00    0.457    0.022
 5.24   4.00    0.479   67.413
 5.24   4.00    0.450    0.427   0.479   0.395
 5.24   4.00    0.450    0.427   0.479   0.395

 5.25   0.00    0.393    0.393   0.064   0.075   0.021   0.010   0.101   0.009   0.007   0.003   0.104 383660100
 5.25   6.85   67.386
 5.25   4.00    0.457    0.022
 5.25   4.00    0.478   67.386
 5.25   4.00    0.450    0.427   0.478   0.395
 5.25   4.00    0.450    0.427   0.478   0.395

 5.26   0.00    0.392    0.392   0.064   0.075   0.021   0.010   0.101   0.009   0.007   0.003   0.104 384390800
 5.26   6.84   67.358
 5.26   4.00    0.456    0.022
 5.26   4.00    0.478   67.358
 5.26   4.00    0.449    0.427   0.478   0.394
 5.26   4.00    0.449    0.427   0.478   0.394

 5.27   0.00    0.392    0.392   0.064   0.075   0.021   0.010   0.101   0.009   0.007   0.003   0.104 385121600
 5.27   6.84   67.330
 5.27   4.00    0.456    0.022
 5.27   4.00    0.477   67.330
 5.27   4.00    0.449    0.426   0.477   0.394
 5.27   4.00    0.449    0.426   0.477   0.394

 5.28   0.00    0.392    0.392   0.064   0.075   0.020   0.010   0.101   0.009   0.007   0.003   0.104 385852400
 5.28   6.83   67.302
 5.28   4.00    0.455    0.022
 5.28   4.00    0.477   67.302
 5.28   4.00    0.448    0.426   0.477   0.394
 5.28   4.00    0.448    0.426   0.477   0.394

 5.29   0.00    0.391    0.391   0.064   0.075   0.020   0.010   0.101   0.009   0.007   0.003   0.104 386583200
 5.29   6.82   67.275
 5.29   4.00    0.455    0.022
 5.29   4.00    0.476   67.275
 5.29   4.00    0.448    0.426   0.476   0.393
 5.29   4.00    0.448    0.426   0.476   0.393

 5.30   0.00    0.391    0.391   0.063   0.075   0.020   0.010   0.101   0.009   0.007   0.003   0.104 387314000
 5.30   6.81   67.247
 5.30   4.00    0.454    0.022
 5.30   4.00    0.476   67.247
 5.30   4.00    0.447    0.425   0.476   0.393
 5.30   4.00    0.447    0.425   0.476   0.393

 5.31   0.00    0.391    0.391   0.063   0.075   0.020   0.010   0.101   0.009   0.007   0.003   0.104 388044700
 5.31   6.81   67.220
 5.31   4.00    0.454    0.022
 5.31   4.00    0.475   67.220
 5.31   4.00    0.447    0.425   0.475   0.393
 5.31   4.00    0.447    0.425   0.475   0.393

 5.32   0.00    0.391    0.391   0.063   0.075   0.020   0.010   0.101   0.009   0.007   0.003   0.104 388775600
 5.32   6.80   67.192
 5.32   4.00    0.453    0.022
 5.32   4.00    0.475   67.192
 5.32   4.00    0.446    0.425   0.475   0.393
 5.32   4.00    0.446    0.425   0.475   0.393

 5.33   0.00    0.390    0.390   0.063   0.075   0.020   0.010   0.101   0.009   0.007   0.003   0.104 389506300
 5.33   6.79   67.165
 5.33   4.00    0.453    0.022
 5.33   4.00    0.474   67.165
 5.33   4.00    0.446    0.424   0.474   0.392
 5.33   4.00    0.446    0.424   0.474   0.392

 5.34   0.00    0.390    0.390   0.063   0.075   0.020   0.010   0.101   0.009   0.007   0.002   0.104 390237100
 5.34   6.78   67.137
 5.34   4.00    0.452    0.022
 5.34   4.00    0.474   67.137
 5.34   4.00    0.445    0.424   0.474   0.392
 5.34   4.00    0.445    0.424   0.474   0.392

 5.35   0.00    0.390    0.390   0.063   0.075   0.020   0.010   0.101   0.009   0.007   0.002   0.104 390967900
 5.35   6.78   67.110
 5.35   4.00    0.451    0.022
 5.35   4.00    0.473   67.110
 5.35   4.00    0.445    0.424   0.473   0.392
 5.35   4.00    0.445    0.424   0.473   0.392

 5.36   0.00    0.390    0.390   0.063   0.075   0.020   0.010   0.101   0.008   0.007   0.002   0.104 391698700
 5.36   6.77   67.082
 5.36   4.00    0.451    0.022
 5.36   4.00    0.473   67.082
 5.36   4.00    0.444    0.423   0.473   0.391
 5.36   4.00    0.444    0.423   0.473   0.391

 5.37   0.00    0.389    0.389   0.063   0.075   0.020   0.010   0.101   0.008   0.007   0.002   0.104 392429400
 5.37   6.76   67.055
 5.37   4.00    0.450    0.022
 5.37   4.00    0.472   67.055
 5.37   4.00    0.444    0.423   0.472   0.391
 5.37   4.00    0.444    0.423   0.472   0.391

 5.38   0.00    0.389    0.389   0.062   0.075   0.020   0.010   0.101   0.008   0.007   0.002   0.104 393160200
 5.38   6.75   67.028
 5.38   4.00    0.450    0.022
 5.38   4.00    0.472   67.028
 5.38   4.00    0.443    0.423   0.472   0.391
 5.38   4.00    0.443    0.423   0.472   0.391

 5.39   0.00    0.389    0.389   0.062   0.075   0.020   0.010   0.101   0.008   0.007   0.002   0.104 393891000
 5.39   6.75   67.001
 5.39   4.00    0.449    0.022
 5.39   4.00    0.471   67.001
 5.39   4.00    0.443    0.423   0.471   0.391
 5.39   4.00    0.443    0.423   0.471   0.391

 5.40   0.00    0.388    0.388   0.062   0.075   0.020   0.010   0.101   0.008   0.007   0.002   0.104 394621800
 5.40   6.74   66.973
 5.40   4.00    0.449    0.022
 5.40   4.00    0.471   66.973
 5.40   4.00    0.442    0.422   0.471   0.390
 5.40   4.00    0.442    0.422   0.471   0.390

 5.41   0.00    0.388    0.388   0.062   0.075   0.020   0.010   0.101   0.008   0.007   0.002   0.104 395352500
 5.41   6.73   66.946
 5.41   4.00    0.448    0.022
 5.41   4.00    0.470   66.946
 5.41   4.00    0.442    0.422   0.470   0.390
 5.41   4.00    0.442    0.422   0.470   0.390

 5.42   0.00    0.388    0.388   0.062   0.075   0.020   0.010   0.101   0.008   0.007   0.002   0.104 396083400
 5.42   6.73   66.919
 5.42   4.00    0.448    0.022
 5.42   4.00    0.470   66.919
 5.42   4.00    0.441    0.422   0.470   0.390
 5.42   4.00    0.441    0.422   0.470   0.390

 5.43   0.00    0.388    0.388   0.062   0.075   0.020   0.010   0.101   0.008   0.007   0.002   0.104 396814100
 5.43   6.72   66.892
 5.43   4.00    0.447    0.022
 5.43   4.00    0.469   66.892
 5.43   4.00    0.441    0.421   0.469   0.390
 5.43   4.00    0.441    0.421   0.469   0.390

 5.44   0.00    0.387    0.387   0.062   0.074   0.019   0.010   0.101   0.008   0.007   0.002   0.104 397544900
 5.44   6.71   66.865
 5.44   4.00    0.447    0.022
 5.44   4.00    0.469   66.865
 5.44   4.00    0.440    0.421   0.469   0.389
 5.44   4.00    0.440    0.421   0.469   0.389

 5.45   0.00    0.387    0.387   0.062   0.074   0.019   0.010   0.101   0.008   0.007   0.002   0.104 398275700
 5.45   6.71   66.838
 5.45   4.00    0.446    0.022
 5.45   4.00    0.468   66.838
 5.45   4.00    0.440    0.421   0.468   0.389
 5.45   4.00    0.440    0.421   0.468   0.389

 5.46   0.00    0.387    0.387   0.061   0.074   0.019   0.010   0.101   0.008   0.007   0.002   0.104 399006500
 5.46   6.70   66.811
 5.46   4.00    0.446    0.022
 5.46   4.00    0.468   66.811
 5.46   4.00    0.439    0.420   0.468   0.389
 5.46   4.00    0.439    0.420   0.468   0.389

 5.47   0.00    0.387    0.387   0.061   0.074   0.019   0.010   0.101   0.008   0.007   0.002   0.104 399737200
 5.47   6.69   66.784
 5.47   4.00    0.445    0.022
 5.47   4.00    0.467   66.784
 5.47   4.00    0.439    0.420   0.467   0.388
 5.47   4.00    0.439    0.420   0.467   0.388

 5.48   0.00    0.386    0.386   0.061   0.074   0.019   0.010   0.101   0.008   0.007   0.002   0.104 400468000
 5.48   6.68   66.757
 5.48   4.00    0.445    0.022
 5.48   4.00    0.467   66.757
 5.48   4.00    0.438    0.420   0.467   0.388
 5.48   4.00    0.438    0.420   0.467   0.388

 5.49   0.00    0.386    0.386   0.061   0.074   0.019   0.010   0.101   0.008   0.006   0.002   0.104 401198800
 5.49   6.68   66.730
 5.49   4.00    0.445    0.022
 5.49   4.00    0.466   66.730
 5.49   4.00    0.438    0.419   0.466   0.388
 5.49   4.00    0.438    0.419   0.466   0.388

 5.50   0.00    0.386    0.386   0.061   0.074   0.019   0.010   0.101   0.008   0.006   0.002   0.104 401929600
 5.50   6.67   66.703
 5.50   4.00    0.444    0.022
 5.50   4.00    0.466   66.703
 5.50   4.00    0.437    0.419   0.466   0.388
 5.50   4.00    0.437    0.419   0.466   0.388

 5.51   0.00    0.385    0.385   0.061   0.074   0.019   0.010   0.101   0.008   0.006   0.002   0.104 402660400
 5.51   6.66   66.676
 5.51   4.00    0.444    0.022
 5.51   4.00    0.465   66.676
 5.51   4.00    0.437    0.419   0.465   0.387
 5.51   4.00    0.437    0.419   0.465   0.387

 5.52   0.00    0.385    0.385   0.061   0.074   0.019   0.010   0.101   0.008   0.006   0.002   0.104 403391100
 5.52   6.66   66.649
 5.52   4.00    0.443    0.022
 5.52   4.00    0.465   66.649
 5.52   4.00    0.437    0.419   0.465   0.387
 5.52   4.00    0.437    0.419   0.465   0.387

 5.53   0.00    0.385    0.385   0.061   0.074   0.019   0.010   0.101   0.008   0.006   0.002   0.104 404122000
 5.53   6.65   66.623
 5.53   4.00    0.443    0.022
 5.53   4.00    0.464   66.623
 5.53   4.00    0.436    0.418   0.464   0.387
 5.53   4.00    0.436    0.418   0.464   0.387

 5.54   0.00    0.385    0.385   0.061   0.074   0.019   0.010   0.101   0.008   0.006   0.002   0.104 404852700
 5.54   6.64   66.596
 5.54   4.00    0.442    0.022
 5.54   4.00    0.464   66.596
 5.54   4.00    0.436    0.418   0.464   0.387
 5.54   4.00    0.436    0.418   0.464   0.387

 5.55   0.00    0.384    0.384   0.060   0.074   0.019   0.010   0.101   0.008   0.006   0.002   0.104 405583500
 5.55   6.64   66.569
 5.55   4.00    0.442    0.022
 5.55   4.00    0.463   66.569
 5.55   4.00    0.435    0.418   0.463   0.386
 5.55   4.00    0.435    0.418   0.463   0.386

 5.56   0.00    0.384    0.384   0.060   0.074   0.019   0.010   0.101   0.008   0.006   0.002   0.104 406314300
 5.56   6.63   66.542
 5.56   4.00    0.441    0.022
 5.56   4.00    0.463   66.542
 5.56   4.00    0.435    0.417   0.463   0.386
 5.56   4.00    0.435    0.417   0.463   0.386

 5.57   0.00    0.384    0.384   0.060   0.074   0.019   0.010   0.101   0.008   0.006   0.002   0.104 407045100
 5.57   6.62   66.516
 5.57   4.00    0.441    0.022
 5.57   4.00    0.462   66.516
 5.57   4.00    0.434    0.417   0.462   0.386
 5.57   4.00    0.434    0.417   0.462   0.386

 5.58   0.00    0.384    0.384   0.060   0.074   0.019   0.009   0.101   0.008   0.006   0.002   0.104 407775800
 5.58   6.61   66.489
 5.58   4.00    0.440    0.022
 5.58   4.00    0.462   66.489
 5.58   4.00    0.434    0.417   0.462   0.386
 5.58   4.00    0.434    0.417   0.462   0.386

 5.59   0.00    0.383    0.383   0.060   0.074   0.018   0.009   0.101   0.008   0.006   0.002   0.104 408506600
 5.59   6.61   66.463
 5.59   4.00    0.440    0.022
 5.59   4.00    0.461   66.463
 5.59   4.00    0.433    0.416   0.461   0.385
 5.59   4.00    0.433    0.416   0.461   0.385

 5.60   0.00    0.383    0.383   0.060   0.074   0.018   0.009   0.101   0.008   0.006   0.002   0.104 409237400
 5.60   6.60   66.436
 5.60   4.00    0.439    0.022
 5.60   4.00    0.461   66.436
 5.60   4.00    0.433    0.416   0.461   0.385
 5.60   4.00    0.433    0.416   0.461   0.385

 5.61   0.00    0.383    0.383   0.060   0.074   0.018   0.009   0.101   0.008   0.006   0.002   0.104 409968200
 5.61   6.59   66.410
 5.61   4.00    0.439    0.022
 5.61   4.00    0.460   66.410
 5.61   4.00    0.432    0.416   0.460   0.385
 5.61   4.00    0.432    0.416   0.460   0.385

 5.62   0.00    0.383    0.383   0.060   0.074   0.018   0.009   0.101   0.008   0.006   0.002   0.104 410698900
 5.62   6.59   66.383
 5.62   4.00    0.438    0.022
 5.62   4.00    0.460   66.383
 5.62   4.00    0.432    0.416   0.460   0.384
 5.62   4.00    0.432    0.416   0.460   0.384

 5.63   0.00    0.382    0.382   0.060   0.074   0.018   0.009   0.101   0.008   0.006   0.002   0.104 411429800
 5.63   6.58   66.357
 5.63   4.00    0.438    0.022
 5.63   4.00    0.459   66.357
 5.63   4.00    0.432    0.415   0.459   0.384
 5.63   4.00    0.432    0.415   0.459   0.384

 5.64   0.00    0.382    0.382   0.059   0.074   0.018   0.009   0.101   0.008   0.006   0.002   0.104 412160500
 5.64   6.57   66.330
 5.64   4.00    0.437    0.022
 5.64   4.00    0.459   66.330
 5.64   4.00    0.431    0.415   0.459   0.384
 5.64   4.00    0.431    0.415   0.459   0.384

 5.65   0.00    0.382    0.382   0.059   0.074   0.018   0.009   0.101   0.008   0.006   0.002   0.104 412891300
 5.65   6.57   66.304
 5.65   4.00    0.437    0.022
 5.65   4.00    0.459   66.304
 5.65   4.00    0.431    0.415   0.459   0.384
 5.65   4.00    0.431    0.415   0.459   0.384

 5.66   0.00    0.382    0.382   0.059   0.074   0.018   0.009   0.101   0.008   0.006   0.002   0.104 413622100
 5.66   6.56   66.277
 5.66   4.00    0.436    0.022
 5.66   4.00    0.458   66.277
 5.66   4.00    0.430    0.414   0.458   0.383
 5.66   4.00    0.430    0.414   0.458   0.383

 5.67   0.00    0.381    0.381   0.059   0.074   0.018   0.009   0.101   0.008   0.006   0.002   0.104 414352900
 5.67   6.55   66.251
 5.67   4.00    0.436    0.022
 5.67   4.00    0.458   66.251
 5.67   4.00    0.430    0.414   0.458   0.383
 5.67   4.00    0.430    0.414   0.458   0.383

 5.68   0.00    0.381    0.381   0.059   0.074   0.018   0.009   0.101   0.008   0.006   0.002   0.104 415083600
 5.68   6.55   66.225
 5.68   4.00    0.435    0.022
 5.68   4.00    0.457   66.225
 5.68   4.00    0.429    0.414   0.457   0.383
 5.68   4.00    0.429    0.414   0.457   0.383

 5.69   0.00    0.381    0.381   0.059   0.074   0.018   0.009   0.101   0.008   0.006   0.002   0.104 415814400
 5.69   6.54   66.199
 5.69   4.00    0.435    0.022
 5.69   4.00    0.457   66.199
 5.69   4.00    0.429    0.414   0.457   0.383
 5.69   4.00    0.429    0.414   0.457   0.383

 5.70   0.00    0.381    0.381   0.059   0.074   0.018   0.009   0.101   0.008   0.006   0.002   0.104 416545200
 5.70   6.53   66.172
 5.70   4.00    0.435    0.022
 5.70   4.00    0.456   66.172
 5.70   4.00    0.428    0.413   0.456   0.382
 5.70   4.00    0.428    0.413   0.456   0.382

 5.71   0.00    0.380    0.380   0.059   0.074   0.018   0.009   0.101   0.008   0.006   0.002   0.104 417276000
 5.71   6.53   66.146
 5.71   4.00    0.434    0.022
 5.71   4.00    0.456   66.146
 5.71   4.00    0.428    0.413   0.456   0.382
 5.71   4.00    0.428    0.413   0.456   0.382

 5.72   0.00    0.380    0.380   0.059   0.074   0.018   0.009   0.101   0.008   0.006   0.002   0.104 418006800
 5.72   6.52   66.120
 5.72   4.00    0.434    0.022
 5.72   4.00    0.455   66.120
 5.72   4.00    0.428    0.413   0.455   0.382
 5.72   4.00    0.428    0.413   0.455   0.382

 5.73   0.00    0.380    0.380   0.058   0.074   0.017   0.009   0.101   0.008   0.006   0.002   0.104 418737600
 5.73   6.51   66.094
 5.73   4.00    0.433    0.022
 5.73   4.00    0.455   66.094
 5.73   4.00    0.427    0.412   0.455   0.382
 5.73   4.00    0.427    0.412   0.455   0.382

 5.74   0.00    0.379    0.379   0.058   0.074   0.017   0.009   0.101   0.008   0.006   0.002   0.104 419468300
 5.74   6.51   66.067
 5.74   4.00    0.433    0.022
 5.74   4.00    0.455   66.067
 5.74   4.00    0.427    0.412   0.455   0.381
 5.74   4.00    0.427    0.412   0.455   0.381

 5.75   0.00    0.379    0.379   0.058   0.074   0.017   0.009   0.101   0.008   0.006   0.002   0.104 420199100
 5.75   6.52   66.038
 5.75   4.00    0.432    0.023
 5.75   4.00    0.455   66.038
 5.75   4.00    0.427    0.412   0.455   0.381
 5.75   4.00    0.427    0.412   0.455   0.381

 5.76   0.00    0.379    0.379   0.058   0.074   0.017   0.009   0.101   0.008   0.006   0.002   0.104 420929900
 5.76   6.52   66.010
 5.76   4.00    0.432    0.023
 5.76   4.00    0.455   66.010
 5.76   4.00    0.428    0.412   0.455   0.381
 5.76   4.00    0.428    0.412   0.455   0.381

 5.77   0.00    0.379    0.379   0.058   0.074   0.017   0.009   0.101   0.008   0.006   0.002   0.104 421660700
 5.77   6.52   65.982
 5.77   4.00    0.431    0.024
 5.77   4.00    0.455   65.982
 5.77   4.00    0.428    0.411   0.455   0.381
 5.77   4.00    0.428    0.411   0.455   0.381

 5.78   0.00    0.378    0.378   0.058   0.074   0.017   0.009   0.101   0.008   0.006   0.002   0.104 422391500
 5.78   6.53   65.954
 5.78   4.00    0.431    0.025
 5.78   4.00    0.456   65.954
 5.78   4.00    0.428    0.411   0.456   0.380
 5.78   4.00    0.428    0.411   0.456   0.380

 5.79   0.00    0.378    0.378   0.058   0.074   0.017   0.009   0.101   0.008   0.006   0.002   0.104 423122200
 5.79   6.53   65.926
 5.79   4.00    0.430    0.025
 5.79   4.00    0.456   65.926
 5.79   4.00    0.428    0.411   0.456   0.380
 5.79   4.00    0.428    0.411   0.456   0.380

 5.80   0.00    0.378    0.378   0.058   0.074   0.017   0.009   0.101   0.008   0.006   0.002   0.104 423853000
 5.80   6.53   65.899
 5.80   4.00    0.430    0.026
 5.80   4.00    0.456   65.899
 5.80   4.00    0.428    0.411   0.456   0.380
 5.80   4.00    0.428    0.411   0.456   0.380

 5.81   0.00    0.378    0.378   0.058   0.074   0.017   0.009   0.101   0.008   0.006   0.002   0.104 424583800
 5.81   6.54   65.871
 5.81   4.00    0.430    0.027
 5.81   4.00    0.456   65.871
 5.81   4.00    0.429    0.410   0.456   0.380
 5.81   4.00    0.429    0.410   0.456   0.380

 5.82   0.00    0.377    0.377   0.057   0.074   0.017   0.009   0.101   0.008   0.006   0.002   0.104 425314600
 5.82   6.54   65.843
 5.82   4.00    0.429    0.027
 5.82   4.00    0.456   65.843
 5.82   4.00    0.429    0.410   0.456   0.379
 5.82   4.00    0.429    0.410   0.456   0.379

 5.83   0.00    0.377    0.377   0.057   0.074   0.017   0.009   0.101   0.008   0.006   0.002   0.104 426045400
 5.83   6.54   65.816
 5.83   4.00    0.429    0.028
 5.83   4.00    0.457   65.816
 5.83   4.00    0.429    0.410   0.457   0.379
 5.83   4.00    0.429    0.410   0.457   0.379

 5.84   0.00    0.377    0.377   0.057   0.074   0.017   0.009   0.101   0.008   0.006   0.002   0.104 426776200
 5.84   6.55   65.789
 5.84   4.00    0.428    0.029
 5.84   4.00    0.457   65.789
 5.84   4.00    0.429    0.410   0.457   0.379
 5.84   4.00    0.429    0.410   0.457   0.379

 5.85   0.00    0.377    0.377   0.057   0.074   0.017   0.009   0.101   0.008   0.006   0.002   0.104 427506900
 5.85   6.55   65.762
 5.85   4.00    0.428    0.029
 5.85   4.00    0.457   65.762
 5.85   4.00    0.430    0.410   0.457   0.379
 5.85   4.00    0.430    0.410   0.457   0.379

 5.86   0.00    0.376    0.376   0.057   0.074   0.017   0.009   0.101   0.008   0.006   0.002   0.104 428237700
 5.86   6.55   65.735
 5.86   4.00    0.427    0.030
 5.86   4.00    0.457   65.735
 5.86   4.00    0.430    0.409   0.457   0.378
 5.86   4.00    0.430    0.409   0.457   0.378

 5.87   0.00    0.376    0.376   0.057   0.074   0.016   0.009   0.101   0.008   0.006   0.002   0.104 428968500
 5.87   6.55   65.708
 5.87   4.00    0.427    0.031
 5.87   4.00    0.458   65.708
 5.87   4.00    0.430    0.409   0.458   0.378
 5.87   4.00    0.430    0.409   0.458   0.378

 5.88   0.00    0.376    0.376   0.057   0.074   0.016   0.009   0.101   0.008   0.006   0.002   0.104 429699300
 5.88   6.56   65.681
 5.88   4.00    0.426    0.031
 5.88   4.00    0.458   65.681
 5.88   4.00    0.430    0.409   0.458   0.378
 5.88   4.00    0.430    0.409   0.458   0.378

 5.89   0.00    0.376    0.376   0.057   0.074   0.016   0.009   0.101   0.008   0.006   0.002   0.104 430430000
 5.89   6.56   65.654
 5.89   4.00    0.426    0.032
 5.89   4.00    0.458   65.654
 5.89   4.00    0.431    0.409   0.458   0.378
 5.89   4.00    0.431    0.409   0.458   0.378

 5.90   0.00    0.375    0.375   0.057   0.074   0.016   0.009   0.101   0.008   0.006   0.002   0.104 431160800
 5.90   6.56   65.627
 5.90   4.00    0.426    0.033
 5.90   4.00    0.458   65.627
 5.90   4.00    0.431    0.408   0.458   0.377
 5.90   4.00    0.431    0.408   0.458   0.377

 5.91   0.00    0.375    0.375   0.056   0.073   0.016   0.009   0.101   0.008   0.006   0.002   0.104 431891600
 5.91   6.57   65.601
 5.91   4.00    0.425    0.033
 5.91   4.00    0.459   65.601
 5.91   4.00    0.431    0.408   0.459   0.377
 5.91   4.00    0.431    0.408   0.459   0.377

 5.92   0.00    0.375    0.375   0.056   0.073   0.016   0.009   0.101   0.008   0.006   0.002   0.104 432622400
 5.92   6.57   65.574
 5.92   4.00    0.425    0.034
 5.92   4.00    0.459   65.574
 5.92   4.00    0.431    0.408   0.459   0.377
 5.92   4.00    0.431    0.408   0.459   0.377

 5.93   0.00    0.375    0.375   0.056   0.073   0.016   0.009   0.101   0.008   0.006   0.002   0.104 433353200
 5.93   6.57   65.548
 5.93   4.00    0.424    0.035
 5.93   4.00    0.459   65.548
 5.93   4.00    0.432    0.408   0.459   0.377
 5.93   4.00    0.432    0.408   0.459   0.377

 5.94   0.00    0.374    0.374   0.056   0.073   0.016   0.009   0.101   0.008   0.006   0.002   0.104 434084000
 5.94   6.58   65.522
 5.94   4.00    0.424    0.035
 5.94   4.00    0.459   65.522
 5.94   4.00    0.432    0.407   0.459   0.376
 5.94   4.00    0.432    0.407   0.459   0.376

 5.95   0.00    0.374    0.374   0.056   0.073   0.016   0.009   0.101   0.008   0.006   0.002   0.104 434814700
 5.95   6.58   65.496
 5.95   4.00    0.423    0.036
 5.95   4.00    0.459   65.496
 5.95   4.00    0.432    0.407   0.459   0.376
 5.95   4.00    0.432    0.407   0.459   0.376

 5.96   0.00    0.374    0.374   0.056   0.073   0.016   0.009   0.101   0.008   0.006   0.002   0.104 435545500
 5.96   6.59   65.470
 5.96   4.00    0.423    0.037
 5.96   4.00    0.460   65.470
 5.96   4.00    0.432    0.407   0.460   0.376
 5.96   4.00    0.432    0.407   0.460   0.376

 5.97   0.00    0.374    0.374   0.056   0.073   0.016   0.009   0.101   0.008   0.005   0.002   0.104 436276300
 5.97   6.59   65.444
 5.97   4.00    0.423    0.037
 5.97   4.00    0.460   65.444
 5.97   4.00    0.433    0.407   0.460   0.376
 5.97   4.00    0.433    0.407   0.460   0.376

 5.98   0.00    0.373    0.373   0.056   0.073   0.016   0.009   0.101   0.008   0.005   0.002   0.104 437007100
 5.98   6.59   65.418
 5.98   4.00    0.422    0.038
 5.98   4.00    0.460   65.418
 5.98   4.00    0.433    0.406   0.460   0.375
 5.98   4.00    0.433    0.406   0.460   0.375

 5.99   0.00    0.373    0.373   0.056   0.073   0.016   0.009   0.101   0.008   0.005   0.002   0.104 437737900
 5.99   6.60   65.392
 5.99   4.00    0.422    0.039
 5.99   4.00    0.460   65.392
 5.99   4.00    0.433    0.406   0.460   0.375
 5.99   4.00    0.433    0.406   0.460   0.375

 6.00   0.00    0.373    0.373   0.056   0.073   0.015   0.009   0.101   0.008   0.005   0.002   0.104 438468600
 6.00   6.60   65.367
 6.00   4.00    0.421    0.039
 6.00   4.00    0.461   65.367
 6.00   4.00    0.433    0.406   0.461   0.375
 6.00   4.00    0.433    0.406   0.461   0.375

 6.01   0.00    0.373    0.373   0.055   0.073   0.015   0.009   0.101   0.008   0.005   0.002   0.104 439199500
 6.01   6.60   65.341
 6.01   4.00    0.421    0.040
 6.01   4.00    0.461   65.341
 6.01   4.00    0.434    0.406   0.461   0.375
 6.01   4.00    0.434    0.406   0.461   0.375

 6.02   0.00    0.373    0.373   0.055   0.073   0.015   0.009   0.101   0.007   0.005   0.002   0.104 439930200
 6.02   6.61   65.316
 6.02   4.00    0.420    0.041
 6.02   4.00    0.461   65.316
 6.02   4.00    0.434    0.406   0.461   0.374
 6.02   4.00    0.434    0.406   0.461   0.374

 6.03   0.00    0.372    0.372   0.055   0.073   0.015   0.009   0.101   0.007   0.005   0.002   0.104 440661000
 6.03   6.61   65.290
 6.03   4.00    0.420    0.041
 6.03   4.00    0.461   65.290
 6.03   4.00    0.434    0.405   0.461   0.374
 6.03   4.00    0.434    0.405   0.461   0.374

 6.04   0.00    0.372    0.372   0.055   0.073   0.015   0.009   0.101   0.007   0.005   0.002   0.104 441391800
 6.04   6.61   65.265
 6.04   4.00    0.420    0.042
 6.04   4.00    0.462   65.265
 6.04   4.00    0.434    0.405   0.462   0.374
 6.04   4.00    0.434    0.405   0.462   0.374

 6.05   0.00    0.372    0.372   0.055   0.073   0.015   0.009   0.101   0.007   0.005   0.002   0.104 442122600
 6.05   6.62   65.240
 6.05   4.00    0.419    0.043
 6.05   4.00    0.462   65.240
 6.05   4.00    0.435    0.405   0.462   0.374
 6.05   4.00    0.435    0.405   0.462   0.374

 6.06   0.00    0.372    0.372   0.055   0.073   0.015   0.009   0.101   0.007   0.005   0.002   0.104 442853300
 6.06   6.62   65.215
 6.06   4.00    0.419    0.043
 6.06   4.00    0.462   65.215
 6.06   4.00    0.435    0.405   0.462   0.373
 6.06   4.00    0.435    0.405   0.462   0.373

 6.07   0.00    0.371    0.371   0.055   0.073   0.015   0.009   0.101   0.007   0.005   0.002   0.104 443584100
 6.07   6.62   65.190
 6.07   4.00    0.418    0.044
 6.07   4.00    0.462   65.190
 6.07   4.00    0.435    0.405   0.462   0.373
 6.07   4.00    0.435    0.405   0.462   0.373

 6.08   0.00    0.371    0.371   0.055   0.073   0.015   0.009   0.101   0.007   0.005   0.002   0.104 444314900
 6.08   6.63   65.165
 6.08   4.00    0.418    0.045
 6.08   4.00    0.463   65.165
 6.08   4.00    0.436    0.404   0.463   0.373
 6.08   4.00    0.436    0.404   0.463   0.373

 6.09   0.00    0.371    0.371   0.055   0.073   0.015   0.009   0.101   0.007   0.005   0.002   0.104 445045700
 6.09   6.63   65.141
 6.09   4.00    0.418    0.045
 6.09   4.00    0.463   65.141
 6.09   4.00    0.436    0.404   0.463   0.373
 6.09   4.00    0.436    0.404   0.463   0.373

 6.10   0.00    0.371    0.371   0.055   0.073   0.015   0.009   0.101   0.007   0.005   0.002   0.104 445776400
 6.10   6.63   65.116
 6.10   4.00    0.417    0.046
 6.10   4.00    0.463   65.116
 6.10   4.00    0.436    0.404   0.463   0.373
 6.10   4.00    0.436    0.404   0.463   0.373

 6.11   0.00    0.371    0.371   0.054   0.073   0.015   0.009   0.101   0.007   0.005   0.002   0.104 446507200
 6.11   6.64   65.091
 6.11   4.00    0.417    0.047
 6.11   4.00    0.463   65.091
 6.11   4.00    0.436    0.404   0.463   0.372
 6.11   4.00    0.436    0.404   0.463   0.372

 6.12   0.00    0.370    0.370   0.054   0.073   0.015   0.009   0.101   0.007   0.005   0.002   0.104 447238000
 6.12   6.64   65.067
 6.12   4.00    0.416    0.047
 6.12   4.00    0.464   65.067
 6.12   4.00    0.437    0.404   0.464   0.372
 6.12   4.00    0.437    0.404   0.464   0.372

 6.13   0.00    0.370    0.370   0.054   0.073   0.015   0.009   0.101   0.007   0.005   0.002   0.104 447968800
 6.13   6.65   65.043
 6.13   4.00    0.416    0.048
 6.13   4.00    0.464   65.043
 6.13   4.00    0.437    0.403   0.464   0.372
 6.13   4.00    0.437    0.403   0.464   0.372

 6.14   0.00    0.370    0.370   0.054   0.073   0.015   0.009   0.101   0.007   0.005   0.002   0.104 448699600
 6.14   6.65   65.018
 6.14   4.00    0.416    0.049
 6.14   4.00    0.464   65.018
 6.14   4.00    0.437    0.403   0.464   0.372
 6.14   4.00    0.437    0.403   0.464   0.372

 6.15   0.00    0.370    0.370   0.054   0.073   0.015   0.009   0.101   0.007   0.005   0.002   0.104 449430400
 6.15   6.65   64.994
 6.15   4.00    0.415    0.049
 6.15   4.00    0.464   64.994
 6.15   4.00    0.437    0.403   0.464   0.372
 6.15   4.00    0.437    0.403   0.464   0.372

 6.16   0.00    0.370    0.370   0.054   0.073   0.015   0.009   0.101   0.007   0.005   0.002   0.104 450161100
 6.16   6.66   64.970
 6.16   4.00    0.415    0.050
 6.16   4.00    0.465   64.970
 6.16   4.00    0.438    0.403   0.465   0.371
 6.16   4.00    0.438    0.403   0.465   0.371

 6.17   0.00    0.369    0.369   0.054   0.073   0.015   0.009   0.101   0.007   0.005   0.002   0.104 450891900
 6.17   6.66   64.946
 6.17   4.00    0.414    0.051
 6.17   4.00    0.465   64.946
 6.17   4.00    0.438    0.403   0.465   0.371
 6.17   4.00    0.438    0.403   0.465   0.371

 6.18   0.00    0.369    0.369   0.054   0.073   0.015   0.008   0.101   0.007   0.005   0.002   0.104 451622700
 6.18   6.66   64.922
 6.18   4.00    0.414    0.051
 6.18   4.00    0.465   64.922
 6.18   4.00    0.438    0.402   0.465   0.371
 6.18   4.00    0.438    0.402   0.465   0.371

 6.19   0.00    0.369    0.369   0.054   0.073   0.015   0.008   0.101   0.007   0.005   0.002   0.104 452353500
 6.19   6.67   64.899
 6.19   4.00    0.413    0.052
 6.19   4.00    0.466   64.899
 6.19   4.00    0.439    0.402   0.466   0.371
 6.19   4.00    0.439    0.402   0.466   0.371

 6.20   0.00    0.369    0.369   0.054   0.073   0.014   0.008   0.101   0.007   0.005   0.002   0.104 453084300
 6.20   6.67   64.875
 6.20   4.00    0.413    0.053
 6.20   4.00    0.466   64.875
 6.20   4.00    0.439    0.402   0.466   0.370
 6.20   4.00    0.439    0.402   0.466   0.370

 6.21   0.00    0.368    0.368   0.054   0.073   0.014   0.008   0.101   0.007   0.005   0.002   0.104 453815000
 6.21   6.68   64.852
 6.21   4.00    0.413    0.053
 6.21   4.00    0.466   64.852
 6.21   4.00    0.439    0.402   0.466   0.370
 6.21   4.00    0.439    0.402   0.466   0.370

 6.22   0.00    0.368    0.368   0.053   0.073   0.014   0.008   0.101   0.007   0.005   0.002   0.104 454545800
 6.22   6.68   64.828
 6.22   4.00    0.412    0.054
 6.22   4.00    0.466   64.828
 6.22   4.00    0.439    0.402   0.466   0.370
 6.22   4.00    0.439    0.402   0.466   0.370

 6.23   0.00    0.368    0.368   0.053   0.073   0.014   0.008   0.101   0.007   0.005   0.002   0.104 455276600
 6.23   6.68   64.805
 6.23   4.00    0.412    0.055
 6.23   4.00    0.467   64.805
 6.23   4.00    0.440    0.402   0.467   0.370
 6.23   4.00    0.440    0.402   0.467   0.370

 6.24   0.00    0.368    0.368   0.053   0.073   0.014   0.008   0.101   0.007   0.005   0.002   0.104 456007400
 6.24   6.69   64.781
 6.24   4.00    0.411    0.055
 6.24   4.00    0.467   64.781
 6.24   4.00    0.440    0.401   0.467   0.370
 6.24   4.00    0.440    0.401   0.467   0.370

 6.25   0.00    0.368    0.368   0.053   0.073   0.014   0.008   0.101   0.007   0.005   0.002   0.104 456738200
 6.25   6.69   64.758
 6.25   4.00    0.411    0.056
 6.25   4.00    0.467   64.758
 6.25   4.00    0.440    0.401   0.467   0.369
 6.25   4.00    0.440    0.401   0.467   0.369

 6.26   0.00    0.367    0.367   0.053   0.073   0.014   0.008   0.101   0.007   0.005   0.002   0.104 457469000
 6.26   6.70   64.735
 6.26   4.00    0.411    0.057
 6.26   4.00    0.467   64.735
 6.26   4.00    0.441    0.401   0.467   0.369
 6.26   4.00    0.441    0.401   0.467   0.369

 6.27   0.00    0.367    0.367   0.053   0.073   0.014   0.008   0.101   0.007   0.005   0.002   0.104 458199700
 6.27   6.70   64.712
 6.27   4.00    0.410    0.057
 6.27   4.00    0.468   64.712
 6.27   4.00    0.441    0.401   0.468   0.369
 6.27   4.00    0.441    0.401   0.468   0.369

 6.28   0.00    0.367    0.367   0.053   0.073   0.014   0.008   0.101   0.007   0.005   0.002   0.104 458930500
 6.28   6.70   64.689
 6.28   4.00    0.410    0.058
 6.28   4.00    0.468   64.689
 6.28   4.00    0.441    0.401   0.468   0.369
 6.28   4.00    0.441    0.401   0.468   0.369

 6.29   0.00    0.367    0.367   0.053   0.073   0.014   0.008   0.101   0.007   0.005   0.002   0.104 459661300
 6.29   6.71   64.666
 6.29   4.00    0.410    0.059
 6.29   4.00    0.468   64.666
 6.29   4.00    0.441    0.400   0.468   0.369
 6.29   4.00    0.441    0.400   0.468   0.369

 6.30   0.00    0.367    0.367   0.053   0.073   0.014   0.008   0.101   0.007   0.005   0.002   0.104 460392100
 6.30   6.71   64.644
 6.30   4.00    0.409    0.059
 6.30   4.00    0.469   64.644
 6.30   4.00    0.442    0.400   0.469   0.368
 6.30   4.00    0.442    0.400   0.469   0.368

 6.31   0.00    0.366    0.366   0.053   0.073   0.014   0.008   0.101   0.007   0.005   0.002   0.104 461122800
 6.31   6.72   64.621
 6.31   4.00    0.409    0.060
 6.31   4.00    0.469   64.621
 6.31   4.00    0.442    0.400   0.469   0.368
 6.31   4.00    0.442    0.400   0.469   0.368

 6.32   0.00    0.366    0.366   0.052   0.073   0.014   0.008   0.101   0.007   0.005   0.002   0.104 461853700
 6.32   6.72   64.599
 6.32   4.00    0.408    0.061
 6.32   4.00    0.469   64.599
 6.32   4.00    0.442    0.400   0.469   0.368
 6.32   4.00    0.442    0.400   0.469   0.368

 6.33   0.00    0.366    0.366   0.052   0.073   0.014   0.008   0.101   0.007   0.005   0.002   0.104 462584400
 6.33   6.72   64.576
 6.33   4.00    0.408    0.061
 6.33   4.00    0.469   64.576
 6.33   4.00    0.443    0.400   0.469   0.368
 6.33   4.00    0.443    0.400   0.469   0.368

 6.34   0.00    0.366    0.366   0.052   0.073   0.014   0.008   0.101   0.007   0.005   0.002   0.104 463315200
 6.34   6.73   64.554
 6.34   4.00    0.408    0.062
 6.34   4.00    0.470   64.554
 6.34   4.00    0.443    0.399   0.470   0.368
 6.34   4.00    0.443    0.399   0.470   0.368

 6.35   0.00    0.366    0.366   0.052   0.073   0.014   0.008   0.101   0.007   0.005   0.002   0.104 464046000
 6.35   6.73   64.532
 6.35   4.00    0.407    0.063
 6.35   4.00    0.470   64.532
 6.35   4.00    0.443    0.399   0.470   0.367
 6.35   4.00    0.443    0.399   0.470   0.367

 6.36   0.00    0.365    0.365   0.052   0.073   0.014   0.008   0.101   0.007   0.005   0.002   0.104 464776800
 6.36   6.74   64.509
 6.36   4.00    0.407    0.063
 6.36   4.00    0.470   64.509
 6.36   4.00    0.443    0.399   0.470   0.367
 6.36   4.00    0.443    0.399   0.470   0.367

 6.37   0.00    0.365    0.365   0.052   0.073   0.014   0.008   0.101   0.007   0.005   0.002   0.104 465507500
 6.37   6.74   64.487
 6.37   4.00    0.406    0.064
 6.37   4.00    0.470   64.487
 6.37   4.00    0.444    0.399   0.470   0.367
 6.37   4.00    0.444    0.399   0.470   0.367

 6.38   0.00    0.365    0.365   0.052   0.073   0.014   0.008   0.101   0.007   0.005   0.002   0.104 466238300
 6.38   6.74   64.465
 6.38   4.00    0.406    0.065
 6.38   4.00    0.471   64.465
 6.38   4.00    0.444    0.399   0.471   0.367
 6.38   4.00    0.444    0.399   0.471   0.367

 6.39   0.00    0.365    0.365   0.052   0.073   0.014   0.008   0.101   0.007   0.005   0.002   0.104 466969100
 6.39   6.75   64.443
 6.39   4.00    0.406    0.065
 6.39   4.00    0.471   64.443
 6.39   4.00    0.444    0.399   0.471   0.367
 6.39   4.00    0.444    0.399   0.471   0.367

 6.40   0.00    0.365    0.365   0.052   0.073   0.014   0.008   0.101   0.007   0.005   0.002   0.104 467699900
 6.40   6.75   64.422
 6.40   4.00    0.405    0.066
 6.40   4.00    0.471   64.422
 6.40   4.00    0.445    0.398   0.471   0.366
 6.40   4.00    0.445    0.398   0.471   0.366

 6.41   0.00    0.364    0.364   0.052   0.073   0.013   0.008   0.101   0.007   0.005   0.002   0.104 468430700
 6.41   6.76   64.400
 6.41   4.00    0.405    0.067
 6.41   4.00    0.472   64.400
 6.41   4.00    0.445    0.398   0.472   0.366
 6.41   4.00    0.445    0.398   0.472   0.366

 6.42   0.00    0.364    0.364   0.052   0.073   0.013   0.008   0.101   0.007   0.005   0.002   0.104 469161400
 6.42   6.76   64.378
 6.42   4.00    0.405    0.067
 6.42   4.00    0.472   64.378
 6.42   4.00    0.445    0.398   0.472   0.366
 6.42   4.00    0.445    0.398   0.472   0.366

 6.43   0.00    0.364    0.364   0.051   0.073   0.013   0.008   0.101   0.007   0.005   0.002   0.104 469892200
 6.43   6.76   64.357
 6.43   4.00    0.404    0.068
 6.43   4.00    0.472   64.357
 6.43   4.00    0.446    0.398   0.472   0.366
 6.43   4.00    0.446    0.398   0.472   0.366

 6.44   0.00    0.364    0.364   0.051   0.073   0.013   0.008   0.101   0.007   0.005   0.002   0.104 470623000
 6.44   6.77   64.335
 6.44   4.00    0.404    0.069
 6.44   4.00    0.473   64.335
 6.44   4.00    0.446    0.398   0.473   0.366
 6.44   4.00    0.446    0.398   0.473   0.366

 6.45   0.00    0.364    0.364   0.051   0.073   0.013   0.008   0.101   0.007   0.005   0.002   0.104 471353800
 6.45   6.77   64.314
 6.45   4.00    0.403    0.069
 6.45   4.00    0.473   64.314
 6.45   4.00    0.446    0.397   0.473   0.365
 6.45   4.00    0.446    0.397   0.473   0.365

 6.46   0.00    0.363    0.363   0.051   0.073   0.013   0.008   0.101   0.007   0.005   0.002   0.104 472084600
 6.46   6.78   64.293
 6.46   4.00    0.403    0.070
 6.46   4.00    0.473   64.293
 6.46   4.00    0.446    0.397   0.473   0.365
 6.46   4.00    0.446    0.397   0.473   0.365

 6.47   0.00    0.363    0.363   0.051   0.073   0.013   0.008   0.101   0.007   0.005   0.002   0.104 472815300
 6.47   6.78   64.271
 6.47   4.00    0.403    0.071
 6.47   4.00    0.473   64.271
 6.47   4.00    0.447    0.397   0.473   0.365
 6.47   4.00    0.447    0.397   0.473   0.365

 6.48   0.00    0.363    0.363   0.051   0.073   0.013   0.008   0.101   0.007   0.005   0.002   0.104 473546100
 6.48   6.78   64.250
 6.48   4.00    0.402    0.071
 6.48   4.00    0.474   64.250
 6.48   4.00    0.447    0.397   0.474   0.365
 6.48   4.00    0.447    0.397   0.474   0.365

 6.49   0.00    0.363    0.363   0.051   0.073   0.013   0.008   0.101   0.007   0.005   0.002   0.104 474276900
 6.49   6.79   64.229
 6.49   4.00    0.402    0.072
 6.49   4.00    0.474   64.229
 6.49   4.00    0.447    0.397   0.474   0.365
 6.49   4.00    0.447    0.397   0.474   0.365

 6.50   0.00    0.363    0.363   0.051   0.072   0.013   0.008   0.101   0.007   0.005   0.002   0.104 475007700
 6.50   6.79   64.208
 6.50   4.00    0.401    0.073
 6.50   4.00    0.474   64.208
 6.50   4.00    0.448    0.397   0.474   0.364
 6.50   4.00    0.448    0.397   0.474   0.364

 6.51   0.00    0.362    0.362   0.051   0.072   0.013   0.008   0.101   0.007   0.005   0.002   0.104 475738500
 6.51   6.80   64.188
 6.51   4.00    0.401    0.073
 6.51   4.00    0.475   64.188
 6.51   4.00    0.448    0.396   0.475   0.364
 6.51   4.00    0.448    0.396   0.475   0.364

 6.52   0.00    0.362    0.362   0.051   0.072   0.013   0.008   0.101   0.007   0.005   0.002   0.104 476469200
 6.52   6.80   64.167
 6.52   4.00    0.401    0.074
 6.52   4.00    0.475   64.167
 6.52   4.00    0.448    0.396   0.475   0.364
 6.52   4.00    0.448    0.396   0.475   0.364

 6.53   0.00    0.362    0.362   0.051   0.072   0.013   0.008   0.101   0.007   0.005   0.002   0.104 477200100
 6.53   6.81   64.146
 6.53   4.00    0.400    0.075
 6.53   4.00    0.475   64.146
 6.53   4.00    0.449    0.396   0.475   0.364
 6.53   4.00    0.449    0.396   0.475   0.364

 6.54   0.00    0.362    0.362   0.051   0.072   0.013   0.008   0.101   0.007   0.005   0.002   0.104 477930800
 6.54   6.81   64.126
 6.54   4.00    0.400    0.075
 6.54   4.00    0.475   64.126
 6.54   4.00    0.449    0.396   0.475   0.364
 6.54   4.00    0.449    0.396   0.475   0.364

 6.55   0.00    0.362    0.362   0.050   0.072   0.013   0.008   0.101   0.007   0.005   0.002   0.104 478661600
 6.55   6.81   64.105
 6.55   4.00    0.400    0.076
 6.55   4.00    0.476   64.105
 6.55   4.00    0.449    0.396   0.476   0.363
 6.55   4.00    0.449    0.396   0.476   0.363

 6.56   0.00    0.361    0.361   0.050   0.072   0.013   0.008   0.101   0.007   0.005   0.002   0.104 479392400
 6.56   6.82   64.085
 6.56   4.00    0.399    0.077
 6.56   4.00    0.476   64.085
 6.56   4.00    0.450    0.396   0.476   0.363
 6.56   4.00    0.450    0.396   0.476   0.363

 6.57   0.00    0.361    0.361   0.050   0.072   0.013   0.008   0.101   0.007   0.005   0.002   0.104 480123200
 6.57   6.82   64.064
 6.57   4.00    0.399    0.077
 6.57   4.00    0.476   64.064
 6.57   4.00    0.450    0.395   0.476   0.363
 6.57   4.00    0.450    0.395   0.476   0.363

 6.58   0.00    0.361    0.361   0.050   0.072   0.013   0.008   0.101   0.007   0.005   0.002   0.104 480854000
 6.58   6.83   64.044
 6.58   4.00    0.399    0.078
 6.58   4.00    0.477   64.044
 6.58   4.00    0.450    0.395   0.477   0.363
 6.58   4.00    0.450    0.395   0.477   0.363

 6.59   0.00    0.361    0.361   0.050   0.072   0.013   0.008   0.101   0.007   0.004   0.002   0.104 481584700
 6.59   6.83   64.024
 6.59   4.00    0.398    0.079
 6.59   4.00    0.477   64.024
 6.59   4.00    0.451    0.395   0.477   0.363
 6.59   4.00    0.451    0.395   0.477   0.363

 6.60   0.00    0.361    0.361   0.050   0.072   0.013   0.008   0.101   0.007   0.004   0.002   0.104 482315500
 6.60   6.84   64.004
 6.60   4.00    0.398    0.079
 6.60   4.00    0.477   64.004
 6.60   4.00    0.451    0.395   0.477   0.363
 6.60   4.00    0.451    0.395   0.477   0.363

 6.61   0.00    0.361    0.361   0.050   0.072   0.013   0.008   0.101   0.007   0.004   0.002   0.104 483046300
 6.61   6.84   63.984
 6.61   4.00    0.397    0.080
 6.61   4.00    0.478   63.984
 6.61   4.00    0.451    0.395   0.478   0.362
 6.61   4.00    0.451    0.395   0.478   0.362

 6.62   0.00    0.360    0.360   0.050   0.072   0.012   0.008   0.101   0.007   0.004   0.002   0.104 483777100
 6.62   6.85   63.964
 6.62   4.00    0.397    0.081
 6.62   4.00    0.478   63.964
 6.62   4.00    0.451    0.395   0.478   0.362
 6.62   4.00    0.451    0.395   0.478   0.362

 6.63   0.00    0.360    0.360   0.050   0.072   0.012   0.008   0.101   0.007   0.004   0.002   0.104 484507900
 6.63   6.85   63.944
 6.63   4.00    0.397    0.081
 6.63   4.00    0.478   63.944
 6.63   4.00    0.452    0.394   0.478   0.362
 6.63   4.00    0.452    0.394   0.478   0.362

 6.64   0.00    0.360    0.360   0.050   0.072   0.012   0.008   0.101   0.007   0.004   0.002   0.104 485238600
 6.64   6.85   63.924
 6.64   4.00    0.396    0.082
 6.64   4.00    0.479   63.924
 6.64   4.00    0.452    0.394   0.479   0.362
 6.64   4.00    0.452    0.394   0.479   0.362

 6.65   0.00    0.360    0.360   0.050   0.072   0.012   0.008   0.101   0.007   0.004   0.002   0.104 485969400
 6.65   6.86   63.905
 6.65   4.00    0.396    0.083
 6.65   4.00    0.479   63.905
 6.65   4.00    0.452    0.394   0.479   0.362
 6.65   4.00    0.452    0.394   0.479   0.362

 6.66   0.00    0.360    0.360   0.050   0.072   0.012   0.008   0.101   0.007   0.004   0.002   0.104 486700200
 6.66   6.86   63.885
 6.66   4.00    0.396    0.083
 6.66   4.00    0.479   63.885
 6.66   4.00    0.453    0.394   0.479   0.361
 6.66   4.00    0.453    0.394   0.479   0.361

 6.67   0.00    0.359    0.359   0.049   0.072   0.012   0.008   0.101   0.007   0.004   0.002   0.104 487431000
 6.67   6.87   63.866
 6.67   4.00    0.395    0.084
 6.67   4.00    0.479   63.866
 6.67   4.00    0.453    0.394   0.479   0.361
 6.67   4.00    0.453    0.394   0.479   0.361

 6.68   0.00    0.359    0.359   0.049   0.072   0.012   0.008   0.101   0.007   0.004   0.002   0.104 488161800
 6.68   6.87   63.846
 6.68   4.00    0.395    0.085
 6.68   4.00    0.480   63.846
 6.68   4.00    0.453    0.394   0.480   0.361
 6.68   4.00    0.453    0.394   0.480   0.361

 6.69   0.00    0.359    0.359   0.049   0.072   0.012   0.008   0.101   0.007   0.004   0.002   0.104 488892500
 6.69   6.88   63.827
 6.69   4.00    0.395    0.085
 6.69   4.00    0.480   63.827
 6.69   4.00    0.454    0.393   0.480   0.361
 6.69   4.00    0.454    0.393   0.480   0.361

 6.70   0.00    0.359    0.359   0.049   0.072   0.012   0.008   0.101   0.007   0.004   0.002   0.104 489623300
 6.70   6.88   63.807
 6.70   4.00    0.394    0.086
 6.70   4.00    0.480   63.807
 6.70   4.00    0.454    0.393   0.480   0.361
 6.70   4.00    0.454    0.393   0.480   0.361

 6.71   0.00    0.359    0.359   0.049   0.072   0.012   0.008   0.101   0.007   0.004   0.002   0.104 490354100
 6.71   6.89   63.788
 6.71   4.00    0.394    0.087
 6.71   4.00    0.481   63.788
 6.71   4.00    0.454    0.393   0.481   0.360
 6.71   4.00    0.454    0.393   0.481   0.360

 6.72   0.00    0.358    0.358   0.049   0.072   0.012   0.008   0.101   0.007   0.004   0.002   0.104 491084900
 6.72   6.89   63.769
 6.72   4.00    0.394    0.087
 6.72   4.00    0.481   63.769
 6.72   4.00    0.455    0.393   0.481   0.360
 6.72   4.00    0.455    0.393   0.481   0.360

 6.73   0.00    0.358    0.358   0.049   0.072   0.012   0.008   0.101   0.007   0.004   0.002   0.104 491815700
 6.73   6.89   63.750
 6.73   4.00    0.393    0.088
 6.73   4.00    0.481   63.750
 6.73   4.00    0.455    0.393   0.481   0.360
 6.73   4.00    0.455    0.393   0.481   0.360

 6.74   0.00    0.358    0.358   0.049   0.072   0.012   0.008   0.101   0.007   0.004   0.002   0.104 492546400
 6.74   6.90   63.731
 6.74   4.00    0.393    0.089
 6.74   4.00    0.482   63.731
 6.74   4.00    0.455    0.393   0.482   0.360
 6.74   4.00    0.455    0.393   0.482   0.360

 6.75   0.00    0.358    0.358   0.049   0.072   0.012   0.008   0.101   0.007   0.004   0.002   0.104 493277200
 6.75   6.90   63.712
 6.75   4.00    0.393    0.089
 6.75   4.00    0.482   63.712
 6.75   4.00    0.456    0.392   0.482   0.360
 6.75   4.00    0.456    0.392   0.482   0.360

 6.76   0.00    0.358    0.358   0.049   0.072   0.012   0.008   0.101   0.007   0.004   0.002   0.104 494008000
 6.76   6.91   63.694
 6.76   4.00    0.392    0.090
 6.76   4.00    0.482   63.694
 6.76   4.00    0.456    0.392   0.482   0.360
 6.76   4.00    0.456    0.392   0.482   0.360

 6.77   0.00    0.358    0.358   0.049   0.072   0.012   0.008   0.101   0.007   0.004   0.002   0.104 494738800
 6.77   6.91   63.675
 6.77   4.00    0.392    0.091
 6.77   4.00    0.483   63.675
 6.77   4.00    0.456    0.392   0.483   0.359
 6.77   4.00    0.456    0.392   0.483   0.359

 6.78   0.00    0.357    0.357   0.049   0.072   0.012   0.008   0.101   0.007   0.004   0.002   0.104 495469600
 6.78   6.92   63.656
 6.78   4.00    0.391    0.091
 6.78   4.00    0.483   63.656
 6.78   4.00    0.457    0.392   0.483   0.359
 6.78   4.00    0.457    0.392   0.483   0.359

 6.79   0.00    0.357    0.357   0.048   0.072   0.012   0.008   0.101   0.007   0.004   0.002   0.104 496200400
 6.79   6.92   63.638
 6.79   4.00    0.391    0.092
 6.79   4.00    0.483   63.638
 6.79   4.00    0.457    0.392   0.483   0.359
 6.79   4.00    0.457    0.392   0.483   0.359

 6.80   0.00    0.357    0.357   0.048   0.072   0.012   0.008   0.101   0.007   0.004   0.002   0.104 496931100
 6.80   6.93   63.619
 6.80   4.00    0.391    0.093
 6.80   4.00    0.484   63.619
 6.80   4.00    0.457    0.392   0.484   0.359
 6.80   4.00    0.457    0.392   0.484   0.359

 6.81   0.00    0.357    0.357   0.048   0.072   0.012   0.008   0.101   0.007   0.004   0.002   0.104 497661900
 6.81   6.93   63.601
 6.81   4.00    0.390    0.093
 6.81   4.00    0.484   63.601
 6.81   4.00    0.458    0.391   0.484   0.359
 6.81   4.00    0.458    0.391   0.484   0.359

 6.82   0.00    0.357    0.357   0.048   0.072   0.011   0.008   0.101   0.007   0.004   0.002   0.104 498392700
 6.82   6.94   63.583
 6.82   4.00    0.390    0.094
 6.82   4.00    0.484   63.583
 6.82   4.00    0.458    0.391   0.484   0.358
 6.82   4.00    0.458    0.391   0.484   0.358

 6.83   0.00    0.356    0.356   0.048   0.072   0.011   0.008   0.101   0.007   0.004   0.002   0.104 499123500
 6.83   6.94   63.564
 6.83   4.00    0.390    0.095
 6.83   4.00    0.485   63.564
 6.83   4.00    0.458    0.391   0.485   0.358
 6.83   4.00    0.458    0.391   0.485   0.358

 6.84   0.00    0.356    0.356   0.048   0.072   0.011   0.008   0.101   0.007   0.004   0.002   0.104 499854300
 6.84   6.95   63.546
 6.84   4.00    0.389    0.095
 6.84   4.00    0.485   63.546
 6.84   4.00    0.459    0.391   0.485   0.358
 6.84   4.00    0.459    0.391   0.485   0.358

 6.85   0.00    0.356    0.356   0.048   0.072   0.011   0.008   0.101   0.006   0.004   0.002   0.104 500585000
 6.85   6.95   63.528
 6.85   4.00    0.389    0.096
 6.85   4.00    0.485   63.528
 6.85   4.00    0.459    0.391   0.485   0.358
 6.85   4.00    0.459    0.391   0.485   0.358

 6.86   0.00    0.356    0.356   0.048   0.072   0.011   0.008   0.101   0.006   0.004   0.002   0.104 501315800
 6.86   6.95   63.510
 6.86   4.00    0.389    0.097
 6.86   4.00    0.486   63.510
 6.86   4.00    0.459    0.391   0.486   0.358
 6.86   4.00    0.459    0.391   0.486   0.358

 6.87   0.00    0.356    0.356   0.048   0.072   0.011   0.008   0.101   0.006   0.004   0.002   0.104 502046600
 6.87   6.96   63.492
 6.87   4.00    0.388    0.097
 6.87   4.00    0.486   63.492
 6.87   4.00    0.460    0.391   0.486   0.358
 6.87   4.00    0.460    0.391   0.486   0.358

 6.88   0.00    0.356    0.356   0.048   0.072   0.011   0.008   0.101   0.006   0.004   0.002   0.104 502777400
 6.88   6.96   63.474
 6.88   4.00    0.388    0.098
 6.88   4.00    0.486   63.474
 6.88   4.00    0.460    0.390   0.486   0.357
 6.88   4.00    0.460    0.390   0.486   0.357

 6.89   0.00    0.355    0.355   0.048   0.072   0.011   0.008   0.101   0.006   0.004   0.002   0.104 503508200
 6.89   6.97   63.457
 6.89   4.00    0.388    0.099
 6.89   4.00    0.487   63.457
 6.89   4.00    0.460    0.390   0.487   0.357
 6.89   4.00    0.460    0.390   0.487   0.357

 6.90   0.00    0.355    0.355   0.048   0.072   0.011   0.008   0.101   0.006   0.004   0.002   0.104 504238900
 6.90   6.97   63.439
 6.90   4.00    0.387    0.099
 6.90   4.00    0.487   63.439
 6.90   4.00    0.461    0.390   0.487   0.357
 6.90   4.00    0.461    0.390   0.487   0.357

 6.91   0.00    0.355    0.355   0.047   0.072   0.011   0.008   0.101   0.006   0.004   0.002   0.104 504969700
 6.91   6.98   63.421
 6.91   4.00    0.387    0.100
 6.91   4.00    0.487   63.421
 6.91   4.00    0.461    0.390   0.487   0.357
 6.91   4.00    0.461    0.390   0.487   0.357

 6.92   0.00    0.355    0.355   0.047   0.072   0.011   0.007   0.101   0.006   0.004   0.002   0.104 505700500
 6.92   6.98   63.404
 6.92   4.00    0.387    0.101
 6.92   4.00    0.488   63.404
 6.92   4.00    0.461    0.390   0.488   0.357
 6.92   4.00    0.461    0.390   0.488   0.357

 6.93   0.00    0.355    0.355   0.047   0.072   0.011   0.007   0.101   0.006   0.004   0.002   0.104 506431300
 6.93   6.99   63.386
 6.93   4.00    0.386    0.101
 6.93   4.00    0.488   63.386
 6.93   4.00    0.462    0.390   0.488   0.356
 6.93   4.00    0.462    0.390   0.488   0.356

 6.94   0.00    0.355    0.355   0.047   0.072   0.011   0.007   0.101   0.006   0.004   0.002   0.104 507162100
 6.94   6.99   63.369
 6.94   4.00    0.386    0.102
 6.94   4.00    0.488   63.369
 6.94   4.00    0.462    0.389   0.488   0.356
 6.94   4.00    0.462    0.389   0.488   0.356

 6.95   0.00    0.354    0.354   0.047   0.072   0.011   0.007   0.101   0.006   0.004   0.002   0.104 507892800
 6.95   7.00   63.352
 6.95   4.00    0.386    0.103
 6.95   4.00    0.489   63.352
 6.95   4.00    0.462    0.389   0.489   0.356
 6.95   4.00    0.462    0.389   0.489   0.356

 6.96   0.00    0.354    0.354   0.047   0.072   0.011   0.007   0.101   0.006   0.004   0.002   0.104 508623600
 6.96   7.00   63.334
 6.96   4.00    0.385    0.103
 6.96   4.00    0.489   63.334
 6.96   4.00    0.463    0.389   0.489   0.356
 6.96   4.00    0.463    0.389   0.489   0.356

 6.97   0.00    0.354    0.354   0.047   0.072   0.011   0.007   0.101   0.006   0.004   0.002   0.104 509354400
 6.97   7.01   63.317
 6.97   4.00    0.385    0.104
 6.97   4.00    0.489   63.317
 6.97   4.00    0.463    0.389   0.489   0.356
 6.97   4.00    0.463    0.389   0.489   0.356

 6.98   0.00    0.354    0.354   0.047   0.072   0.011   0.007   0.101   0.006   0.004   0.002   0.104 510085200
 6.98   7.01   63.300
 6.98   4.00    0.385    0.105
 6.98   4.00    0.490   63.300
 6.98   4.00    0.464    0.389   0.490   0.356
 6.98   4.00    0.464    0.389   0.490   0.356

 6.99   0.00    0.354    0.354   0.047   0.072   0.011   0.007   0.101   0.006   0.004   0.002   0.104 510816000
 6.99   7.02   63.283
 6.99   4.00    0.384    0.105
 6.99   4.00    0.490   63.283
 6.99   4.00    0.464    0.389   0.490   0.355
 6.99   4.00    0.464    0.389   0.490   0.355

 7.00   0.00    0.353    0.353   0.047   0.072   0.011   0.007   0.101   0.006   0.004   0.002   0.104 511546800
 7.00   7.02   63.266
 7.00   4.00    0.384    0.106
 7.00   4.00    0.490   63.266
 7.00   4.00    0.464    0.389   0.490   0.355
 7.00   4.00    0.464    0.389   0.490   0.355

 7.01   0.00    0.353    0.353   0.047   0.072   0.011   0.007   0.101   0.006   0.004   0.002   0.104 512277500
 7.01   7.03   63.249
 7.01   4.00    0.384    0.107
 7.01   4.00    0.491   63.249
 7.01   4.00    0.465    0.388   0.491   0.355
 7.01   4.00    0.465    0.388   0.491   0.355

 7.02   0.00    0.353    0.353   0.047   0.072   0.011   0.007   0.101   0.006   0.004   0.002   0.104 513008300
 7.02   7.03   63.232
 7.02   4.00    0.383    0.107
 7.02   4.00    0.491   63.232
 7.02   4.00    0.465    0.388   0.491   0.355
 7.02   4.00    0.465    0.388   0.491   0.355

 7.03   0.00    0.353    0.353   0.047   0.072   0.011   0.007   0.101   0.006   0.004   0.002   0.104 513739100
 7.03   7.04   63.216
 7.03   4.00    0.383    0.108
 7.03   4.00    0.491   63.216
 7.03   4.00    0.465    0.388   0.491   0.355
 7.03   4.00    0.465    0.388   0.491   0.355

 7.04   0.00    0.353    0.353   0.046   0.072   0.011   0.007   0.101   0.006   0.004   0.002   0.104 514469900
 7.04   7.04   63.199
 7.04   4.00    0.383    0.109
 7.04   4.00    0.492   63.199
 7.04   4.00    0.466    0.388   0.492   0.355
 7.04   4.00    0.466    0.388   0.492   0.355

 7.05   0.00    0.353    0.353   0.046   0.072   0.010   0.007   0.101   0.006   0.004   0.002   0.104 515200700
 7.05   7.05   63.182
 7.05   4.00    0.382    0.109
 7.05   4.00    0.492   63.182
 7.05   4.00    0.466    0.388   0.492   0.354
 7.05   4.00    0.466    0.388   0.492   0.354

 7.06   0.00    0.353    0.353   0.046   0.072   0.010   0.007   0.101   0.006   0.004   0.002   0.104 515931400
 7.06   7.05   63.166
 7.06   4.00    0.382    0.110
 7.06   4.00    0.492   63.166
 7.06   4.00    0.466    0.388   0.492   0.354
 7.06   4.00    0.466    0.388   0.492   0.354

 7.07   0.00    0.352    0.352   0.046   0.072   0.010   0.007   0.101   0.006   0.004   0.002   0.104 516662200
 7.07   7.06   63.149
 7.07   4.00    0.382    0.111
 7.07   4.00    0.493   63.149
 7.07   4.00    0.467    0.388   0.493   0.354
 7.07   4.00    0.467    0.388   0.493   0.354

 7.08   0.00    0.352    0.352   0.046   0.072   0.010   0.007   0.101   0.006   0.004   0.002   0.104 517393000
 7.08   7.06   63.133
 7.08   4.00    0.381    0.111
 7.08   4.00    0.493   63.133
 7.08   4.00    0.467    0.388   0.493   0.354
 7.08   4.00    0.467    0.388   0.493   0.354

 7.09   0.00    0.352    0.352   0.046   0.072   0.010   0.007   0.101   0.006   0.004   0.002   0.104 518123800
 7.09   7.07   63.117
 7.09   4.00    0.381    0.112
 7.09   4.00    0.493   63.117
 7.09   4.00    0.467    0.387   0.493   0.354
 7.09   4.00    0.467    0.387   0.493   0.354

 7.10   0.00    0.352    0.352   0.046   0.072   0.010   0.007   0.101   0.006   0.004   0.002   0.104 518854600
 7.10   7.07   63.100
 7.10   4.00    0.381    0.113
 7.10   4.00    0.494   63.100
 7.10   4.00    0.468    0.387   0.494   0.354
 7.10   4.00    0.468    0.387   0.494   0.354

 7.11   0.00    0.352    0.352   0.046   0.072   0.010   0.007   0.101   0.006   0.004   0.002   0.104 519585300
 7.11   7.08   63.084
 7.11   4.00    0.380    0.114
 7.11   4.00    0.494   63.084
 7.11   4.00    0.468    0.387   0.494   0.354
 7.11   4.00    0.468    0.387   0.494   0.354

 7.12   0.00    0.352    0.352   0.046   0.072   0.010   0.007   0.101   0.006   0.004   0.002   0.104 520316100
 7.12   7.08   63.068
 7.12   4.00    0.380    0.114
 7.12   4.00    0.494   63.068
 7.12   4.00    0.468    0.387   0.494   0.353
 7.12   4.00    0.468    0.387   0.494   0.353

 7.13   0.00    0.352    0.352   0.046   0.072   0.010   0.007   0.101   0.006   0.004   0.002   0.104 521046900
 7.13   7.09   63.052
 7.13   4.00    0.380    0.115
 7.13   4.00    0.495   63.052
 7.13   4.00    0.469    0.387   0.495   0.353
 7.13   4.00    0.469    0.387   0.495   0.353

 7.14   0.00    0.351    0.351   0.046   0.072   0.010   0.007   0.101   0.006   0.004   0.002   0.104 521777700
 7.14   7.09   63.036
 7.14   4.00    0.380    0.116
 7.14   4.00    0.495   63.036
 7.14   4.00    0.469    0.387   0.495   0.353
 7.14   4.00    0.469    0.387   0.495   0.353

 7.15   0.00    0.351    0.351   0.046   0.072   0.010   0.007   0.101   0.006   0.004   0.002   0.104 522508500
 7.15   7.10   63.020
 7.15   4.00    0.379    0.116
 7.15   4.00    0.495   63.020
 7.15   4.00    0.470    0.387   0.495   0.353
 7.15   4.00    0.470    0.387   0.495   0.353

 7.16   0.00    0.351    0.351   0.046   0.072   0.010   0.007   0.101   0.006   0.004   0.002   0.104 523239200
 7.16   7.10   63.004
 7.16   4.00    0.379    0.117
 7.16   4.00    0.496   63.004
 7.16   4.00    0.470    0.387   0.496   0.353
 7.16   4.00    0.470    0.387   0.496   0.353

 7.17   0.00    0.351    0.351   0.046   0.072   0.010   0.007   0.101   0.006   0.004   0.002   0.104 523970000
 7.17   7.10   62.988
 7.17   4.00    0.379    0.117
 7.17   4.00    0.496   62.988
 7.17   4.00    0.470    0.386   0.496   0.353
 7.17   4.00    0.470    0.386   0.496   0.353

 7.18   0.00    0.351    0.351   0.045   0.072   0.010   0.007   0.101   0.006   0.004   0.002   0.104 524700800
 7.18   7.10   62.971
 7.18   4.00    0.378    0.117
 7.18   4.00    0.496   62.971
 7.18   4.00    0.470    0.386   0.496   0.353
 7.18   4.00    0.470    0.386   0.496   0.353

 7.19   0.00    0.351    0.351   0.045   0.072   0.010   0.007   0.101   0.006   0.004   0.002   0.104 525431600
 7.19   7.10   62.953
 7.19   4.00    0.378    0.118
 7.19   4.00    0.496   62.953
 7.19   4.00    0.470    0.386   0.496   0.352
 7.19   4.00    0.470    0.386   0.496   0.352

 7.20   0.00    0.351    0.351   0.045   0.072   0.010   0.007   0.101   0.006   0.004   0.002   0.104 526162400
 7.20   7.09   62.936
 7.20   4.00    0.378    0.118
 7.20   4.00    0.495   62.936
 7.20   4.00    0.469    0.386   0.495   0.352
 7.20   4.00    0.469    0.386   0.495   0.352

 7.21   0.00    0.350    0.350   0.045   0.072   0.010   0.007   0.101   0.006   0.004   0.002   0.104 526893200
 7.21   7.09   62.918
 7.21   4.00    0.377    0.118
 7.21   4.00    0.495   62.918
 7.21   4.00    0.469    0.386   0.495   0.352
 7.21   4.00    0.469    0.386   0.495   0.352

 7.22   0.00    0.350    0.350   0.045   0.072   0.010   0.007   0.101   0.006   0.004   0.002   0.104 527623900
 7.22   7.09   62.901
 7.22   4.00    0.377    0.118
 7.22   4.00    0.495   62.901
 7.22   4.00    0.469    0.386   0.495   0.352
 7.22   4.00    0.469    0.386   0.495   0.352

 7.23   0.00    0.350    0.350   0.045   0.072   0.010   0.007   0.101   0.006   0.004   0.002   0.104 528354700
 7.23   7.08   62.883
 7.23   4.00    0.377    0.118
 7.23   4.00    0.495   62.883
 7.23   4.00    0.469    0.385   0.495   0.352
 7.23   4.00    0.469    0.385   0.495   0.352

 7.24   0.00    0.350    0.350   0.045   0.072   0.010   0.007   0.101   0.006   0.004   0.002   0.104 529085500
 7.24   7.08   62.866
 7.24   4.00    0.376    0.118
 7.24   4.00    0.494   62.866
 7.24   4.00    0.469    0.385   0.494   0.352
 7.24   4.00    0.469    0.385   0.494   0.352

 7.25   0.00    0.350    0.350   0.045   0.072   0.010   0.007   0.101   0.006   0.004   0.002   0.104 529816300
 7.25   7.08   62.848
 7.25   4.00    0.376    0.118
 7.25   4.00    0.494   62.848
 7.25   4.00    0.468    0.385   0.494   0.352
 7.25   4.00    0.468    0.385   0.494   0.352

 7.26   0.00    0.350    0.350   0.045   0.072   0.010   0.007   0.101   0.006   0.004   0.002   0.104 530547100
 7.26   7.07   62.831
 7.26   4.00    0.376    0.118
 7.26   4.00    0.494   62.831
 7.26   4.00    0.468    0.385   0.494   0.351
 7.26   4.00    0.468    0.385   0.494   0.351

 7.27   0.00    0.350    0.350   0.045   0.072   0.010   0.007   0.101   0.006   0.004   0.002   0.104 531277800
 7.27   7.07   62.814
 7.27   4.00    0.375    0.118
 7.27   4.00    0.494   62.814
 7.27   4.00    0.468    0.385   0.494   0.351
 7.27   4.00    0.468    0.385   0.494   0.351

 7.28   0.00    0.349    0.349   0.045   0.071   0.010   0.007   0.101   0.006   0.004   0.002   0.104 532008600
 7.28   7.07   62.797
 7.28   4.00    0.375    0.118
 7.28   4.00    0.493   62.797
 7.28   4.00    0.468    0.385   0.493   0.351
 7.28   4.00    0.468    0.385   0.493   0.351

 7.29   0.00    0.349    0.349   0.045   0.071   0.010   0.007   0.101   0.006   0.004   0.002   0.104 532739400
 7.29   7.06   62.779
 7.29   4.00    0.375    0.118
 7.29   4.00    0.493   62.779
 7.29   4.00    0.467    0.385   0.493   0.351
 7.29   4.00    0.467    0.385   0.493   0.351

 7.30   0.00    0.349    0.349   0.045   0.071   0.010   0.007   0.101   0.006   0.004   0.002   0.104 533470200
 7.30   7.06   62.762
 7.30   4.00    0.375    0.118
 7.30   4.00    0.493   62.762
 7.30   4.00    0.467    0.384   0.493   0.351
 7.30   4.00    0.467    0.384   0.493   0.351

 7.31   0.00    0.349    0.349   0.045   0.071   0.010   0.007   0.101   0.006   0.004   0.002   0.104 534201000
 7.31   7.06   62.745
 7.31   4.00    0.374    0.118
 7.31   4.00    0.493   62.745
 7.31   4.00    0.467    0.384   0.493   0.351
 7.31   4.00    0.467    0.384   0.493   0.351

 7.32   0.00    0.349    0.349   0.044   0.071   0.010   0.007   0.101   0.006   0.004   0.002   0.104 534931700
 7.32   7.05   62.728
 7.32   4.00    0.374    0.119
 7.32   4.00    0.492   62.728
 7.32   4.00    0.467    0.384   0.492   0.351
 7.32   4.00    0.467    0.384   0.492   0.351

 7.33   0.00    0.349    0.349   0.044   0.071   0.010   0.007   0.101   0.006   0.004   0.002   0.104 535662500
 7.33   7.05   62.711
 7.33   4.00    0.374    0.119
 7.33   4.00    0.492   62.711
 7.33   4.00    0.467    0.384   0.492   0.350
 7.33   4.00    0.467    0.384   0.492   0.350

 7.34   0.00    0.349    0.349   0.044   0.071   0.010   0.007   0.101   0.006   0.004   0.002   0.104 536393300
 7.34   7.05   62.693
 7.34   4.00    0.373    0.119
 7.34   4.00    0.492   62.693
 7.34   4.00    0.466    0.384   0.492   0.350
 7.34   4.00    0.466    0.384   0.492   0.350

 7.35   0.00    0.348    0.348   0.044   0.071   0.010   0.007   0.101   0.006   0.004   0.002   0.104 537124100
 7.35   7.04   62.676
 7.35   4.00    0.373    0.119
 7.35   4.00    0.492   62.676
 7.35   4.00    0.466    0.384   0.492   0.350
 7.35   4.00    0.466    0.384   0.492   0.350

 7.36   0.00    0.348    0.348   0.044   0.071   0.010   0.007   0.101   0.006   0.004   0.002   0.104 537854900
 7.36   7.04   62.659
 7.36   4.00    0.373    0.119
 7.36   4.00    0.492   62.659
 7.36   4.00    0.466    0.383   0.492   0.350
 7.36   4.00    0.466    0.383   0.492   0.350

 7.37   0.00    0.348    0.348   0.044   0.071   0.010   0.007   0.101   0.006   0.004   0.002   0.104 538585700
 7.37   7.04   62.642
 7.37   4.00    0.372    0.119
 7.37   4.00    0.491   62.642
 7.37   4.00    0.466    0.383   0.491   0.350
 7.37   4.00    0.466    0.383   0.491   0.350

 7.38   0.00    0.348    0.348   0.044   0.071   0.010   0.007   0.101   0.006   0.004   0.002   0.104 539316400
 7.38   7.03   62.625
 7.38   4.00    0.372    0.119
 7.38   4.00    0.491   62.625
 7.38   4.00    0.466    0.383   0.491   0.350
 7.38   4.00    0.466    0.383   0.491   0.350

 7.39   0.00    0.348    0.348   0.044   0.071   0.010   0.007   0.101   0.006   0.004   0.002   0.104 540047200
 7.39   7.03   62.608
 7.39   4.00    0.372    0.119
 7.39   4.00    0.491   62.608
 7.39   4.00    0.465    0.383   0.491   0.350
 7.39   4.00    0.465    0.383   0.491   0.350

 7.40   0.00    0.348    0.348   0.044   0.071   0.010   0.007   0.101   0.006   0.004   0.002   0.104 540778000
 7.40   7.03   62.591
 7.40   4.00    0.372    0.119
 7.40   4.00    0.491   62.591
 7.40   4.00    0.465    0.383   0.491   0.349
 7.40   4.00    0.465    0.383   0.491   0.349

 7.41   0.00    0.348    0.348   0.044   0.071   0.010   0.007   0.101   0.006   0.004   0.002   0.104 541508700
 7.41   7.03   62.575
 7.41   4.00    0.371    0.119
 7.41   4.00    0.490   62.575
 7.41   4.00    0.465    0.383   0.490   0.349
 7.41   4.00    0.465    0.383   0.490   0.349

 7.42   0.00    0.347    0.347   0.044   0.071   0.010   0.007   0.101   0.006   0.004   0.002   0.104 542239600
 7.42   7.02   62.558
 7.42   4.00    0.371    0.119
 7.42   4.00    0.490   62.558
 7.42   4.00    0.465    0.383   0.490   0.349
 7.42   4.00    0.465    0.383   0.490   0.349

 7.43   0.00    0.347    0.347   0.044   0.071   0.010   0.007   0.101   0.006   0.004   0.002   0.104 542970300
 7.43   7.02   62.541
 7.43   4.00    0.371    0.119
 7.43   4.00    0.490   62.541
 7.43   4.00    0.464    0.382   0.490   0.349
 7.43   4.00    0.464    0.382   0.490   0.349

 7.44   0.00    0.347    0.347   0.044   0.071   0.010   0.007   0.101   0.006   0.004   0.002   0.104 543701100
 7.44   7.02   62.524
 7.44   4.00    0.370    0.119
 7.44   4.00    0.490   62.524
 7.44   4.00    0.464    0.382   0.490   0.349
 7.44   4.00    0.464    0.382   0.490   0.349

 7.45   0.00    0.347    0.347   0.044   0.071   0.009   0.007   0.101   0.006   0.004   0.002   0.104 544431900
 7.45   7.01   62.507
 7.45   4.00    0.370    0.120
 7.45   4.00    0.490   62.507
 7.45   4.00    0.464    0.382   0.490   0.349
 7.45   4.00    0.464    0.382   0.490   0.349

 7.46   0.00    0.347    0.347   0.043   0.071   0.009   0.007   0.101   0.006   0.004   0.002   0.104 545162700
 7.46   7.01   62.490
 7.46   4.00    0.370    0.120
 7.46   4.00    0.489   62.490
 7.46   4.00    0.464    0.382   0.489   0.349
 7.46   4.00    0.464    0.382   0.489   0.349

 7.47   0.00    0.347    0.347   0.043   0.071   0.009   0.007   0.101   0.006   0.004   0.002   0.104 545893400
 7.47   7.01   62.474
 7.47   4.00    0.369    0.120
 7.47   4.00    0.489   62.474
 7.47   4.00    0.464    0.382   0.489   0.349
 7.47   4.00    0.464    0.382   0.489   0.349

 7.48   0.00    0.347    0.347   0.043   0.071   0.009   0.007   0.101   0.006   0.003   0.002   0.104 546624300
 7.48   7.00   62.457
 7.48   4.00    0.369    0.120
 7.48   4.00    0.489   62.457
 7.48   4.00    0.463    0.382   0.489   0.348
 7.48   4.00    0.463    0.382   0.489   0.348

 7.49   0.00    0.347    0.347   0.043   0.071   0.009   0.007   0.101   0.006   0.003   0.002   0.104 547355000
 7.49   7.00   62.440
 7.49   4.00    0.369    0.120
 7.49   4.00    0.489   62.440
 7.49   4.00    0.463    0.381   0.489   0.348
 7.49   4.00    0.463    0.381   0.489   0.348

 7.50   0.00    0.346    0.346   0.043   0.071   0.009   0.007   0.101   0.006   0.003   0.002   0.104 548085800
 7.50   7.00   62.424
 7.50   4.00    0.369    0.120
 7.50   4.00    0.489   62.424
 7.50   4.00    0.463    0.381   0.489   0.348
 7.50   4.00    0.463    0.381   0.489   0.348

 7.51   0.00    0.346    0.346   0.043   0.071   0.009   0.007   0.101   0.006   0.003   0.002   0.104 548816600
 7.51   6.99   62.407
 7.51   4.00    0.368    0.120
 7.51   4.00    0.488   62.407
 7.51   4.00    0.463    0.381   0.488   0.348
 7.51   4.00    0.463    0.381   0.488   0.348

 7.52   0.00    0.346    0.346   0.043   0.071   0.009   0.007   0.101   0.006   0.003   0.002   0.104 549547400
 7.52   6.99   62.390
 7.52   4.00    0.368    0.120
 7.52   4.00    0.488   62.390
 7.52   4.00    0.463    0.381   0.488   0.348
 7.52   4.00    0.463    0.381   0.488   0.348

 7.53   0.00    0.346    0.346   0.043   0.071   0.009   0.007   0.101   0.006   0.003   0.002   0.104 550278100
 7.53   6.99   62.374
 7.53   4.00    0.368    0.120
 7.53   4.00    0.488   62.374
 7.53   4.00    0.462    0.381   0.488   0.348
 7.53   4.00    0.462    0.381   0.488   0.348

 7.54   0.00    0.346    0.346   0.043   0.071   0.009   0.007   0.101   0.006   0.003   0.002   0.104 551008900
 7.54   6.99   62.357
 7.54   4.00    0.367    0.120
 7.54   4.00    0.488   62.357
 7.54   4.00    0.462    0.381   0.488   0.348
 7.54   4.00    0.462    0.381   0.488   0.348

 7.55   0.00    0.346    0.346   0.043   0.071   0.009   0.007   0.101   0.006   0.003   0.002   0.104 551739700
 7.55   6.98   62.341
 7.55   4.00    0.367    0.120
 7.55   4.00    0.487   62.341
 7.55   4.00    0.462    0.381   0.487   0.347
 7.55   4.00    0.462    0.381   0.487   0.347

 7.56   0.00    0.346    0.346   0.043   0.071   0.009   0.007   0.101   0.006   0.003   0.002   0.104 552470500
 7.56   6.98   62.324
 7.56   4.00    0.367    0.120
 7.56   4.00    0.487   62.324
 7.56   4.00    0.462    0.380   0.487   0.347
 7.56   4.00    0.462    0.380   0.487   0.347

 7.57   0.00    0.346    0.346   0.043   0.071   0.009   0.007   0.101   0.006   0.003   0.002   0.104 553201300
 7.57   6.98   62.308
 7.57   4.00    0.367    0.120
 7.57   4.00    0.487   62.308
 7.57   4.00    0.462    0.380   0.487   0.347
 7.57   4.00    0.462    0.380   0.487   0.347

 7.58   0.00    0.345    0.345   0.043   0.071   0.009   0.007   0.101   0.006   0.003   0.002   0.104 553932000
 7.58   6.97   62.292
 7.58   4.00    0.366    0.121
 7.58   4.00    0.487   62.292
 7.58   4.00    0.461    0.380   0.487   0.347
 7.58   4.00    0.461    0.380   0.487   0.347

 7.59   0.00    0.345    0.345   0.043   0.071   0.009   0.007   0.101   0.006   0.003   0.002   0.104 554662800
 7.59   6.97   62.275
 7.59   4.00    0.366    0.121
 7.59   4.00    0.487   62.275
 7.59   4.00    0.461    0.380   0.487   0.347
 7.59   4.00    0.461    0.380   0.487   0.347

 7.60   0.00    0.345    0.345   0.043   0.071   0.009   0.007   0.101   0.006   0.003   0.002   0.104 555393600
 7.60   6.97   62.259
 7.60   4.00    0.366    0.121
 7.60   4.00    0.486   62.259
 7.60   4.00    0.461    0.380   0.486   0.347
 7.60   4.00    0.461    0.380   0.486   0.347

 7.61   0.00    0.345    0.345   0.043   0.071   0.009   0.007   0.101   0.006   0.003   0.002   0.104 556124400
 7.61   6.96   62.242
 7.61   4.00    0.365    0.121
 7.61   4.00    0.486   62.242
 7.61   4.00    0.461    0.380   0.486   0.347
 7.61   4.00    0.461    0.380   0.486   0.347

 7.62   0.00    0.345    0.345   0.042   0.071   0.009   0.007   0.101   0.006   0.003   0.002   0.104 556855200
 7.62   6.96   62.226
 7.62   4.00    0.365    0.121
 7.62   4.00    0.486   62.226
 7.62   4.00    0.461    0.380   0.486   0.347
 7.62   4.00    0.461    0.380   0.486   0.347

 7.63   0.00    0.345    0.345   0.042   0.071   0.009   0.007   0.101   0.006   0.003   0.002   0.104 557586000
 7.63   6.96   62.210
 7.63   4.00    0.365    0.121
 7.63   4.00    0.486   62.210
 7.63   4.00    0.460    0.379   0.486   0.346
 7.63   4.00    0.460    0.379   0.486   0.346

 7.64   0.00    0.345    0.345   0.042   0.071   0.009   0.007   0.101   0.006   0.003   0.002   0.104 558316700
 7.64   6.96   62.194
 7.64   4.00    0.365    0.121
 7.64   4.00    0.486   62.194
 7.64   4.00    0.460    0.379   0.486   0.346
 7.64   4.00    0.460    0.379   0.486   0.346

 7.65   0.00    0.344    0.344   0.042   0.071   0.009   0.007   0.101   0.006   0.003   0.002   0.104 559047600
 7.65   6.95   62.177
 7.65   4.00    0.364    0.121
 7.65   4.00    0.485   62.177
 7.65   4.00    0.460    0.379   0.485   0.346
 7.65   4.00    0.460    0.379   0.485   0.346

 7.66   0.00    0.344    0.344   0.042   0.071   0.009   0.007   0.101   0.006   0.003   0.002   0.104 559778300
 7.66   6.95   62.161
 7.66   4.00    0.364    0.121
 7.66   4.00    0.485   62.161
 7.66   4.00    0.460    0.379   0.485   0.346
 7.66   4.00    0.460    0.379   0.485   0.346

 7.67   0.00    0.344    0.344   0.042   0.071   0.009   0.007   0.101   0.006   0.003   0.002   0.104 560509100
 7.67   6.95   62.145
 7.67   4.00    0.364    0.121
 7.67   4.00    0.485   62.145
 7.67   4.00    0.460    0.379   0.485   0.346
 7.67   4.00    0.460    0.379   0.485   0.346

 7.68   0.00    0.344    0.344   0.042   0.071   0.009   0.007   0.101   0.006   0.003   0.002   0.104 561239900
 7.68   6.94   62.129
 7.68   4.00    0.363    0.121
 7.68   4.00    0.485   62.129
 7.68   4.00    0.460    0.379   0.485   0.346
 7.68   4.00    0.460    0.379   0.485   0.346

 7.69   0.00    0.344    0.344   0.042   0.071   0.009   0.007   0.101   0.006   0.003   0.002   0.104 561970600
 7.69   6.94   62.113
 7.69   4.00    0.363    0.121
 7.69   4.00    0.485   62.113
 7.69   4.00    0.459    0.379   0.485   0.346
 7.69   4.00    0.459    0.379   0.485   0.346

 7.70   0.00    0.344    0.344   0.042   0.071   0.009   0.007   0.101   0.006   0.003   0.002   0.104 562701400
 7.70   6.94   62.097
 7.70   4.00    0.363    0.122
 7.70   4.00    0.484   62.097
 7.70   4.00    0.459    0.378   0.484   0.346
 7.70   4.00    0.459    0.378   0.484   0.346

 7.71   0.00    0.344    0.344   0.042   0.071   0.009   0.007   0.101   0.006   0.003   0.002   0.104 563432200
 7.71   6.94   62.081
 7.71   4.00    0.363    0.122
 7.71   4.00    0.484   62.081
 7.71   4.00    0.459    0.378   0.484   0.345
 7.71   4.00    0.459    0.378   0.484   0.345

 7.72   0.00    0.344    0.344   0.042   0.071   0.009   0.007   0.101   0.006   0.003   0.002   0.104 564162900
 7.72   6.93   62.065
 7.72   4.00    0.362    0.122
 7.72   4.00    0.484   62.065
 7.72   4.00    0.459    0.378   0.484   0.345
 7.72   4.00    0.459    0.378   0.484   0.345

 7.73   0.00    0.343    0.343   0.042   0.071   0.009   0.007   0.101   0.006   0.003   0.002   0.104 564893800
 7.73   6.93   62.049
 7.73   4.00    0.362    0.122
 7.73   4.00    0.484   62.049
 7.73   4.00    0.459    0.378   0.484   0.345
 7.73   4.00    0.459    0.378   0.484   0.345

 7.74   0.00    0.343    0.343   0.042   0.071   0.009   0.007   0.101   0.006   0.003   0.002   0.104 565624500
 7.74   6.93   62.033
 7.74   4.00    0.362    0.122
 7.74   4.00    0.484   62.033
 7.74   4.00    0.458    0.378   0.484   0.345
 7.74   4.00    0.458    0.378   0.484   0.345

 7.75   0.00    0.343    0.343   0.042   0.071   0.009   0.007   0.101   0.006   0.003   0.002   0.104 566355300
 7.75   6.93   62.017
 7.75   4.00    0.362    0.122
 7.75   4.00    0.483   62.017
 7.75   4.00    0.458    0.378   0.483   0.345
 7.75   4.00    0.458    0.378   0.483   0.345

 7.76   0.00    0.343    0.343   0.042   0.071   0.009   0.007   0.101   0.006   0.003   0.002   0.104 567086100
 7.76   6.92   62.001
 7.76   4.00    0.361    0.122
 7.76   4.00    0.483   62.001
 7.76   4.00    0.458    0.378   0.483   0.345
 7.76   4.00    0.458    0.378   0.483   0.345

 7.77   0.00    0.343    0.343   0.041   0.071   0.009   0.007   0.101   0.006   0.003   0.002   0.104 567816900
 7.77   6.92   61.985
 7.77   4.00    0.361    0.122
 7.77   4.00    0.483   61.985
 7.77   4.00    0.458    0.378   0.483   0.345
 7.77   4.00    0.458    0.378   0.483   0.345

 7.78   0.00    0.343    0.343   0.041   0.071   0.009   0.007   0.101   0.006   0.003   0.002   0.104 568547700
 7.78   6.92   61.969
 7.78   4.00    0.361    0.122
 7.78   4.00    0.483   61.969
 7.78   4.00    0.458    0.377   0.483   0.345
 7.78   4.00    0.458    0.377   0.483   0.345

 7.79   0.00    0.343    0.343   0.041   0.071   0.009   0.007   0.101   0.006   0.003   0.002   0.104 569278500
 7.79   6.91   61.953
 7.79   4.00    0.360    0.122
 7.79   4.00    0.483   61.953
 7.79   4.00    0.458    0.377   0.483   0.344
 7.79   4.00    0.458    0.377   0.483   0.344

 7.80   0.00    0.343    0.343   0.041   0.071   0.009   0.007   0.101   0.006   0.003   0.002   0.104 570009300
 7.80   6.91   61.937
 7.80   4.00    0.360    0.122
 7.80   4.00    0.483   61.937
 7.80   4.00    0.457    0.377   0.483   0.344
 7.80   4.00    0.457    0.377   0.483   0.344

 7.81   0.00    0.343    0.343   0.041   0.071   0.009   0.007   0.101   0.006   0.003   0.002   0.104 570740000
 7.81   6.91   61.922
 7.81   4.00    0.360    0.122
 7.81   4.00    0.482   61.922
 7.81   4.00    0.457    0.377   0.482   0.344
 7.81   4.00    0.457    0.377   0.482   0.344

 7.82   0.00    0.342    0.342   0.041   0.071   0.009   0.007   0.101   0.006   0.003   0.002   0.104 571470800
 7.82   6.91   61.906
 7.82   4.00    0.360    0.123
 7.82   4.00    0.482   61.906
 7.82   4.00    0.457    0.377   0.482   0.344
 7.82   4.00    0.457    0.377   0.482   0.344

 7.83   0.00    0.342    0.342   0.041   0.071   0.009   0.006   0.101   0.006   0.003   0.002   0.104 572201600
 7.83   6.90   61.890
 7.83   4.00    0.359    0.123
 7.83   4.00    0.482   61.890
 7.83   4.00    0.457    0.377   0.482   0.344
 7.83   4.00    0.457    0.377   0.482   0.344

 7.84   0.00    0.342    0.342   0.041   0.071   0.009   0.006   0.101   0.006   0.003   0.002   0.104 572932400
 7.84   6.90   61.875
 7.84   4.00    0.359    0.123
 7.84   4.00    0.482   61.875
 7.84   4.00    0.457    0.377   0.482   0.344
 7.84   4.00    0.457    0.377   0.482   0.344

 7.85   0.00    0.342    0.342   0.041   0.071   0.009   0.006   0.101   0.006   0.003   0.002   0.104 573663200
 7.85   6.90   61.859
 7.85   4.00    0.359    0.123
 7.85   4.00    0.482   61.859
 7.85   4.00    0.456    0.376   0.482   0.344
 7.85   4.00    0.456    0.376   0.482   0.344

 7.86   0.00    0.342    0.342   0.041   0.071   0.009   0.006   0.101   0.006   0.003   0.002   0.104 574393900
 7.86   6.90   61.843
 7.86   4.00    0.359    0.123
 7.86   4.00    0.481   61.843
 7.86   4.00    0.456    0.376   0.481   0.344
 7.86   4.00    0.456    0.376   0.481   0.344

 7.87   0.00    0.342    0.342   0.041   0.071   0.009   0.006   0.101   0.006   0.003   0.002   0.104 575124700
 7.87   6.89   61.828
 7.87   4.00    0.358    0.123
 7.87   4.00    0.481   61.828
 7.87   4.00    0.456    0.376   0.481   0.343
 7.87   4.00    0.456    0.376   0.481   0.343

 7.88   0.00    0.342    0.342   0.041   0.071   0.009   0.006   0.101   0.006   0.003   0.002   0.104 575855500
 7.88   6.89   61.812
 7.88   4.00    0.358    0.123
 7.88   4.00    0.481   61.812
 7.88   4.00    0.456    0.376   0.481   0.343
 7.88   4.00    0.456    0.376   0.481   0.343

 7.89   0.00    0.342    0.342   0.041   0.071   0.009   0.006   0.101   0.006   0.003   0.002   0.104 576586200
 7.89   6.89   61.796
 7.89   4.00    0.358    0.123
 7.89   4.00    0.481   61.796
 7.89   4.00    0.456    0.376   0.481   0.343
 7.89   4.00    0.456    0.376   0.481   0.343

 7.90   0.00    0.341    0.341   0.041   0.071   0.009   0.006   0.101   0.006   0.003   0.002   0.104 577317100
 7.90   6.89   61.781
 7.90   4.00    0.357    0.123
 7.90   4.00    0.481   61.781
 7.90   4.00    0.456    0.376   0.481   0.343
 7.90   4.00    0.456    0.376   0.481   0.343

 7.91   0.00    0.341    0.341   0.041   0.071   0.008   0.006   0.101   0.006   0.003   0.002   0.104 578047800
 7.91   6.88   61.765
 7.91   4.00    0.357    0.123
 7.91   4.00    0.481   61.765
 7.91   4.00    0.455    0.376   0.481   0.343
 7.91   4.00    0.455    0.376   0.481   0.343

 7.92   0.00    0.341    0.341   0.041   0.071   0.008   0.006   0.101   0.005   0.003   0.002   0.104 578778600
 7.92   6.88   61.750
 7.92   4.00    0.357    0.123
 7.92   4.00    0.480   61.750
 7.92   4.00    0.455    0.376   0.480   0.343
 7.92   4.00    0.455    0.376   0.480   0.343

 7.93   0.00    0.341    0.341   0.041   0.071   0.008   0.006   0.101   0.005   0.003   0.002   0.104 579509400
 7.93   6.88   61.735
 7.93   4.00    0.357    0.124
 7.93   4.00    0.480   61.735
 7.93   4.00    0.455    0.375   0.480   0.343
 7.93   4.00    0.455    0.375   0.480   0.343

 7.94   0.00    0.341    0.341   0.040   0.071   0.008   0.006   0.101   0.005   0.003   0.002   0.104 580240200
 7.94   6.88   61.719
 7.94   4.00    0.356    0.124
 7.94   4.00    0.480   61.719
 7.94   4.00    0.455    0.375   0.480   0.343
 7.94   4.00    0.455    0.375   0.480   0.343

 7.95   0.00    0.341    0.341   0.040   0.071   0.008   0.006   0.101   0.005   0.003   0.002   0.104 580970900
 7.95   6.87   61.704
 7.95   4.00    0.356    0.124
 7.95   4.00    0.480   61.704
 7.95   4.00    0.455    0.375   0.480   0.343
 7.95   4.00    0.455    0.375   0.480   0.343

 7.96   0.00    0.341    0.341   0.040   0.071   0.008   0.006   0.101   0.005   0.003   0.002   0.104 581701800
 7.96   6.87   61.688
 7.96   4.00    0.356    0.124
 7.96   4.00    0.480   61.688
 7.96   4.00    0.455    0.375   0.480   0.342
 7.96   4.00    0.455    0.375   0.480   0.342

 7.97   0.00    0.341    0.341   0.040   0.071   0.008   0.006   0.101   0.005   0.003   0.002   0.104 582432500
 7.97   6.87   61.673
 7.97   4.00    0.356    0.124
 7.97   4.00    0.479   61.673
 7.97   4.00    0.454    0.375   0.479   0.342
 7.97   4.00    0.454    0.375   0.479   0.342

 7.98   0.00    0.341    0.341   0.040   0.071   0.008   0.006   0.101   0.005   0.003   0.002   0.104 583163300
 7.98   6.87   61.658
 7.98   4.00    0.355    0.124
 7.98   4.00    0.479   61.658
 7.98   4.00    0.454    0.375   0.479   0.342
 7.98   4.00    0.454    0.375   0.479   0.342

 7.99   0.00    0.340    0.340   0.040   0.071   0.008   0.006   0.101   0.005   0.003   0.002   0.104 583894100
 7.99   6.86   61.642
 7.99   4.00    0.355    0.124
 7.99   4.00    0.479   61.642
 7.99   4.00    0.454    0.375   0.479   0.342
 7.99   4.00    0.454    0.375   0.479   0.342

 8.00   0.00    0.340    0.340   0.040   0.071   0.008   0.006   0.101   0.005   0.003   0.002   0.104 584624800
 8.00   6.86   61.627
 8.00   4.00    0.355    0.124
 8.00   4.00    0.479   61.627
 8.00   4.00    0.454    0.375   0.479   0.342
 8.00   4.00    0.454    0.375   0.479   0.342

 8.01   0.00    0.340    0.340   0.040   0.071   0.008   0.006   0.101   0.005   0.003   0.002   0.104 585355600
 8.01   6.86   61.612
 8.01   4.00    0.355    0.124
 8.01   4.00    0.479   61.612
 8.01   4.00    0.454    0.374   0.479   0.342
 8.01   4.00    0.454    0.374   0.479   0.342

 8.02   0.00    0.340    0.340   0.040   0.071   0.008   0.006   0.101   0.005   0.003   0.002   0.104 586086500
 8.02   6.86   61.597
 8.02   4.00    0.354    0.124
 8.02   4.00    0.479   61.597
 8.02   4.00    0.454    0.374   0.479   0.342
 8.02   4.00    0.454    0.374   0.479   0.342

 8.03   0.00    0.340    0.340   0.040   0.071   0.008   0.006   0.101   0.005   0.003   0.002   0.104 586817200
 8.03   6.85   61.582
 8.03   4.00    0.354    0.124
 8.03   4.00    0.478   61.582
 8.03   4.00    0.453    0.374   0.478   0.342
 8.03   4.00    0.453    0.374   0.478   0.342

 8.04   0.00    0.340    0.340   0.040   0.071   0.008   0.006   0.101   0.005   0.003   0.002   0.104 587548000
 8.04   6.85   61.566
 8.04   4.00    0.354    0.124
 8.04   4.00    0.478   61.566
 8.04   4.00    0.453    0.374   0.478   0.341
 8.04   4.00    0.453    0.374   0.478   0.341

 8.05   0.00    0.340    0.340   0.040   0.071   0.008   0.006   0.101   0.005   0.003   0.002   0.104 588278800
 8.05   6.85   61.551
 8.05   4.00    0.354    0.125
 8.05   4.00    0.478   61.551
 8.05   4.00    0.453    0.374   0.478   0.341
 8.05   4.00    0.453    0.374   0.478   0.341

 8.06   0.00    0.340    0.340   0.040   0.071   0.008   0.006   0.101   0.005   0.003   0.002   0.104 589009600
 8.06   6.85   61.536
 8.06   4.00    0.353    0.125
 8.06   4.00    0.478   61.536
 8.06   4.00    0.453    0.374   0.478   0.341
 8.06   4.00    0.453    0.374   0.478   0.341

 8.07   0.00    0.339    0.339   0.040   0.071   0.008   0.006   0.101   0.005   0.003   0.002   0.104 589740300
 8.07   6.84   61.521
 8.07   4.00    0.353    0.125
 8.07   4.00    0.478   61.521
 8.07   4.00    0.453    0.374   0.478   0.341
 8.07   4.00    0.453    0.374   0.478   0.341

 8.08   0.00    0.339    0.339   0.040   0.071   0.008   0.006   0.101   0.005   0.003   0.002   0.104 590471100
 8.08   6.84   61.506
 8.08   4.00    0.353    0.125
 8.08   4.00    0.478   61.506
 8.08   4.00    0.453    0.374   0.478   0.341
 8.08   4.00    0.453    0.374   0.478   0.341

 8.09   0.00    0.339    0.339   0.040   0.071   0.008   0.006   0.101   0.005   0.003   0.002   0.104 591201900
 8.09   6.84   61.491
 8.09   4.00    0.353    0.125
 8.09   4.00    0.477   61.491
 8.09   4.00    0.452    0.373   0.477   0.341
 8.09   4.00    0.452    0.373   0.477   0.341

 8.10   0.00    0.339    0.339   0.040   0.071   0.008   0.006   0.101   0.005   0.003   0.002   0.104 591932700
 8.10   6.84   61.476
 8.10   4.00    0.352    0.125
 8.10   4.00    0.477   61.476
 8.10   4.00    0.452    0.373   0.477   0.341
 8.10   4.00    0.452    0.373   0.477   0.341

 8.11   0.00    0.339    0.339   0.039   0.071   0.008   0.006   0.101   0.005   0.003   0.002   0.104 592663400
 8.11   6.83   61.461
 8.11   4.00    0.352    0.125
 8.11   4.00    0.477   61.461
 8.11   4.00    0.452    0.373   0.477   0.341
 8.11   4.00    0.452    0.373   0.477   0.341

 8.12   0.00    0.339    0.339   0.039   0.071   0.008   0.006   0.101   0.005   0.003   0.002   0.104 593394200
 8.12   6.83   61.446
 8.12   4.00    0.352    0.125
 8.12   4.00    0.477   61.446
 8.12   4.00    0.452    0.373   0.477   0.341
 8.12   4.00    0.452    0.373   0.477   0.341

 8.13   0.00    0.339    0.339   0.039   0.071   0.008   0.006   0.101   0.005   0.003   0.002   0.104 594125000
 8.13   6.83   61.431
 8.13   4.00    0.351    0.125
 8.13   4.00    0.477   61.431
 8.13   4.00    0.452    0.373   0.477   0.340
 8.13   4.00    0.452    0.373   0.477   0.340

 8.14   0.00    0.339    0.339   0.039   0.071   0.008   0.006   0.101   0.005   0.003   0.002   0.104 594855800
 8.14   6.83   61.417
 8.14   4.00    0.351    0.125
 8.14   4.00    0.477   61.417
 8.14   4.00    0.452    0.373   0.477   0.340
 8.14   4.00    0.452    0.373   0.477   0.340

 8.15   0.00    0.339    0.339   0.039   0.071   0.008   0.006   0.101   0.005   0.003   0.002   0.104 595586600
 8.15   6.82   61.402
 8.15   4.00    0.351    0.125
 8.15   4.00    0.476   61.402
 8.15   4.00    0.452    0.373   0.476   0.340
 8.15   4.00    0.452    0.373   0.476   0.340

 8.16   0.00    0.339    0.339   0.039   0.071   0.008   0.006   0.101   0.005   0.003   0.002   0.104 596317400
 8.16   6.82   61.387
 8.16   4.00    0.351    0.126
 8.16   4.00    0.476   61.387
 8.16   4.00    0.451    0.373   0.476   0.340
 8.16   4.00    0.451    0.373   0.476   0.340

 8.17   0.00    0.338    0.338   0.039   0.071   0.008   0.006   0.101   0.005   0.003   0.002   0.104 597048100
 8.17   6.82   61.372
 8.17   4.00    0.350    0.126
 8.17   4.00    0.476   61.372
 8.17   4.00    0.451    0.372   0.476   0.340
 8.17   4.00    0.451    0.372   0.476   0.340

 8.18   0.00    0.338    0.338   0.039   0.071   0.008   0.006   0.101   0.005   0.003   0.002   0.104 597778900
 8.18   6.82   61.357
 8.18   4.00    0.350    0.126
 8.18   4.00    0.476   61.357
 8.18   4.00    0.451    0.372   0.476   0.340
 8.18   4.00    0.451    0.372   0.476   0.340

 8.19   0.00    0.338    0.338   0.039   0.071   0.008   0.006   0.101   0.005   0.003   0.002   0.104 598509700
 8.19   6.82   61.343
 8.19   4.00    0.350    0.126
 8.19   4.00    0.476   61.343
 8.19   4.00    0.451    0.372   0.476   0.340
 8.19   4.00    0.451    0.372   0.476   0.340

 8.20   0.00    0.338    0.338   0.039   0.071   0.008   0.006   0.101   0.005   0.003   0.002   0.104 599240400
 8.20   6.81   61.328
 8.20   4.00    0.350    0.126
 8.20   4.00    0.476   61.328
 8.20   4.00    0.451    0.372   0.476   0.340
 8.20   4.00    0.451    0.372   0.476   0.340

 8.21   0.00    0.338    0.338   0.039   0.071   0.008   0.006   0.101   0.005   0.003   0.002   0.104 599971300
 8.21   6.81   61.313
 8.21   4.00    0.349    0.126
 8.21   4.00    0.476   61.313
 8.21   4.00    0.451    0.372   0.476   0.340
 8.21   4.00    0.451    0.372   0.476   0.340

 8.22   0.00    0.338    0.338   0.039   0.071   0.008   0.006   0.101   0.005   0.003   0.002   0.104 600702100
 8.22   6.81   61.299
 8.22   4.00    0.349    0.126
 8.22   4.00    0.475   61.299
 8.22   4.00    0.451    0.372   0.475   0.340
 8.22   4.00    0.451    0.372   0.475   0.340

 8.23   0.00    0.338    0.338   0.039   0.071   0.008   0.006   0.101   0.005   0.003   0.002   0.104 601432800
 8.23   6.81   61.284
 8.23   4.00    0.349    0.126
 8.23   4.00    0.475   61.284
 8.23   4.00    0.450    0.372   0.475   0.339
 8.23   4.00    0.450    0.372   0.475   0.339

 8.24   0.00    0.338    0.338   0.039   0.071   0.008   0.006   0.101   0.005   0.003   0.002   0.104 602163600
 8.24   6.80   61.269
 8.24   4.00    0.349    0.126
 8.24   4.00    0.475   61.269
 8.24   4.00    0.450    0.372   0.475   0.339
 8.24   4.00    0.450    0.372   0.475   0.339

 8.25   0.00    0.338    0.338   0.039   0.071   0.008   0.006   0.101   0.005   0.003   0.002   0.104 602894400
 8.25   6.80   61.255
 8.25   4.00    0.348    0.126
 8.25   4.00    0.475   61.255
 8.25   4.00    0.450    0.371   0.475   0.339
 8.25   4.00    0.450    0.371   0.475   0.339

 8.26   0.00    0.337    0.337   0.039   0.071   0.008   0.006   0.101   0.005   0.003   0.002   0.104 603625200
 8.26   6.80   61.240
 8.26   4.00    0.348    0.127
 8.26   4.00    0.475   61.240
 8.26   4.00    0.450    0.371   0.475   0.339
 8.26   4.00    0.450    0.371   0.475   0.339

 8.27   0.00    0.337    0.337   0.039   0.071   0.008   0.006   0.101   0.005   0.003   0.002   0.104 604356000
 8.27   6.80   61.226
 8.27   4.00    0.348    0.127
 8.27   4.00    0.475   61.226
 8.27   4.00    0.450    0.371   0.475   0.339
 8.27   4.00    0.450    0.371   0.475   0.339

 8.28   0.00    0.337    0.337   0.039   0.071   0.008   0.006   0.101   0.005   0.003   0.002   0.104 605086700
 8.28   6.80   61.211
 8.28   4.00    0.348    0.127
 8.28   4.00    0.474   61.211
 8.28   4.00    0.450    0.371   0.474   0.339
 8.28   4.00    0.450    0.371   0.474   0.339

 8.29   0.00    0.337    0.337   0.038   0.071   0.008   0.006   0.101   0.005   0.003   0.002   0.104 605817500
 8.29   6.79   61.197
 8.29   4.00    0.348    0.127
 8.29   4.00    0.474   61.197
 8.29   4.00    0.450    0.371   0.474   0.339
 8.29   4.00    0.450    0.371   0.474   0.339

 8.30   0.00    0.337    0.337   0.038   0.071   0.008   0.006   0.101   0.005   0.003   0.002   0.104 606548300
 8.30   6.79   61.182
 8.30   4.00    0.347    0.127
 8.30   4.00    0.474   61.182
 8.30   4.00    0.449    0.371   0.474   0.339
 8.30   4.00    0.449    0.371   0.474   0.339

 8.31   0.00    0.337    0.337   0.038   0.071   0.008   0.006   0.101   0.005   0.003   0.002   0.104 607279100
 8.31   6.79   61.168
 8.31   4.00    0.347    0.127
 8.31   4.00    0.474   61.168
 8.31   4.00    0.449    0.371   0.474   0.339
 8.31   4.00    0.449    0.371   0.474   0.339

 8.32   0.00    0.337    0.337   0.038   0.071   0.008   0.006   0.101   0.005   0.003   0.002   0.104 608009900
 8.32   6.79   61.154
 8.32   4.00    0.347    0.127
 8.32   4.00    0.474   61.154
 8.32   4.00    0.449    0.371   0.474   0.338
 8.32   4.00    0.449    0.371   0.474   0.338

 8.33   0.00    0.337    0.337   0.038   0.071   0.008   0.006   0.101   0.005   0.003   0.002   0.104 608740600
 8.33   6.79   61.139
 8.33   4.00    0.347    0.127
 8.33   4.00    0.474   61.139
 8.33   4.00    0.449    0.371   0.474   0.338
 8.33   4.00    0.449    0.371   0.474   0.338

 8.34   0.00    0.337    0.337   0.038   0.071   0.008   0.006   0.101   0.005   0.003   0.002   0.104 609471400
 8.34   6.78   61.125
 8.34   4.00    0.346    0.127
 8.34   4.00    0.474   61.125
 8.34   4.00    0.449    0.370   0.474   0.338
 8.34   4.00    0.449    0.370   0.474   0.338

 8.35   0.00    0.336    0.336   0.038   0.071   0.008   0.006   0.101   0.005   0.003   0.002   0.104 610202200
 8.35   6.78   61.111
 8.35   4.00    0.346    0.127
 8.35   4.00    0.473   61.111
 8.35   4.00    0.449    0.370   0.473   0.338
 8.35   4.00    0.449    0.370   0.473   0.338

 8.36   0.00    0.336    0.336   0.038   0.071   0.008   0.006   0.101   0.005   0.003   0.002   0.104 610932900
 8.36   6.78   61.096
 8.36   4.00    0.346    0.127
 8.36   4.00    0.473   61.096
 8.36   4.00    0.449    0.370   0.473   0.338
 8.36   4.00    0.449    0.370   0.473   0.338

 8.37   0.00    0.336    0.336   0.038   0.070   0.008   0.006   0.101   0.005   0.003   0.002   0.104 611663700
 8.37   6.78   61.082
 8.37   4.00    0.346    0.128
 8.37   4.00    0.473   61.082
 8.37   4.00    0.448    0.370   0.473   0.338
 8.37   4.00    0.448    0.370   0.473   0.338

 8.38   0.00    0.336    0.336   0.038   0.070   0.008   0.006   0.101   0.005   0.003   0.002   0.104 612394600
 8.38   6.77   61.068
 8.38   4.00    0.345    0.128
 8.38   4.00    0.473   61.068
 8.38   4.00    0.448    0.370   0.473   0.338
 8.38   4.00    0.448    0.370   0.473   0.338

 8.39   0.00    0.336    0.336   0.038   0.070   0.008   0.006   0.101   0.005   0.003   0.002   0.104 613125400
 8.39   6.77   61.054
 8.39   4.00    0.345    0.128
 8.39   4.00    0.473   61.054
 8.39   4.00    0.448    0.370   0.473   0.338
 8.39   4.00    0.448    0.370   0.473   0.338

 8.40   0.00    0.336    0.336   0.038   0.070   0.008   0.006   0.101   0.005   0.003   0.002   0.104 613856100
 8.40   6.77   61.039
 8.40   4.00    0.345    0.128
 8.40   4.00    0.473   61.039
 8.40   4.00    0.448    0.370   0.473   0.338
 8.40   4.00    0.448    0.370   0.473   0.338

 8.41   0.00    0.336    0.336   0.038   0.070   0.008   0.006   0.101   0.005   0.003   0.002   0.104 614586900
 8.41   6.77   61.025
 8.41   4.00    0.345    0.128
 8.41   4.00    0.473   61.025
 8.41   4.00    0.448    0.370   0.473   0.338
 8.41   4.00    0.448    0.370   0.473   0.338

 8.42   0.00    0.336    0.336   0.038   0.070   0.008   0.006   0.101   0.005   0.003   0.002   0.104 615317700
 8.42   6.77   61.011
 8.42   4.00    0.344    0.128
 8.42   4.00    0.472   61.011
 8.42   4.00    0.448    0.370   0.472   0.337
 8.42   4.00    0.448    0.370   0.472   0.337

 8.43   0.00    0.336    0.336   0.038   0.070   0.008   0.006   0.101   0.005   0.003   0.002   0.104 616048400
 8.43   6.76   60.997
 8.43   4.00    0.344    0.128
 8.43   4.00    0.472   60.997
 8.43   4.00    0.448    0.369   0.472   0.337
 8.43   4.00    0.448    0.369   0.472   0.337

 8.44   0.00    0.336    0.336   0.038   0.070   0.008   0.006   0.101   0.005   0.003   0.002   0.104 616779200
 8.44   6.76   60.983
 8.44   4.00    0.344    0.128
 8.44   4.00    0.472   60.983
 8.44   4.00    0.447    0.369   0.472   0.337
 8.44   4.00    0.447    0.369   0.472   0.337

 8.45   0.00    0.335    0.335   0.038   0.070   0.008   0.006   0.101   0.005   0.003   0.002   0.104 617510000
 8.45   6.76   60.969
 8.45   4.00    0.344    0.128
 8.45   4.00    0.472   60.969
 8.45   4.00    0.447    0.369   0.472   0.337
 8.45   4.00    0.447    0.369   0.472   0.337

 8.46   0.00    0.335    0.335   0.038   0.070   0.008   0.006   0.101   0.005   0.003   0.002   0.104 618240800
 8.46   6.76   60.955
 8.46   4.00    0.343    0.128
 8.46   4.00    0.472   60.955
 8.46   4.00    0.447    0.369   0.472   0.337
 8.46   4.00    0.447    0.369   0.472   0.337

 8.47   0.00    0.335    0.335   0.037   0.070   0.007   0.006   0.101   0.005   0.003   0.002   0.104 618971600
 8.47   6.76   60.941
 8.47   4.00    0.343    0.129
 8.47   4.00    0.472   60.941
 8.47   4.00    0.447    0.369   0.472   0.337
 8.47   4.00    0.447    0.369   0.472   0.337

 8.48   0.00    0.335    0.335   0.037   0.070   0.007   0.006   0.101   0.005   0.003   0.002   0.104 619702300
 8.48   6.75   60.927
 8.48   4.00    0.343    0.129
 8.48   4.00    0.472   60.927
 8.48   4.00    0.447    0.369   0.472   0.337
 8.48   4.00    0.447    0.369   0.472   0.337

 8.49   0.00    0.335    0.335   0.037   0.070   0.007   0.006   0.101   0.005   0.003   0.002   0.104 620433100
 8.49   6.75   60.913
 8.49   4.00    0.343    0.129
 8.49   4.00    0.471   60.913
 8.49   4.00    0.447    0.369   0.471   0.337
 8.49   4.00    0.447    0.369   0.471   0.337

 8.50   0.00    0.335    0.335   0.037   0.070   0.007   0.006   0.101   0.005   0.003   0.002   0.104 621163900
 8.50   6.75   60.899
 8.50   4.00    0.342    0.129
 8.50   4.00    0.471   60.899
 8.50   4.00    0.447    0.369   0.471   0.337
 8.50   4.00    0.447    0.369   0.471   0.337

 8.51   0.00    0.335    0.335   0.037   0.070   0.007   0.006   0.101   0.005   0.003   0.002   0.104 621894700
 8.51   6.75   60.885
 8.51   4.00    0.342    0.129
 8.51   4.00    0.471   60.885
 8.51   4.00    0.447    0.369   0.471   0.336
 8.51   4.00    0.447    0.369   0.471   0.336

 8.52   0.00    0.335    0.335   0.037   0.070   0.007   0.006   0.101   0.005   0.003   0.002   0.104 622625500
 8.52   6.75   60.871
 8.52   4.00    0.342    0.129
 8.52   4.00    0.471   60.871
 8.52   4.00    0.446    0.368   0.471   0.336
 8.52   4.00    0.446    0.368   0.471   0.336

 8.53   0.00    0.335    0.335   0.037   0.070   0.007   0.006   0.101   0.005   0.003   0.002   0.104 623356200
 8.53   6.75   60.857
 8.53   4.00    0.342    0.129
 8.53   4.00    0.471   60.857
 8.53   4.00    0.446    0.368   0.471   0.336
 8.53   4.00    0.446    0.368   0.471   0.336

 8.54   0.00    0.335    0.335   0.037   0.070   0.007   0.006   0.101   0.005   0.003   0.002   0.104 624087000
 8.54   6.74   60.844
 8.54   4.00    0.342    0.129
 8.54   4.00    0.471   60.844
 8.54   4.00    0.446    0.368   0.471   0.336
 8.54   4.00    0.446    0.368   0.471   0.336

 8.55   0.00    0.334    0.334   0.037   0.070   0.007   0.006   0.101   0.005   0.003   0.002   0.104 624817900
 8.55   6.74   60.830
 8.55   4.00    0.341    0.129
 8.55   4.00    0.471   60.830
 8.55   4.00    0.446    0.368   0.471   0.336
 8.55   4.00    0.446    0.368   0.471   0.336

 8.56   0.00    0.334    0.334   0.037   0.070   0.007   0.006   0.101   0.005   0.003   0.002   0.104 625548600
 8.56   6.74   60.816
 8.56   4.00    0.341    0.129
 8.56   4.00    0.471   60.816
 8.56   4.00    0.446    0.368   0.471   0.336
 8.56   4.00    0.446    0.368   0.471   0.336

 8.57   0.00    0.334    0.334   0.037   0.070   0.007   0.006   0.101   0.005   0.003   0.002   0.104 626279400
 8.57   6.74   60.802
 8.57   4.00    0.341    0.130
 8.57   4.00    0.470   60.802
 8.57   4.00    0.446    0.368   0.470   0.336
 8.57   4.00    0.446    0.368   0.470   0.336

 8.58   0.00    0.334    0.334   0.037   0.070   0.007   0.006   0.101   0.005   0.003   0.002   0.104 627010200
 8.58   6.74   60.789
 8.58   4.00    0.341    0.130
 8.58   4.00    0.470   60.789
 8.58   4.00    0.446    0.368   0.470   0.336
 8.58   4.00    0.446    0.368   0.470   0.336

 8.59   0.00    0.334    0.334   0.037   0.070   0.007   0.006   0.101   0.005   0.003   0.002   0.104 627740900
 8.59   6.73   60.775
 8.59   4.00    0.340    0.130
 8.59   4.00    0.470   60.775
 8.59   4.00    0.446    0.368   0.470   0.336
 8.59   4.00    0.446    0.368   0.470   0.336

 8.60   0.00    0.334    0.334   0.037   0.070   0.007   0.006   0.101   0.005   0.003   0.002   0.104 628471700
 8.60   6.73   60.761
 8.60   4.00    0.340    0.130
 8.60   4.00    0.470   60.761
 8.60   4.00    0.445    0.368   0.470   0.336
 8.60   4.00    0.445    0.368   0.470   0.336

 8.61   0.00    0.334    0.334   0.037   0.070   0.007   0.006   0.101   0.005   0.003   0.002   0.104 629202500
 8.61   6.73   60.746
 8.61   4.00    0.340    0.130
 8.61   4.00    0.470   60.746
 8.61   4.00    0.445    0.367   0.470   0.336
 8.61   4.00    0.445    0.367   0.470   0.336

 8.62   0.00    0.334    0.334   0.037   0.070   0.007   0.006   0.101   0.005   0.003   0.002   0.104 629933200
 8.62   6.72   60.732
 8.62   4.00    0.340    0.130
 8.62   4.00    0.469   60.732
 8.62   4.00    0.445    0.367   0.469   0.335
 8.62   4.00    0.445    0.367   0.469   0.335

 8.63   0.00    0.334    0.334   0.037   0.070   0.007   0.006   0.101   0.005   0.003   0.002   0.104 630664100
 8.63   6.72   60.717
 8.63   4.00    0.339    0.130
 8.63   4.00    0.469   60.717
 8.63   4.00    0.445    0.367   0.469   0.335
 8.63   4.00    0.445    0.367   0.469   0.335

 8.64   0.00    0.334    0.334   0.037   0.070   0.007   0.006   0.101   0.005   0.003   0.002   0.104 631394900
 8.64   6.72   60.703
 8.64   4.00    0.339    0.130
 8.64   4.00    0.469   60.703
 8.64   4.00    0.444    0.367   0.469   0.335
 8.64   4.00    0.444    0.367   0.469   0.335

 8.65   0.00    0.333    0.333   0.037   0.070   0.007   0.006   0.101   0.005   0.003   0.002   0.104 632125600
 8.65   6.71   60.689
 8.65   4.00    0.339    0.130
 8.65   4.00    0.469   60.689
 8.65   4.00    0.444    0.367   0.469   0.335
 8.65   4.00    0.444    0.367   0.469   0.335

 8.66   0.00    0.333    0.333   0.037   0.070   0.007   0.006   0.101   0.005   0.003   0.002   0.104 632856400
 8.66   6.71   60.674
 8.66   4.00    0.339    0.130
 8.66   4.00    0.469   60.674
 8.66   4.00    0.444    0.367   0.469   0.335
 8.66   4.00    0.444    0.367   0.469   0.335

 8.67   0.00    0.333    0.333   0.036   0.070   0.007   0.006   0.101   0.005   0.003   0.002   0.104 633587200
 8.67   6.71   60.660
 8.67   4.00    0.339    0.130
 8.67   4.00    0.468   60.660
 8.67   4.00    0.444    0.367   0.468   0.335
 8.67   4.00    0.444    0.367   0.468   0.335

 8.68   0.00    0.333    0.333   0.036   0.070   0.007   0.006   0.101   0.005   0.003   0.002   0.104 634318000
 8.68   6.70   60.646
 8.68   4.00    0.338    0.130
 8.68   4.00    0.468   60.646
 8.68   4.00    0.444    0.367   0.468   0.335
 8.68   4.00    0.444    0.367   0.468   0.335

 8.69   0.00    0.333    0.333   0.036   0.070   0.007   0.006   0.101   0.005   0.003   0.002   0.104 635048700
 8.69   6.70   60.631
 8.69   4.00    0.338    0.130
 8.69   4.00    0.468   60.631
 8.69   4.00    0.443    0.367   0.468   0.335
 8.69   4.00    0.443    0.367   0.468   0.335

 8.70   0.00    0.333    0.333   0.036   0.070   0.007   0.006   0.101   0.005   0.003   0.002   0.104 635779500
 8.70   6.70   60.617
 8.70   4.00    0.338    0.130
 8.70   4.00    0.468   60.617
 8.70   4.00    0.443    0.366   0.468   0.335
 8.70   4.00    0.443    0.366   0.468   0.335

 8.71   0.00    0.333    0.333   0.036   0.070   0.007   0.006   0.101   0.005   0.003   0.002   0.104 636510300
 8.71   6.69   60.603
 8.71   4.00    0.338    0.130
 8.71   4.00    0.467   60.603
 8.71   4.00    0.443    0.366   0.467   0.335
 8.71   4.00    0.443    0.366   0.467   0.335

 8.72   0.00    0.333    0.333   0.036   0.070   0.007   0.006   0.101   0.005   0.003   0.002   0.104 637241100
 8.72   6.69   60.588
 8.72   4.00    0.337    0.130
 8.72   4.00    0.467   60.588
 8.72   4.00    0.443    0.366   0.467   0.334
 8.72   4.00    0.443    0.366   0.467   0.334

 8.73   0.00    0.333    0.333   0.036   0.070   0.007   0.006   0.101   0.005   0.003   0.002   0.104 637971800
 8.73   6.69   60.574
 8.73   4.00    0.337    0.130
 8.73   4.00    0.467   60.574
 8.73   4.00    0.442    0.366   0.467   0.334
 8.73   4.00    0.442    0.366   0.467   0.334

 8.74   0.00    0.333    0.333   0.036   0.070   0.007   0.006   0.101   0.005   0.003   0.002   0.104 638702700
 8.74   6.69   60.560
 8.74   4.00    0.337    0.130
 8.74   4.00    0.467   60.560
 8.74   4.00    0.442    0.366   0.467   0.334
 8.74   4.00    0.442    0.366   0.467   0.334

 8.75   0.00    0.333    0.333   0.036   0.070   0.007   0.006   0.101   0.005   0.003   0.002   0.104 639433400
 8.75   6.68   60.546
 8.75   4.00    0.337    0.130
 8.75   4.00    0.467   60.546
 8.75   4.00    0.442    0.366   0.467   0.334
 8.75   4.00    0.442    0.366   0.467   0.334

 8.76   0.00    0.332    0.332   0.036   0.070   0.007   0.006   0.101   0.005   0.003   0.002   0.104 640164200
 8.76   6.68   60.532
 8.76   4.00    0.337    0.130
 8.76   4.00    0.466   60.532
 8.76   4.00    0.442    0.366   0.466   0.334
 8.76   4.00    0.442    0.366   0.466   0.334

 8.77   0.00    0.332    0.332   0.036   0.070   0.007   0.006   0.101   0.005   0.003   0.002   0.104 640895000
 8.77   6.68   60.517
 8.77   4.00    0.336    0.130
 8.77   4.00    0.466   60.517
 8.77   4.00    0.442    0.366   0.466   0.334
 8.77   4.00    0.442    0.366   0.466   0.334

 8.78   0.00    0.332    0.332   0.036   0.070   0.007   0.006   0.101   0.005   0.003   0.002   0.104 641625800
 8.78   6.67   60.503
 8.78   4.00    0.336    0.130
 8.78   4.00    0.466   60.503
 8.78   4.00    0.441    0.366   0.466   0.334
 8.78   4.00    0.441    0.366   0.466   0.334

 8.79   0.00    0.332    0.332   0.036   0.070   0.007   0.006   0.101   0.005   0.003   0.002   0.104 642356500
 8.79   6.67   60.489
 8.79   4.00    0.336    0.130
 8.79   4.00    0.466   60.489
 8.79   4.00    0.441    0.365   0.466   0.334
 8.79   4.00    0.441    0.365   0.466   0.334

 8.80   0.00    0.332    0.332   0.036   0.070   0.007   0.006   0.101   0.005   0.003   0.002   0.104 643087400
 8.80   6.67   60.475
 8.80   4.00    0.336    0.130
 8.80   4.00    0.465   60.475
 8.80   4.00    0.441    0.365   0.465   0.334
 8.80   4.00    0.441    0.365   0.465   0.334

 8.81   0.00    0.332    0.332   0.036   0.070   0.007   0.006   0.101   0.005   0.003   0.002   0.104 643818200
 8.81   6.66   60.461
 8.81   4.00    0.335    0.130
 8.81   4.00    0.465   60.461
 8.81   4.00    0.441    0.365   0.465   0.334
 8.81   4.00    0.441    0.365   0.465   0.334

 8.82   0.00    0.332    0.332   0.036   0.070   0.007   0.006   0.101   0.005   0.003   0.002   0.104 644548900
 8.82   6.66   60.447
 8.82   4.00    0.335    0.130
 8.82   4.00    0.465   60.447
 8.82   4.00    0.441    0.365   0.465   0.334
 8.82   4.00    0.441    0.365   0.465   0.334

 8.83   0.00    0.332    0.332   0.036   0.070   0.007   0.006   0.101   0.005   0.003   0.002   0.104 645279700
 8.83   6.66   60.433
 8.83   4.00    0.335    0.130
 8.83   4.00    0.465   60.433
 8.83   4.00    0.440    0.365   0.465   0.333
 8.83   4.00    0.440    0.365   0.465   0.333

 8.84   0.00    0.332    0.332   0.036   0.070   0.007   0.006   0.101   0.005   0.003   0.002   0.104 646010500
 8.84   6.65   60.419
 8.84   4.00    0.335    0.130
 8.84   4.00    0.465   60.419
 8.84   4.00    0.440    0.365   0.465   0.333
 8.84   4.00    0.440    0.365   0.465   0.333

 8.85   0.00    0.332    0.332   0.036   0.070   0.007   0.006   0.101   0.005   0.002   0.002   0.104 646741200
 8.85   6.65   60.405
 8.85   4.00    0.335    0.130
 8.85   4.00    0.464   60.405
 8.85   4.00    0.440    0.365   0.464   0.333
 8.85   4.00    0.440    0.365   0.464   0.333

 8.86   0.00    0.332    0.332   0.036   0.070   0.007   0.006   0.101   0.005   0.002   0.002   0.104 647472000
 8.86   6.65   60.391
 8.86   4.00    0.334    0.130
 8.86   4.00    0.464   60.391
 8.86   4.00    0.440    0.365   0.464   0.333
 8.86   4.00    0.440    0.365   0.464   0.333

 8.87   0.00    0.331    0.331   0.035   0.070   0.007   0.006   0.101   0.005   0.002   0.002   0.104 648202800
 8.87   6.64   60.377
 8.87   4.00    0.334    0.130
 8.87   4.00    0.464   60.377
 8.87   4.00    0.440    0.365   0.464   0.333
 8.87   4.00    0.440    0.365   0.464   0.333

 8.88   0.00    0.331    0.331   0.035   0.070   0.007   0.006   0.101   0.005   0.002   0.002   0.104 648933600
 8.88   6.64   60.363
 8.88   4.00    0.334    0.130
 8.88   4.00    0.464   60.363
 8.88   4.00    0.439    0.364   0.464   0.333
 8.88   4.00    0.439    0.364   0.464   0.333

 8.89   0.00    0.331    0.331   0.035   0.070   0.007   0.006   0.101   0.005   0.002   0.001   0.104 649664400
 8.89   6.64   60.349
 8.89   4.00    0.334    0.130
 8.89   4.00    0.463   60.349
 8.89   4.00    0.439    0.364   0.463   0.333
 8.89   4.00    0.439    0.364   0.463   0.333

 8.90   0.00    0.331    0.331   0.035   0.070   0.007   0.006   0.101   0.005   0.002   0.001   0.104 650395100
 8.90   6.64   60.335
 8.90   4.00    0.333    0.130
 8.90   4.00    0.463   60.335
 8.90   4.00    0.439    0.364   0.463   0.333
 8.90   4.00    0.439    0.364   0.463   0.333

 8.91   0.00    0.331    0.331   0.035   0.070   0.007   0.006   0.101   0.005   0.002   0.001   0.104 651126000
 8.91   6.63   60.321
 8.91   4.00    0.333    0.130
 8.91   4.00    0.463   60.321
 8.91   4.00    0.439    0.364   0.463   0.333
 8.91   4.00    0.439    0.364   0.463   0.333

 8.92   0.00    0.331    0.331   0.035   0.070   0.007   0.006   0.101   0.005   0.002   0.001   0.104 651856700
 8.92   6.63   60.307
 8.92   4.00    0.333    0.130
 8.92   4.00    0.463   60.307
 8.92   4.00    0.438    0.364   0.463   0.333
 8.92   4.00    0.438    0.364   0.463   0.333

 8.93   0.00    0.331    0.331   0.035   0.070   0.007   0.006   0.101   0.005   0.002   0.001   0.104 652587500
 8.93   6.63   60.293
 8.93   4.00    0.333    0.130
 8.93   4.00    0.463   60.293
 8.93   4.00    0.438    0.364   0.463   0.333
 8.93   4.00    0.438    0.364   0.463   0.333

 8.94   0.00    0.331    0.331   0.035   0.070   0.007   0.006   0.101   0.005   0.002   0.001   0.104 653318300
 8.94   6.62   60.279
 8.94   4.00    0.333    0.130
 8.94   4.00    0.462   60.279
 8.94   4.00    0.438    0.364   0.462   0.332
 8.94   4.00    0.438    0.364   0.462   0.332

 8.95   0.00    0.331    0.331   0.035   0.070   0.007   0.006   0.101   0.005   0.002   0.001   0.104 654049000
 8.95   6.62   60.265
 8.95   4.00    0.332    0.130
 8.95   4.00    0.462   60.265
 8.95   4.00    0.438    0.364   0.462   0.332
 8.95   4.00    0.438    0.364   0.462   0.332

 8.96   0.00    0.331    0.331   0.035   0.070   0.007   0.006   0.101   0.005   0.002   0.001   0.104 654779800
 8.96   6.62   60.252
 8.96   4.00    0.332    0.130
 8.96   4.00    0.462   60.252
 8.96   4.00    0.438    0.364   0.462   0.332
 8.96   4.00    0.438    0.364   0.462   0.332

 8.97   0.00    0.331    0.331   0.035   0.070   0.007   0.006   0.101   0.005   0.002   0.001   0.104 655510700
 8.97   6.61   60.238
 8.97   4.00    0.332    0.130
 8.97   4.00    0.462   60.238
 8.97   4.00    0.437    0.364   0.462   0.332
 8.97   4.00    0.437    0.364   0.462   0.332

 8.98   0.00    0.330    0.330   0.035   0.070   0.007   0.006   0.101   0.005   0.002   0.001   0.104 656241300
 8.98   6.61   60.224
 8.98   4.00    0.332    0.130
 8.98   4.00    0.462   60.224
 8.98   4.00    0.437    0.363   0.462   0.332
 8.98   4.00    0.437    0.363   0.462   0.332

 8.99   0.00    0.330    0.330   0.035   0.070   0.007   0.006   0.101   0.005   0.002   0.001   0.104 656972200
 8.99   6.61   60.210
 8.99   4.00    0.332    0.130
 8.99   4.00    0.461   60.210
 8.99   4.00    0.437    0.363   0.461   0.332
 8.99   4.00    0.437    0.363   0.461   0.332

 9.00   0.00    0.330    0.330   0.035   0.070   0.007   0.006   0.101   0.005   0.002   0.001   0.104 657703000
 9.00   6.60   60.196
 9.00   4.00    0.331    0.130
 9.00   4.00    0.461   60.196
 9.00   4.00    0.437    0.363   0.461   0.332
 9.00   4.00    0.437    0.363   0.461   0.332

 9.01   0.00    0.330    0.330   0.035   0.070   0.007   0.006   0.101   0.005   0.002   0.001   0.104 658433800
 9.01   6.60   60.183
 9.01   4.00    0.331    0.130
 9.01   4.00    0.461   60.183
 9.01   4.00    0.437    0.363   0.461   0.332
 9.01   4.00    0.437    0.363   0.461   0.332

 9.02   0.00    0.330    0.330   0.035   0.070   0.007   0.005   0.101   0.005   0.002   0.001   0.104 659164500
 9.02   6.60   60.169
 9.02   4.00    0.331    0.130
 9.02   4.00    0.461   60.169
 9.02   4.00    0.436    0.363   0.461   0.332
 9.02   4.00    0.436    0.363   0.461   0.332

 9.03   0.00    0.330    0.330   0.035   0.070   0.007   0.005   0.101   0.005   0.002   0.001   0.104 659895300
 9.03   6.60   60.155
 9.03   4.00    0.331    0.130
 9.03   4.00    0.460   60.155
 9.03   4.00    0.436    0.363   0.460   0.332
 9.03   4.00    0.436    0.363   0.460   0.332

 9.04   0.00    0.330    0.330   0.035   0.070   0.007   0.005   0.101   0.005   0.002   0.001   0.104 660626100
 9.04   6.59   60.141
 9.04   4.00    0.331    0.130
 9.04   4.00    0.460   60.141
 9.04   4.00    0.436    0.363   0.460   0.332
 9.04   4.00    0.436    0.363   0.460   0.332

 9.05   0.00    0.330    0.330   0.035   0.070   0.007   0.005   0.101   0.005   0.002   0.001   0.104 661356900
 9.05   6.59   60.128
 9.05   4.00    0.330    0.130
 9.05   4.00    0.460   60.128
 9.05   4.00    0.436    0.363   0.460   0.331
 9.05   4.00    0.436    0.363   0.460   0.331

 9.06   0.00    0.330    0.330   0.035   0.070   0.007   0.005   0.101   0.005   0.002   0.001   0.104 662087700
 9.06   6.59   60.114
 9.06   4.00    0.330    0.130
 9.06   4.00    0.460   60.114
 9.06   4.00    0.436    0.363   0.460   0.331
 9.06   4.00    0.436    0.363   0.460   0.331

 9.07   0.00    0.330    0.330   0.035   0.070   0.007   0.005   0.101   0.005   0.002   0.001   0.104 662818400
 9.07   6.58   60.101
 9.07   4.00    0.330    0.130
 9.07   4.00    0.460   60.101
 9.07   4.00    0.435    0.363   0.460   0.331
 9.07   4.00    0.435    0.363   0.460   0.331

 9.08   0.00    0.330    0.330   0.035   0.070   0.007   0.005   0.101   0.005   0.002   0.001   0.104 663549200
 9.08   6.58   60.087
 9.08   4.00    0.330    0.130
 9.08   4.00    0.459   60.087
 9.08   4.00    0.435    0.362   0.459   0.331
 9.08   4.00    0.435    0.362   0.459   0.331

 9.09   0.00    0.329    0.329   0.034   0.070   0.007   0.005   0.101   0.005   0.002   0.001   0.104 664280000
 9.09   6.58   60.073
 9.09   4.00    0.329    0.130
 9.09   4.00    0.459   60.073
 9.09   4.00    0.435    0.362   0.459   0.331
 9.09   4.00    0.435    0.362   0.459   0.331

 9.10   0.00    0.329    0.329   0.034   0.070   0.007   0.005   0.101   0.005   0.002   0.001   0.104 665010800
 9.10   6.57   60.060
 9.10   4.00    0.329    0.130
 9.10   4.00    0.459   60.060
 9.10   4.00    0.435    0.362   0.459   0.331
 9.10   4.00    0.435    0.362   0.459   0.331

 9.11   0.00    0.329    0.329   0.034   0.070   0.007   0.005   0.101   0.005   0.002   0.001   0.104 665741500
 9.11   6.57   60.046
 9.11   4.00    0.329    0.130
 9.11   4.00    0.459   60.046
 9.11   4.00    0.435    0.362   0.459   0.331
 9.11   4.00    0.435    0.362   0.459   0.331

 9.12   0.00    0.329    0.329   0.034   0.070   0.007   0.005   0.101   0.005   0.002   0.001   0.104 666472300
 9.12   6.57   60.032
 9.12   4.00    0.329    0.130
 9.12   4.00    0.459   60.032
 9.12   4.00    0.434    0.362   0.459   0.331
 9.12   4.00    0.434    0.362   0.459   0.331

 9.13   0.00    0.329    0.329   0.034   0.070   0.007   0.005   0.101   0.005   0.002   0.001   0.104 667203100
 9.13   6.57   60.019
 9.13   4.00    0.329    0.130
 9.13   4.00    0.458   60.019
 9.13   4.00    0.434    0.362   0.458   0.331
 9.13   4.00    0.434    0.362   0.458   0.331

 9.14   0.00    0.329    0.329   0.034   0.070   0.007   0.005   0.101   0.005   0.002   0.001   0.104 667934000
 9.14   6.56   60.005
 9.14   4.00    0.328    0.130
 9.14   4.00    0.458   60.005
 9.14   4.00    0.434    0.362   0.458   0.331
 9.14   4.00    0.434    0.362   0.458   0.331

 9.15   0.00    0.329    0.329   0.034   0.070   0.006   0.005   0.101   0.005   0.002   0.001   0.104 668664600
 9.15   6.56   59.992
 9.15   4.00    0.328    0.130
 9.15   4.00    0.458   59.992
 9.15   4.00    0.434    0.362   0.458   0.331
 9.15   4.00    0.434    0.362   0.458   0.331

 9.16   0.00    0.329    0.329   0.034   0.070   0.006   0.005   0.101   0.005   0.002   0.001   0.104 669395500
 9.16   6.56   59.978
 9.16   4.00    0.328    0.130
 9.16   4.00    0.458   59.978
 9.16   4.00    0.434    0.362   0.458   0.330
 9.16   4.00    0.434    0.362   0.458   0.330

 9.17   0.00    0.329    0.329   0.034   0.070   0.006   0.005   0.101   0.005   0.002   0.001   0.104 670126300
 9.17   6.55   59.965
 9.17   4.00    0.328    0.130
 9.17   4.00    0.458   59.965
 9.17   4.00    0.433    0.362   0.458   0.330
 9.17   4.00    0.433    0.362   0.458   0.330

 9.18   0.00    0.329    0.329   0.034   0.070   0.006   0.005   0.101   0.005   0.002   0.001   0.104 670857000
 9.18   6.55   59.951
 9.18   4.00    0.328    0.130
 9.18   4.00    0.457   59.951
 9.18   4.00    0.433    0.361   0.457   0.330
 9.18   4.00    0.433    0.361   0.457   0.330

 9.19   0.00    0.329    0.329   0.034   0.070   0.006   0.005   0.101   0.005   0.002   0.001   0.104 671587800
 9.19   6.55   59.938
 9.19   4.00    0.327    0.130
 9.19   4.00    0.457   59.938
 9.19   4.00    0.433    0.361   0.457   0.330
 9.19   4.00    0.433    0.361   0.457   0.330

 9.20   0.00    0.329    0.329   0.034   0.070   0.006   0.005   0.101   0.005   0.002   0.001   0.104 672318600
 9.20   6.55   59.924
 9.20   4.00    0.327    0.130
 9.20   4.00    0.457   59.924
 9.20   4.00    0.433    0.361   0.457   0.330
 9.20   4.00    0.433    0.361   0.457   0.330

 9.21   0.00    0.328    0.328   0.034   0.070   0.006   0.005   0.101   0.005   0.002   0.001   0.104 673049300
 9.21   6.54   59.911
 9.21   4.00    0.327    0.130
 9.21   4.00    0.457   59.911
 9.21   4.00    0.433    0.361   0.457   0.330
 9.21   4.00    0.433    0.361   0.457   0.330

 9.22   0.00    0.328    0.328   0.034   0.070   0.006   0.005   0.101   0.005   0.002   0.001   0.104 673780200
 9.22   6.54   59.898
 9.22   4.00    0.327    0.130
 9.22   4.00    0.457   59.898
 9.22   4.00    0.432    0.361   0.457   0.330
 9.22   4.00    0.432    0.361   0.457   0.330

 9.23   0.00    0.328    0.328   0.034   0.070   0.006   0.005   0.101   0.005   0.002   0.001   0.104 674510900
 9.23   6.54   59.884
 9.23   4.00    0.327    0.130
 9.23   4.00    0.456   59.884
 9.23   4.00    0.432    0.361   0.456   0.330
 9.23   4.00    0.432    0.361   0.456   0.330

 9.24   0.00    0.328    0.328   0.034   0.070   0.006   0.005   0.101   0.005   0.002   0.001   0.104 675241700
 9.24   6.53   59.871
 9.24   4.00    0.326    0.130
 9.24   4.00    0.456   59.871
 9.24   4.00    0.432    0.361   0.456   0.330
 9.24   4.00    0.432    0.361   0.456   0.330

 9.25   0.00    0.328    0.328   0.034   0.070   0.006   0.005   0.101   0.005   0.002   0.001   0.104 675972500
 9.25   6.53   59.857
 9.25   4.00    0.326    0.130
 9.25   4.00    0.456   59.857
 9.25   4.00    0.432    0.361   0.456   0.330
 9.25   4.00    0.432    0.361   0.456   0.330

 9.26   0.00    0.328    0.328   0.034   0.070   0.006   0.005   0.101   0.005   0.002   0.001   0.104 676703300
 9.26   6.53   59.844
 9.26   4.00    0.326    0.130
 9.26   4.00    0.456   59.844
 9.26   4.00    0.432    0.361   0.456   0.330
 9.26   4.00    0.432    0.361   0.456   0.330

 9.27   0.00    0.328    0.328   0.034   0.070   0.006   0.005   0.101   0.005   0.002   0.001   0.104 677434100
 9.27   6.52   59.831
 9.27   4.00    0.326    0.130
 9.27   4.00    0.456   59.831
 9.27   4.00    0.431    0.361   0.456   0.330
 9.27   4.00    0.431    0.361   0.456   0.330

 9.28   0.00    0.328    0.328   0.034   0.070   0.006   0.005   0.101   0.005   0.002   0.001   0.104 678164800
 9.28   6.52   59.817
 9.28   4.00    0.326    0.130
 9.28   4.00    0.455   59.817
 9.28   4.00    0.431    0.360   0.455   0.329
 9.28   4.00    0.431    0.360   0.455   0.329

 9.29   0.00    0.328    0.328   0.034   0.070   0.006   0.005   0.101   0.005   0.002   0.001   0.104 678895600
 9.29   6.52   59.804
 9.29   4.00    0.325    0.130
 9.29   4.00    0.455   59.804
 9.29   4.00    0.431    0.360   0.455   0.329
 9.29   4.00    0.431    0.360   0.455   0.329

 9.30   0.00    0.328    0.328   0.034   0.070   0.006   0.005   0.101   0.005   0.002   0.001   0.104 679626400
 9.30   6.52   59.791
 9.30   4.00    0.325    0.130
 9.30   4.00    0.455   59.791
 9.30   4.00    0.431    0.360   0.455   0.329
 9.30   4.00    0.431    0.360   0.455   0.329

 9.31   0.00    0.328    0.328   0.033   0.070   0.006   0.005   0.101   0.005   0.002   0.001   0.104 680357200
 9.31   6.51   59.778
 9.31   4.00    0.325    0.130
 9.31   4.00    0.455   59.778
 9.31   4.00    0.431    0.360   0.455   0.329
 9.31   4.00    0.431    0.360   0.455   0.329

 9.32   0.00    0.328    0.328   0.033   0.070   0.006   0.005   0.101   0.005   0.002   0.001   0.104 681087900
 9.32   6.51   59.764
 9.32   4.00    0.325    0.130
 9.32   4.00    0.455   59.764
 9.32   4.00    0.430    0.360   0.455   0.329
 9.32   4.00    0.430    0.360   0.455   0.329

 9.33   0.00    0.327    0.327   0.033   0.070   0.006   0.005   0.101   0.005   0.002   0.001   0.104 681818800
 9.33   6.51   59.751
 9.33   4.00    0.325    0.130
 9.33   4.00    0.454   59.751
 9.33   4.00    0.430    0.360   0.454   0.329
 9.33   4.00    0.430    0.360   0.454   0.329

 9.34   0.00    0.327    0.327   0.033   0.070   0.006   0.005   0.101   0.005   0.002   0.001   0.104 682549500
 9.34   6.50   59.738
 9.34   4.00    0.324    0.130
 9.34   4.00    0.454   59.738
 9.34   4.00    0.430    0.360   0.454   0.329
 9.34   4.00    0.430    0.360   0.454   0.329

 9.35   0.00    0.327    0.327   0.033   0.070   0.006   0.005   0.101   0.005   0.002   0.001   0.104 683280300
 9.35   6.50   59.725
 9.35   4.00    0.324    0.130
 9.35   4.00    0.454   59.725
 9.35   4.00    0.430    0.360   0.454   0.329
 9.35   4.00    0.430    0.360   0.454   0.329

 9.36   0.00    0.327    0.327   0.033   0.070   0.006   0.005   0.101   0.005   0.002   0.001   0.104 684011100
 9.36   6.50   59.711
 9.36   4.00    0.324    0.130
 9.36   4.00    0.454   59.711
 9.36   4.00    0.430    0.360   0.454   0.329
 9.36   4.00    0.430    0.360   0.454   0.329

 9.37   0.00    0.327    0.327   0.033   0.070   0.006   0.005   0.101   0.005   0.002   0.001   0.104 684741900
 9.37   6.50   59.698
 9.37   4.00    0.324    0.130
 9.37   4.00    0.454   59.698
 9.37   4.00    0.429    0.360   0.454   0.329
 9.37   4.00    0.429    0.360   0.454   0.329

 9.38   0.00    0.327    0.327   0.033   0.070   0.006   0.005   0.101   0.004   0.002   0.001   0.104 685472600
 9.38   6.49   59.685
 9.38   4.00    0.324    0.130
 9.38   4.00    0.453   59.685
 9.38   4.00    0.429    0.359   0.453   0.329
 9.38   4.00    0.429    0.359   0.453   0.329

 9.39   0.00    0.327    0.327   0.033   0.070   0.006   0.005   0.101   0.004   0.002   0.001   0.104 686203500
 9.39   6.49   59.672
 9.39   4.00    0.323    0.130
 9.39   4.00    0.453   59.672
 9.39   4.00    0.429    0.359   0.453   0.329
 9.39   4.00    0.429    0.359   0.453   0.329

 9.40   0.00    0.327    0.327   0.033   0.070   0.006   0.005   0.101   0.004   0.002   0.001   0.104 686934200
 9.40   6.49   59.659
 9.40   4.00    0.323    0.130
 9.40   4.00    0.453   59.659
 9.40   4.00    0.429    0.359   0.453   0.329
 9.40   4.00    0.429    0.359   0.453   0.329

 9.41   0.00    0.327    0.327   0.033   0.070   0.006   0.005   0.101   0.004   0.002   0.001   0.104 687665000
 9.41   6.49   59.646
 9.41   4.00    0.323    0.130
 9.41   4.00    0.453   59.646
 9.41   4.00    0.429    0.359   0.453   0.328
 9.41   4.00    0.429    0.359   0.453   0.328

 9.42   0.00    0.327    0.327   0.033   0.070   0.006   0.005   0.101   0.004   0.002   0.001   0.104 688395800
 9.42   6.48   59.633
 9.42   4.00    0.323    0.130
 9.42   4.00    0.453   59.633
 9.42   4.00    0.429    0.359   0.453   0.328
 9.42   4.00    0.429    0.359   0.453   0.328

 9.43   0.00    0.327    0.327   0.033   0.070   0.006   0.005   0.101   0.004   0.002   0.001   0.104 689126600
 9.43   6.48   59.619
 9.43   4.00    0.323    0.130
 9.43   4.00    0.452   59.619
 9.43   4.00    0.428    0.359   0.452   0.328
 9.43   4.00    0.428    0.359   0.452   0.328

 9.44   0.00    0.327    0.327   0.033   0.070   0.006   0.005   0.101   0.004   0.002   0.001   0.104 689857300
 9.44   6.48   59.606
 9.44   4.00    0.322    0.130
 9.44   4.00    0.452   59.606
 9.44   4.00    0.428    0.359   0.452   0.328
 9.44   4.00    0.428    0.359   0.452   0.328

 9.45   0.00    0.327    0.327   0.033   0.070   0.006   0.005   0.101   0.004   0.002   0.001   0.104 690588100
 9.45   6.47   59.593
 9.45   4.00    0.322    0.130
 9.45   4.00    0.452   59.593
 9.45   4.00    0.428    0.359   0.452   0.328
 9.45   4.00    0.428    0.359   0.452   0.328

 9.46   0.00    0.326    0.326   0.033   0.070   0.006   0.005   0.101   0.004   0.002   0.001   0.104 691318900
 9.46   6.47   59.580
 9.46   4.00    0.322    0.130
 9.46   4.00    0.452   59.580
 9.46   4.00    0.428    0.359   0.452   0.328
 9.46   4.00    0.428    0.359   0.452   0.328

 9.47   0.00    0.326    0.326   0.033   0.070   0.006   0.005   0.101   0.004   0.002   0.001   0.104 692049700
 9.47   6.47   59.567
 9.47   4.00    0.322    0.130
 9.47   4.00    0.452   59.567
 9.47   4.00    0.428    0.359   0.452   0.328
 9.47   4.00    0.428    0.359   0.452   0.328

 9.48   0.00    0.326    0.326   0.033   0.070   0.006   0.005   0.101   0.004   0.002   0.001   0.104 692780400
 9.48   6.47   59.554
 9.48   4.00    0.322    0.130
 9.48   4.00    0.451   59.554
 9.48   4.00    0.427    0.359   0.451   0.328
 9.48   4.00    0.427    0.359   0.451   0.328

 9.49   0.00    0.326    0.326   0.033   0.070   0.006   0.005   0.101   0.004   0.002   0.001   0.104 693511200
 9.49   6.46   59.541
 9.49   4.00    0.321    0.130
 9.49   4.00    0.451   59.541
 9.49   4.00    0.427    0.358   0.451   0.328
 9.49   4.00    0.427    0.358   0.451   0.328

 9.50   0.00    0.326    0.326   0.033   0.070   0.006   0.005   0.101   0.004   0.002   0.001   0.104 694242000
 9.50   6.46   59.528
 9.50   4.00    0.321    0.130
 9.50   4.00    0.451   59.528
 9.50   4.00    0.427    0.358   0.451   0.328
 9.50   4.00    0.427    0.358   0.451   0.328

 9.51   0.00    0.326    0.326   0.033   0.070   0.006   0.005   0.101   0.004   0.002   0.001   0.104 694972800
 9.51   6.46   59.515
 9.51   4.00    0.321    0.130
 9.51   4.00    0.451   59.515
 9.51   4.00    0.427    0.358   0.451   0.328
 9.51   4.00    0.427    0.358   0.451   0.328

 9.52   0.00    0.326    0.326   0.033   0.070   0.006   0.005   0.101   0.004   0.002   0.001   0.104 695703600
 9.52   6.45   59.502
 9.52   4.00    0.321    0.130
 9.52   4.00    0.451   59.502
 9.52   4.00    0.427    0.358   0.451   0.328
 9.52   4.00    0.427    0.358   0.451   0.328

 9.53   0.00    0.326    0.326   0.033   0.070   0.006   0.005   0.101   0.004   0.002   0.001   0.104 696434400
 9.53   6.45   59.490
 9.53   4.00    0.321    0.130
 9.53   4.00    0.450   59.490
 9.53   4.00    0.426    0.358   0.450   0.327
 9.53   4.00    0.426    0.358   0.450   0.327

 9.54   0.00    0.326    0.326   0.033   0.070   0.006   0.005   0.101   0.004   0.002   0.001   0.104 697165100
 9.54   6.45   59.477
 9.54   4.00    0.321    0.130
 9.54   4.00    0.450   59.477
 9.54   4.00    0.426    0.358   0.450   0.327
 9.54   4.00    0.426    0.358   0.450   0.327

 9.55   0.00    0.326    0.326   0.032   0.070   0.006   0.005   0.101   0.004   0.002   0.001   0.104 697895900
 9.55   6.45   59.464
 9.55   4.00    0.320    0.130
 9.55   4.00    0.450   59.464
 9.55   4.00    0.426    0.358   0.450   0.327
 9.55   4.00    0.426    0.358   0.450   0.327

 9.56   0.00    0.326    0.326   0.032   0.070   0.006   0.005   0.101   0.004   0.002   0.001   0.104 698626800
 9.56   6.44   59.451
 9.56   4.00    0.320    0.130
 9.56   4.00    0.450   59.451
 9.56   4.00    0.426    0.358   0.450   0.327
 9.56   4.00    0.426    0.358   0.450   0.327

 9.57   0.00    0.326    0.326   0.032   0.070   0.006   0.005   0.101   0.004   0.002   0.001   0.104 699357400
 9.57   6.44   59.438
 9.57   4.00    0.320    0.130
 9.57   4.00    0.450   59.438
 9.57   4.00    0.426    0.358   0.450   0.327
 9.57   4.00    0.426    0.358   0.450   0.327

 9.58   0.00    0.326    0.326   0.032   0.070   0.006   0.005   0.101   0.004   0.002   0.001   0.104 700088300
 9.58   6.44   59.425
 9.58   4.00    0.320    0.130
 9.58   4.00    0.449   59.425
 9.58   4.00    0.426    0.358   0.449   0.327
 9.58   4.00    0.426    0.358   0.449   0.327

 9.59   0.00    0.325    0.325   0.032   0.070   0.006   0.005   0.101   0.004   0.002   0.001   0.104 700819100
 9.59   6.44   59.412
 9.59   4.00    0.320    0.130
 9.59   4.00    0.449   59.412
 9.59   4.00    0.425    0.358   0.449   0.327
 9.59   4.00    0.425    0.358   0.449   0.327

 9.60   0.00    0.325    0.325   0.032   0.070   0.006   0.005   0.101   0.004   0.002   0.001   0.104 701549900
 9.60   6.43   59.399
 9.60   4.00    0.319    0.130
 9.60   4.00    0.449   59.399
 9.60   4.00    0.425    0.357   0.449   0.327
 9.60   4.00    0.425    0.357   0.449   0.327

 9.61   0.00    0.325    0.325   0.032   0.070   0.006   0.005   0.101   0.004   0.002   0.001   0.104 702280600
 9.61   6.43   59.387
 9.61   4.00    0.319    0.130
 9.61   4.00    0.449   59.387
 9.61   4.00    0.425    0.357   0.449   0.327
 9.61   4.00    0.425    0.357   0.449   0.327

 9.62   0.00    0.325    0.325   0.032   0.070   0.006   0.005   0.101   0.004   0.002   0.001   0.104 703011400
 9.62   6.43   59.374
 9.62   4.00    0.319    0.130
 9.62   4.00    0.449   59.374
 9.62   4.00    0.425    0.357   0.449   0.327
 9.62   4.00    0.425    0.357   0.449   0.327

 9.63   0.00    0.325    0.325   0.032   0.070   0.006   0.005   0.101   0.004   0.002   0.001   0.104 703742200
 9.63   6.42   59.361
 9.63   4.00    0.319    0.130
 9.63   4.00    0.449   59.361
 9.63   4.00    0.425    0.357   0.449   0.327
 9.63   4.00    0.425    0.357   0.449   0.327

 9.64   0.00    0.325    0.325   0.032   0.070   0.006   0.005   0.101   0.004   0.002   0.001   0.104 704473000
 9.64   6.42   59.348
 9.64   4.00    0.319    0.130
 9.64   4.00    0.448   59.348
 9.64   4.00    0.424    0.357   0.448   0.327
 9.64   4.00    0.424    0.357   0.448   0.327

 9.65   0.00    0.325    0.325   0.032   0.070   0.006   0.005   0.101   0.004   0.002   0.001   0.104 705203700
 9.65   6.42   59.335
 9.65   4.00    0.318    0.130
 9.65   4.00    0.448   59.335
 9.65   4.00    0.424    0.357   0.448   0.327
 9.65   4.00    0.424    0.357   0.448   0.327

 9.66   0.00    0.325    0.325   0.032   0.070   0.006   0.005   0.101   0.004   0.002   0.001   0.104 705934500
 9.66   6.42   59.323
 9.66   4.00    0.318    0.130
 9.66   4.00    0.448   59.323
 9.66   4.00    0.424    0.357   0.448   0.326
 9.66   4.00    0.424    0.357   0.448   0.326

 9.67   0.00    0.325    0.325   0.032   0.070   0.006   0.005   0.101   0.004   0.002   0.001   0.104 706665300
 9.67   6.41   59.310
 9.67   4.00    0.318    0.130
 9.67   4.00    0.448   59.310
 9.67   4.00    0.424    0.357   0.448   0.326
 9.67   4.00    0.424    0.357   0.448   0.326

 9.68   0.00    0.325    0.325   0.032   0.070   0.006   0.005   0.101   0.004   0.002   0.001   0.104 707396100
 9.68   6.41   59.297
 9.68   4.00    0.318    0.130
 9.68   4.00    0.448   59.297
 9.68   4.00    0.424    0.357   0.448   0.326
 9.68   4.00    0.424    0.357   0.448   0.326

 9.69   0.00    0.325    0.325   0.032   0.070   0.006   0.005   0.101   0.004   0.002   0.001   0.104 708126800
 9.69   6.41   59.285
 9.69   4.00    0.318    0.130
 9.69   4.00    0.447   59.285
 9.69   4.00    0.424    0.357   0.447   0.326
 9.69   4.00    0.424    0.357   0.447   0.326

 9.70   0.00    0.325    0.325   0.032   0.070   0.006   0.005   0.101   0.004   0.002   0.001   0.104 708857600
 9.70   6.41   59.272
 9.70   4.00    0.318    0.130
 9.70   4.00    0.447   59.272
 9.70   4.00    0.423    0.357   0.447   0.326
 9.70   4.00    0.423    0.357   0.447   0.326

 9.71   0.00    0.325    0.325   0.032   0.070   0.006   0.005   0.101   0.004   0.002   0.001   0.104 709588400
 9.71   6.40   59.259
 9.71   4.00    0.317    0.130
 9.71   4.00    0.447   59.259
 9.71   4.00    0.423    0.357   0.447   0.326
 9.71   4.00    0.423    0.357   0.447   0.326

 9.72   0.00    0.324    0.324   0.032   0.070   0.006   0.005   0.101   0.004   0.002   0.001   0.104 710319200
 9.72   6.40   59.247
 9.72   4.00    0.317    0.130
 9.72   4.00    0.447   59.247
 9.72   4.00    0.423    0.356   0.447   0.326
 9.72   4.00    0.423    0.356   0.447   0.326

 9.73   0.00    0.324    0.324   0.032   0.070   0.006   0.005   0.101   0.004   0.002   0.001   0.104 711049900
 9.73   6.40   59.234
 9.73   4.00    0.317    0.130
 9.73   4.00    0.447   59.234
 9.73   4.00    0.423    0.356   0.447   0.326
 9.73   4.00    0.423    0.356   0.447   0.326

 9.74   0.00    0.324    0.324   0.032   0.070   0.006   0.005   0.101   0.004   0.002   0.001   0.104 711780700
 9.74   6.40   59.221
 9.74   4.00    0.317    0.130
 9.74   4.00    0.447   59.221
 9.74   4.00    0.423    0.356   0.447   0.326
 9.74   4.00    0.423    0.356   0.447   0.326

 9.75   0.00    0.324    0.324   0.032   0.070   0.006   0.005   0.101   0.004   0.002   0.001   0.104 712511600
 9.75   6.39   59.209
 9.75   4.00    0.317    0.130
 9.75   4.00    0.446   59.209
 9.75   4.00    0.423    0.356   0.446   0.326
 9.75   4.00    0.423    0.356   0.446   0.326

 9.76   0.00    0.324    0.324   0.032   0.070   0.006   0.005   0.101   0.004   0.002   0.001   0.104 713242400
 9.76   6.39   59.196
 9.76   4.00    0.316    0.130
 9.76   4.00    0.446   59.196
 9.76   4.00    0.422    0.356   0.446   0.326
 9.76   4.00    0.422    0.356   0.446   0.326

 9.77   0.00    0.324    0.324   0.032   0.070   0.006   0.005   0.101   0.004   0.002   0.001   0.104 713973100
 9.77   6.39   59.184
 9.77   4.00    0.316    0.130
 9.77   4.00    0.446   59.184
 9.77   4.00    0.422    0.356   0.446   0.326
 9.77   4.00    0.422    0.356   0.446   0.326

 9.78   0.00    0.324    0.324   0.032   0.070   0.006   0.005   0.101   0.004   0.002   0.001   0.104 714703900
 9.78   6.39   59.171
 9.78   4.00    0.316    0.130
 9.78   4.00    0.446   59.171
 9.78   4.00    0.422    0.356   0.446   0.326
 9.78   4.00    0.422    0.356   0.446   0.326

 9.79   0.00    0.324    0.324   0.032   0.070   0.006   0.005   0.101   0.004   0.002   0.001   0.104 715434700
 9.79   6.38   59.159
 9.79   4.00    0.316    0.130
 9.79   4.00    0.446   59.159
 9.79   4.00    0.422    0.356   0.446   0.326
 9.79   4.00    0.422    0.356   0.446   0.326

 9.80   0.00    0.324    0.324   0.031   0.070   0.006   0.005   0.101   0.004   0.002   0.001   0.104 716165400
 9.80   6.38   59.146
 9.80   4.00    0.316    0.130
 9.80   4.00    0.445   59.146
 9.80   4.00    0.422    0.356   0.445   0.325
 9.80   4.00    0.422    0.356   0.445   0.325

 9.81   0.00    0.324    0.324   0.031   0.070   0.006   0.005   0.101   0.004   0.002   0.001   0.104 716896300
 9.81   6.38   59.133
 9.81   4.00    0.315    0.130
 9.81   4.00    0.445   59.133
 9.81   4.00    0.421    0.356   0.445   0.325
 9.81   4.00    0.421    0.356   0.445   0.325

 9.82   0.00    0.324    0.324   0.031   0.070   0.006   0.005   0.101   0.004   0.002   0.001   0.104 717627000
 9.82   6.37   59.121
 9.82   4.00    0.315    0.130
 9.82   4.00    0.445   59.121
 9.82   4.00    0.421    0.356   0.445   0.325
 9.82   4.00    0.421    0.356   0.445   0.325

 9.83   0.00    0.324    0.324   0.031   0.070   0.006   0.005   0.101   0.004   0.002   0.001   0.104 718357800
 9.83   6.37   59.108
 9.83   4.00    0.315    0.130
 9.83   4.00    0.445   59.108
 9.83   4.00    0.421    0.355   0.445   0.325
 9.83   4.00    0.421    0.355   0.445   0.325

 9.84   0.00    0.324    0.324   0.031   0.070   0.006   0.005   0.101   0.004   0.002   0.001   0.104 719088600
 9.84   6.37   59.096
 9.84   4.00    0.315    0.130
 9.84   4.00    0.445   59.096
 9.84   4.00    0.421    0.355   0.445   0.325
 9.84   4.00    0.421    0.355   0.445   0.325

 9.85   0.00    0.324    0.324   0.031   0.070   0.006   0.005   0.101   0.004   0.002   0.001   0.104 719819400
 9.85   6.37   59.084
 9.85   4.00    0.315    0.130
 9.85   4.00    0.445   59.084
 9.85   4.00    0.421    0.355   0.445   0.325
 9.85   4.00    0.421    0.355   0.445   0.325

 9.86   0.00    0.323    0.323   0.031   0.070   0.006   0.005   0.101   0.004   0.002   0.001   0.104 720550100
 9.86   6.36   59.071
 9.86   4.00    0.315    0.130
 9.86   4.00    0.444   59.071
 9.86   4.00    0.421    0.355   0.444   0.325
 9.86   4.00    0.421    0.355   0.444   0.325

 9.87   0.00    0.323    0.323   0.031   0.070   0.006   0.005   0.101   0.004   0.002   0.001   0.104 721280900
 9.87   6.36   59.059
 9.87   4.00    0.314    0.130
 9.87   4.00    0.444   59.059
 9.87   4.00    0.420    0.355   0.444   0.325
 9.87   4.00    0.420    0.355   0.444   0.325

 9.88   0.00    0.323    0.323   0.031   0.070   0.006   0.005   0.101   0.004   0.002   0.001   0.104 722011700
 9.88   6.36   59.046
 9.88   4.00    0.314    0.130
 9.88   4.00    0.444   59.046
 9.88   4.00    0.420    0.355   0.444   0.325
 9.88   4.00    0.420    0.355   0.444   0.325

 9.89   0.00    0.323    0.323   0.031   0.070   0.006   0.005   0.101   0.004   0.002   0.001   0.104 722742500
 9.89   6.36   59.034
 9.89   4.00    0.314    0.130
 9.89   4.00    0.444   59.034
 9.89   4.00    0.420    0.355   0.444   0.325
 9.89   4.00    0.420    0.355   0.444   0.325

 9.90   0.00    0.323    0.323   0.031   0.070   0.006   0.005   0.101   0.004   0.002   0.001   0.104 723473200
 9.90   6.35   59.021
 9.90   4.00    0.314    0.130
 9.90   4.00    0.444   59.021
 9.90   4.00    0.420    0.355   0.444   0.325
 9.90   4.00    0.420    0.355   0.444   0.325

 9.91   0.00    0.323    0.323   0.031   0.070   0.006   0.005   0.101   0.004   0.002   0.001   0.104 724204000
 9.91   6.35   59.009
 9.91   4.00    0.314    0.130
 9.91   4.00    0.443   59.009
 9.91   4.00    0.420    0.355   0.443   0.325
 9.91   4.00    0.420    0.355   0.443   0.325

 9.92   0.00    0.323    0.323   0.031   0.070   0.006   0.005   0.101   0.004   0.002   0.001   0.104 724934800
 9.92   6.35   58.997
 9.92   4.00    0.314    0.130
 9.92   4.00    0.443   58.997
 9.92   4.00    0.420    0.355   0.443   0.325
 9.92   4.00    0.420    0.355   0.443   0.325

 9.93   0.00    0.323    0.323   0.031   0.070   0.006   0.005   0.101   0.004   0.002   0.001   0.104 725665600
 9.93   6.35   58.984
 9.93   4.00    0.313    0.130
 9.93   4.00    0.443   58.984
 9.93   4.00    0.419    0.355   0.443   0.325
 9.93   4.00    0.419    0.355   0.443   0.325

 9.94   0.00    0.323    0.323   0.031   0.070   0.006   0.005   0.101   0.004   0.002   0.001   0.104 726396400
 9.94   6.34   58.972
 9.94   4.00    0.313    0.130
 9.94   4.00    0.443   58.972
 9.94   4.00    0.419    0.355   0.443   0.324
 9.94   4.00    0.419    0.355   0.443   0.324

 9.95   0.00    0.323    0.323   0.031   0.070   0.006   0.005   0.101   0.004   0.002   0.001   0.104 727127200
 9.95   6.34   58.960
 9.95   4.00    0.313    0.130
 9.95   4.00    0.443   58.960
 9.95   4.00    0.419    0.354   0.443   0.324
 9.95   4.00    0.419    0.354   0.443   0.324

 9.96   0.00    0.323    0.323   0.031   0.070   0.006   0.005   0.101   0.004   0.002   0.001   0.104 727858000
 9.96   6.34   58.947
 9.96   4.00    0.313    0.130
 9.96   4.00    0.443   58.947
 9.96   4.00    0.419    0.354   0.443   0.324
 9.96   4.00    0.419    0.354   0.443   0.324

 9.97   0.00    0.323    0.323   0.031   0.070   0.006   0.005   0.101   0.004   0.002   0.001   0.104 728588700
 9.97   6.34   58.935
 9.97   4.00    0.313    0.130
 9.97   4.00    0.442   58.935
 9.97   4.00    0.419    0.354   0.442   0.324
 9.97   4.00    0.419    0.354   0.442   0.324

 9.98   0.00    0.323    0.323   0.031   0.070   0.006   0.005   0.101   0.004   0.002   0.001   0.104 729319500
 9.98   6.33   58.923
 9.98   4.00    0.312    0.130
 9.98   4.00    0.442   58.923
 9.98   4.00    0.419    0.354   0.442   0.324
 9.98   4.00    0.419    0.354   0.442   0.324

 9.99   0.00    0.323    0.323   0.031   0.070   0.006   0.005   0.101   0.004   0.002   0.001   0.104 730050300
 9.99   6.33   58.911
 9.99   4.00    0.312    0.130
 9.99   4.00    0.442   58.911
 9.99   4.00    0.418    0.354   0.442   0.324
 9.99   4.00    0.418    0.354   0.442   0.324

10.00   0.00    0.322    0.322   0.031   0.070   0.006   0.005   0.101   0.004   0.002   0.001   0.104 730781100
10.00   6.33   58.898
10.00   4.00    0.312    0.130
10.00   4.00    0.442   58.898
10.00   4.00    0.418    0.354   0.442   0.324
10.00   4.00    0.418    0.354   0.442   0.324

10.01   0.00    0.322    0.322   0.031   0.070   0.005   0.005   0.101   0.004   0.002   0.001   0.104 731511900
10.01   6.33   58.886
10.01   4.00    0.312    0.130
10.01   4.00    0.442   58.886
10.01   4.00    0.418    0.354   0.442   0.324
10.01   4.00    0.418    0.354   0.442   0.324

10.02   0.00    0.322    0.322   0.031   0.070   0.005   0.005   0.101   0.004   0.002   0.001   0.104 732242700
10.02   6.32   58.874
10.02   4.00    0.312    0.130
10.02   4.00    0.441   58.874
10.02   4.00    0.418    0.354   0.441   0.324
10.02   4.00    0.418    0.354   0.441   0.324

10.03   0.00    0.322    0.322   0.031   0.070   0.005   0.005   0.101   0.004   0.002   0.001   0.104 732973400
10.03   6.32   58.862
10.03   4.00    0.312    0.130
10.03   4.00    0.441   58.862
10.03   4.00    0.418    0.354   0.441   0.324
10.03   4.00    0.418    0.354   0.441   0.324

10.04   0.00    0.322    0.322   0.031   0.070   0.005   0.005   0.101   0.004   0.002   0.001   0.104 733704200
10.04   6.32   58.850
10.04   4.00    0.311    0.130
10.04   4.00    0.441   58.850
10.04   4.00    0.417    0.354   0.441   0.324
10.04   4.00    0.417    0.354   0.441   0.324

10.05   0.00    0.322    0.322   0.031   0.069   0.005   0.005   0.101   0.004   0.002   0.001   0.104 734435000
10.05   6.32   58.837
10.05   4.00    0.311    0.130
10.05   4.00    0.441   58.837
10.05   4.00    0.417    0.354   0.441   0.324
10.05   4.00    0.417    0.354   0.441   0.324

10.06   0.00    0.322    0.322   0.031   0.069   0.005   0.005   0.101   0.004   0.002   0.001   0.104 735165800
10.06   6.31   58.825
10.06   4.00    0.311    0.130
10.06   4.00    0.441   58.825
10.06   4.00    0.417    0.354   0.441   0.324
10.06   4.00    0.417    0.354   0.441   0.324

10.07   0.00    0.322    0.322   0.031   0.069   0.005   0.005   0.101   0.004   0.002   0.001   0.104 735896500
10.07   6.31   58.813
10.07   4.00    0.311    0.130
10.07   4.00    0.441   58.813
10.07   4.00    0.417    0.354   0.441   0.324
10.07   4.00    0.417    0.354   0.441   0.324

10.08   0.00    0.322    0.322   0.031   0.069   0.005   0.005   0.101   0.004   0.002   0.001   0.104 736627300
10.08   6.31   58.801
10.08   4.00    0.311    0.130
10.08   4.00    0.440   58.801
10.08   4.00    0.417    0.354   0.440   0.324
10.08   4.00    0.417    0.354   0.440   0.324

10.09   0.00    0.322    0.322   0.031   0.069   0.005   0.005   0.101   0.004   0.002   0.001   0.104 737358100
10.09   6.31   58.789
10.09   4.00    0.311    0.130
10.09   4.00    0.440   58.789
10.09   4.00    0.417    0.354   0.440   0.324
10.09   4.00    0.417    0.354   0.440   0.324

10.10   0.00    0.322    0.322   0.031   0.069   0.005   0.005   0.101   0.004   0.002   0.001   0.104 738088900
10.10   6.30   58.777
10.10   4.00    0.310    0.130
10.10   4.00    0.440   58.777
10.10   4.00    0.416    0.354   0.440   0.324
10.10   4.00    0.416    0.354   0.440   0.324

10.11   0.00    0.322    0.322   0.031   0.069   0.005   0.005   0.101   0.004   0.002   0.001   0.104 738819600
10.11   6.30   58.765
10.11   4.00    0.310    0.130
10.11   4.00    0.440   58.765
10.11   4.00    0.416    0.354   0.440   0.324
10.11   4.00    0.416    0.354   0.440   0.324

10.12   0.00    0.322    0.322   0.031   0.069   0.005   0.005   0.101   0.004   0.002   0.001   0.104 739550500
10.12   6.30   58.752
10.12   4.00    0.310    0.130
10.12   4.00    0.440   58.752
10.12   4.00    0.416    0.354   0.440   0.324
10.12   4.00    0.416    0.354   0.440   0.324

10.13   0.00    0.322    0.322   0.031   0.069   0.005   0.005   0.101   0.004   0.002   0.001   0.104 740281200
10.13   6.30   58.740
10.13   4.00    0.310    0.130
10.13   4.00    0.440   58.740
10.13   4.00    0.416    0.354   0.440   0.324
10.13   4.00    0.416    0.354   0.440   0.324

10.14   0.00    0.322    0.322   0.031   0.069   0.005   0.005   0.101   0.004   0.002   0.001   0.104 741012000
10.14   6.29   58.728
10.14   4.00    0.310    0.130
10.14   4.00    0.439   58.728
10.14   4.00    0.416    0.354   0.439   0.324
10.14   4.00    0.416    0.354   0.439   0.324

10.15   0.00    0.322    0.322   0.031   0.069   0.005   0.005   0.101   0.004   0.002   0.001   0.104 741742800
10.15   6.29   58.716
10.15   4.00    0.310    0.130
10.15   4.00    0.439   58.716
10.15   4.00    0.416    0.354   0.439   0.324
10.15   4.00    0.416    0.354   0.439   0.324

10.16   0.00    0.322    0.322   0.031   0.069   0.005   0.005   0.101   0.004   0.002   0.001   0.104 742473500
10.16   6.29   58.704
10.16   4.00    0.309    0.130
10.16   4.00    0.439   58.704
10.16   4.00    0.415    0.354   0.439   0.324
10.16   4.00    0.415    0.354   0.439   0.324

10.17   0.00    0.322    0.322   0.031   0.069   0.005   0.005   0.101   0.004   0.002   0.001   0.104 743204400
10.17   6.29   58.692
10.17   4.00    0.309    0.130
10.17   4.00    0.439   58.692
10.17   4.00    0.415    0.354   0.439   0.324
10.17   4.00    0.415    0.354   0.439   0.324

10.18   0.00    0.322    0.322   0.031   0.069   0.005   0.005   0.101   0.004   0.002   0.001   0.104 743935200
10.18   6.28   58.680
10.18   4.00    0.309    0.130
10.18   4.00    0.439   58.680
10.18   4.00    0.415    0.353   0.439   0.324
10.18   4.00    0.415    0.353   0.439   0.324

10.19   0.00    0.322    0.322   0.031   0.069   0.005   0.005   0.101   0.004   0.002   0.001   0.104 744665900
10.19   6.28   58.668
10.19   4.00    0.309    0.130
10.19   4.00    0.439   58.668
10.19   4.00    0.415    0.353   0.439   0.324
10.19   4.00    0.415    0.353   0.439   0.324

10.20   0.00    0.322    0.322   0.031   0.069   0.005   0.005   0.101   0.004   0.002   0.001   0.104 745396700
10.20   6.28   58.656
10.20   4.00    0.309    0.130
10.20   4.00    0.438   58.656
10.20   4.00    0.415    0.353   0.438   0.324
10.20   4.00    0.415    0.353   0.438   0.324

10.21   0.00    0.322    0.322   0.031   0.069   0.005   0.005   0.101   0.004   0.002   0.001   0.104 746127500
10.21   6.28   58.644
10.21   4.00    0.309    0.130
10.21   4.00    0.438   58.644
10.21   4.00    0.415    0.353   0.438   0.324
10.21   4.00    0.415    0.353   0.438   0.324

10.22   0.00    0.322    0.322   0.031   0.069   0.005   0.005   0.101   0.004   0.002   0.001   0.104 746858300
10.22   6.27   58.632
10.22   4.00    0.308    0.130
10.22   4.00    0.438   58.632
10.22   4.00    0.414    0.353   0.438   0.324
10.22   4.00    0.414    0.353   0.438   0.324

10.23   0.00    0.322    0.322   0.031   0.069   0.005   0.005   0.101   0.004   0.002   0.001   0.104 747589000
10.23   6.27   58.621
10.23   4.00    0.308    0.130
10.23   4.00    0.438   58.621
10.23   4.00    0.414    0.353   0.438   0.324
10.23   4.00    0.414    0.353   0.438   0.324

10.24   0.00    0.322    0.322   0.031   0.069   0.005   0.005   0.101   0.004   0.002   0.001   0.104 748319800
10.24   6.27   58.609
10.24   4.00    0.308    0.130
10.24   4.00    0.438   58.609
10.24   4.00    0.414    0.353   0.438   0.324
10.24   4.00    0.414    0.353   0.438   0.324

10.25   0.00    0.322    0.322   0.031   0.069   0.005   0.005   0.101   0.004   0.002   0.001   0.104 749050600
10.25   6.27   58.597
10.25   4.00    0.308    0.130
10.25   4.00    0.438   58.597
10.25   4.00    0.414    0.353   0.438   0.324
10.25   4.00    0.414    0.353   0.438   0.324

10.26   0.00    0.322    0.322   0.031   0.069   0.005   0.005   0.101   0.004   0.002   0.001   0.104 749781400
10.26   6.27   58.585
10.26   4.00    0.308    0.130
10.26   4.00    0.437   58.585
10.26   4.00    0.414    0.353   0.437   0.323
10.26   4.00    0.414    0.353   0.437   0.323

10.27   0.00    0.322    0.322   0.031   0.069   0.005   0.005   0.101   0.004   0.002   0.001   0.104 750512200
10.27   6.26   58.573
10.27   4.00    0.308    0.130
10.27   4.00    0.437   58.573
10.27   4.00    0.414    0.353   0.437   0.323
10.27   4.00    0.414    0.353   0.437   0.323

10.28   0.00    0.322    0.322   0.031   0.069   0.005   0.005   0.101   0.004   0.002   0.001   0.104 751242900
10.28   6.26   58.561
10.28   4.00    0.307    0.130
10.28   4.00    0.437   58.561
10.28   4.00    0.413    0.353   0.437   0.323
10.28   4.00    0.413    0.353   0.437   0.323

10.29   0.00    0.322    0.322   0.031   0.069   0.005   0.005   0.101   0.004   0.002   0.001   0.104 751973700
10.29   6.26   58.549
10.29   4.00    0.307    0.130
10.29   4.00    0.437   58.549
10.29   4.00    0.413    0.353   0.437   0.323
10.29   4.00    0.413    0.353   0.437   0.323

10.30   0.00    0.322    0.322   0.031   0.069   0.005   0.005   0.101   0.004   0.002   0.001   0.104 752704500
10.30   6.26   58.537
10.30   4.00    0.307    0.130
10.30   4.00    0.437   58.537
10.30   4.00    0.413    0.353   0.437   0.323
10.30   4.00    0.413    0.353   0.437   0.323

10.31   0.00    0.322    0.322   0.031   0.069   0.005   0.005   0.101   0.004   0.002   0.001   0.104 753435300
10.31   6.25   58.526
10.31   4.00    0.307    0.130
10.31   4.00    0.437   58.526
10.31   4.00    0.413    0.353   0.437   0.323
10.31   4.00    0.413    0.353   0.437   0.323

10.32   0.00    0.322    0.322   0.031   0.069   0.005   0.005   0.101   0.004   0.002   0.001   0.104 754166000
10.32   6.25   58.514
10.32   4.00    0.307    0.130
10.32   4.00    0.436   58.514
10.32   4.00    0.413    0.353   0.436   0.323
10.32   4.00    0.413    0.353   0.436   0.323

10.33   0.00    0.322    0.322   0.031   0.069   0.005   0.005   0.101   0.004   0.002   0.001   0.104 754896800
10.33   6.25   58.502
10.33   4.00    0.307    0.130
10.33   4.00    0.436   58.502
10.33   4.00    0.413    0.353   0.436   0.323
10.33   4.00    0.413    0.353   0.436   0.323

10.34   0.00    0.322    0.322   0.031   0.069   0.005   0.005   0.101   0.004   0.002   0.001   0.104 755627600
10.34   6.25   58.490
10.34   4.00    0.306    0.130
10.34   4.00    0.436   58.490
10.34   4.00    0.412    0.353   0.436   0.323
10.34   4.00    0.412    0.353   0.436   0.323

10.35   0.00    0.322    0.322   0.031   0.069   0.005   0.005   0.101   0.004   0.002   0.001   0.104 756358500
10.35   6.24   58.478
10.35   4.00    0.306    0.130
10.35   4.00    0.436   58.478
10.35   4.00    0.412    0.353   0.436   0.323
10.35   4.00    0.412    0.353   0.436   0.323

10.36   0.00    0.322    0.322   0.031   0.069   0.005   0.005   0.101   0.004   0.002   0.001   0.104 757089200
10.36   6.24   58.467
10.36   4.00    0.306    0.130
10.36   4.00    0.436   58.467
10.36   4.00    0.412    0.353   0.436   0.323
10.36   4.00    0.412    0.353   0.436   0.323

10.37   0.00    0.322    0.322   0.031   0.069   0.005   0.005   0.101   0.004   0.002   0.001   0.104 757820000
10.37   6.24   58.455
10.37   4.00    0.306    0.130
10.37   4.00    0.436   58.455
10.37   4.00    0.412    0.353   0.436   0.323
10.37   4.00    0.412    0.353   0.436   0.323

10.38   0.00    0.322    0.322   0.031   0.069   0.005   0.005   0.101   0.004   0.002   0.001   0.104 758550800
10.38   6.24   58.443
10.38   4.00    0.306    0.130
10.38   4.00    0.435   58.443
10.38   4.00    0.412    0.353   0.435   0.323
10.38   4.00    0.412    0.353   0.435   0.323

10.39   0.00    0.322    0.322   0.031   0.069   0.005   0.005   0.101   0.004   0.002   0.001   0.104 759281500
10.39   6.23   58.431
10.39   4.00    0.306    0.130
10.39   4.00    0.435   58.431
10.39   4.00    0.412    0.353   0.435   0.323
10.39   4.00    0.412    0.353   0.435   0.323

10.40   0.00    0.322    0.322   0.031   0.069   0.005   0.005   0.101   0.004   0.002   0.001   0.104 760012300
10.40   6.23   58.420
10.40   4.00    0.305    0.130
10.40   4.00    0.435   58.420
10.40   4.00    0.411    0.353   0.435   0.323
10.40   4.00    0.411    0.353   0.435   0.323

10.41   0.00    0.322    0.322   0.031   0.069   0.005   0.005   0.101   0.004   0.002   0.001   0.104 760743100
10.41   6.23   58.408
10.41   4.00    0.305    0.130
10.41   4.00    0.435   58.408
10.41   4.00    0.411    0.353   0.435   0.323
10.41   4.00    0.411    0.353   0.435   0.323

10.42   0.00    0.322    0.322   0.031   0.069   0.005   0.005   0.101   0.004   0.002   0.001   0.104 761473900
10.42   6.23   58.396
10.42   4.00    0.305    0.130
10.42   4.00    0.435   58.396
10.42   4.00    0.411    0.353   0.435   0.323
10.42   4.00    0.411    0.353   0.435   0.323

10.43   0.00    0.322    0.322   0.031   0.069   0.005   0.005   0.101   0.004   0.002   0.001   0.104 762204700
10.43   6.23   58.385
10.43   4.00    0.305    0.130
10.43   4.00    0.435   58.385
10.43   4.00    0.411    0.353   0.435   0.323
10.43   4.00    0.411    0.353   0.435   0.323

10.44   0.00    0.322    0.322   0.031   0.069   0.005   0.005   0.101   0.004   0.002   0.001   0.104 762935400
10.44   6.22   58.373
10.44   4.00    0.305    0.130
10.44   4.00    0.434   58.373
10.44   4.00    0.411    0.353   0.434   0.323
10.44   4.00    0.411    0.353   0.434   0.323

10.45   0.00    0.322    0.322   0.031   0.069   0.005   0.005   0.101   0.004   0.002   0.001   0.104 763666200
10.45   6.22   58.361
10.45   4.00    0.305    0.130
10.45   4.00    0.434   58.361
10.45   4.00    0.411    0.353   0.434   0.323
10.45   4.00    0.411    0.353   0.434   0.323

10.46   0.00    0.322    0.322   0.031   0.069   0.005   0.005   0.101   0.004   0.002   0.001   0.104 764397000
10.46   6.22   58.350
10.46   4.00    0.304    0.130
10.46   4.00    0.434   58.350
10.46   4.00    0.411    0.353   0.434   0.323
10.46   4.00    0.411    0.353   0.434   0.323

10.47   0.00    0.322    0.322   0.031   0.069   0.005   0.005   0.101   0.004   0.002   0.001   0.104 765127800
10.47   6.22   58.338
10.47   4.00    0.304    0.130
10.47   4.00    0.434   58.338
10.47   4.00    0.410    0.353   0.434   0.323
10.47   4.00    0.410    0.353   0.434   0.323

10.48   0.00    0.322    0.322   0.031   0.069   0.005   0.005   0.101   0.004   0.002   0.001   0.104 765858600
10.48   6.21   58.327
10.48   4.00    0.304    0.130
10.48   4.00    0.434   58.327
10.48   4.00    0.410    0.353   0.434   0.323
10.48   4.00    0.410    0.353   0.434   0.323

10.49   0.00    0.321    0.321   0.031   0.069   0.005   0.005   0.101   0.004   0.002   0.001   0.104 766589300
10.49   6.21   58.315
10.49   4.00    0.304    0.130
10.49   4.00    0.434   58.315
10.49   4.00    0.410    0.353   0.434   0.323
10.49   4.00    0.410    0.353   0.434   0.323

10.50   0.00    0.321    0.321   0.031   0.069   0.005   0.005   0.101   0.004   0.002   0.001   0.104 767320100
10.50   6.21   58.303
10.50   4.00    0.304    0.130
10.50   4.00    0.433   58.303
10.50   4.00    0.410    0.352   0.433   0.323
10.50   4.00    0.410    0.352   0.433   0.323

10.51   0.00    0.321    0.321   0.031   0.069   0.005   0.005   0.101   0.004   0.002   0.001   0.104 768050900
10.51   6.21   58.292
10.51   4.00    0.304    0.130
10.51   4.00    0.433   58.292
10.51   4.00    0.410    0.352   0.433   0.323
10.51   4.00    0.410    0.352   0.433   0.323

10.52   0.00    0.321    0.321   0.031   0.069   0.005   0.005   0.101   0.004   0.002   0.001   0.104 768781700
10.52   6.20   58.280
10.52   4.00    0.303    0.130
10.52   4.00    0.433   58.280
10.52   4.00    0.410    0.352   0.433   0.323
10.52   4.00    0.410    0.352   0.433   0.323

10.53   0.00    0.321    0.321   0.031   0.069   0.005   0.005   0.101   0.004   0.002   0.001   0.104 769512400
10.53   6.20   58.269
10.53   4.00    0.303    0.130
10.53   4.00    0.433   58.269
10.53   4.00    0.409    0.352   0.433   0.323
10.53   4.00    0.409    0.352   0.433   0.323

10.54   0.00    0.321    0.321   0.031   0.069   0.005   0.005   0.101   0.004   0.002   0.001   0.104 770243300
10.54   6.20   58.257
10.54   4.00    0.303    0.130
10.54   4.00    0.433   58.257
10.54   4.00    0.409    0.352   0.433   0.323
10.54   4.00    0.409    0.352   0.433   0.323

10.55   0.00    0.321    0.321   0.031   0.069   0.005   0.005   0.101   0.004   0.002   0.001   0.104 770974000
10.55   6.20   58.246
10.55   4.00    0.303    0.130
10.55   4.00    0.433   58.246
10.55   4.00    0.409    0.352   0.433   0.323
10.55   4.00    0.409    0.352   0.433   0.323

10.56   0.00    0.321    0.321   0.031   0.069   0.005   0.005   0.101   0.004   0.002   0.001   0.104 771704800
10.56   6.20   58.234
10.56   4.00    0.303    0.130
10.56   4.00    0.433   58.234
10.56   4.00    0.409    0.352   0.433   0.323
10.56   4.00    0.409    0.352   0.433   0.323

10.57   0.00    0.321    0.321   0.031   0.069   0.005   0.005   0.101   0.004   0.002   0.001   0.104 772435600
10.57   6.19   58.223
10.57   4.00    0.303    0.130
10.57   4.00    0.432   58.223
10.57   4.00    0.409    0.352   0.432   0.323
10.57   4.00    0.409    0.352   0.432   0.323

10.58   0.00    0.321    0.321   0.031   0.069   0.005   0.005   0.101   0.004   0.002   0.001   0.104 773166400
10.58   6.19   58.211
10.58   4.00    0.302    0.130
10.58   4.00    0.432   58.211
10.58   4.00    0.409    0.352   0.432   0.323
10.58   4.00    0.409    0.352   0.432   0.323

10.59   0.00    0.321    0.321   0.031   0.069   0.005   0.005   0.101   0.004   0.002   0.001   0.104 773897200
10.59   6.19   58.200
10.59   4.00    0.302    0.130
10.59   4.00    0.432   58.200
10.59   4.00    0.408    0.352   0.432   0.323
10.59   4.00    0.408    0.352   0.432   0.323

10.60   0.00    0.321    0.321   0.031   0.069   0.005   0.005   0.101   0.004   0.002   0.001   0.104 774628000
10.60   6.19   58.188
10.60   4.00    0.302    0.130
10.60   4.00    0.432   58.188
10.60   4.00    0.408    0.352   0.432   0.323
10.60   4.00    0.408    0.352   0.432   0.323

10.61   0.00    0.321    0.321   0.031   0.069   0.005   0.005   0.101   0.004   0.002   0.001   0.104 775358700
10.61   6.18   58.177
10.61   4.00    0.302    0.130
10.61   4.00    0.432   58.177
10.61   4.00    0.408    0.352   0.432   0.323
10.61   4.00    0.408    0.352   0.432   0.323

10.62   0.00    0.321    0.321   0.031   0.069   0.005   0.005   0.101   0.004   0.002   0.001   0.104 776089500
10.62   6.18   58.165
10.62   4.00    0.302    0.130
10.62   4.00    0.432   58.165
10.62   4.00    0.408    0.352   0.432   0.323
10.62   4.00    0.408    0.352   0.432   0.323

10.63   0.00    0.321    0.321   0.031   0.069   0.005   0.005   0.101   0.004   0.002   0.001   0.104 776820300
10.63   6.18   58.154
10.63   4.00    0.302    0.130
10.63   4.00    0.431   58.154
10.63   4.00    0.408    0.352   0.431   0.323
10.63   4.00    0.408    0.352   0.431   0.323

10.64   0.00    0.321    0.321   0.031   0.069   0.005   0.005   0.101   0.004   0.002   0.001   0.104 777551100
10.64   6.18   58.143
10.64   4.00    0.302    0.130
10.64   4.00    0.431   58.143
10.64   4.00    0.408    0.352   0.431   0.323
10.64   4.00    0.408    0.352   0.431   0.323

10.65   0.00    0.321    0.321   0.031   0.069   0.005   0.005   0.101   0.004   0.002   0.001   0.104 778281800
10.65   6.18   58.131
10.65   4.00    0.301    0.130
10.65   4.00    0.431   58.131
10.65   4.00    0.408    0.352   0.431   0.323
10.65   4.00    0.408    0.352   0.431   0.323

10.66   0.00    0.321    0.321   0.031   0.069   0.005   0.005   0.101   0.004   0.002   0.001   0.104 779012600
10.66   6.17   58.120
10.66   4.00    0.301    0.130
10.66   4.00    0.431   58.120
10.66   4.00    0.407    0.352   0.431   0.323
10.66   4.00    0.407    0.352   0.431   0.323

10.67   0.00    0.321    0.321   0.031   0.069   0.005   0.005   0.101   0.004   0.002   0.001   0.104 779743400
10.67   6.17   58.109
10.67   4.00    0.301    0.130
10.67   4.00    0.431   58.109
10.67   4.00    0.407    0.352   0.431   0.323
10.67   4.00    0.407    0.352   0.431   0.323

10.68   0.00    0.321    0.321   0.031   0.069   0.005   0.005   0.101   0.004   0.002   0.001   0.104 780474200
10.68   6.17   58.097
10.68   4.00    0.301    0.130
10.68   4.00    0.431   58.097
10.68   4.00    0.407    0.352   0.431   0.323
10.68   4.00    0.407    0.352   0.431   0.323

10.69   0.00    0.321    0.321   0.031   0.069   0.005   0.005   0.101   0.004   0.002   0.001   0.104 781204900
10.69   6.17   58.086
10.69   4.00    0.301    0.130
10.69   4.00    0.430   58.086
10.69   4.00    0.407    0.352   0.430   0.323
10.69   4.00    0.407    0.352   0.430   0.323

10.70   0.00    0.321    0.321   0.031   0.069   0.005   0.005   0.101   0.004   0.002   0.001   0.104 781935700
10.70   6.16   58.075
10.70   4.00    0.301    0.130
10.70   4.00    0.430   58.075
10.70   4.00    0.407    0.352   0.430   0.323
10.70   4.00    0.407    0.352   0.430   0.323

10.71   0.00    0.321    0.321   0.031   0.069   0.005   0.005   0.101   0.004   0.002   0.001   0.104 782666600
10.71   6.16   58.063
10.71   4.00    0.300    0.130
10.71   4.00    0.430   58.063
10.71   4.00    0.407    0.352   0.430   0.323
10.71   4.00    0.407    0.352   0.430   0.323

10.72   0.00    0.321    0.321   0.031   0.069   0.005   0.005   0.101   0.004   0.002   0.001   0.104 783397300
10.72   6.16   58.052
10.72   4.00    0.300    0.130
10.72   4.00    0.430   58.052
10.72   4.00    0.406    0.352   0.430   0.323
10.72   4.00    0.406    0.352   0.430   0.323

10.73   0.00    0.321    0.321   0.031   0.069   0.005   0.005   0.101   0.004   0.002   0.001   0.104 784128100
10.73   6.16   58.041
10.73   4.00    0.300    0.130
10.73   4.00    0.430   58.041
10.73   4.00    0.406    0.352   0.430   0.323
10.73   4.00    0.406    0.352   0.430   0.323

10.74   0.00    0.321    0.321   0.031   0.069   0.005   0.005   0.101   0.004   0.002   0.001   0.104 784858900
10.74   6.16   58.029
10.74   4.00    0.300    0.130
10.74   4.00    0.430   58.029
10.74   4.00    0.406    0.352   0.430   0.323
10.74   4.00    0.406    0.352   0.430   0.323

10.75   0.00    0.321    0.321   0.031   0.069   0.005   0.005   0.101   0.004   0.002   0.001   0.104 785589600
10.75   6.15   58.018
10.75   4.00    0.300    0.130
10.75   4.00    0.430   58.018
10.75   4.00    0.406    0.352   0.430   0.323
10.75   4.00    0.406    0.352   0.430   0.323

10.76   0.00    0.321    0.321   0.031   0.069   0.005   0.005   0.101   0.004   0.002   0.001   0.104 786320400
10.76   6.15   58.007
10.76   4.00    0.300    0.130
10.76   4.00    0.429   58.007
10.76   4.00    0.406    0.352   0.429   0.323
10.76   4.00    0.406    0.352   0.429   0.323

10.77   0.00    0.321    0.321   0.031   0.069   0.005   0.005   0.101   0.004   0.002   0.001   0.104 787051300
10.77   6.15   57.996
10.77   4.00    0.300    0.130
10.77   4.00    0.429   57.996
10.77   4.00    0.406    0.352   0.429   0.323
10.77   4.00    0.406    0.352   0.429   0.323

10.78   0.00    0.321    0.321   0.031   0.069   0.005   0.005   0.101   0.004   0.002   0.001   0.104 787782000
10.78   6.15   57.984
10.78   4.00    0.299    0.130
10.78   4.00    0.429   57.984
10.78   4.00    0.406    0.352   0.429   0.323
10.78   4.00    0.406    0.352   0.429   0.323

10.79   0.00    0.321    0.321   0.031   0.069   0.005   0.005   0.101   0.004   0.002   0.001   0.104 788512800
10.79   6.14   57.973
10.79   4.00    0.299    0.130
10.79   4.00    0.429   57.973
10.79   4.00    0.405    0.352   0.429   0.323
10.79   4.00    0.405    0.352   0.429   0.323

10.80   0.00    0.321    0.321   0.031   0.069   0.005   0.005   0.101   0.004   0.002   0.001   0.104 789243600
10.80   6.14   57.962
10.80   4.00    0.299    0.130
10.80   4.00    0.429   57.962
10.80   4.00    0.405    0.352   0.429   0.322
10.80   4.00    0.405    0.352   0.429   0.322

10.81   0.00    0.321    0.321   0.031   0.069   0.005   0.005   0.101   0.004   0.002   0.001   0.104 789974400
10.81   6.14   57.951
10.81   4.00    0.299    0.130
10.81   4.00    0.429   57.951
10.81   4.00    0.405    0.352   0.429   0.322
10.81   4.00    0.405    0.352   0.429   0.322

10.82   0.00    0.321    0.321   0.031   0.069   0.005   0.005   0.101   0.004   0.002   0.001   0.104 790705100
10.82   6.14   57.940
10.82   4.00    0.299    0.130
10.82   4.00    0.428   57.940
10.82   4.00    0.405    0.352   0.428   0.322
10.82   4.00    0.405    0.352   0.428   0.322

10.83   0.00    0.321    0.321   0.031   0.069   0.005   0.005   0.101   0.004   0.002   0.001   0.104 791435900
10.83   6.14   57.929
10.83   4.00    0.299    0.130
10.83   4.00    0.428   57.929
10.83   4.00    0.405    0.352   0.428   0.322
10.83   4.00    0.405    0.352   0.428   0.322

10.84   0.00    0.321    0.321   0.031   0.069   0.005   0.005   0.100   0.004   0.002   0.001   0.104 792166700
10.84   6.13   57.917
10.84   4.00    0.298    0.130
10.84   4.00    0.428   57.917
10.84   4.00    0.405    0.352   0.428   0.322
10.84   4.00    0.405    0.352   0.428   0.322

10.85   0.00    0.321    0.321   0.031   0.069   0.005   0.005   0.100   0.004   0.002   0.001   0.104 792897500
10.85   6.13   57.906
10.85   4.00    0.298    0.130
10.85   4.00    0.428   57.906
10.85   4.00    0.405    0.351   0.428   0.322
10.85   4.00    0.405    0.351   0.428   0.322

10.86   0.00    0.321    0.321   0.031   0.069   0.005   0.005   0.100   0.004   0.002   0.001   0.104 793628200
10.86   6.13   57.895
10.86   4.00    0.298    0.130
10.86   4.00    0.428   57.895
10.86   4.00    0.404    0.351   0.428   0.322
10.86   4.00    0.404    0.351   0.428   0.322

10.87   0.00    0.321    0.321   0.031   0.069   0.005   0.005   0.100   0.004   0.002   0.001   0.104 794359000
10.87   6.13   57.884
10.87   4.00    0.298    0.130
10.87   4.00    0.428   57.884
10.87   4.00    0.404    0.351   0.428   0.322
10.87   4.00    0.404    0.351   0.428   0.322

10.88   0.00    0.321    0.321   0.031   0.069   0.005   0.005   0.100   0.004   0.002   0.001   0.104 795089800
10.88   6.12   57.873
10.88   4.00    0.298    0.130
10.88   4.00    0.428   57.873
10.88   4.00    0.404    0.351   0.428   0.322
10.88   4.00    0.404    0.351   0.428   0.322

10.89   0.00    0.321    0.321   0.031   0.069   0.005   0.005   0.100   0.004   0.002   0.001   0.104 795820600
10.89   6.12   57.862
10.89   4.00    0.298    0.130
10.89   4.00    0.427   57.862
10.89   4.00    0.404    0.351   0.427   0.322
10.89   4.00    0.404    0.351   0.427   0.322

10.90   0.00    0.321    0.321   0.031   0.069   0.005   0.005   0.100   0.004   0.002   0.001   0.104 796551400
10.90   6.12   57.851
10.90   4.00    0.298    0.130
10.90   4.00    0.427   57.851
10.90   4.00    0.404    0.351   0.427   0.322
10.90   4.00    0.404    0.351   0.427   0.322

10.91   0.00    0.321    0.321   0.031   0.069   0.005   0.005   0.100   0.004   0.002   0.001   0.104 797282100
10.91   6.12   57.840
10.91   4.00    0.297    0.130
10.91   4.00    0.427   57.840
10.91   4.00    0.404    0.351   0.427   0.322
10.91   4.00    0.404    0.351   0.427   0.322

10.92   0.00    0.321    0.321   0.031   0.069   0.005   0.005   0.100   0.004   0.002   0.001   0.104 798012900
10.92   6.12   57.829
10.92   4.00    0.297    0.130
10.92   4.00    0.427   57.829
10.92   4.00    0.403    0.351   0.427   0.322
10.92   4.00    0.403    0.351   0.427   0.322

10.93   0.00    0.321    0.321   0.031   0.069   0.005   0.005   0.100   0.004   0.002   0.001   0.104 798743700
10.93   6.11   57.818
10.93   4.00    0.297    0.130
10.93   4.00    0.427   57.818
10.93   4.00    0.403    0.351   0.427   0.322
10.93   4.00    0.403    0.351   0.427   0.322

10.94   0.00    0.321    0.321   0.031   0.069   0.005   0.005   0.100   0.004   0.002   0.001   0.104 799474500
10.94   6.11   57.807
10.94   4.00    0.297    0.130
10.94   4.00    0.427   57.807
10.94   4.00    0.403    0.351   0.427   0.322
10.94   4.00    0.403    0.351   0.427   0.322

10.95   0.00    0.321    0.321   0.031   0.069   0.005   0.005   0.100   0.004   0.002   0.001   0.104 800205200
10.95   6.11   57.796
10.95   4.00    0.297    0.130
10.95   4.00    0.427   57.796
10.95   4.00    0.403    0.351   0.427   0.322
10.95   4.00    0.403    0.351   0.427   0.322

10.96   0.00    0.321    0.321   0.031   0.069   0.005   0.005   0.100   0.004   0.002   0.001   0.104 800936100
10.96   6.11   57.785
10.96   4.00    0.297    0.130
10.96   4.00    0.426   57.785
10.96   4.00    0.403    0.351   0.426   0.322
10.96   4.00    0.403    0.351   0.426   0.322

10.97   0.00    0.321    0.321   0.031   0.069   0.005   0.005   0.100   0.004   0.002   0.001   0.104 801666900
10.97   6.11   57.774
10.97   4.00    0.297    0.130
10.97   4.00    0.426   57.774
10.97   4.00    0.403    0.351   0.426   0.322
10.97   4.00    0.403    0.351   0.426   0.322

10.98   0.00    0.321    0.321   0.031   0.069   0.005   0.005   0.100   0.004   0.002   0.001   0.104 802397600
10.98   6.10   57.763
10.98   4.00    0.296    0.130
10.98   4.00    0.426   57.763
10.98   4.00    0.403    0.351   0.426   0.322
10.98   4.00    0.403    0.351   0.426   0.322

10.99   0.00    0.321    0.321   0.031   0.069   0.005   0.005   0.100   0.004   0.002   0.001   0.104 803128400
10.99   6.10   57.752
10.99   4.00    0.296    0.130
10.99   4.00    0.426   57.752
10.99   4.00    0.402    0.351   0.426   0.322
10.99   4.00    0.402    0.351   0.426   0.322

11.00   0.00    0.321    0.321   0.031   0.069   0.005   0.005   0.100   0.004   0.002   0.001   0.104 803859200
11.00   6.10   57.741
11.00   4.00    0.296    0.130
11.00   4.00    0.426   57.741
11.00   4.00    0.402    0.351   0.426   0.322
11.00   4.00    0.402    0.351   0.426   0.322

11.01   0.00    0.321    0.321   0.031   0.069   0.005   0.005   0.100   0.004   0.002   0.001   0.104 804590000
11.01   6.10   57.730
11.01   4.00    0.296    0.130
11.01   4.00    0.426   57.730
11.01   4.00    0.402    0.351   0.426   0.322
11.01   4.00    0.402    0.351   0.426   0.322

11.02   0.00    0.321    0.321   0.031   0.069   0.005   0.005   0.100   0.004   0.002   0.001   0.104 805320800
11.02   6.10   57.719
11.02   4.00    0.296    0.130
11.02   4.00    0.426   57.719
11.02   4.00    0.402    0.351   0.426   0.322
11.02   4.00    0.402    0.351   0.426   0.322

11.03   0.00    0.321    0.321   0.031   0.069   0.005   0.005   0.100   0.004   0.002   0.001   0.104 806051500
11.03   6.09   57.708
11.03   4.00    0.296    0.130
11.03   4.00    0.425   57.708
11.03   4.00    0.402    0.351   0.425   0.322
11.03   4.00    0.402    0.351   0.425   0.322

11.04   0.00    0.321    0.321   0.031   0.069   0.005   0.005   0.100   0.004   0.002   0.001   0.104 806782300
11.04   6.09   57.697
11.04   4.00    0.295    0.130
11.04   4.00    0.425   57.697
11.04   4.00    0.402    0.351   0.425   0.322
11.04   4.00    0.402    0.351   0.425   0.322

11.05   0.00    0.321    0.321   0.031   0.069   0.005   0.005   0.100   0.004   0.002   0.001   0.104 807513100
11.05   6.09   57.686
11.05   4.00    0.295    0.130
11.05   4.00    0.425   57.686
11.05   4.00    0.402    0.351   0.425   0.322
11.05   4.00    0.402    0.351   0.425   0.322

11.06   0.00    0.320    0.320   0.031   0.069   0.005   0.005   0.100   0.004   0.002   0.001   0.104 808243900
11.06   6.09   57.675
11.06   4.00    0.295    0.130
11.06   4.00    0.425   57.675
11.06   4.00    0.401    0.351   0.425   0.322
11.06   4.00    0.401    0.351   0.425   0.322

11.07   0.00    0.320    0.320   0.031   0.069   0.005   0.005   0.100   0.004   0.002   0.001   0.104 808974700
11.07   6.08   57.664
11.07   4.00    0.295    0.130
11.07   4.00    0.425   57.664
11.07   4.00    0.401    0.351   0.425   0.322
11.07   4.00    0.401    0.351   0.425   0.322

11.08   0.00    0.320    0.320   0.031   0.069   0.005   0.005   0.100   0.004   0.002   0.001   0.104 809705400
11.08   6.08   57.653
11.08   4.00    0.295    0.130
11.08   4.00    0.425   57.653
11.08   4.00    0.401    0.351   0.425   0.322
11.08   4.00    0.401    0.351   0.425   0.322

11.09   0.00    0.320    0.320   0.031   0.069   0.005   0.005   0.100   0.004   0.002   0.001   0.104 810436200
11.09   6.08   57.643
11.09   4.00    0.295    0.130
11.09   4.00    0.424   57.643
11.09   4.00    0.401    0.351   0.424   0.322
11.09   4.00    0.401    0.351   0.424   0.322

11.10   0.00    0.320    0.320   0.031   0.069   0.005   0.005   0.100   0.004   0.002   0.001   0.104 811167000
11.10   6.08   57.632
11.10   4.00    0.295    0.130
11.10   4.00    0.424   57.632
11.10   4.00    0.401    0.351   0.424   0.322
11.10   4.00    0.401    0.351   0.424   0.322

11.11   0.00    0.320    0.320   0.031   0.069   0.005   0.005   0.100   0.004   0.002   0.001   0.104 811897700
11.11   6.08   57.621
11.11   4.00    0.294    0.130
11.11   4.00    0.424   57.621
11.11   4.00    0.401    0.351   0.424   0.322
11.11   4.00    0.401    0.351   0.424   0.322

11.12   0.00    0.320    0.320   0.031   0.069   0.005   0.005   0.100   0.004   0.002   0.001   0.104 812628500
11.12   6.07   57.610
11.12   4.00    0.294    0.130
11.12   4.00    0.424   57.610
11.12   4.00    0.401    0.351   0.424   0.322
11.12   4.00    0.401    0.351   0.424   0.322

11.13   0.00    0.320    0.320   0.031   0.069   0.005   0.005   0.100   0.004   0.002   0.001   0.104 813359400
11.13   6.07   57.599
11.13   4.00    0.294    0.130
11.13   4.00    0.424   57.599
11.13   4.00    0.400    0.351   0.424   0.322
11.13   4.00    0.400    0.351   0.424   0.322

11.14   0.00    0.320    0.320   0.031   0.069   0.004   0.005   0.100   0.004   0.002   0.001   0.104 814090100
11.14   6.07   57.589
11.14   4.00    0.294    0.130
11.14   4.00    0.424   57.589
11.14   4.00    0.400    0.351   0.424   0.322
11.14   4.00    0.400    0.351   0.424   0.322

11.15   0.00    0.320    0.320   0.031   0.069   0.004   0.005   0.100   0.004   0.002   0.001   0.104 814820900
11.15   6.07   57.578
11.15   4.00    0.294    0.130
11.15   4.00    0.424   57.578
11.15   4.00    0.400    0.351   0.424   0.322
11.15   4.00    0.400    0.351   0.424   0.322

11.16   0.00    0.320    0.320   0.031   0.069   0.004   0.005   0.100   0.004   0.002   0.001   0.104 815551700
11.16   6.07   57.567
11.16   4.00    0.294    0.130
11.16   4.00    0.423   57.567
11.16   4.00    0.400    0.351   0.423   0.322
11.16   4.00    0.400    0.351   0.423   0.322

11.17   0.00    0.320    0.320   0.031   0.069   0.004   0.005   0.100   0.004   0.002   0.001   0.104 816282500
11.17   6.06   57.556
11.17   4.00    0.294    0.130
11.17   4.00    0.423   57.556
11.17   4.00    0.400    0.351   0.423   0.322
11.17   4.00    0.400    0.351   0.423   0.322

11.18   0.00    0.320    0.320   0.031   0.069   0.004   0.005   0.100   0.004   0.002   0.001   0.104 817013200
11.18   6.06   57.545
11.18   4.00    0.293    0.130
11.18   4.00    0.423   57.545
11.18   4.00    0.400    0.351   0.423   0.322
11.18   4.00    0.400    0.351   0.423   0.322

11.19   0.00    0.320    0.320   0.031   0.069   0.004   0.005   0.100   0.004   0.002   0.001   0.104 817744000
11.19   6.06   57.535
11.19   4.00    0.293    0.130
11.19   4.00    0.423   57.535
11.19   4.00    0.400    0.351   0.423   0.322
11.19   4.00    0.400    0.351   0.423   0.322

11.20   0.00    0.320    0.320   0.031   0.069   0.004   0.005   0.100   0.004   0.002   0.001   0.104 818474800
11.20   6.06   57.524
11.20   4.00    0.293    0.130
11.20   4.00    0.423   57.524
11.20   4.00    0.399    0.351   0.423   0.322
11.20   4.00    0.399    0.351   0.423   0.322

11.21   0.00    0.320    0.320   0.031   0.069   0.004   0.005   0.100   0.004   0.002   0.001   0.104 819205600
11.21   6.06   57.513
11.21   4.00    0.293    0.130
11.21   4.00    0.423   57.513
11.21   4.00    0.399    0.351   0.423   0.322
11.21   4.00    0.399    0.351   0.423   0.322

11.22   0.00    0.320    0.320   0.031   0.069   0.004   0.005   0.100   0.004   0.002   0.001   0.104 819936400
11.22   6.05   57.503
11.22   4.00    0.293    0.130
11.22   4.00    0.423   57.503
11.22   4.00    0.399    0.351   0.423   0.322
11.22   4.00    0.399    0.351   0.423   0.322

11.23   0.00    0.320    0.320   0.031   0.069   0.004   0.005   0.100   0.004   0.002   0.001   0.104 820667100
11.23   6.05   57.492
11.23   4.00    0.293    0.130
11.23   4.00    0.422   57.492
11.23   4.00    0.399    0.350   0.422   0.322
11.23   4.00    0.399    0.350   0.422   0.322

11.24   0.00    0.320    0.320   0.031   0.069   0.004   0.005   0.100   0.004   0.002   0.001   0.104 821397900
11.24   6.05   57.481
11.24   4.00    0.293    0.130
11.24   4.00    0.422   57.481
11.24   4.00    0.399    0.350   0.422   0.322
11.24   4.00    0.399    0.350   0.422   0.322

11.25   0.00    0.320    0.320   0.031   0.069   0.004   0.005   0.100   0.004   0.002   0.001   0.104 822128700
11.25   6.05   57.471
11.25   4.00    0.292    0.130
11.25   4.00    0.422   57.471
11.25   4.00    0.399    0.350   0.422   0.322
11.25   4.00    0.399    0.350   0.422   0.322

11.26   0.00    0.320    0.320   0.031   0.069   0.004   0.005   0.100   0.004   0.002   0.001   0.104 822859500
11.26   6.05   57.460
11.26   4.00    0.292    0.130
11.26   4.00    0.422   57.460
11.26   4.00    0.399    0.350   0.422   0.322
11.26   4.00    0.399    0.350   0.422   0.322

11.27   0.00    0.320    0.320   0.031   0.069   0.004   0.005   0.100   0.004   0.002   0.001   0.104 823590300
11.27   6.04   57.449
11.27   4.00    0.292    0.130
11.27   4.00    0.422   57.449
11.27   4.00    0.398    0.350   0.422   0.322
11.27   4.00    0.398    0.350   0.422   0.322

11.28   0.00    0.320    0.320   0.031   0.069   0.004   0.005   0.100   0.004   0.002   0.001   0.104 824321000
11.28   6.04   57.439
11.28   4.00    0.292    0.130
11.28   4.00    0.422   57.439
11.28   4.00    0.398    0.350   0.422   0.322
11.28   4.00    0.398    0.350   0.422   0.322

11.29   0.00    0.320    0.320   0.031   0.069   0.004   0.005   0.100   0.004   0.002   0.001   0.104 825051800
11.29   6.04   57.428
11.29   4.00    0.292    0.130
11.29   4.00    0.422   57.428
11.29   4.00    0.398    0.350   0.422   0.322
11.29   4.00    0.398    0.350   0.422   0.322

11.30   0.00    0.320    0.320   0.031   0.069   0.004   0.005   0.100   0.004   0.002   0.001   0.104 825782700
11.30   6.04   57.417
11.30   4.00    0.292    0.130
11.30   4.00    0.422   57.417
11.30   4.00    0.398    0.350   0.422   0.322
11.30   4.00    0.398    0.350   0.422   0.322

11.31   0.00    0.320    0.320   0.031   0.069   0.004   0.005   0.100   0.004   0.002   0.001   0.104 826513400
11.31   6.04   57.407
11.31   4.00    0.292    0.130
11.31   4.00    0.421   57.407
11.31   4.00    0.398    0.350   0.421   0.322
11.31   4.00    0.398    0.350   0.421   0.322

11.32   0.00    0.320    0.320   0.031   0.069   0.004   0.005   0.100   0.004   0.002   0.001   0.104 827244200
11.32   6.03   57.396
11.32   4.00    0.291    0.130
11.32   4.00    0.421   57.396
11.32   4.00    0.398    0.350   0.421   0.322
11.32   4.00    0.398    0.350   0.421   0.322

11.33   0.00    0.320    0.320   0.031   0.069   0.004   0.005   0.100   0.004   0.002   0.001   0.104 827975000
11.33   6.03   57.386
11.33   4.00    0.291    0.130
11.33   4.00    0.421   57.386
11.33   4.00    0.398    0.350   0.421   0.322
11.33   4.00    0.398    0.350   0.421   0.322

11.34   0.00    0.320    0.320   0.031   0.069   0.004   0.005   0.100   0.004   0.002   0.001   0.104 828705700
11.34   6.03   57.375
11.34   4.00    0.291    0.130
11.34   4.00    0.421   57.375
11.34   4.00    0.397    0.350   0.421   0.322
11.34   4.00    0.397    0.350   0.421   0.322

11.35   0.00    0.320    0.320   0.031   0.069   0.004   0.005   0.100   0.004   0.002   0.001   0.104 829436500
11.35   6.03   57.365
11.35   4.00    0.291    0.130
11.35   4.00    0.421   57.365
11.35   4.00    0.397    0.350   0.421   0.322
11.35   4.00    0.397    0.350   0.421   0.322

11.36   0.00    0.320    0.320   0.031   0.069   0.004   0.005   0.100   0.004   0.002   0.001   0.104 830167300
11.36   6.03   57.354
11.36   4.00    0.291    0.130
11.36   4.00    0.421   57.354
11.36   4.00    0.397    0.350   0.421   0.322
11.36   4.00    0.397    0.350   0.421   0.322

11.37   0.00    0.320    0.320   0.031   0.069   0.004   0.005   0.100   0.004   0.002   0.001   0.104 830898000
11.37   6.02   57.344
11.37   4.00    0.291    0.130
11.37   4.00    0.421   57.344
11.37   4.00    0.397    0.350   0.421   0.322
11.37   4.00    0.397    0.350   0.421   0.322

11.38   0.00    0.320    0.320   0.031   0.069   0.004   0.005   0.100   0.004   0.002   0.001   0.104 831628900
11.38   6.02   57.333
11.38   4.00    0.291    0.130
11.38   4.00    0.420   57.333
11.38   4.00    0.397    0.350   0.420   0.322
11.38   4.00    0.397    0.350   0.420   0.322

11.39   0.00    0.320    0.320   0.031   0.069   0.004   0.005   0.100   0.004   0.002   0.001   0.104 832359700
11.39   6.02   57.323
11.39   4.00    0.291    0.130
11.39   4.00    0.420   57.323
11.39   4.00    0.397    0.350   0.420   0.322
11.39   4.00    0.397    0.350   0.420   0.322

11.40   0.00    0.320    0.320   0.031   0.069   0.004   0.005   0.100   0.004   0.002   0.001   0.104 833090400
11.40   6.02   57.312
11.40   4.00    0.290    0.130
11.40   4.00    0.420   57.312
11.40   4.00    0.397    0.350   0.420   0.322
11.40   4.00    0.397    0.350   0.420   0.322

11.41   0.00    0.320    0.320   0.031   0.069   0.004   0.005   0.100   0.004   0.002   0.001   0.104 833821200
11.41   6.02   57.302
11.41   4.00    0.290    0.130
11.41   4.00    0.420   57.302
11.41   4.00    0.397    0.350   0.420   0.322
11.41   4.00    0.397    0.350   0.420   0.322

11.42   0.00    0.320    0.320   0.031   0.069   0.004   0.005   0.100   0.004   0.001   0.001   0.104 834552000
11.42   6.01   57.291
11.42   4.00    0.290    0.130
11.42   4.00    0.420   57.291
11.42   4.00    0.396    0.350   0.420   0.321
11.42   4.00    0.396    0.350   0.420   0.321

11.43   0.00    0.320    0.320   0.031   0.069   0.004   0.005   0.100   0.004   0.001   0.001   0.104 835282800
11.43   6.01   57.281
11.43   4.00    0.290    0.130
11.43   4.00    0.420   57.281
11.43   4.00    0.396    0.350   0.420   0.321
11.43   4.00    0.396    0.350   0.420   0.321

11.44   0.00    0.320    0.320   0.031   0.069   0.004   0.005   0.100   0.004   0.001   0.001   0.104 836013500
11.44   6.01   57.270
11.44   4.00    0.290    0.130
11.44   4.00    0.420   57.270
11.44   4.00    0.396    0.350   0.420   0.321
11.44   4.00    0.396    0.350   0.420   0.321

11.45   0.00    0.320    0.320   0.031   0.069   0.004   0.005   0.100   0.004   0.001   0.001   0.104 836744300
11.45   6.01   57.260
11.45   4.00    0.290    0.130
11.45   4.00    0.419   57.260
11.45   4.00    0.396    0.350   0.419   0.321
11.45   4.00    0.396    0.350   0.419   0.321

11.46   0.00    0.320    0.320   0.031   0.069   0.004   0.005   0.100   0.004   0.001   0.001   0.104 837475100
11.46   6.01   57.249
11.46   4.00    0.290    0.130
11.46   4.00    0.419   57.249
11.46   4.00    0.396    0.350   0.419   0.321
11.46   4.00    0.396    0.350   0.419   0.321

11.47   0.00    0.320    0.320   0.031   0.069   0.004   0.005   0.100   0.004   0.001   0.001   0.104 838205900
11.47   6.00   57.232
11.47   4.00    0.289    0.129
11.47   4.00    0.419   57.232
11.47   4.00    0.395    0.350   0.419   0.321
11.47   4.00    0.395    0.350   0.419   0.321

11.48   0.00    0.320    0.320   0.031   0.069   0.004   0.005   0.100   0.004   0.001   0.001   0.104 838936600
11.48   6.00   57.220
11.48   4.00    0.289    0.129
11.48   4.00    0.419   57.220
11.48   4.00    0.395    0.350   0.419   0.321
11.48   4.00    0.395    0.350   0.419   0.321

11.49   0.00    0.320    0.320   0.031   0.069   0.004   0.005   0.100   0.004   0.001   0.001   0.104 839667500
11.49   5.99   57.209
11.49   4.00    0.289    0.129
11.49   4.00    0.418   57.209
11.49   4.00    0.395    0.350   0.418   0.321
11.49   4.00    0.395    0.350   0.418   0.321

11.50   0.00    0.320    0.320   0.031   0.069   0.004   0.005   0.100   0.004   0.001   0.001   0.104 840398200
11.50   5.99   57.198
11.50   4.00    0.289    0.129
11.50   4.00    0.418   57.198
11.50   4.00    0.395    0.350   0.418   0.321
11.50   4.00    0.395    0.350   0.418   0.321

11.51   0.00    0.320    0.320   0.031   0.069   0.004   0.005   0.100   0.004   0.001   0.001   0.104 841129000
11.51   5.99   57.186
11.51   4.00    0.289    0.129
11.51   4.00    0.418   57.186
11.51   4.00    0.395    0.350   0.418   0.321
11.51   4.00    0.395    0.350   0.418   0.321

11.52   0.00    0.320    0.320   0.031   0.069   0.004   0.005   0.100   0.004   0.001   0.001   0.104 841859800
11.52   5.98   57.175
11.52   4.00    0.289    0.129
11.52   4.00    0.418   57.175
11.52   4.00    0.394    0.350   0.418   0.321
11.52   4.00    0.394    0.350   0.418   0.321

11.53   0.00    0.320    0.320   0.031   0.069   0.004   0.005   0.100   0.004   0.001   0.001   0.104 842590500
11.53   5.98   57.164
11.53   4.00    0.289    0.129
11.53   4.00    0.418   57.164
11.53   4.00    0.394    0.350   0.418   0.321
11.53   4.00    0.394    0.350   0.418   0.321

11.54   0.00    0.320    0.320   0.031   0.069   0.004   0.005   0.100   0.004   0.001   0.001   0.104 843321300
11.54   5.98   57.152
11.54   4.00    0.288    0.129
11.54   4.00    0.417   57.152
11.54   4.00    0.394    0.350   0.417   0.321
11.54   4.00    0.394    0.350   0.417   0.321

11.55   0.00    0.320    0.320   0.031   0.069   0.004   0.005   0.100   0.004   0.001   0.001   0.104 844052200
11.55   5.98   57.141
11.55   4.00    0.288    0.129
11.55   4.00    0.417   57.141
11.55   4.00    0.394    0.350   0.417   0.321
11.55   4.00    0.394    0.350   0.417   0.321

11.56   0.00    0.320    0.320   0.031   0.069   0.004   0.005   0.100   0.004   0.001   0.001   0.104 844783000
11.56   5.97   57.130
11.56   4.00    0.288    0.129
11.56   4.00    0.417   57.130
11.56   4.00    0.394    0.350   0.417   0.321
11.56   4.00    0.394    0.350   0.417   0.321

11.57   0.00    0.320    0.320   0.031   0.069   0.004   0.005   0.100   0.004   0.001   0.001   0.104 845513700
11.57   5.97   57.119
11.57   4.00    0.288    0.129
11.57   4.00    0.417   57.119
11.57   4.00    0.393    0.350   0.417   0.321
11.57   4.00    0.393    0.350   0.417   0.321

11.58   0.00    0.320    0.320   0.031   0.069   0.004   0.005   0.100   0.004   0.001   0.001   0.104 846244500
11.58   5.97   57.107
11.58   4.00    0.288    0.129
11.58   4.00    0.417   57.107
11.58   4.00    0.393    0.350   0.417   0.321
11.58   4.00    0.393    0.350   0.417   0.321

11.59   0.00    0.320    0.320   0.031   0.069   0.004   0.005   0.100   0.004   0.001   0.001   0.104 846975300
11.59   5.97   57.096
11.59   4.00    0.288    0.129
11.59   4.00    0.416   57.096
11.59   4.00    0.393    0.350   0.416   0.321
11.59   4.00    0.393    0.350   0.416   0.321

11.60   0.00    0.320    0.320   0.031   0.069   0.004   0.005   0.100   0.004   0.001   0.001   0.104 847706000
11.60   5.96   57.085
11.60   4.00    0.288    0.129
11.60   4.00    0.416   57.085
11.60   4.00    0.393    0.349   0.416   0.321
11.60   4.00    0.393    0.349   0.416   0.321

11.61   0.00    0.320    0.320   0.031   0.069   0.004   0.005   0.100   0.004   0.001   0.001   0.104 848436800
11.61   5.96   57.074
11.61   4.00    0.288    0.129
11.61   4.00    0.416   57.074
11.61   4.00    0.393    0.349   0.416   0.321
11.61   4.00    0.393    0.349   0.416   0.321

11.62   0.00    0.320    0.320   0.031   0.069   0.004   0.005   0.100   0.004   0.001   0.001   0.104 849167600
11.62   5.96   57.062
11.62   4.00    0.287    0.129
11.62   4.00    0.416   57.062
11.62   4.00    0.393    0.349   0.416   0.321
11.62   4.00    0.393    0.349   0.416   0.321

11.63   0.00    0.320    0.320   0.031   0.069   0.004   0.005   0.100   0.004   0.001   0.001   0.104 849898400
11.63   5.96   57.051
11.63   4.00    0.287    0.128
11.63   4.00    0.416   57.051
11.63   4.00    0.392    0.349   0.416   0.321
11.63   4.00    0.392    0.349   0.416   0.321

11.64   0.00    0.320    0.320   0.031   0.069   0.004   0.005   0.100   0.004   0.001   0.001   0.104 850629200
11.64   5.95   57.040
11.64   4.00    0.287    0.128
11.64   4.00    0.416   57.040
11.64   4.00    0.392    0.349   0.416   0.321
11.64   4.00    0.392    0.349   0.416   0.321

11.65   0.00    0.320    0.320   0.031   0.069   0.004   0.005   0.100   0.004   0.001   0.001   0.104 851359900
11.65   5.95   57.029
11.65   4.00    0.287    0.128
11.65   4.00    0.415   57.029
11.65   4.00    0.392    0.349   0.415   0.321
11.65   4.00    0.392    0.349   0.415   0.321

11.66   0.00    0.320    0.320   0.031   0.069   0.004   0.005   0.100   0.004   0.001   0.001   0.104 852090800
11.66   5.95   57.018
11.66   4.00    0.287    0.128
11.66   4.00    0.415   57.018
11.66   4.00    0.392    0.349   0.415   0.321
11.66   4.00    0.392    0.349   0.415   0.321

11.67   0.00    0.320    0.320   0.031   0.069   0.004   0.005   0.100   0.004   0.001   0.001   0.104 852821500
11.67   5.94   57.007
11.67   4.00    0.287    0.128
11.67   4.00    0.415   57.007
11.67   4.00    0.392    0.349   0.415   0.321
11.67   4.00    0.392    0.349   0.415   0.321

11.68   0.00    0.320    0.320   0.031   0.069   0.004   0.005   0.100   0.004   0.001   0.001   0.104 853552300
11.68   5.94   56.995
11.68   4.00    0.287    0.128
11.68   4.00    0.415   56.995
11.68   4.00    0.391    0.349   0.415   0.321
11.68   4.00    0.391    0.349   0.415   0.321

11.69   0.00    0.320    0.320   0.031   0.069   0.004   0.005   0.100   0.004   0.001   0.001   0.104 854283100
11.69   5.94   56.984
11.69   4.00    0.286    0.128
11.69   4.00    0.415   56.984
11.69   4.00    0.391    0.349   0.415   0.321
11.69   4.00    0.391    0.349   0.415   0.321

11.70   0.00    0.320    0.320   0.031   0.069   0.004   0.005   0.100   0.004   0.001   0.001   0.104 855013800
11.70   5.94   56.973
11.70   4.00    0.286    0.128
11.70   4.00    0.414   56.973
11.70   4.00    0.391    0.349   0.414   0.321
11.70   4.00    0.391    0.349   0.414   0.321

11.71   0.00    0.320    0.320   0.031   0.069   0.004   0.005   0.100   0.004   0.001   0.001   0.104 855744600
11.71   5.93   56.962
11.71   4.00    0.286    0.128
11.71   4.00    0.414   56.962
11.71   4.00    0.391    0.349   0.414   0.321
11.71   4.00    0.391    0.349   0.414   0.321

11.72   0.00    0.320    0.320   0.031   0.069   0.004   0.005   0.100   0.004   0.001   0.001   0.104 856475500
11.72   5.93   56.951
11.72   4.00    0.286    0.128
11.72   4.00    0.414   56.951
11.72   4.00    0.391    0.349   0.414   0.321
11.72   4.00    0.391    0.349   0.414   0.321

11.73   0.00    0.319    0.319   0.031   0.069   0.004   0.005   0.100   0.004   0.001   0.001   0.104 857206100
11.73   5.93   56.940
11.73   4.00    0.286    0.128
11.73   4.00    0.414   56.940
11.73   4.00    0.391    0.349   0.414   0.321
11.73   4.00    0.391    0.349   0.414   0.321

11.74   0.00    0.319    0.319   0.031   0.069   0.004   0.005   0.100   0.004   0.001   0.001   0.104 857937000
11.74   5.93   56.929
11.74   4.00    0.286    0.128
11.74   4.00    0.414   56.929
11.74   4.00    0.390    0.349   0.414   0.321
11.74   4.00    0.390    0.349   0.414   0.321

11.75   0.00    0.319    0.319   0.031   0.069   0.004   0.005   0.100   0.004   0.001   0.001   0.104 858667800
11.75   5.92   56.917
11.75   4.00    0.286    0.128
11.75   4.00    0.414   56.917
11.75   4.00    0.390    0.349   0.414   0.321
11.75   4.00    0.390    0.349   0.414   0.321

11.76   0.00    0.319    0.319   0.031   0.069   0.004   0.005   0.100   0.004   0.001   0.001   0.104 859398500
11.76   5.92   56.906
11.76   4.00    0.286    0.128
11.76   4.00    0.413   56.906
11.76   4.00    0.390    0.349   0.413   0.321
11.76   4.00    0.390    0.349   0.413   0.321

11.77   0.00    0.319    0.319   0.031   0.069   0.004   0.005   0.100   0.004   0.001   0.001   0.104 860129300
11.77   5.92   56.895
11.77   4.00    0.285    0.128
11.77   4.00    0.413   56.895
11.77   4.00    0.390    0.349   0.413   0.321
11.77   4.00    0.390    0.349   0.413   0.321

11.78   0.00    0.319    0.319   0.031   0.069   0.004   0.005   0.100   0.004   0.001   0.001   0.104 860860100
11.78   5.92   56.884
11.78   4.00    0.285    0.128
11.78   4.00    0.413   56.884
11.78   4.00    0.390    0.349   0.413   0.321
11.78   4.00    0.390    0.349   0.413   0.321

11.79   0.00    0.319    0.319   0.031   0.069   0.004   0.005   0.100   0.004   0.001   0.001   0.104 861590900
11.79   5.91   56.873
11.79   4.00    0.285    0.128
11.79   4.00    0.413   56.873
11.79   4.00    0.389    0.349   0.413   0.321
11.79   4.00    0.389    0.349   0.413   0.321

11.80   0.00    0.319    0.319   0.031   0.069   0.004   0.005   0.100   0.004   0.001   0.001   0.104 862321700
11.80   5.91   56.862
11.80   4.00    0.285    0.128
11.80   4.00    0.413   56.862
11.80   4.00    0.389    0.349   0.413   0.321
11.80   4.00    0.389    0.349   0.413   0.321

11.81   0.00    0.319    0.319   0.031   0.069   0.004   0.005   0.100   0.004   0.001   0.001   0.104 863052500
11.81   5.91   56.851
11.81   4.00    0.285    0.128
11.81   4.00    0.412   56.851
11.81   4.00    0.389    0.349   0.412   0.321
11.81   4.00    0.389    0.349   0.412   0.321

11.82   0.00    0.319    0.319   0.031   0.069   0.004   0.005   0.100   0.004   0.001   0.001   0.104 863783200
11.82   5.91   56.840
11.82   4.00    0.285    0.128
11.82   4.00    0.412   56.840
11.82   4.00    0.389    0.349   0.412   0.321
11.82   4.00    0.389    0.349   0.412   0.321

11.83   0.00    0.319    0.319   0.031   0.069   0.004   0.005   0.100   0.004   0.001   0.001   0.104 864514000
11.83   5.90   56.829
11.83   4.00    0.285    0.127
11.83   4.00    0.412   56.829
11.83   4.00    0.389    0.349   0.412   0.321
11.83   4.00    0.389    0.349   0.412   0.321

11.84   0.00    0.319    0.319   0.031   0.069   0.004   0.005   0.100   0.004   0.001   0.001   0.104 865244800
11.84   5.90   56.818
11.84   4.00    0.285    0.127
11.84   4.00    0.412   56.818
11.84   4.00    0.389    0.349   0.412   0.321
11.84   4.00    0.389    0.349   0.412   0.321

11.85   0.00    0.319    0.319   0.031   0.069   0.004   0.005   0.100   0.004   0.001   0.001   0.104 865975600
11.85   5.90   56.807
11.85   4.00    0.284    0.127
11.85   4.00    0.412   56.807
11.85   4.00    0.388    0.349   0.412   0.321
11.85   4.00    0.388    0.349   0.412   0.321

11.86   0.00    0.319    0.319   0.031   0.069   0.004   0.005   0.100   0.004   0.001   0.001   0.104 866706300
11.86   5.90   56.796
11.86   4.00    0.284    0.127
11.86   4.00    0.412   56.796
11.86   4.00    0.388    0.349   0.412   0.321
11.86   4.00    0.388    0.349   0.412   0.321

11.87   0.00    0.319    0.319   0.031   0.069   0.004   0.005   0.100   0.004   0.001   0.001   0.104 867437100
11.87   5.89   56.785
11.87   4.00    0.284    0.127
11.87   4.00    0.411   56.785
11.87   4.00    0.388    0.349   0.411   0.321
11.87   4.00    0.388    0.349   0.411   0.321

11.88   0.00    0.319    0.319   0.031   0.069   0.004   0.005   0.100   0.004   0.001   0.001   0.104 868167900
11.88   5.89   56.774
11.88   4.00    0.284    0.127
11.88   4.00    0.411   56.774
11.88   4.00    0.388    0.349   0.411   0.321
11.88   4.00    0.388    0.349   0.411   0.321

11.89   0.00    0.319    0.319   0.031   0.069   0.004   0.005   0.100   0.004   0.001   0.001   0.104 868898800
11.89   5.89   56.763
11.89   4.00    0.284    0.127
11.89   4.00    0.411   56.763
11.89   4.00    0.388    0.349   0.411   0.321
11.89   4.00    0.388    0.349   0.411   0.321

11.90   0.00    0.319    0.319   0.031   0.069   0.004   0.005   0.100   0.004   0.001   0.001   0.104 869629400
11.90   5.89   56.752
11.90   4.00    0.284    0.127
11.90   4.00    0.411   56.752
11.90   4.00    0.387    0.349   0.411   0.321
11.90   4.00    0.387    0.349   0.411   0.321

11.91   0.00    0.319    0.319   0.031   0.069   0.004   0.005   0.100   0.004   0.001   0.001   0.104 870360300
11.91   5.88   56.741
11.91   4.00    0.284    0.127
11.91   4.00    0.411   56.741
11.91   4.00    0.387    0.349   0.411   0.321
11.91   4.00    0.387    0.349   0.411   0.321

11.92   0.00    0.319    0.319   0.031   0.069   0.004   0.005   0.100   0.004   0.001   0.001   0.104 871091100
11.92   5.88   56.730
11.92   4.00    0.284    0.127
11.92   4.00    0.411   56.730
11.92   4.00    0.387    0.349   0.411   0.321
11.92   4.00    0.387    0.349   0.411   0.321

11.93   0.00    0.319    0.319   0.031   0.069   0.004   0.005   0.100   0.004   0.001   0.001   0.104 871821800
11.93   5.88   56.719
11.93   4.00    0.283    0.127
11.93   4.00    0.410   56.719
11.93   4.00    0.387    0.349   0.410   0.321
11.93   4.00    0.387    0.349   0.410   0.321

11.94   0.00    0.319    0.319   0.031   0.069   0.004   0.005   0.100   0.004   0.001   0.001   0.104 872552600
11.94   5.88   56.708
11.94   4.00    0.283    0.127
11.94   4.00    0.410   56.708
11.94   4.00    0.387    0.349   0.410   0.321
11.94   4.00    0.387    0.349   0.410   0.321

11.95   0.00    0.319    0.319   0.031   0.069   0.004   0.005   0.100   0.004   0.001   0.001   0.104 873283400
11.95   5.87   56.697
11.95   4.00    0.283    0.127
11.95   4.00    0.410   56.697
11.95   4.00    0.387    0.349   0.410   0.321
11.95   4.00    0.387    0.349   0.410   0.321

11.96   0.00    0.319    0.319   0.031   0.069   0.004   0.005   0.100   0.004   0.001   0.001   0.104 874014100
11.96   5.87   56.686
11.96   4.00    0.283    0.127
11.96   4.00    0.410   56.686
11.96   4.00    0.386    0.349   0.410   0.321
11.96   4.00    0.386    0.349   0.410   0.321

11.97   0.00    0.319    0.319   0.031   0.069   0.004   0.005   0.100   0.004   0.001   0.001   0.104 874745000
11.97   5.87   56.675
11.97   4.00    0.283    0.127
11.97   4.00    0.410   56.675
11.97   4.00    0.386    0.349   0.410   0.321
11.97   4.00    0.386    0.349   0.410   0.321

11.98   0.00    0.319    0.319   0.031   0.069   0.004   0.005   0.100   0.004   0.001   0.001   0.104 875475700
11.98   5.87   56.664
11.98   4.00    0.283    0.127
11.98   4.00    0.409   56.664
11.98   4.00    0.386    0.348   0.409   0.321
11.98   4.00    0.386    0.348   0.409   0.321

11.99   0.00    0.319    0.319   0.031   0.069   0.004   0.005   0.100   0.004   0.001   0.001   0.104 876206500
11.99   5.86   56.654
11.99   4.00    0.283    0.127
11.99   4.00    0.409   56.654
11.99   4.00    0.386    0.348   0.409   0.321
11.99   4.00    0.386    0.348   0.409   0.321

12.00   0.00    0.319    0.319   0.031   0.069   0.004   0.005   0.100   0.004   0.001   0.001   0.104 876937300
12.00   5.86   56.643
12.00   4.00    0.283    0.127
12.00   4.00    0.409   56.643
12.00   4.00    0.386    0.348   0.409   0.321
12.00   4.00    0.386    0.348   0.409   0.321

12.01   0.00    0.319    0.319   0.031   0.069   0.004   0.005   0.100   0.004   0.001   0.001   0.104 877668100
12.01   5.86   56.632
12.01   4.00    0.282    0.127
12.01   4.00    0.409   56.632
12.01   4.00    0.386    0.348   0.409   0.321
12.01   4.00    0.386    0.348   0.409   0.321

12.02   0.00    0.319    0.319   0.031   0.069   0.004   0.005   0.100   0.004   0.001   0.001   0.104 878398900
12.02   5.86   56.621
12.02   4.00    0.282    0.127
12.02   4.00    0.409   56.621
12.02   4.00    0.385    0.348   0.409   0.321
12.02   4.00    0.385    0.348   0.409   0.321

12.03   0.00    0.319    0.319   0.031   0.069   0.004   0.005   0.100   0.004   0.001   0.001   0.104 879129600
12.03   5.85   56.610
12.03   4.00    0.282    0.126
12.03   4.00    0.409   56.610
12.03   4.00    0.385    0.348   0.409   0.321
12.03   4.00    0.385    0.348   0.409   0.321

12.04   0.00    0.319    0.319   0.031   0.069   0.004   0.005   0.100   0.004   0.001   0.001   0.104 879860400
12.04   5.85   56.599
12.04   4.00    0.282    0.126
12.04   4.00    0.408   56.599
12.04   4.00    0.385    0.348   0.408   0.321
12.04   4.00    0.385    0.348   0.408   0.321

12.05   0.00    0.319    0.319   0.031   0.069   0.004   0.005   0.100   0.004   0.001   0.001   0.104 880591200
12.05   5.85   56.588
12.05   4.00    0.282    0.126
12.05   4.00    0.408   56.588
12.05   4.00    0.385    0.348   0.408   0.321
12.05   4.00    0.385    0.348   0.408   0.321

12.06   0.00    0.319    0.319   0.031   0.069   0.004   0.005   0.100   0.004   0.001   0.001   0.104 881322000
12.06   5.85   56.577
12.06   4.00    0.282    0.126
12.06   4.00    0.408   56.577
12.06   4.00    0.385    0.348   0.408   0.321
12.06   4.00    0.385    0.348   0.408   0.321

12.07   0.00    0.319    0.319   0.031   0.069   0.004   0.005   0.100   0.004   0.001   0.001   0.104 882052700
12.07   5.84   56.567
12.07   4.00    0.282    0.126
12.07   4.00    0.408   56.567
12.07   4.00    0.385    0.348   0.408   0.321
12.07   4.00    0.385    0.348   0.408   0.321

12.08   0.00    0.319    0.319   0.031   0.069   0.004   0.005   0.100   0.004   0.001   0.001   0.104 882783600
12.08   5.84   56.556
12.08   4.00    0.282    0.126
12.08   4.00    0.408   56.556
12.08   4.00    0.384    0.348   0.408   0.321
12.08   4.00    0.384    0.348   0.408   0.321

12.09   0.00    0.319    0.319   0.031   0.069   0.004   0.005   0.100   0.004   0.001   0.001   0.104 883514300
12.09   5.84   56.545
12.09   4.00    0.281    0.126
12.09   4.00    0.408   56.545
12.09   4.00    0.384    0.348   0.408   0.321
12.09   4.00    0.384    0.348   0.408   0.321

12.10   0.00    0.319    0.319   0.031   0.069   0.004   0.005   0.100   0.004   0.001   0.001   0.104 884245100
12.10   5.84   56.534
12.10   4.00    0.281    0.126
12.10   4.00    0.407   56.534
12.10   4.00    0.384    0.348   0.407   0.321
12.10   4.00    0.384    0.348   0.407   0.321

12.11   0.00    0.319    0.319   0.031   0.069   0.004   0.005   0.100   0.004   0.001   0.001   0.104 884975900
12.11   5.83   56.523
12.11   4.00    0.281    0.126
12.11   4.00    0.407   56.523
12.11   4.00    0.384    0.348   0.407   0.321
12.11   4.00    0.384    0.348   0.407   0.321

12.12   0.00    0.319    0.319   0.031   0.069   0.004   0.005   0.100   0.004   0.001   0.001   0.104 885706600
12.12   5.83   56.513
12.12   4.00    0.281    0.126
12.12   4.00    0.407   56.513
12.12   4.00    0.384    0.348   0.407   0.321
12.12   4.00    0.384    0.348   0.407   0.321

12.13   0.00    0.319    0.319   0.031   0.069   0.004   0.005   0.100   0.004   0.001   0.001   0.104 886437400
12.13   5.83   56.502
12.13   4.00    0.281    0.126
12.13   4.00    0.407   56.502
12.13   4.00    0.384    0.348   0.407   0.321
12.13   4.00    0.384    0.348   0.407   0.321

12.14   0.00    0.319    0.319   0.031   0.069   0.004   0.005   0.100   0.004   0.001   0.001   0.104 887168300
12.14   5.83   56.491
12.14   4.00    0.281    0.126
12.14   4.00    0.407   56.491
12.14   4.00    0.383    0.348   0.407   0.321
12.14   4.00    0.383    0.348   0.407   0.321

12.15   0.00    0.319    0.319   0.031   0.069   0.004   0.005   0.100   0.004   0.001   0.001   0.104 887899000
12.15   5.82   56.480
12.15   4.00    0.281    0.126
12.15   4.00    0.407   56.480
12.15   4.00    0.383    0.348   0.407   0.320
12.15   4.00    0.383    0.348   0.407   0.320

12.16   0.00    0.319    0.319   0.031   0.069   0.004   0.005   0.100   0.004   0.001   0.001   0.104 888629800
12.16   5.82   56.470
12.16   4.00    0.281    0.126
12.16   4.00    0.406   56.470
12.16   4.00    0.383    0.348   0.406   0.320
12.16   4.00    0.383    0.348   0.406   0.320

12.17   0.00    0.319    0.319   0.031   0.069   0.004   0.005   0.100   0.004   0.001   0.001   0.104 889360600
12.17   5.82   56.459
12.17   4.00    0.280    0.126
12.17   4.00    0.406   56.459
12.17   4.00    0.383    0.348   0.406   0.320
12.17   4.00    0.383    0.348   0.406   0.320

12.18   0.00    0.319    0.319   0.031   0.069   0.004   0.005   0.100   0.004   0.001   0.001   0.104 890091400
12.18   5.82   56.448
12.18   4.00    0.280    0.126
12.18   4.00    0.406   56.448
12.18   4.00    0.383    0.348   0.406   0.320
12.18   4.00    0.383    0.348   0.406   0.320

12.19   0.00    0.319    0.319   0.031   0.069   0.004   0.005   0.100   0.004   0.001   0.001   0.104 890822100
12.19   5.81   56.437
12.19   4.00    0.280    0.126
12.19   4.00    0.406   56.437
12.19   4.00    0.383    0.348   0.406   0.320
12.19   4.00    0.383    0.348   0.406   0.320

12.20   0.00    0.319    0.319   0.031   0.069   0.004   0.005   0.100   0.004   0.001   0.001   0.104 891552900
12.20   5.81   56.427
12.20   4.00    0.280    0.126
12.20   4.00    0.406   56.427
12.20   4.00    0.382    0.348   0.406   0.320
12.20   4.00    0.382    0.348   0.406   0.320

12.21   0.00    0.319    0.319   0.031   0.069   0.004   0.005   0.100   0.004   0.001   0.001   0.104 892283700
12.21   5.81   56.416
12.21   4.00    0.280    0.126
12.21   4.00    0.406   56.416
12.21   4.00    0.382    0.348   0.406   0.320
12.21   4.00    0.382    0.348   0.406   0.320

12.22   0.00    0.319    0.319   0.031   0.069   0.004   0.005   0.100   0.004   0.001   0.001   0.104 893014500
12.22   5.81   56.405
12.22   4.00    0.280    0.126
12.22   4.00    0.405   56.405
12.22   4.00    0.382    0.348   0.405   0.320
12.22   4.00    0.382    0.348   0.405   0.320

12.23   0.00    0.319    0.319   0.031   0.069   0.004   0.005   0.100   0.004   0.001   0.001   0.104 893745200
12.23   5.80   56.395
12.23   4.00    0.280    0.126
12.23   4.00    0.405   56.395
12.23   4.00    0.382    0.348   0.405   0.320
12.23   4.00    0.382    0.348   0.405   0.320

12.24   0.00    0.319    0.319   0.031   0.069   0.004   0.005   0.100   0.004   0.001   0.001   0.104 894476000
12.24   5.80   56.384
12.24   4.00    0.280    0.125
12.24   4.00    0.405   56.384
12.24   4.00    0.382    0.348   0.405   0.320
12.24   4.00    0.382    0.348   0.405   0.320

12.25   0.00    0.319    0.319   0.031   0.069   0.004   0.005   0.100   0.004   0.001   0.001   0.104 895206800
12.25   5.80   56.373
12.25   4.00    0.279    0.125
12.25   4.00    0.405   56.373
12.25   4.00    0.382    0.348   0.405   0.320
12.25   4.00    0.382    0.348   0.405   0.320

12.26   0.00    0.319    0.319   0.031   0.069   0.004   0.005   0.100   0.004   0.001   0.001   0.104 895937600
12.26   5.80   56.363
12.26   4.00    0.279    0.125
12.26   4.00    0.405   56.363
12.26   4.00    0.381    0.348   0.405   0.320
12.26   4.00    0.381    0.348   0.405   0.320

12.27   0.00    0.319    0.319   0.031   0.069   0.004   0.005   0.100   0.004   0.001   0.001   0.104 896668400
12.27   5.79   56.352
12.27   4.00    0.279    0.125
12.27   4.00    0.405   56.352
12.27   4.00    0.381    0.348   0.405   0.320
12.27   4.00    0.381    0.348   0.405   0.320

12.28   0.00    0.319    0.319   0.031   0.069   0.004   0.005   0.100   0.004   0.001   0.001   0.104 897399200
12.28   5.79   56.341
12.28   4.00    0.279    0.125
12.28   4.00    0.404   56.341
12.28   4.00    0.381    0.348   0.404   0.320
12.28   4.00    0.381    0.348   0.404   0.320

12.29   0.00    0.319    0.319   0.031   0.069   0.004   0.005   0.100   0.004   0.001   0.001   0.104 898129900
12.29   5.79   56.331
12.29   4.00    0.279    0.125
12.29   4.00    0.404   56.331
12.29   4.00    0.381    0.348   0.404   0.320
12.29   4.00    0.381    0.348   0.404   0.320

12.30   0.00    0.319    0.319   0.031   0.069   0.004   0.005   0.100   0.004   0.001   0.001   0.104 898860700
12.30   5.79   56.320
12.30   4.00    0.279    0.125
12.30   4.00    0.404   56.320
12.30   4.00    0.381    0.348   0.404   0.320
12.30   4.00    0.381    0.348   0.404   0.320

12.31   0.00    0.319    0.319   0.031   0.069   0.004   0.005   0.100   0.004   0.001   0.001   0.104 899591600
12.31   5.78   56.309
12.31   4.00    0.279    0.125
12.31   4.00    0.404   56.309
12.31   4.00    0.381    0.348   0.404   0.320
12.31   4.00    0.381    0.348   0.404   0.320

12.32   0.00    0.319    0.319   0.031   0.069   0.004   0.005   0.100   0.004   0.001   0.001   0.104 900322200
12.32   5.78   56.299
12.32   4.00    0.279    0.125
12.32   4.00    0.404   56.299
12.32   4.00    0.380    0.348   0.404   0.320
12.32   4.00    0.380    0.348   0.404   0.320

12.33   0.00    0.319    0.319   0.031   0.069   0.004   0.005   0.100   0.004   0.001   0.001   0.104 901053100
12.33   5.78   56.288
12.33   4.00    0.278    0.125
12.33   4.00    0.404   56.288
12.33   4.00    0.380    0.348   0.404   0.320
12.33   4.00    0.380    0.348   0.404   0.320

12.34   0.00    0.319    0.319   0.031   0.069   0.004   0.005   0.100   0.004   0.001   0.001   0.104 901783900
12.34   5.78   56.278
12.34   4.00    0.278    0.125
12.34   4.00    0.403   56.278
12.34   4.00    0.380    0.348   0.403   0.320
12.34   4.00    0.380    0.348   0.403   0.320

12.35   0.00    0.319    0.319   0.031   0.069   0.004   0.005   0.100   0.004   0.001   0.001   0.104 902514600
12.35   5.78   56.267
12.35   4.00    0.278    0.125
12.35   4.00    0.403   56.267
12.35   4.00    0.380    0.348   0.403   0.320
12.35   4.00    0.380    0.348   0.403   0.320

12.36   0.00    0.319    0.319   0.031   0.069   0.004   0.005   0.100   0.004   0.001   0.001   0.104 903245400
12.36   5.77   56.256
12.36   4.00    0.278    0.125
12.36   4.00    0.403   56.256
12.36   4.00    0.380    0.348   0.403   0.320
12.36   4.00    0.380    0.348   0.403   0.320

12.37   0.00    0.319    0.319   0.031   0.069   0.004   0.005   0.100   0.004   0.001   0.001   0.104 903976200
12.37   5.77   56.246
12.37   4.00    0.278    0.125
12.37   4.00    0.403   56.246
12.37   4.00    0.380    0.348   0.403   0.320
12.37   4.00    0.380    0.348   0.403   0.320

12.38   0.00    0.319    0.319   0.031   0.069   0.004   0.005   0.100   0.004   0.001   0.001   0.104 904707000
12.38   5.77   56.235
12.38   4.00    0.278    0.125
12.38   4.00    0.403   56.235
12.38   4.00    0.379    0.348   0.403   0.320
12.38   4.00    0.379    0.348   0.403   0.320

12.39   0.00    0.319    0.319   0.031   0.069   0.004   0.005   0.100   0.004   0.001   0.001   0.104 905437800
12.39   5.77   56.225
12.39   4.00    0.278    0.125
12.39   4.00    0.403   56.225
12.39   4.00    0.379    0.347   0.403   0.320
12.39   4.00    0.379    0.347   0.403   0.320

12.40   0.00    0.319    0.319   0.031   0.069   0.004   0.005   0.100   0.004   0.001   0.001   0.104 906168500
12.40   5.76   56.214
12.40   4.00    0.278    0.125
12.40   4.00    0.402   56.214
12.40   4.00    0.379    0.347   0.402   0.320
12.40   4.00    0.379    0.347   0.402   0.320

12.41   0.00    0.319    0.319   0.031   0.069   0.004   0.005   0.100   0.004   0.001   0.001   0.104 906899300
12.41   5.76   56.204
12.41   4.00    0.278    0.125
12.41   4.00    0.402   56.204
12.41   4.00    0.379    0.347   0.402   0.320
12.41   4.00    0.379    0.347   0.402   0.320

12.42   0.00    0.319    0.319   0.031   0.069   0.004   0.005   0.100   0.004   0.001   0.001   0.104 907630100
12.42   5.76   56.193
12.42   4.00    0.277    0.125
12.42   4.00    0.402   56.193
12.42   4.00    0.379    0.347   0.402   0.320
12.42   4.00    0.379    0.347   0.402   0.320

12.43   0.00    0.319    0.319   0.031   0.069   0.004   0.005   0.100   0.004   0.001   0.001   0.104 908360900
12.43   5.76   56.183
12.43   4.00    0.277    0.125
12.43   4.00    0.402   56.183
12.43   4.00    0.379    0.347   0.402   0.320
12.43   4.00    0.379    0.347   0.402   0.320

12.44   0.00    0.319    0.319   0.031   0.069   0.004   0.005   0.100   0.004   0.001   0.001   0.104 909091600
12.44   5.75   56.172
12.44   4.00    0.277    0.125
12.44   4.00    0.402   56.172
12.44   4.00    0.378    0.347   0.402   0.320
12.44   4.00    0.378    0.347   0.402   0.320

12.45   0.00    0.319    0.319   0.031   0.069   0.004   0.005   0.100   0.004   0.001   0.001   0.104 909822400
12.45   5.75   56.162
12.45   4.00    0.277    0.124
12.45   4.00    0.402   56.162
12.45   4.00    0.378    0.347   0.402   0.320
12.45   4.00    0.378    0.347   0.402   0.320

12.46   0.00    0.319    0.319   0.031   0.069   0.004   0.005   0.100   0.004   0.001   0.001   0.104 910553200
12.46   5.75   56.151
12.46   4.00    0.277    0.124
12.46   4.00    0.401   56.151
12.46   4.00    0.378    0.347   0.401   0.320
12.46   4.00    0.378    0.347   0.401   0.320

12.47   0.00    0.319    0.319   0.031   0.069   0.004   0.005   0.100   0.004   0.001   0.001   0.104 911284000
12.47   5.75   56.141
12.47   4.00    0.277    0.124
12.47   4.00    0.401   56.141
12.47   4.00    0.378    0.347   0.401   0.320
12.47   4.00    0.378    0.347   0.401   0.320

12.48   0.00    0.319    0.319   0.031   0.069   0.004   0.005   0.100   0.004   0.001   0.001   0.104 912014700
12.48   5.74   56.130
12.48   4.00    0.277    0.124
12.48   4.00    0.401   56.130
12.48   4.00    0.378    0.347   0.401   0.320
12.48   4.00    0.378    0.347   0.401   0.320

12.49   0.00    0.319    0.319   0.031   0.069   0.004   0.005   0.100   0.004   0.001   0.001   0.104 912745500
12.49   5.74   56.120
12.49   4.00    0.277    0.124
12.49   4.00    0.401   56.120
12.49   4.00    0.378    0.347   0.401   0.320
12.49   4.00    0.378    0.347   0.401   0.320

12.50   0.00    0.319    0.319   0.031   0.069   0.004   0.005   0.100   0.004   0.001   0.001   0.104 913476400
12.50   5.74   56.109
12.50   4.00    0.276    0.124
12.50   4.00    0.401   56.109
12.50   4.00    0.377    0.347   0.401   0.320
12.50   4.00    0.377    0.347   0.401   0.320

12.51   0.00    0.318    0.318   0.031   0.069   0.004   0.005   0.100   0.004   0.001   0.001   0.104 914207200
12.51   5.74   56.099
12.51   4.00    0.276    0.124
12.51   4.00    0.401   56.099
12.51   4.00    0.377    0.347   0.401   0.320
12.51   4.00    0.377    0.347   0.401   0.320

12.52   0.00    0.318    0.318   0.031   0.069   0.004   0.005   0.100   0.004   0.001   0.001   0.104 914937900
12.52   5.74   56.088
12.52   4.00    0.276    0.124
12.52   4.00    0.400   56.088
12.52   4.00    0.377    0.347   0.400   0.320
12.52   4.00    0.377    0.347   0.400   0.320

12.53   0.00    0.318    0.318   0.031   0.069   0.004   0.005   0.100   0.004   0.001   0.001   0.104 915668700
12.53   5.73   56.078
12.53   4.00    0.276    0.124
12.53   4.00    0.400   56.078
12.53   4.00    0.377    0.347   0.400   0.320
12.53   4.00    0.377    0.347   0.400   0.320

12.54   0.00    0.318    0.318   0.031   0.069   0.004   0.005   0.100   0.004   0.001   0.001   0.104 916399500
12.54   5.73   56.067
12.54   4.00    0.276    0.124
12.54   4.00    0.400   56.067
12.54   4.00    0.377    0.347   0.400   0.320
12.54   4.00    0.377    0.347   0.400   0.320

12.55   0.00    0.318    0.318   0.031   0.069   0.004   0.005   0.100   0.004   0.001   0.001   0.104 917130200
12.55   5.73   56.057
12.55   4.00    0.276    0.124
12.55   4.00    0.400   56.057
12.55   4.00    0.377    0.347   0.400   0.320
12.55   4.00    0.377    0.347   0.400   0.320

12.56   0.00    0.318    0.318   0.031   0.069   0.004   0.005   0.100   0.004   0.001   0.001   0.104 917861100
12.56   5.73   56.047
12.56   4.00    0.276    0.124
12.56   4.00    0.400   56.047
12.56   4.00    0.376    0.347   0.400   0.320
12.56   4.00    0.376    0.347   0.400   0.320

12.57   0.00    0.318    0.318   0.031   0.069   0.004   0.005   0.100   0.004   0.001   0.001   0.104 918591800
12.57   5.72   56.036
12.57   4.00    0.276    0.124
12.57   4.00    0.400   56.036
12.57   4.00    0.376    0.347   0.400   0.320
12.57   4.00    0.376    0.347   0.400   0.320

12.58   0.00    0.318    0.318   0.031   0.069   0.004   0.005   0.100   0.004   0.001   0.001   0.104 919322600
12.58   5.72   56.026
12.58   4.00    0.276    0.124
12.58   4.00    0.399   56.026
12.58   4.00    0.376    0.347   0.399   0.320
12.58   4.00    0.376    0.347   0.399   0.320

12.59   0.00    0.318    0.318   0.031   0.069   0.004   0.005   0.100   0.004   0.001   0.001   0.104 920053400
12.59   5.72   56.015
12.59   4.00    0.275    0.124
12.59   4.00    0.399   56.015
12.59   4.00    0.376    0.347   0.399   0.320
12.59   4.00    0.376    0.347   0.399   0.320

12.60   0.00    0.318    0.318   0.031   0.069   0.004   0.005   0.100   0.004   0.001   0.001   0.104 920784200
12.60   5.72   56.005
12.60   4.00    0.275    0.124
12.60   4.00    0.399   56.005
12.60   4.00    0.376    0.347   0.399   0.320
12.60   4.00    0.376    0.347   0.399   0.320

12.61   0.00    0.318    0.318   0.031   0.069   0.004   0.005   0.100   0.004   0.001   0.001   0.104 921514900
12.61   5.72   55.995
12.61   4.00    0.275    0.124
12.61   4.00    0.399   55.995
12.61   4.00    0.376    0.347   0.399   0.320
12.61   4.00    0.376    0.347   0.399   0.320

12.62   0.00    0.318    0.318   0.031   0.069   0.004   0.005   0.100   0.004   0.001   0.001   0.104 922245700
12.62   5.71   55.984
12.62   4.00    0.275    0.124
12.62   4.00    0.399   55.984
12.62   4.00    0.376    0.347   0.399   0.320
12.62   4.00    0.376    0.347   0.399   0.320

12.63   0.00    0.318    0.318   0.031   0.069   0.004   0.005   0.100   0.004   0.001   0.001   0.104 922976500
12.63   5.71   55.974
12.63   4.00    0.275    0.124
12.63   4.00    0.399   55.974
12.63   4.00    0.375    0.347   0.399   0.320
12.63   4.00    0.375    0.347   0.399   0.320

12.64   0.00    0.318    0.318   0.031   0.069   0.004   0.005   0.100   0.004   0.001   0.001   0.104 923707300
12.64   5.71   55.964
12.64   4.00    0.275    0.124
12.64   4.00    0.399   55.964
12.64   4.00    0.375    0.347   0.399   0.320
12.64   4.00    0.375    0.347   0.399   0.320

12.65   0.00    0.318    0.318   0.031   0.069   0.004   0.005   0.100   0.004   0.001   0.001   0.104 924438000
12.65   5.71   55.953
12.65   4.00    0.275    0.124
12.65   4.00    0.398   55.953
12.65   4.00    0.375    0.347   0.398   0.320
12.65   4.00    0.375    0.347   0.398   0.320

12.66   0.00    0.318    0.318   0.031   0.069   0.004   0.005   0.100   0.004   0.001   0.001   0.104 925168800
12.66   5.70   55.943
12.66   4.00    0.275    0.124
12.66   4.00    0.398   55.943
12.66   4.00    0.375    0.347   0.398   0.320
12.66   4.00    0.375    0.347   0.398   0.320

12.67   0.00    0.318    0.318   0.031   0.069   0.004   0.005   0.100   0.004   0.001   0.001   0.104 925899600
12.67   5.70   55.933
12.67   4.00    0.275    0.124
12.67   4.00    0.398   55.933
12.67   4.00    0.375    0.347   0.398   0.320
12.67   4.00    0.375    0.347   0.398   0.320

12.68   0.00    0.318    0.318   0.031   0.069   0.004   0.005   0.100   0.004   0.001   0.001   0.104 926630400
12.68   5.70   55.922
12.68   4.00    0.274    0.123
12.68   4.00    0.398   55.922
12.68   4.00    0.375    0.347   0.398   0.320
12.68   4.00    0.375    0.347   0.398   0.320

12.69   0.00    0.318    0.318   0.031   0.069   0.004   0.005   0.100   0.004   0.001   0.001   0.104 927361200
12.69   5.70   55.912
12.69   4.00    0.274    0.123
12.69   4.00    0.398   55.912
12.69   4.00    0.374    0.347   0.398   0.320
12.69   4.00    0.374    0.347   0.398   0.320

12.70   0.00    0.318    0.318   0.031   0.069   0.004   0.005   0.100   0.004   0.001   0.001   0.104 928092000
12.70   5.69   55.902
12.70   4.00    0.274    0.123
12.70   4.00    0.398   55.902
12.70   4.00    0.374    0.347   0.398   0.320
12.70   4.00    0.374    0.347   0.398   0.320

12.71   0.00    0.318    0.318   0.031   0.069   0.004   0.005   0.100   0.004   0.001   0.001   0.104 928822700
12.71   5.69   55.891
12.71   4.00    0.274    0.123
12.71   4.00    0.397   55.891
12.71   4.00    0.374    0.347   0.397   0.320
12.71   4.00    0.374    0.347   0.397   0.320

12.72   0.00    0.318    0.318   0.031   0.069   0.004   0.005   0.100   0.004   0.001   0.001   0.104 929553500
12.72   5.69   55.881
12.72   4.00    0.274    0.123
12.72   4.00    0.397   55.881
12.72   4.00    0.374    0.347   0.397   0.320
12.72   4.00    0.374    0.347   0.397   0.320

12.73   0.00    0.318    0.318   0.031   0.069   0.003   0.005   0.100   0.004   0.001   0.001   0.104 930284300
12.73   5.69   55.871
12.73   4.00    0.274    0.123
12.73   4.00    0.397   55.871
12.73   4.00    0.374    0.347   0.397   0.320
12.73   4.00    0.374    0.347   0.397   0.320

12.74   0.00    0.318    0.318   0.031   0.069   0.003   0.005   0.100   0.004   0.001   0.001   0.104 931015000
12.74   5.69   55.861
12.74   4.00    0.274    0.123
12.74   4.00    0.397   55.861
12.74   4.00    0.374    0.347   0.397   0.320
12.74   4.00    0.374    0.347   0.397   0.320

12.75   0.00    0.318    0.318   0.031   0.069   0.003   0.005   0.100   0.004   0.001   0.001   0.104 931745900
12.75   5.68   55.850
12.75   4.00    0.274    0.123
12.75   4.00    0.397   55.850
12.75   4.00    0.374    0.347   0.397   0.320
12.75   4.00    0.374    0.347   0.397   0.320

12.76   0.00    0.318    0.318   0.031   0.069   0.003   0.005   0.100   0.004   0.001   0.001   0.104 932476700
12.76   5.68   55.840
12.76   4.00    0.274    0.123
12.76   4.00    0.397   55.840
12.76   4.00    0.373    0.347   0.397   0.320
12.76   4.00    0.373    0.347   0.397   0.320

12.77   0.00    0.318    0.318   0.031   0.069   0.003   0.005   0.100   0.004   0.001   0.001   0.104 933207500
12.77   5.68   55.830
12.77   4.00    0.273    0.123
12.77   4.00    0.396   55.830
12.77   4.00    0.373    0.347   0.396   0.320
12.77   4.00    0.373    0.347   0.396   0.320

12.78   0.00    0.318    0.318   0.031   0.069   0.003   0.005   0.100   0.004   0.001   0.001   0.104 933938200
12.78   5.68   55.820
12.78   4.00    0.273    0.123
12.78   4.00    0.396   55.820
12.78   4.00    0.373    0.347   0.396   0.320
12.78   4.00    0.373    0.347   0.396   0.320

12.79   0.00    0.318    0.318   0.031   0.069   0.003   0.005   0.100   0.004   0.001   0.001   0.104 934669000
12.79   5.67   55.809
12.79   4.00    0.273    0.123
12.79   4.00    0.396   55.809
12.79   4.00    0.373    0.347   0.396   0.320
12.79   4.00    0.373    0.347   0.396   0.320

12.80   0.00    0.318    0.318   0.031   0.069   0.003   0.005   0.100   0.004   0.001   0.001   0.104 935399800
12.80   5.67   55.799
12.80   4.00    0.273    0.123
12.80   4.00    0.396   55.799
12.80   4.00    0.373    0.347   0.396   0.320
12.80   4.00    0.373    0.347   0.396   0.320

12.81   0.00    0.318    0.318   0.031   0.069   0.003   0.005   0.100   0.004   0.001   0.001   0.104 936130600
12.81   5.67   55.789
12.81   4.00    0.273    0.123
12.81   4.00    0.396   55.789
12.81   4.00    0.373    0.347   0.396   0.320
12.81   4.00    0.373    0.347   0.396   0.320

12.82   0.00    0.318    0.318   0.031   0.069   0.003   0.005   0.100   0.004   0.001   0.001   0.104 936861300
12.82   5.67   55.779
12.82   4.00    0.273    0.123
12.82   4.00    0.396   55.779
12.82   4.00    0.372    0.347   0.396   0.320
12.82   4.00    0.372    0.347   0.396   0.320

12.83   0.00    0.318    0.318   0.031   0.069   0.003   0.005   0.100   0.004   0.001   0.001   0.104 937592100
12.83   5.67   55.769
12.83   4.00    0.273    0.123
12.83   4.00    0.396   55.769
12.83   4.00    0.372    0.347   0.396   0.320
12.83   4.00    0.372    0.347   0.396   0.320

12.84   0.00    0.318    0.318   0.031   0.069   0.003   0.005   0.100   0.004   0.001   0.001   0.104 938322900
12.84   5.66   55.758
12.84   4.00    0.273    0.123
12.84   4.00    0.395   55.758
12.84   4.00    0.372    0.346   0.395   0.320
12.84   4.00    0.372    0.346   0.395   0.320

12.85   0.00    0.318    0.318   0.031   0.069   0.003   0.005   0.100   0.004   0.001   0.001   0.104 939053700
12.85   5.66   55.748
12.85   4.00    0.273    0.123
12.85   4.00    0.395   55.748
12.85   4.00    0.372    0.346   0.395   0.320
12.85   4.00    0.372    0.346   0.395   0.320

12.86   0.00    0.318    0.318   0.031   0.069   0.003   0.005   0.100   0.004   0.001   0.001   0.104 939784400
12.86   5.66   55.738
12.86   4.00    0.272    0.123
12.86   4.00    0.395   55.738
12.86   4.00    0.372    0.346   0.395   0.320
12.86   4.00    0.372    0.346   0.395   0.320

12.87   0.00    0.318    0.318   0.031   0.069   0.003   0.005   0.100   0.004   0.001   0.001   0.104 940515300
12.87   5.66   55.728
12.87   4.00    0.272    0.123
12.87   4.00    0.395   55.728
12.87   4.00    0.372    0.346   0.395   0.320
12.87   4.00    0.372    0.346   0.395   0.320

12.88   0.00    0.318    0.318   0.031   0.069   0.003   0.005   0.100   0.004   0.001   0.001   0.104 941246000
12.88   5.66   55.718
12.88   4.00    0.272    0.123
12.88   4.00    0.395   55.718
12.88   4.00    0.372    0.346   0.395   0.320
12.88   4.00    0.372    0.346   0.395   0.320

12.89   0.00    0.318    0.318   0.031   0.069   0.003   0.005   0.100   0.004   0.001   0.001   0.104 941976800
12.89   5.65   55.708
12.89   4.00    0.272    0.123
12.89   4.00    0.395   55.708
12.89   4.00    0.371    0.346   0.395   0.320
12.89   4.00    0.371    0.346   0.395   0.320

12.90   0.00    0.318    0.318   0.031   0.069   0.003   0.005   0.100   0.004   0.001   0.001   0.104 942707600
12.90   5.65   55.698
12.90   4.00    0.272    0.123
12.90   4.00    0.395   55.698
12.90   4.00    0.371    0.346   0.395   0.320
12.90   4.00    0.371    0.346   0.395   0.320

12.91   0.00    0.318    0.318   0.031   0.069   0.003   0.005   0.100   0.004   0.001   0.001   0.104 943438300
12.91   5.65   55.687
12.91   4.00    0.272    0.123
12.91   4.00    0.394   55.687
12.91   4.00    0.371    0.346   0.394   0.320
12.91   4.00    0.371    0.346   0.394   0.320

12.92   0.00    0.318    0.318   0.031   0.069   0.003   0.005   0.100   0.004   0.001   0.001   0.104 944169200
12.92   5.65   55.677
12.92   4.00    0.272    0.122
12.92   4.00    0.394   55.677
12.92   4.00    0.371    0.346   0.394   0.320
12.92   4.00    0.371    0.346   0.394   0.320

12.93   0.00    0.318    0.318   0.031   0.069   0.003   0.005   0.100   0.004   0.001   0.001   0.104 944900000
12.93   5.64   55.667
12.93   4.00    0.272    0.122
12.93   4.00    0.394   55.667
12.93   4.00    0.371    0.346   0.394   0.320
12.93   4.00    0.371    0.346   0.394   0.320

12.94   0.00    0.318    0.318   0.031   0.069   0.003   0.005   0.100   0.004   0.001   0.001   0.104 945630700
12.94   5.64   55.657
12.94   4.00    0.272    0.122
12.94   4.00    0.394   55.657
12.94   4.00    0.371    0.346   0.394   0.320
12.94   4.00    0.371    0.346   0.394   0.320

12.95   0.00    0.318    0.318   0.031   0.069   0.003   0.005   0.100   0.004   0.001   0.001   0.104 946361500
12.95   5.64   55.647
12.95   4.00    0.271    0.122
12.95   4.00    0.394   55.647
12.95   4.00    0.371    0.346   0.394   0.320
12.95   4.00    0.371    0.346   0.394   0.320

12.96   0.00    0.318    0.318   0.031   0.069   0.003   0.005   0.100   0.004   0.001   0.001   0.104 947092300
12.96   5.64   55.637
12.96   4.00    0.271    0.122
12.96   4.00    0.394   55.637
12.96   4.00    0.370    0.346   0.394   0.320
12.96   4.00    0.370    0.346   0.394   0.320

12.97   0.00    0.318    0.318   0.031   0.069   0.003   0.005   0.100   0.004   0.001   0.001   0.104 947823100
12.97   5.64   55.627
12.97   4.00    0.271    0.122
12.97   4.00    0.393   55.627
12.97   4.00    0.370    0.346   0.393   0.320
12.97   4.00    0.370    0.346   0.393   0.320

12.98   0.00    0.318    0.318   0.031   0.069   0.003   0.005   0.100   0.004   0.001   0.001   0.104 948553800
12.98   5.63   55.617
12.98   4.00    0.271    0.122
12.98   4.00    0.393   55.617
12.98   4.00    0.370    0.346   0.393   0.320
12.98   4.00    0.370    0.346   0.393   0.320

12.99   0.00    0.318    0.318   0.031   0.069   0.003   0.005   0.100   0.004   0.001   0.001   0.104 949284600
12.99   5.63   55.607
12.99   4.00    0.271    0.122
12.99   4.00    0.393   55.607
12.99   4.00    0.370    0.346   0.393   0.320
12.99   4.00    0.370    0.346   0.393   0.320

13.00   0.00    0.318    0.318   0.031   0.068   0.003   0.005   0.100   0.004   0.001   0.001   0.104 950015400
13.00   5.63   55.597
13.00   4.00    0.271    0.122
13.00   4.00    0.393   55.597
13.00   4.00    0.370    0.346   0.393   0.320
13.00   4.00    0.370    0.346   0.393   0.320

13.01   0.00    0.318    0.318   0.031   0.068   0.003   0.005   0.100   0.004   0.001   0.001   0.104 950746200
13.01   5.63   55.587
13.01   4.00    0.271    0.122
13.01   4.00    0.393   55.587
13.01   4.00    0.370    0.346   0.393   0.319
13.01   4.00    0.370    0.346   0.393   0.319

13.02   0.00    0.318    0.318   0.031   0.068   0.003   0.005   0.100   0.004   0.001   0.001   0.104 951477000
13.02   5.63   55.577
13.02   4.00    0.271    0.122
13.02   4.00    0.393   55.577
13.02   4.00    0.369    0.346   0.393   0.319
13.02   4.00    0.369    0.346   0.393   0.319

13.03   0.00    0.318    0.318   0.031   0.068   0.003   0.005   0.100   0.004   0.001   0.001   0.104 952207700
13.03   5.62   55.567
13.03   4.00    0.271    0.122
13.03   4.00    0.393   55.567
13.03   4.00    0.369    0.346   0.393   0.319
13.03   4.00    0.369    0.346   0.393   0.319

13.04   0.00    0.318    0.318   0.031   0.068   0.003   0.005   0.100   0.004   0.001   0.001   0.104 952938500
13.04   5.62   55.557
13.04   4.00    0.270    0.122
13.04   4.00    0.392   55.557
13.04   4.00    0.369    0.346   0.392   0.319
13.04   4.00    0.369    0.346   0.392   0.319

13.05   0.00    0.318    0.318   0.031   0.068   0.003   0.005   0.100   0.004   0.001   0.001   0.104 953669300
13.05   5.62   55.546
13.05   4.00    0.270    0.122
13.05   4.00    0.392   55.546
13.05   4.00    0.369    0.346   0.392   0.319
13.05   4.00    0.369    0.346   0.392   0.319

13.06   0.00    0.318    0.318   0.031   0.068   0.003   0.005   0.100   0.004   0.001   0.001   0.104 954400100
13.06   5.62   55.537
13.06   4.00    0.270    0.122
13.06   4.00    0.392   55.537
13.06   4.00    0.369    0.346   0.392   0.319
13.06   4.00    0.369    0.346   0.392   0.319

13.07   0.00    0.318    0.318   0.031   0.068   0.003   0.005   0.100   0.004   0.001   0.001   0.104 955130800
13.07   5.61   55.526
13.07   4.00    0.270    0.122
13.07   4.00    0.392   55.526
13.07   4.00    0.369    0.346   0.392   0.319
13.07   4.00    0.369    0.346   0.392   0.319

13.08   0.00    0.318    0.318   0.031   0.068   0.003   0.005   0.100   0.004   0.001   0.001   0.104 955861600
13.08   5.61   55.516
13.08   4.00    0.270    0.122
13.08   4.00    0.392   55.516
13.08   4.00    0.369    0.346   0.392   0.319
13.08   4.00    0.369    0.346   0.392   0.319

13.09   0.00    0.318    0.318   0.031   0.068   0.003   0.005   0.100   0.004   0.001   0.001   0.104 956592400
13.09   5.61   55.507
13.09   4.00    0.270    0.122
13.09   4.00    0.392   55.507
13.09   4.00    0.368    0.346   0.392   0.319
13.09   4.00    0.368    0.346   0.392   0.319

13.10   0.00    0.318    0.318   0.031   0.068   0.003   0.005   0.100   0.004   0.001   0.001   0.104 957323300
13.10   5.61   55.497
13.10   4.00    0.270    0.122
13.10   4.00    0.392   55.497
13.10   4.00    0.368    0.346   0.392   0.319
13.10   4.00    0.368    0.346   0.392   0.319

13.11   0.00    0.318    0.318   0.031   0.068   0.003   0.005   0.100   0.004   0.001   0.001   0.104 958054000
13.11   5.61   55.487
13.11   4.00    0.270    0.122
13.11   4.00    0.391   55.487
13.11   4.00    0.368    0.346   0.391   0.319
13.11   4.00    0.368    0.346   0.391   0.319

13.12   0.00    0.318    0.318   0.031   0.068   0.003   0.005   0.100   0.004   0.001   0.001   0.104 958784800
13.12   5.60   55.477
13.12   4.00    0.270    0.122
13.12   4.00    0.391   55.477
13.12   4.00    0.368    0.346   0.391   0.319
13.12   4.00    0.368    0.346   0.391   0.319

13.13   0.00    0.318    0.318   0.031   0.068   0.003   0.005   0.100   0.004   0.001   0.001   0.104 959515600
13.13   5.60   55.467
13.13   4.00    0.269    0.122
13.13   4.00    0.391   55.467
13.13   4.00    0.368    0.346   0.391   0.319
13.13   4.00    0.368    0.346   0.391   0.319

13.14   0.00    0.318    0.318   0.031   0.068   0.003   0.005   0.100   0.004   0.001   0.001   0.104 960246300
13.14   5.60   55.457
13.14   4.00    0.269    0.122
13.14   4.00    0.391   55.457
13.14   4.00    0.368    0.346   0.391   0.319
13.14   4.00    0.368    0.346   0.391   0.319

13.15   0.00    0.318    0.318   0.031   0.068   0.003   0.005   0.100   0.004   0.001   0.001   0.104 960977100
13.15   5.60   55.447
13.15   4.00    0.269    0.122
13.15   4.00    0.391   55.447
13.15   4.00    0.368    0.346   0.391   0.319
13.15   4.00    0.368    0.346   0.391   0.319

13.16   0.00    0.318    0.318   0.031   0.068   0.003   0.005   0.100   0.004   0.001   0.001   0.104 961707900
13.16   5.60   55.437
13.16   4.00    0.269    0.121
13.16   4.00    0.391   55.437
13.16   4.00    0.367    0.346   0.391   0.319
13.16   4.00    0.367    0.346   0.391   0.319

13.17   0.00    0.318    0.318   0.031   0.068   0.003   0.005   0.100   0.004   0.001   0.001   0.104 962438700
13.17   5.59   55.427
13.17   4.00    0.269    0.121
13.17   4.00    0.391   55.427
13.17   4.00    0.367    0.346   0.391   0.319
13.17   4.00    0.367    0.346   0.391   0.319

13.18   0.00    0.318    0.318   0.031   0.068   0.003   0.005   0.100   0.004   0.001   0.001   0.104 963169500
13.18   5.59   55.417
13.18   4.00    0.269    0.121
13.18   4.00    0.390   55.417
13.18   4.00    0.367    0.346   0.390   0.319
13.18   4.00    0.367    0.346   0.390   0.319

13.19   0.00    0.318    0.318   0.031   0.068   0.003   0.005   0.100   0.004   0.001   0.001   0.104 963900200
13.19   5.59   55.407
13.19   4.00    0.269    0.121
13.19   4.00    0.390   55.407
13.19   4.00    0.367    0.346   0.390   0.319
13.19   4.00    0.367    0.346   0.390   0.319

13.20   0.00    0.318    0.318   0.031   0.068   0.003   0.005   0.100   0.004   0.001   0.001   0.104 964631000
13.20   5.59   55.397
13.20   4.00    0.269    0.121
13.20   4.00    0.390   55.397
13.20   4.00    0.367    0.346   0.390   0.319
13.20   4.00    0.367    0.346   0.390   0.319

13.21   0.00    0.318    0.318   0.031   0.068   0.003   0.005   0.100   0.004   0.001   0.001   0.104 965361800
13.21   5.59   55.387
13.21   4.00    0.269    0.121
13.21   4.00    0.390   55.387
13.21   4.00    0.367    0.346   0.390   0.319
13.21   4.00    0.367    0.346   0.390   0.319

13.22   0.00    0.318    0.318   0.031   0.068   0.003   0.005   0.100   0.004   0.001   0.001   0.104 966092600
13.22   5.58   55.377
13.22   4.00    0.269    0.121
13.22   4.00    0.390   55.377
13.22   4.00    0.367    0.346   0.390   0.319
13.22   4.00    0.367    0.346   0.390   0.319

13.23   0.00    0.318    0.318   0.031   0.068   0.003   0.005   0.100   0.004   0.001   0.001   0.104 966823300
13.23   5.58   55.368
13.23   4.00    0.268    0.121
13.23   4.00    0.390   55.368
13.23   4.00    0.366    0.346   0.390   0.319
13.23   4.00    0.366    0.346   0.390   0.319

13.24   0.00    0.318    0.318   0.031   0.068   0.003   0.005   0.100   0.004   0.001   0.001   0.104 967554100
13.24   5.58   55.358
13.24   4.00    0.268    0.121
13.24   4.00    0.389   55.358
13.24   4.00    0.366    0.346   0.389   0.319
13.24   4.00    0.366    0.346   0.389   0.319

13.25   0.00    0.318    0.318   0.031   0.068   0.003   0.005   0.100   0.004   0.001   0.001   0.104 968284900
13.25   5.58   55.348
13.25   4.00    0.268    0.121
13.25   4.00    0.389   55.348
13.25   4.00    0.366    0.346   0.389   0.319
13.25   4.00    0.366    0.346   0.389   0.319

13.26   0.00    0.318    0.318   0.031   0.068   0.003   0.005   0.100   0.004   0.001   0.001   0.104 969015700
13.26   5.58   55.338
13.26   4.00    0.268    0.121
13.26   4.00    0.389   55.338
13.26   4.00    0.366    0.346   0.389   0.319
13.26   4.00    0.366    0.346   0.389   0.319

13.27   0.00    0.318    0.318   0.031   0.068   0.003   0.005   0.100   0.004   0.001   0.001   0.104 969746500
13.27   5.57   55.328
13.27   4.00    0.268    0.121
13.27   4.00    0.389   55.328
13.27   4.00    0.366    0.346   0.389   0.319
13.27   4.00    0.366    0.346   0.389   0.319

13.28   0.00    0.318    0.318   0.031   0.068   0.003   0.005   0.100   0.004   0.001   0.001   0.104 970477200
13.28   5.57   55.318
13.28   4.00    0.268    0.121
13.28   4.00    0.389   55.318
13.28   4.00    0.366    0.346   0.389   0.319
13.28   4.00    0.366    0.346   0.389   0.319

13.29   0.00    0.318    0.318   0.031   0.068   0.003   0.005   0.100   0.004   0.001   0.001   0.104 971208100
13.29   5.57   55.309
13.29   4.00    0.268    0.121
13.29   4.00    0.389   55.309
13.29   4.00    0.366    0.346   0.389   0.319
13.29   4.00    0.366    0.346   0.389   0.319

13.30   0.00    0.318    0.318   0.031   0.068   0.003   0.005   0.100   0.004   0.001   0.001   0.104 971938800
13.30   5.57   55.299
13.30   4.00    0.268    0.121
13.30   4.00    0.389   55.299
13.30   4.00    0.365    0.346   0.389   0.319
13.30   4.00    0.365    0.346   0.389   0.319

13.31   0.00    0.318    0.318   0.031   0.068   0.003   0.005   0.100   0.004   0.001   0.001   0.104 972669600
13.31   5.56   55.289
13.31   4.00    0.268    0.121
13.31   4.00    0.389   55.289
13.31   4.00    0.365    0.346   0.389   0.319
13.31   4.00    0.365    0.346   0.389   0.319

13.32   0.00    0.318    0.318   0.031   0.068   0.003   0.005   0.100   0.004   0.001   0.001   0.104 973400400
13.32   5.56   55.279
13.32   4.00    0.267    0.121
13.32   4.00    0.388   55.279
13.32   4.00    0.365    0.345   0.388   0.319
13.32   4.00    0.365    0.345   0.388   0.319

13.33   0.00    0.318    0.318   0.031   0.068   0.003   0.005   0.100   0.004   0.001   0.001   0.104 974131100
13.33   5.56   55.269
13.33   4.00    0.267    0.121
13.33   4.00    0.388   55.269
13.33   4.00    0.365    0.345   0.388   0.319
13.33   4.00    0.365    0.345   0.388   0.319

13.34   0.00    0.318    0.318   0.031   0.068   0.003   0.005   0.100   0.004   0.001   0.001   0.104 974862000
13.34   5.56   55.260
13.34   4.00    0.267    0.121
13.34   4.00    0.388   55.260
13.34   4.00    0.365    0.345   0.388   0.319
13.34   4.00    0.365    0.345   0.388   0.319

13.35   0.00    0.318    0.318   0.031   0.068   0.003   0.005   0.100   0.004   0.001   0.001   0.104 975592800
13.35   5.56   55.250
13.35   4.00    0.267    0.121
13.35   4.00    0.388   55.250
13.35   4.00    0.365    0.345   0.388   0.319
13.35   4.00    0.365    0.345   0.388   0.319

13.36   0.00    0.318    0.318   0.031   0.068   0.003   0.005   0.100   0.004   0.001   0.001   0.104 976323500
13.36   5.55   55.240
13.36   4.00    0.267    0.121
13.36   4.00    0.388   55.240
13.36   4.00    0.365    0.345   0.388   0.319
13.36   4.00    0.365    0.345   0.388   0.319

13.37   0.00    0.318    0.318   0.031   0.068   0.003   0.005   0.100   0.004   0.001   0.001   0.104 977054300
13.37   5.55   55.230
13.37   4.00    0.267    0.121
13.37   4.00    0.388   55.230
13.37   4.00    0.364    0.345   0.388   0.319
13.37   4.00    0.364    0.345   0.388   0.319

13.38   0.00    0.318    0.318   0.031   0.068   0.003   0.005   0.100   0.004   0.001   0.001   0.104 977785100
13.38   5.55   55.220
13.38   4.00    0.267    0.121
13.38   4.00    0.388   55.220
13.38   4.00    0.364    0.345   0.388   0.319
13.38   4.00    0.364    0.345   0.388   0.319

13.39   0.00    0.318    0.318   0.031   0.068   0.003   0.005   0.100   0.004   0.001   0.001   0.104 978515900
13.39   5.55   55.211
13.39   4.00    0.267    0.121
13.39   4.00    0.387   55.211
13.39   4.00    0.364    0.345   0.387   0.319
13.39   4.00    0.364    0.345   0.387   0.319

13.40   0.00    0.318    0.318   0.031   0.068   0.003   0.005   0.100   0.004   0.001   0.001   0.104 979246600
13.40   5.55   55.201
13.40   4.00    0.267    0.121
13.40   4.00    0.387   55.201
13.40   4.00    0.364    0.345   0.387   0.319
13.40   4.00    0.364    0.345   0.387   0.319

13.41   0.00    0.318    0.318   0.031   0.068   0.003   0.005   0.100   0.004   0.001   0.001   0.104 979977400
13.41   5.54   55.191
13.41   4.00    0.267    0.121
13.41   4.00    0.387   55.191
13.41   4.00    0.364    0.345   0.387   0.319
13.41   4.00    0.364    0.345   0.387   0.319

13.42   0.00    0.318    0.318   0.031   0.068   0.003   0.005   0.100   0.004   0.001   0.001   0.104 980708200
13.42   5.54   55.182
13.42   4.00    0.266    0.120
13.42   4.00    0.387   55.182
13.42   4.00    0.364    0.345   0.387   0.319
13.42   4.00    0.364    0.345   0.387   0.319

13.43   0.00    0.318    0.318   0.031   0.068   0.003   0.005   0.100   0.004   0.001   0.001   0.104 981439000
13.43   5.54   55.172
13.43   4.00    0.266    0.120
13.43   4.00    0.387   55.172
13.43   4.00    0.364    0.345   0.387   0.319
13.43   4.00    0.364    0.345   0.387   0.319

13.44   0.00    0.318    0.318   0.031   0.068   0.003   0.005   0.100   0.004   0.001   0.001   0.104 982169700
13.44   5.54   55.162
13.44   4.00    0.266    0.120
13.44   4.00    0.387   55.162
13.44   4.00    0.363    0.345   0.387   0.319
13.44   4.00    0.363    0.345   0.387   0.319

13.45   0.00    0.317    0.317   0.031   0.068   0.003   0.005   0.100   0.004   0.001   0.001   0.104 982900500
13.45   5.54   55.152
13.45   4.00    0.266    0.120
13.45   4.00    0.387   55.152
13.45   4.00    0.363    0.345   0.387   0.319
13.45   4.00    0.363    0.345   0.387   0.319

13.46   0.00    0.317    0.317   0.031   0.068   0.003   0.005   0.100   0.004   0.001   0.001   0.104 983631400
13.46   5.53   55.143
13.46   4.00    0.266    0.120
13.46   4.00    0.386   55.143
13.46   4.00    0.363    0.345   0.386   0.319
13.46   4.00    0.363    0.345   0.386   0.319

13.47   0.00    0.317    0.317   0.031   0.068   0.003   0.005   0.100   0.004   0.001   0.001   0.104 984362100
13.47   5.53   55.133
13.47   4.00    0.266    0.120
13.47   4.00    0.386   55.133
13.47   4.00    0.363    0.345   0.386   0.319
13.47   4.00    0.363    0.345   0.386   0.319

13.48   0.00    0.317    0.317   0.031   0.068   0.003   0.005   0.100   0.004   0.001   0.001   0.104 985092900
13.48   5.53   55.123
13.48   4.00    0.266    0.120
13.48   4.00    0.386   55.123
13.48   4.00    0.363    0.345   0.386   0.319
13.48   4.00    0.363    0.345   0.386   0.319

13.49   0.00    0.317    0.317   0.031   0.068   0.003   0.005   0.100   0.004   0.001   0.001   0.104 985823700
13.49   5.53   55.114
13.49   4.00    0.266    0.120
13.49   4.00    0.386   55.114
13.49   4.00    0.363    0.345   0.386   0.319
13.49   4.00    0.363    0.345   0.386   0.319

13.50   0.00    0.317    0.317   0.031   0.068   0.003   0.005   0.100   0.004   0.001   0.001   0.104 986554400
13.50   5.53   55.104
13.50   4.00    0.266    0.120
13.50   4.00    0.386   55.104
13.50   4.00    0.363    0.345   0.386   0.319
13.50   4.00    0.363    0.345   0.386   0.319

13.51   0.00    0.317    0.317   0.031   0.068   0.003   0.005   0.100   0.004   0.001   0.001   0.104 987285200
13.51   5.52   55.094
13.51   4.00    0.266    0.120
13.51   4.00    0.386   55.094
13.51   4.00    0.363    0.345   0.386   0.319
13.51   4.00    0.363    0.345   0.386   0.319

13.52   0.00    0.317    0.317   0.031   0.068   0.003   0.005   0.100   0.004   0.001   0.001   0.104 988016100
13.52   5.52   55.085
13.52   4.00    0.265    0.120
13.52   4.00    0.386   55.085
13.52   4.00    0.362    0.345   0.386   0.319
13.52   4.00    0.362    0.345   0.386   0.319

13.53   0.00    0.317    0.317   0.031   0.068   0.003   0.005   0.100   0.004   0.001   0.001   0.104 988746800
13.53   5.52   55.075
13.53   4.00    0.265    0.120
13.53   4.00    0.385   55.075
13.53   4.00    0.362    0.345   0.385   0.319
13.53   4.00    0.362    0.345   0.385   0.319

13.54   0.00    0.317    0.317   0.031   0.068   0.003   0.005   0.100   0.004   0.001   0.001   0.104 989477600
13.54   5.52   55.065
13.54   4.00    0.265    0.120
13.54   4.00    0.385   55.065
13.54   4.00    0.362    0.345   0.385   0.319
13.54   4.00    0.362    0.345   0.385   0.319

13.55   0.00    0.317    0.317   0.031   0.068   0.003   0.005   0.100   0.004   0.001   0.001   0.104 990208400
13.55   5.52   55.056
13.55   4.00    0.265    0.120
13.55   4.00    0.385   55.056
13.55   4.00    0.362    0.345   0.385   0.319
13.55   4.00    0.362    0.345   0.385   0.319

13.56   0.00    0.317    0.317   0.031   0.068   0.003   0.005   0.100   0.004   0.001   0.001   0.104 990939100
13.56   5.51   55.046
13.56   4.00    0.265    0.120
13.56   4.00    0.385   55.046
13.56   4.00    0.362    0.345   0.385   0.319
13.56   4.00    0.362    0.345   0.385   0.319

13.57   0.00    0.317    0.317   0.031   0.068   0.003   0.005   0.100   0.004   0.001   0.001   0.104 991669900
13.57   5.51   55.037
13.57   4.00    0.265    0.120
13.57   4.00    0.385   55.037
13.57   4.00    0.362    0.345   0.385   0.319
13.57   4.00    0.362    0.345   0.385   0.319

13.58   0.00    0.317    0.317   0.031   0.068   0.003   0.005   0.100   0.004   0.001   0.001   0.104 992400700
13.58   5.51   55.027
13.58   4.00    0.265    0.120
13.58   4.00    0.385   55.027
13.58   4.00    0.362    0.345   0.385   0.319
13.58   4.00    0.362    0.345   0.385   0.319

13.59   0.00    0.317    0.317   0.031   0.068   0.003   0.005   0.100   0.004   0.001   0.001   0.104 993131500
13.59   5.51   55.017
13.59   4.00    0.265    0.120
13.59   4.00    0.385   55.017
13.59   4.00    0.361    0.345   0.385   0.319
13.59   4.00    0.361    0.345   0.385   0.319

13.60   0.00    0.317    0.317   0.031   0.068   0.003   0.005   0.100   0.004   0.001   0.001   0.104 993862300
13.60   5.51   55.008
13.60   4.00    0.265    0.120
13.60   4.00    0.384   55.008
13.60   4.00    0.361    0.345   0.384   0.319
13.60   4.00    0.361    0.345   0.384   0.319

13.61   0.00    0.317    0.317   0.031   0.068   0.003   0.005   0.100   0.004   0.001   0.001   0.104 994593000
13.61   5.51   54.998
13.61   4.00    0.265    0.120
13.61   4.00    0.384   54.998
13.61   4.00    0.361    0.345   0.384   0.319
13.61   4.00    0.361    0.345   0.384   0.319

13.62   0.00    0.317    0.317   0.031   0.068   0.003   0.005   0.100   0.004   0.001   0.001   0.104 995323800
13.62   5.50   54.989
13.62   4.00    0.264    0.120
13.62   4.00    0.384   54.989
13.62   4.00    0.361    0.345   0.384   0.319
13.62   4.00    0.361    0.345   0.384   0.319

13.63   0.00    0.317    0.317   0.031   0.068   0.003   0.005   0.100   0.004   0.001   0.001   0.104 996054600
13.63   5.50   54.979
13.63   4.00    0.264    0.120
13.63   4.00    0.384   54.979
13.63   4.00    0.361    0.345   0.384   0.319
13.63   4.00    0.361    0.345   0.384   0.319

13.64   0.00    0.317    0.317   0.031   0.068   0.003   0.005   0.100   0.004   0.001   0.001   0.104 996785400
13.64   5.50   54.970
13.64   4.00    0.264    0.120
13.64   4.00    0.384   54.970
13.64   4.00    0.361    0.345   0.384   0.319
13.64   4.00    0.361    0.345   0.384   0.319

13.65   0.00    0.317    0.317   0.031   0.068   0.003   0.005   0.100   0.004   0.001   0.001   0.104 997516200
13.65   5.50   54.960
13.65   4.00    0.264    0.120
13.65   4.00    0.384   54.960
13.65   4.00    0.361    0.345   0.384   0.319
13.65   4.00    0.361    0.345   0.384   0.319

13.66   0.00    0.317    0.317   0.031   0.068   0.003   0.005   0.100   0.004   0.001   0.001   0.104 998246900
13.66   5.50   54.950
13.66   4.00    0.264    0.120
13.66   4.00    0.384   54.950
13.66   4.00    0.360    0.345   0.384   0.319
13.66   4.00    0.360    0.345   0.384   0.319

13.67   0.00    0.317    0.317   0.031   0.068   0.003   0.005   0.100   0.004   0.001   0.001   0.104 998977700
13.67   5.49   54.941
13.67   4.00    0.264    0.120
13.67   4.00    0.384   54.941
13.67   4.00    0.360    0.345   0.384   0.319
13.67   4.00    0.360    0.345   0.384   0.319

13.68   0.00    0.317    0.317   0.031   0.068   0.003   0.005   0.100   0.004   0.001   0.001   0.104 999708500
13.68   5.49   54.931
13.68   4.00    0.264    0.120
13.68   4.00    0.383   54.931
13.68   4.00    0.360    0.345   0.383   0.319
13.68   4.00    0.360    0.345   0.383   0.319

13.69   0.00    0.317    0.317   0.031   0.068   0.003   0.005   0.100   0.004   0.001   0.001   0.104 1000439000
13.69   5.49   54.922
13.69   4.00    0.264    0.119
13.69   4.00    0.383   54.922
13.69   4.00    0.360    0.345   0.383   0.319
13.69   4.00    0.360    0.345   0.383   0.319

13.70   0.00    0.317    0.317   0.031   0.068   0.003   0.005   0.100   0.004   0.001   0.001   0.104 1001170000
13.70   5.49   54.912
13.70   4.00    0.264    0.119
13.70   4.00    0.383   54.912
13.70   4.00    0.360    0.345   0.383   0.319
13.70   4.00    0.360    0.345   0.383   0.319

13.71   0.00    0.317    0.317   0.031   0.068   0.003   0.005   0.100   0.004   0.001   0.001   0.104 1001901000
13.71   5.49   54.903
13.71   4.00    0.264    0.119
13.71   4.00    0.383   54.903
13.71   4.00    0.360    0.345   0.383   0.319
13.71   4.00    0.360    0.345   0.383   0.319

13.72   0.00    0.317    0.317   0.031   0.068   0.003   0.005   0.100   0.004   0.001   0.001   0.104 1002632000
13.72   5.48   54.893
13.72   4.00    0.263    0.119
13.72   4.00    0.383   54.893
13.72   4.00    0.360    0.345   0.383   0.319
13.72   4.00    0.360    0.345   0.383   0.319

13.73   0.00    0.317    0.317   0.031   0.068   0.003   0.005   0.100   0.004   0.001   0.001   0.104 1003362000
13.73   5.48   54.884
13.73   4.00    0.263    0.119
13.73   4.00    0.383   54.884
13.73   4.00    0.360    0.345   0.383   0.319
13.73   4.00    0.360    0.345   0.383   0.319

13.74   0.00    0.317    0.317   0.031   0.068   0.003   0.005   0.100   0.004   0.001   0.001   0.104 1004093000
13.74   5.48   54.874
13.74   4.00    0.263    0.119
13.74   4.00    0.383   54.874
13.74   4.00    0.359    0.345   0.383   0.319
13.74   4.00    0.359    0.345   0.383   0.319

13.75   0.00    0.317    0.317   0.031   0.068   0.003   0.005   0.100   0.004   0.001   0.001   0.104 1004824000
13.75   5.48   54.865
13.75   4.00    0.263    0.119
13.75   4.00    0.382   54.865
13.75   4.00    0.359    0.345   0.382   0.319
13.75   4.00    0.359    0.345   0.382   0.319

13.76   0.00    0.317    0.317   0.031   0.068   0.003   0.005   0.100   0.004   0.001   0.001   0.104 1005555000
13.76   5.48   54.856
13.76   4.00    0.263    0.119
13.76   4.00    0.382   54.856
13.76   4.00    0.359    0.345   0.382   0.319
13.76   4.00    0.359    0.345   0.382   0.319

13.77   0.00    0.317    0.317   0.031   0.068   0.003   0.005   0.100   0.004   0.001   0.001   0.104 1006286000
13.77   5.47   54.846
13.77   4.00    0.263    0.119
13.77   4.00    0.382   54.846
13.77   4.00    0.359    0.345   0.382   0.319
13.77   4.00    0.359    0.345   0.382   0.319

13.78   0.00    0.317    0.317   0.031   0.068   0.003   0.005   0.100   0.004   0.001   0.001   0.104 1007016000
13.78   5.47   54.837
13.78   4.00    0.263    0.119
13.78   4.00    0.382   54.837
13.78   4.00    0.359    0.345   0.382   0.319
13.78   4.00    0.359    0.345   0.382   0.319

13.79   0.00    0.317    0.317   0.031   0.068   0.003   0.005   0.100   0.004   0.001   0.001   0.104 1007747000
13.79   5.47   54.827
13.79   4.00    0.263    0.119
13.79   4.00    0.382   54.827
13.79   4.00    0.359    0.345   0.382   0.319
13.79   4.00    0.359    0.345   0.382   0.319

13.80   0.00    0.317    0.317   0.031   0.068   0.003   0.005   0.100   0.004   0.001   0.001   0.104 1008478000
13.80   5.47   54.818
13.80   4.00    0.263    0.119
13.80   4.00    0.382   54.818
13.80   4.00    0.359    0.345   0.382   0.319
13.80   4.00    0.359    0.345   0.382   0.319

13.81   0.00    0.317    0.317   0.031   0.068   0.003   0.005   0.100   0.004   0.001   0.001   0.104 1009209000
13.81   5.47   54.808
13.81   4.00    0.263    0.119
13.81   4.00    0.382   54.808
13.81   4.00    0.359    0.345   0.382   0.319
13.81   4.00    0.359    0.345   0.382   0.319

13.82   0.00    0.317    0.317   0.031   0.068   0.003   0.005   0.100   0.004   0.001   0.001   0.104 1009939000
13.82   5.47   54.799
13.82   4.00    0.263    0.119
13.82   4.00    0.382   54.799
13.82   4.00    0.358    0.345   0.382   0.319
13.82   4.00    0.358    0.345   0.382   0.319

13.83   0.00    0.317    0.317   0.031   0.068   0.003   0.005   0.100   0.004   0.001   0.001   0.104 1010670000
13.83   5.46   54.789
13.83   4.00    0.262    0.119
13.83   4.00    0.381   54.789
13.83   4.00    0.358    0.345   0.381   0.319
13.83   4.00    0.358    0.345   0.381   0.319

13.84   0.00    0.317    0.317   0.031   0.068   0.003   0.005   0.100   0.004   0.001   0.001   0.104 1011401000
13.84   5.46   54.780
13.84   4.00    0.262    0.119
13.84   4.00    0.381   54.780
13.84   4.00    0.358    0.345   0.381   0.319
13.84   4.00    0.358    0.345   0.381   0.319

13.85   0.00    0.317    0.317   0.031   0.068   0.003   0.005   0.100   0.004   0.001   0.001   0.104 1012132000
13.85   5.46   54.771
13.85   4.00    0.262    0.119
13.85   4.00    0.381   54.771
13.85   4.00    0.358    0.344   0.381   0.319
13.85   4.00    0.358    0.344   0.381   0.319

13.86   0.00    0.317    0.317   0.031   0.068   0.003   0.005   0.100   0.004   0.001   0.001   0.104 1012863000
13.86   5.46   54.761
13.86   4.00    0.262    0.119
13.86   4.00    0.381   54.761
13.86   4.00    0.358    0.344   0.381   0.319
13.86   4.00    0.358    0.344   0.381   0.319

13.87   0.00    0.317    0.317   0.031   0.068   0.003   0.005   0.100   0.004   0.001   0.001   0.104 1013593000
13.87   5.46   54.752
13.87   4.00    0.262    0.119
13.87   4.00    0.381   54.752
13.87   4.00    0.358    0.344   0.381   0.319
13.87   4.00    0.358    0.344   0.381   0.319

13.88   0.00    0.317    0.317   0.031   0.068   0.003   0.005   0.100   0.004   0.001   0.001   0.104 1014324000
13.88   5.45   54.743
13.88   4.00    0.262    0.119
13.88   4.00    0.381   54.743
13.88   4.00    0.358    0.344   0.381   0.319
13.88   4.00    0.358    0.344   0.381   0.319

13.89   0.00    0.317    0.317   0.031   0.068   0.003   0.005   0.100   0.004   0.001   0.001   0.104 1015055000
13.89   5.45   54.733
13.89   4.00    0.262    0.119
13.89   4.00    0.381   54.733
13.89   4.00    0.357    0.344   0.381   0.319
13.89   4.00    0.357    0.344   0.381   0.319

13.90   0.00    0.317    0.317   0.031   0.068   0.003   0.005   0.100   0.004   0.001   0.001   0.104 1015786000
13.90   5.45   54.724
13.90   4.00    0.262    0.119
13.90   4.00    0.380   54.724
13.90   4.00    0.357    0.344   0.380   0.319
13.90   4.00    0.357    0.344   0.380   0.319

13.91   0.00    0.317    0.317   0.031   0.068   0.003   0.005   0.100   0.004   0.001   0.001   0.104 1016516000
13.91   5.45   54.714
13.91   4.00    0.262    0.119
13.91   4.00    0.380   54.714
13.91   4.00    0.357    0.344   0.380   0.319
13.91   4.00    0.357    0.344   0.380   0.319

13.92   0.00    0.317    0.317   0.031   0.068   0.003   0.005   0.100   0.004   0.001   0.001   0.104 1017247000
13.92   5.45   54.705
13.92   4.00    0.262    0.119
13.92   4.00    0.380   54.705
13.92   4.00    0.357    0.344   0.380   0.319
13.92   4.00    0.357    0.344   0.380   0.319

13.93   0.00    0.317    0.317   0.031   0.068   0.003   0.005   0.100   0.004   0.001   0.001   0.104 1017978000
13.93   5.44   54.696
13.93   4.00    0.261    0.119
13.93   4.00    0.380   54.696
13.93   4.00    0.357    0.344   0.380   0.319
13.93   4.00    0.357    0.344   0.380   0.319

13.94   0.00    0.317    0.317   0.031   0.068   0.003   0.005   0.100   0.004   0.001   0.001   0.104 1018709000
13.94   5.44   54.686
13.94   4.00    0.261    0.119
13.94   4.00    0.380   54.686
13.94   4.00    0.357    0.344   0.380   0.319
13.94   4.00    0.357    0.344   0.380   0.319

13.95   0.00    0.317    0.317   0.031   0.068   0.003   0.005   0.100   0.004   0.001   0.001   0.104 1019440000
13.95   5.44   54.677
13.95   4.00    0.261    0.119
13.95   4.00    0.380   54.677
13.95   4.00    0.357    0.344   0.380   0.319
13.95   4.00    0.357    0.344   0.380   0.319

13.96   0.00    0.317    0.317   0.031   0.068   0.003   0.005   0.100   0.004   0.001   0.001   0.104 1020170000
13.96   5.44   54.668
13.96   4.00    0.261    0.119
13.96   4.00    0.380   54.668
13.96   4.00    0.357    0.344   0.380   0.319
13.96   4.00    0.357    0.344   0.380   0.319

13.97   0.00    0.317    0.317   0.031   0.068   0.003   0.005   0.100   0.004   0.001   0.001   0.104 1020901000
13.97   5.44   54.659
13.97   4.00    0.261    0.119
13.97   4.00    0.380   54.659
13.97   4.00    0.356    0.344   0.380   0.319
13.97   4.00    0.356    0.344   0.380   0.319

13.98   0.00    0.317    0.317   0.031   0.068   0.003   0.005   0.100   0.004   0.001   0.001   0.104 1021632000
13.98   5.44   54.649
13.98   4.00    0.261    0.118
13.98   4.00    0.379   54.649
13.98   4.00    0.356    0.344   0.379   0.319
13.98   4.00    0.356    0.344   0.379   0.319

13.99   0.00    0.317    0.317   0.031   0.068   0.003   0.005   0.100   0.004   0.001   0.001   0.104 1022363000
13.99   5.43   54.640
13.99   4.00    0.261    0.118
13.99   4.00    0.379   54.640
13.99   4.00    0.356    0.344   0.379   0.319
13.99   4.00    0.356    0.344   0.379   0.319

14.00   0.00    0.317    0.317   0.031   0.068   0.003   0.005   0.100   0.004   0.001   0.001   0.104 1023094000
14.00   5.43   54.631
14.00   4.00    0.261    0.118
14.00   4.00    0.379   54.631
14.00   4.00    0.356    0.344   0.379   0.319
14.00   4.00    0.356    0.344   0.379   0.319

14.01   0.00    0.317    0.317   0.031   0.068   0.003   0.005   0.100   0.004   0.001   0.001   0.104 1023824000
14.01   5.43   54.621
14.01   4.00    0.261    0.118
14.01   4.00    0.379   54.621
14.01   4.00    0.356    0.344   0.379   0.319
14.01   4.00    0.356    0.344   0.379   0.319

14.02   0.00    0.317    0.317   0.031   0.068   0.003   0.005   0.100   0.004   0.001   0.001   0.104 1024555000
14.02   5.43   54.612
14.02   4.00    0.261    0.118
14.02   4.00    0.379   54.612
14.02   4.00    0.356    0.344   0.379   0.319
14.02   4.00    0.356    0.344   0.379   0.319

14.03   0.00    0.317    0.317   0.031   0.068   0.003   0.005   0.100   0.004   0.001   0.001   0.104 1025286000
14.03   5.43   54.603
14.03   4.00    0.261    0.118
14.03   4.00    0.379   54.603
14.03   4.00    0.356    0.344   0.379   0.319
14.03   4.00    0.356    0.344   0.379   0.319

14.04   0.00    0.317    0.317   0.031   0.068   0.003   0.005   0.100   0.004   0.001   0.001   0.104 1026017000
14.04   5.42   54.594
14.04   4.00    0.260    0.118
14.04   4.00    0.379   54.594
14.04   4.00    0.356    0.344   0.379   0.319
14.04   4.00    0.356    0.344   0.379   0.319

14.05   0.00    0.317    0.317   0.031   0.068   0.003   0.005   0.100   0.004   0.001   0.001   0.104 1026747000
14.05   5.42   54.584
14.05   4.00    0.260    0.118
14.05   4.00    0.379   54.584
14.05   4.00    0.355    0.344   0.379   0.319
14.05   4.00    0.355    0.344   0.379   0.319

14.06   0.00    0.317    0.317   0.031   0.068   0.003   0.005   0.100   0.004   0.001   0.001   0.104 1027478000
14.06   5.42   54.575
14.06   4.00    0.260    0.118
14.06   4.00    0.378   54.575
14.06   4.00    0.355    0.344   0.378   0.318
14.06   4.00    0.355    0.344   0.378   0.318

14.07   0.00    0.317    0.317   0.031   0.068   0.003   0.005   0.100   0.004   0.001   0.001   0.104 1028209000
14.07   5.42   54.566
14.07   4.00    0.260    0.118
14.07   4.00    0.378   54.566
14.07   4.00    0.355    0.344   0.378   0.318
14.07   4.00    0.355    0.344   0.378   0.318

14.08   0.00    0.317    0.317   0.031   0.068   0.003   0.005   0.100   0.004   0.001   0.001   0.104 1028940000
14.08   5.42   54.557
14.08   4.00    0.260    0.118
14.08   4.00    0.378   54.557
14.08   4.00    0.355    0.344   0.378   0.318
14.08   4.00    0.355    0.344   0.378   0.318

14.09   0.00    0.317    0.317   0.031   0.068   0.003   0.005   0.100   0.004   0.001   0.001   0.104 1029671000
14.09   5.42   54.547
14.09   4.00    0.260    0.118
14.09   4.00    0.378   54.547
14.09   4.00    0.355    0.344   0.378   0.318
14.09   4.00    0.355    0.344   0.378   0.318

14.10   0.00    0.317    0.317   0.031   0.068   0.003   0.005   0.100   0.004   0.001   0.001   0.104 1030401000
14.10   5.41   54.538
14.10   4.00    0.260    0.118
14.10   4.00    0.378   54.538
14.10   4.00    0.355    0.344   0.378   0.318
14.10   4.00    0.355    0.344   0.378   0.318

14.11   0.00    0.317    0.317   0.031   0.068   0.003   0.005   0.100   0.004   0.001   0.001   0.104 1031132000
14.11   5.41   54.529
14.11   4.00    0.260    0.118
14.11   4.00    0.378   54.529
14.11   4.00    0.355    0.344   0.378   0.318
14.11   4.00    0.355    0.344   0.378   0.318

14.12   0.00    0.317    0.317   0.031   0.068   0.003   0.005   0.100   0.004   0.001   0.001   0.104 1031863000
14.12   5.41   54.520
14.12   4.00    0.260    0.118
14.12   4.00    0.378   54.520
14.12   4.00    0.355    0.344   0.378   0.318
14.12   4.00    0.355    0.344   0.378   0.318

14.13   0.00    0.317    0.317   0.031   0.068   0.003   0.005   0.100   0.004   0.001   0.001   0.104 1032594000
14.13   5.41   54.511
14.13   4.00    0.260    0.118
14.13   4.00    0.378   54.511
14.13   4.00    0.354    0.344   0.378   0.318
14.13   4.00    0.354    0.344   0.378   0.318

14.14   0.00    0.317    0.317   0.031   0.068   0.003   0.005   0.100   0.004   0.001   0.001   0.104 1033324000
14.14   5.41   54.501
14.14   4.00    0.259    0.118
14.14   4.00    0.377   54.501
14.14   4.00    0.354    0.344   0.377   0.318
14.14   4.00    0.354    0.344   0.377   0.318

14.15   0.00    0.317    0.317   0.031   0.068   0.003   0.005   0.100   0.004   0.001   0.001   0.104 1034055000
14.15   5.40   54.492
14.15   4.00    0.259    0.118
14.15   4.00    0.377   54.492
14.15   4.00    0.354    0.344   0.377   0.318
14.15   4.00    0.354    0.344   0.377   0.318

14.16   0.00    0.317    0.317   0.031   0.068   0.003   0.005   0.100   0.004   0.001   0.001   0.104 1034786000
14.16   5.40   54.483
14.16   4.00    0.259    0.118
14.16   4.00    0.377   54.483
14.16   4.00    0.354    0.344   0.377   0.318
14.16   4.00    0.354    0.344   0.377   0.318

14.17   0.00    0.317    0.317   0.031   0.068   0.003   0.005   0.100   0.004   0.001   0.001   0.104 1035517000
14.17   5.40   54.474
14.17   4.00    0.259    0.118
14.17   4.00    0.377   54.474
14.17   4.00    0.354    0.344   0.377   0.318
14.17   4.00    0.354    0.344   0.377   0.318

14.18   0.00    0.317    0.317   0.031   0.068   0.003   0.005   0.100   0.004   0.001   0.001   0.104 1036248000
14.18   5.40   54.465
14.18   4.00    0.259    0.118
14.18   4.00    0.377   54.465
14.18   4.00    0.354    0.344   0.377   0.318
14.18   4.00    0.354    0.344   0.377   0.318

14.19   0.00    0.317    0.317   0.031   0.068   0.003   0.005   0.100   0.004   0.001   0.001   0.104 1036978000
14.19   5.40   54.456
14.19   4.00    0.259    0.118
14.19   4.00    0.377   54.456
14.19   4.00    0.354    0.344   0.377   0.318
14.19   4.00    0.354    0.344   0.377   0.318

14.20   0.00    0.317    0.317   0.031   0.068   0.003   0.005   0.100   0.004   0.001   0.001   0.104 1037709000
14.20   5.40   54.446
14.20   4.00    0.259    0.118
14.20   4.00    0.377   54.446
14.20   4.00    0.354    0.344   0.377   0.318
14.20   4.00    0.354    0.344   0.377   0.318

14.21   0.00    0.317    0.317   0.031   0.068   0.003   0.005   0.100   0.004   0.001   0.001   0.104 1038440000
14.21   5.39   54.437
14.21   4.00    0.259    0.118
14.21   4.00    0.377   54.437
14.21   4.00    0.353    0.344   0.377   0.318
14.21   4.00    0.353    0.344   0.377   0.318

14.22   0.00    0.317    0.317   0.031   0.068   0.003   0.005   0.100   0.004   0.001   0.001   0.104 1039171000
14.22   5.39   54.428
14.22   4.00    0.259    0.118
14.22   4.00    0.376   54.428
14.22   4.00    0.353    0.344   0.376   0.318
14.22   4.00    0.353    0.344   0.376   0.318

14.23   0.00    0.317    0.317   0.031   0.068   0.003   0.005   0.100   0.004   0.001   0.001   0.104 1039901000
14.23   5.39   54.419
14.23   4.00    0.259    0.118
14.23   4.00    0.376   54.419
14.23   4.00    0.353    0.344   0.376   0.318
14.23   4.00    0.353    0.344   0.376   0.318

14.24   0.00    0.317    0.317   0.031   0.068   0.003   0.005   0.100   0.004   0.001   0.001   0.104 1040632000
14.24   5.39   54.410
14.24   4.00    0.259    0.118
14.24   4.00    0.376   54.410
14.24   4.00    0.353    0.344   0.376   0.318
14.24   4.00    0.353    0.344   0.376   0.318

14.25   0.00    0.317    0.317   0.031   0.068   0.003   0.005   0.100   0.004   0.001   0.001   0.104 1041363000
14.25   5.39   54.401
14.25   4.00    0.258    0.118
14.25   4.00    0.376   54.401
14.25   4.00    0.353    0.344   0.376   0.318
14.25   4.00    0.353    0.344   0.376   0.318

14.26   0.00    0.317    0.317   0.031   0.068   0.003   0.005   0.100   0.004   0.001   0.001   0.104 1042094000
14.26   5.38   54.392
14.26   4.00    0.258    0.118
14.26   4.00    0.376   54.392
14.26   4.00    0.353    0.344   0.376   0.318
14.26   4.00    0.353    0.344   0.376   0.318

14.27   0.00    0.317    0.317   0.031   0.068   0.003   0.005   0.100   0.004   0.001   0.001   0.104 1042825000
14.27   5.38   54.383
14.27   4.00    0.258    0.118
14.27   4.00    0.376   54.383
14.27   4.00    0.353    0.344   0.376   0.318
14.27   4.00    0.353    0.344   0.376   0.318

14.28   0.00    0.317    0.317   0.031   0.068   0.003   0.005   0.100   0.004   0.001   0.001   0.104 1043555000
14.28   5.38   54.374
14.28   4.00    0.258    0.117
14.28   4.00    0.376   54.374
14.28   4.00    0.353    0.344   0.376   0.318
14.28   4.00    0.353    0.344   0.376   0.318

14.29   0.00    0.317    0.317   0.031   0.068   0.003   0.005   0.100   0.004   0.001   0.001   0.104 1044286000
14.29   5.38   54.365
14.29   4.00    0.258    0.117
14.29   4.00    0.376   54.365
14.29   4.00    0.352    0.344   0.376   0.318
14.29   4.00    0.352    0.344   0.376   0.318

14.30   0.00    0.317    0.317   0.031   0.068   0.003   0.005   0.100   0.004   0.001   0.001   0.104 1045017000
14.30   5.38   54.356
14.30   4.00    0.258    0.117
14.30   4.00    0.375   54.356
14.30   4.00    0.352    0.344   0.375   0.318
14.30   4.00    0.352    0.344   0.375   0.318

14.31   0.00    0.317    0.317   0.031   0.068   0.003   0.005   0.100   0.004   0.001   0.001   0.104 1045748000
14.31   5.38   54.346
14.31   4.00    0.258    0.117
14.31   4.00    0.375   54.346
14.31   4.00    0.352    0.344   0.375   0.318
14.31   4.00    0.352    0.344   0.375   0.318

14.32   0.00    0.317    0.317   0.031   0.068   0.003   0.005   0.100   0.004   0.001   0.001   0.104 1046478000
14.32   5.37   54.337
14.32   4.00    0.258    0.117
14.32   4.00    0.375   54.337
14.32   4.00    0.352    0.344   0.375   0.318
14.32   4.00    0.352    0.344   0.375   0.318

14.33   0.00    0.317    0.317   0.031   0.068   0.003   0.005   0.100   0.004   0.001   0.001   0.104 1047209000
14.33   5.37   54.328
14.33   4.00    0.258    0.117
14.33   4.00    0.375   54.328
14.33   4.00    0.352    0.344   0.375   0.318
14.33   4.00    0.352    0.344   0.375   0.318

14.34   0.00    0.317    0.317   0.031   0.068   0.003   0.005   0.100   0.004   0.001   0.001   0.104 1047940000
14.34   5.37   54.319
14.34   4.00    0.258    0.117
14.34   4.00    0.375   54.319
14.34   4.00    0.352    0.344   0.375   0.318
14.34   4.00    0.352    0.344   0.375   0.318

14.35   0.00    0.317    0.317   0.031   0.068   0.003   0.005   0.100   0.004   0.001   0.001   0.104 1048671000
14.35   5.37   54.310
14.35   4.00    0.258    0.117
14.35   4.00    0.375   54.310
14.35   4.00    0.352    0.344   0.375   0.318
14.35   4.00    0.352    0.344   0.375   0.318

14.36   0.00    0.317    0.317   0.031   0.068   0.003   0.005   0.100   0.004   0.001   0.001   0.104 1049402000
14.36   5.37   54.301
14.36   4.00    0.257    0.117
14.36   4.00    0.375   54.301
14.36   4.00    0.352    0.344   0.375   0.318
14.36   4.00    0.352    0.344   0.375   0.318

14.37   0.00    0.317    0.317   0.031   0.068   0.003   0.005   0.100   0.004   0.001   0.001   0.104 1050132000
14.37   5.37   54.292
14.37   4.00    0.257    0.117
14.37   4.00    0.375   54.292
14.37   4.00    0.351    0.344   0.375   0.318
14.37   4.00    0.351    0.344   0.375   0.318

14.38   0.00    0.317    0.317   0.031   0.068   0.003   0.005   0.100   0.004   0.001   0.001   0.104 1050863000
14.38   5.36   54.283
14.38   4.00    0.257    0.117
14.38   4.00    0.374   54.283
14.38   4.00    0.351    0.344   0.374   0.318
14.38   4.00    0.351    0.344   0.374   0.318

14.39   0.00    0.317    0.317   0.031   0.068   0.003   0.005   0.100   0.004   0.001   0.001   0.104 1051594000
14.39   5.36   54.274
14.39   4.00    0.257    0.117
14.39   4.00    0.374   54.274
14.39   4.00    0.351    0.344   0.374   0.318
14.39   4.00    0.351    0.344   0.374   0.318

14.40   0.00    0.317    0.317   0.031   0.068   0.003   0.005   0.100   0.004   0.001   0.001   0.104 1052325000
14.40   5.36   54.265
14.40   4.00    0.257    0.117
14.40   4.00    0.374   54.265
14.40   4.00    0.351    0.344   0.374   0.318
14.40   4.00    0.351    0.344   0.374   0.318

14.41   0.00    0.317    0.317   0.031   0.068   0.003   0.005   0.100   0.004   0.001   0.001   0.104 1053055000
14.41   5.36   54.256
14.41   4.00    0.257    0.117
14.41   4.00    0.374   54.256
14.41   4.00    0.351    0.344   0.374   0.318
14.41   4.00    0.351    0.344   0.374   0.318

14.42   0.00    0.317    0.317   0.031   0.068   0.003   0.005   0.100   0.004   0.001   0.001   0.104 1053786000
14.42   5.36   54.247
14.42   4.00    0.257    0.117
14.42   4.00    0.374   54.247
14.42   4.00    0.351    0.344   0.374   0.318
14.42   4.00    0.351    0.344   0.374   0.318

14.43   0.00    0.317    0.317   0.031   0.068   0.003   0.005   0.100   0.004   0.001   0.001   0.104 1054517000
14.43   5.36   54.238
14.43   4.00    0.257    0.117
14.43   4.00    0.374   54.238
14.43   4.00    0.351    0.343   0.374   0.318
14.43   4.00    0.351    0.343   0.374   0.318

14.44   0.00    0.317    0.317   0.031   0.068   0.003   0.005   0.100   0.004   0.001   0.001   0.104 1055248000
14.44   5.35   54.229
14.44   4.00    0.257    0.117
14.44   4.00    0.374   54.229
14.44   4.00    0.351    0.343   0.374   0.318
14.44   4.00    0.351    0.343   0.374   0.318

14.45   0.00    0.317    0.317   0.031   0.068   0.003   0.005   0.100   0.004   0.001   0.001   0.104 1055979000
14.45   5.35   54.220
14.45   4.00    0.257    0.117
14.45   4.00    0.374   54.220
14.45   4.00    0.351    0.343   0.374   0.318
14.45   4.00    0.351    0.343   0.374   0.318

14.46   0.00    0.317    0.317   0.031   0.068   0.003   0.005   0.100   0.004   0.001   0.001   0.104 1056709000
14.46   5.35   54.211
14.46   4.00    0.257    0.117
14.46   4.00    0.374   54.211
14.46   4.00    0.350    0.343   0.374   0.318
14.46   4.00    0.350    0.343   0.374   0.318

14.47   0.00    0.317    0.317   0.031   0.068   0.003   0.005   0.100   0.004   0.001   0.001   0.104 1057440000
14.47   5.35   54.203
14.47   4.00    0.257    0.117
14.47   4.00    0.373   54.203
14.47   4.00    0.350    0.343   0.373   0.318
14.47   4.00    0.350    0.343   0.373   0.318

14.48   0.00    0.317    0.317   0.031   0.068   0.003   0.005   0.100   0.004   0.001   0.001   0.104 1058171000
14.48   5.35   54.194
14.48   4.00    0.256    0.117
14.48   4.00    0.373   54.194
14.48   4.00    0.350    0.343   0.373   0.318
14.48   4.00    0.350    0.343   0.373   0.318

14.49   0.00    0.317    0.317   0.031   0.068   0.003   0.005   0.100   0.004   0.001   0.001   0.104 1058902000
14.49   5.35   54.185
14.49   4.00    0.256    0.117
14.49   4.00    0.373   54.185
14.49   4.00    0.350    0.343   0.373   0.318
14.49   4.00    0.350    0.343   0.373   0.318

14.50   0.00    0.317    0.317   0.031   0.068   0.003   0.005   0.100   0.004   0.001   0.001   0.104 1059633000
14.50   5.34   54.176
14.50   4.00    0.256    0.117
14.50   4.00    0.373   54.176
14.50   4.00    0.350    0.343   0.373   0.318
14.50   4.00    0.350    0.343   0.373   0.318

14.51   0.00    0.317    0.317   0.031   0.068   0.003   0.005   0.100   0.004   0.001   0.001   0.104 1060363000
14.51   5.34   54.167
14.51   4.00    0.256    0.117
14.51   4.00    0.373   54.167
14.51   4.00    0.350    0.343   0.373   0.318
14.51   4.00    0.350    0.343   0.373   0.318

14.52   0.00    0.317    0.317   0.031   0.068   0.003   0.005   0.100   0.004   0.001   0.001   0.104 1061094000
14.52   5.34   54.158
14.52   4.00    0.256    0.117
14.52   4.00    0.373   54.158
14.52   4.00    0.350    0.343   0.373   0.318
14.52   4.00    0.350    0.343   0.373   0.318

14.53   0.00    0.317    0.317   0.031   0.068   0.003   0.005   0.100   0.004   0.001   0.001   0.104 1061825000
14.53   5.34   54.149
14.53   4.00    0.256    0.117
14.53   4.00    0.373   54.149
14.53   4.00    0.350    0.343   0.373   0.318
14.53   4.00    0.350    0.343   0.373   0.318

14.54   0.00    0.317    0.317   0.031   0.068   0.003   0.005   0.100   0.004   0.001   0.001   0.104 1062556000
14.54   5.34   54.140
14.54   4.00    0.256    0.117
14.54   4.00    0.373   54.140
14.54   4.00    0.349    0.343   0.373   0.318
14.54   4.00    0.349    0.343   0.373   0.318

14.55   0.00    0.317    0.317   0.031   0.068   0.003   0.005   0.100   0.004   0.001   0.001   0.104 1063286000
14.55   5.33   54.131
14.55   4.00    0.256    0.117
14.55   4.00    0.372   54.131
14.55   4.00    0.349    0.343   0.372   0.318
14.55   4.00    0.349    0.343   0.372   0.318

14.56   0.00    0.317    0.317   0.031   0.068   0.003   0.005   0.100   0.004   0.001   0.001   0.104 1064017000
14.56   5.33   54.122
14.56   4.00    0.256    0.117
14.56   4.00    0.372   54.122
14.56   4.00    0.349    0.343   0.372   0.318
14.56   4.00    0.349    0.343   0.372   0.318

14.57   0.00    0.317    0.317   0.031   0.068   0.003   0.005   0.100   0.004   0.001   0.001   0.104 1064748000
14.57   5.33   54.113
14.57   4.00    0.256    0.117
14.57   4.00    0.372   54.113
14.57   4.00    0.349    0.343   0.372   0.318
14.57   4.00    0.349    0.343   0.372   0.318

14.58   0.00    0.317    0.317   0.031   0.068   0.003   0.005   0.100   0.004   0.001   0.001   0.104 1065479000
14.58   5.33   54.105
14.58   4.00    0.256    0.117
14.58   4.00    0.372   54.105
14.58   4.00    0.349    0.343   0.372   0.318
14.58   4.00    0.349    0.343   0.372   0.318

14.59   0.00    0.317    0.317   0.031   0.068   0.003   0.005   0.100   0.004   0.001   0.001   0.104 1066210000
14.59   5.33   54.096
14.59   4.00    0.255    0.117
14.59   4.00    0.372   54.096
14.59   4.00    0.349    0.343   0.372   0.318
14.59   4.00    0.349    0.343   0.372   0.318

14.60   0.00    0.317    0.317   0.031   0.068   0.003   0.005   0.100   0.004   0.001   0.001   0.104 1066940000
14.60   5.33   54.087
14.60   4.00    0.255    0.116
14.60   4.00    0.372   54.087
14.60   4.00    0.349    0.343   0.372   0.318
14.60   4.00    0.349    0.343   0.372   0.318

14.61   0.00    0.316    0.316   0.031   0.068   0.003   0.005   0.100   0.004   0.001   0.001   0.104 1067671000
14.61   5.32   54.078
14.61   4.00    0.255    0.116
14.61   4.00    0.372   54.078
14.61   4.00    0.349    0.343   0.372   0.318
14.61   4.00    0.349    0.343   0.372   0.318

14.62   0.00    0.316    0.316   0.031   0.068   0.003   0.005   0.100   0.004   0.001   0.001   0.104 1068402000
14.62   5.32   54.069
14.62   4.00    0.255    0.116
14.62   4.00    0.372   54.069
14.62   4.00    0.349    0.343   0.372   0.318
14.62   4.00    0.349    0.343   0.372   0.318

14.63   0.00    0.316    0.316   0.031   0.068   0.003   0.005   0.100   0.004   0.001   0.001   0.104 1069133000
14.63   5.32   54.060
14.63   4.00    0.255    0.116
14.63   4.00    0.372   54.060
14.63   4.00    0.348    0.343   0.372   0.318
14.63   4.00    0.348    0.343   0.372   0.318

14.64   0.00    0.316    0.316   0.031   0.068   0.003   0.005   0.100   0.004   0.001   0.001   0.104 1069863000
14.64   5.32   54.052
14.64   4.00    0.255    0.116
14.64   4.00    0.371   54.052
14.64   4.00    0.348    0.343   0.371   0.318
14.64   4.00    0.348    0.343   0.371   0.318

14.65   0.00    0.316    0.316   0.031   0.068   0.003   0.005   0.100   0.004   0.001   0.001   0.104 1070594000
14.65   5.32   54.043
14.65   4.00    0.255    0.116
14.65   4.00    0.371   54.043
14.65   4.00    0.348    0.343   0.371   0.318
14.65   4.00    0.348    0.343   0.371   0.318

14.66   0.00    0.316    0.316   0.031   0.068   0.003   0.005   0.100   0.004   0.001   0.001   0.104 1071325000
14.66   5.32   54.034
14.66   4.00    0.255    0.116
14.66   4.00    0.371   54.034
14.66   4.00    0.348    0.343   0.371   0.318
14.66   4.00    0.348    0.343   0.371   0.318

14.67   0.00    0.316    0.316   0.031   0.068   0.003   0.005   0.100   0.004   0.001   0.001   0.104 1072056000
14.67   5.31   54.025
14.67   4.00    0.255    0.116
14.67   4.00    0.371   54.025
14.67   4.00    0.348    0.343   0.371   0.318
14.67   4.00    0.348    0.343   0.371   0.318

14.68   0.00    0.316    0.316   0.031   0.068   0.003   0.005   0.100   0.004   0.001   0.001   0.104 1072787000
14.68   5.31   54.016
14.68   4.00    0.255    0.116
14.68   4.00    0.371   54.016
14.68   4.00    0.348    0.343   0.371   0.318
14.68   4.00    0.348    0.343   0.371   0.318

14.69   0.00    0.316    0.316   0.031   0.068   0.003   0.005   0.100   0.004   0.001   0.001   0.104 1073517000
14.69   5.31   54.008
14.69   4.00    0.255    0.116
14.69   4.00    0.371   54.008
14.69   4.00    0.348    0.343   0.371   0.318
14.69   4.00    0.348    0.343   0.371   0.318

14.70   0.00    0.316    0.316   0.031   0.068   0.003   0.005   0.100   0.004   0.001   0.001   0.104 1074248000
14.70   5.31   53.999
14.70   4.00    0.255    0.116
14.70   4.00    0.371   53.999
14.70   4.00    0.348    0.343   0.371   0.318
14.70   4.00    0.348    0.343   0.371   0.318

14.71   0.00    0.316    0.316   0.031   0.068   0.003   0.005   0.100   0.004   0.001   0.001   0.104 1074979000
14.71   5.31   53.990
14.71   4.00    0.254    0.116
14.71   4.00    0.371   53.990
14.71   4.00    0.347    0.343   0.371   0.318
14.71   4.00    0.347    0.343   0.371   0.318

14.72   0.00    0.316    0.316   0.031   0.068   0.003   0.005   0.100   0.004   0.001   0.001   0.104 1075710000
14.72   5.31   53.981
14.72   4.00    0.254    0.116
14.72   4.00    0.370   53.981
14.72   4.00    0.347    0.343   0.370   0.318
14.72   4.00    0.347    0.343   0.370   0.318

14.73   0.00    0.316    0.316   0.031   0.068   0.003   0.005   0.100   0.004   0.001   0.001   0.104 1076440000
14.73   5.30   53.972
14.73   4.00    0.254    0.116
14.73   4.00    0.370   53.972
14.73   4.00    0.347    0.343   0.370   0.318
14.73   4.00    0.347    0.343   0.370   0.318

14.74   0.00    0.316    0.316   0.031   0.068   0.003   0.005   0.100   0.004   0.001   0.001   0.104 1077171000
14.74   5.30   53.964
14.74   4.00    0.254    0.116
14.74   4.00    0.370   53.964
14.74   4.00    0.347    0.343   0.370   0.318
14.74   4.00    0.347    0.343   0.370   0.318

14.75   0.00    0.316    0.316   0.031   0.068   0.003   0.005   0.100   0.004   0.001   0.001   0.104 1077902000
14.75   5.30   53.955
14.75   4.00    0.254    0.116
14.75   4.00    0.370   53.955
14.75   4.00    0.347    0.343   0.370   0.318
14.75   4.00    0.347    0.343   0.370   0.318

14.76   0.00    0.316    0.316   0.031   0.068   0.003   0.005   0.100   0.004   0.001   0.001   0.104 1078633000
14.76   5.30   53.946
14.76   4.00    0.254    0.116
14.76   4.00    0.370   53.946
14.76   4.00    0.347    0.343   0.370   0.318
14.76   4.00    0.347    0.343   0.370   0.318

14.77   0.00    0.316    0.316   0.031   0.068   0.003   0.005   0.100   0.004   0.001   0.001   0.104 1079364000
14.77   5.30   53.938
14.77   4.00    0.254    0.116
14.77   4.00    0.370   53.938
14.77   4.00    0.347    0.343   0.370   0.318
14.77   4.00    0.347    0.343   0.370   0.318

14.78   0.00    0.316    0.316   0.031   0.068   0.003   0.005   0.100   0.004   0.001   0.001   0.104 1080094000
14.78   5.30   53.929
14.78   4.00    0.254    0.116
14.78   4.00    0.370   53.929
14.78   4.00    0.347    0.343   0.370   0.318
14.78   4.00    0.347    0.343   0.370   0.318

14.79   0.00    0.316    0.316   0.031   0.068   0.003   0.005   0.100   0.004   0.001   0.001   0.104 1080825000
14.79   5.30   53.920
14.79   4.00    0.254    0.116
14.79   4.00    0.370   53.920
14.79   4.00    0.347    0.343   0.370   0.318
14.79   4.00    0.347    0.343   0.370   0.318

14.80   0.00    0.316    0.316   0.031   0.068   0.003   0.005   0.100   0.004   0.001   0.001   0.104 1081556000
14.80   5.29   53.911
14.80   4.00    0.254    0.116
14.80   4.00    0.370   53.911
14.80   4.00    0.346    0.343   0.370   0.318
14.80   4.00    0.346    0.343   0.370   0.318

14.81   0.00    0.316    0.316   0.031   0.068   0.003   0.005   0.100   0.004   0.001   0.001   0.104 1082287000
14.81   5.29   53.903
14.81   4.00    0.254    0.116
14.81   4.00    0.369   53.903
14.81   4.00    0.346    0.343   0.369   0.318
14.81   4.00    0.346    0.343   0.369   0.318

14.82   0.00    0.316    0.316   0.031   0.068   0.003   0.005   0.100   0.004   0.001   0.001   0.104 1083017000
14.82   5.29   53.894
14.82   4.00    0.253    0.116
14.82   4.00    0.369   53.894
14.82   4.00    0.346    0.343   0.369   0.318
14.82   4.00    0.346    0.343   0.369   0.318

14.83   0.00    0.316    0.316   0.031   0.068   0.003   0.005   0.100   0.004   0.001   0.001   0.104 1083748000
14.83   5.29   53.885
14.83   4.00    0.253    0.116
14.83   4.00    0.369   53.885
14.83   4.00    0.346    0.343   0.369   0.318
14.83   4.00    0.346    0.343   0.369   0.318

14.84   0.00    0.316    0.316   0.031   0.068   0.003   0.005   0.100   0.004   0.001   0.001   0.104 1084479000
14.84   5.29   53.877
14.84   4.00    0.253    0.116
14.84   4.00    0.369   53.877
14.84   4.00    0.346    0.343   0.369   0.318
14.84   4.00    0.346    0.343   0.369   0.318

14.85   0.00    0.316    0.316   0.031   0.068   0.003   0.005   0.100   0.004   0.001   0.001   0.104 1085210000
14.85   5.29   53.868
14.85   4.00    0.253    0.116
14.85   4.00    0.369   53.868
14.85   4.00    0.346    0.343   0.369   0.318
14.85   4.00    0.346    0.343   0.369   0.318

14.86   0.00    0.316    0.316   0.031   0.068   0.003   0.005   0.100   0.004   0.001   0.001   0.104 1085941000
14.86   5.28   53.859
14.86   4.00    0.253    0.116
14.86   4.00    0.369   53.859
14.86   4.00    0.346    0.343   0.369   0.318
14.86   4.00    0.346    0.343   0.369   0.318

14.87   0.00    0.316    0.316   0.031   0.068   0.003   0.005   0.100   0.004   0.001   0.001   0.104 1086671000
14.87   5.28   53.851
14.87   4.00    0.253    0.116
14.87   4.00    0.369   53.851
14.87   4.00    0.346    0.343   0.369   0.318
14.87   4.00    0.346    0.343   0.369   0.318

14.88   0.00    0.316    0.316   0.031   0.068   0.003   0.005   0.100   0.004   0.001   0.001   0.104 1087402000
14.88   5.28   53.842
14.88   4.00    0.253    0.116
14.88   4.00    0.369   53.842
14.88   4.00    0.346    0.343   0.369   0.318
14.88   4.00    0.346    0.343   0.369   0.318

14.89   0.00    0.316    0.316   0.031   0.068   0.003   0.005   0.100   0.004   0.001   0.001   0.104 1088133000
14.89   5.28   53.833
14.89   4.00    0.253    0.116
14.89   4.00    0.369   53.833
14.89   4.00    0.345    0.343   0.369   0.318
14.89   4.00    0.345    0.343   0.369   0.318

14.90   0.00    0.316    0.316   0.031   0.068   0.003   0.005   0.100   0.004   0.001   0.001   0.104 1088864000
14.90   5.28   53.825
14.90   4.00    0.253    0.116
14.90   4.00    0.368   53.825
14.90   4.00    0.345    0.343   0.368   0.318
14.90   4.00    0.345    0.343   0.368   0.318

14.91   0.00    0.316    0.316   0.031   0.068   0.003   0.005   0.100   0.004   0.001   0.001   0.104 1089595000
14.91   5.28   53.816
14.91   4.00    0.253    0.116
14.91   4.00    0.368   53.816
14.91   4.00    0.345    0.343   0.368   0.318
14.91   4.00    0.345    0.343   0.368   0.318

14.92   0.00    0.316    0.316   0.031   0.068   0.003   0.005   0.100   0.004   0.001   0.001   0.104 1090325000
14.92   5.27   53.807
14.92   4.00    0.253    0.116
14.92   4.00    0.368   53.807
14.92   4.00    0.345    0.343   0.368   0.318
14.92   4.00    0.345    0.343   0.368   0.318

14.93   0.00    0.316    0.316   0.031   0.068   0.003   0.005   0.100   0.004   0.001   0.001   0.104 1091056000
14.93   5.27   53.799
14.93   4.00    0.253    0.116
14.93   4.00    0.368   53.799
14.93   4.00    0.345    0.343   0.368   0.318
14.93   4.00    0.345    0.343   0.368   0.318

14.94   0.00    0.316    0.316   0.031   0.068   0.003   0.005   0.100   0.004   0.001   0.001   0.104 1091787000
14.94   5.27   53.790
14.94   4.00    0.252    0.115
14.94   4.00    0.368   53.790
14.94   4.00    0.345    0.343   0.368   0.318
14.94   4.00    0.345    0.343   0.368   0.318

14.95   0.00    0.316    0.316   0.031   0.068   0.003   0.005   0.100   0.004   0.001   0.001   0.104 1092518000
14.95   5.27   53.782
14.95   4.00    0.252    0.115
14.95   4.00    0.368   53.782
14.95   4.00    0.345    0.343   0.368   0.318
14.95   4.00    0.345    0.343   0.368   0.318

14.96   0.00    0.316    0.316   0.031   0.068   0.003   0.005   0.100   0.004   0.001   0.001   0.104 1093249000
14.96   5.27   53.773
14.96   4.00    0.252    0.115
14.96   4.00    0.368   53.773
14.96   4.00    0.345    0.343   0.368   0.318
14.96   4.00    0.345    0.343   0.368   0.318

14.97   0.00    0.316    0.316   0.031   0.068   0.003   0.005   0.100   0.004   0.001   0.001   0.104 1093979000
14.97   5.27   53.764
14.97   4.00    0.252    0.115
14.97   4.00    0.368   53.764
14.97   4.00    0.345    0.343   0.368   0.318
14.97   4.00    0.345    0.343   0.368   0.318

14.98   0.00    0.316    0.316   0.031   0.068   0.003   0.005   0.100   0.004   0.001   0.001   0.104 1094710000
14.98   5.26   53.756
14.98   4.00    0.252    0.115
14.98   4.00    0.368   53.756
14.98   4.00    0.344    0.343   0.368   0.318
14.98   4.00    0.344    0.343   0.368   0.318

14.99   0.00    0.316    0.316   0.031   0.068   0.003   0.005   0.100   0.004   0.001   0.001   0.104 1095441000
14.99   5.26   53.747
14.99   4.00    0.252    0.115
14.99   4.00    0.367   53.747
14.99   4.00    0.344    0.343   0.367   0.318
14.99   4.00    0.344    0.343   0.367   0.318

15.00   0.00    0.316    0.316   0.031   0.068   0.003   0.005   0.100   0.004   0.001   0.001   0.104 1096172000
15.00   5.26   53.739
15.00   4.00    0.252    0.115
15.00   4.00    0.367   53.739
15.00   4.00    0.344    0.343   0.367   0.318
15.00   4.00    0.344    0.343   0.367   0.318

15.01   0.00    0.316    0.316   0.031   0.068   0.003   0.005   0.100   0.004   0.001   0.001   0.104 1096902000
15.01   5.26   53.730
15.01   4.00    0.252    0.115
15.01   4.00    0.367   53.730
15.01   4.00    0.344    0.343   0.367   0.318
15.01   4.00    0.344    0.343   0.367   0.318

15.02   0.00    0.316    0.316   0.031   0.068   0.003   0.005   0.100   0.004   0.001   0.001   0.104 1097633000
15.02   5.26   53.721
15.02   4.00    0.252    0.115
15.02   4.00    0.367   53.721
15.02   4.00    0.344    0.343   0.367   0.318
15.02   4.00    0.344    0.343   0.367   0.318

15.03   0.00    0.316    0.316   0.031   0.068   0.003   0.005   0.100   0.004   0.001   0.001   0.104 1098364000
15.03   5.26   53.713
15.03   4.00    0.252    0.115
15.03   4.00    0.367   53.713
15.03   4.00    0.344    0.343   0.367   0.318
15.03   4.00    0.344    0.343   0.367   0.318

15.04   0.00    0.316    0.316   0.031   0.068   0.003   0.005   0.100   0.004   0.001   0.001   0.104 1099095000
15.04   5.26   53.704
15.04   4.00    0.252    0.115
15.04   4.00    0.367   53.704
15.04   4.00    0.344    0.343   0.367   0.318
15.04   4.00    0.344    0.343   0.367   0.318

15.05   0.00    0.316    0.316   0.031   0.068   0.003   0.005   0.100   0.004   0.001   0.001   0.104 1099826000
15.05   5.25   53.696
15.05   4.00    0.252    0.115
15.05   4.00    0.367   53.696
15.05   4.00    0.344    0.343   0.367   0.318
15.05   4.00    0.344    0.343   0.367   0.318

15.06   0.00    0.316    0.316   0.031   0.068   0.003   0.005   0.100   0.004   0.001   0.001   0.104 1100556000
15.06   5.25   53.687
15.06   4.00    0.251    0.115
15.06   4.00    0.367   53.687
15.06   4.00    0.344    0.343   0.367   0.318
15.06   4.00    0.344    0.343   0.367   0.318

15.07   0.00    0.316    0.316   0.031   0.068   0.003   0.005   0.100   0.004   0.001   0.001   0.104 1101287000
15.07   5.25   53.679
15.07   4.00    0.251    0.115
15.07   4.00    0.367   53.679
15.07   4.00    0.343    0.342   0.367   0.318
15.07   4.00    0.343    0.342   0.367   0.318

15.08   0.00    0.316    0.316   0.031   0.068   0.003   0.005   0.100   0.004   0.001   0.001   0.104 1102018000
15.08   5.25   53.670
15.08   4.00    0.251    0.115
15.08   4.00    0.366   53.670
15.08   4.00    0.343    0.342   0.366   0.318
15.08   4.00    0.343    0.342   0.366   0.318

15.09   0.00    0.316    0.316   0.031   0.068   0.003   0.005   0.100   0.004   0.001   0.001   0.104 1102749000
15.09   5.25   53.662
15.09   4.00    0.251    0.115
15.09   4.00    0.366   53.662
15.09   4.00    0.343    0.342   0.366   0.318
15.09   4.00    0.343    0.342   0.366   0.318

15.10   0.00    0.316    0.316   0.031   0.068   0.003   0.005   0.100   0.004   0.001   0.001   0.104 1103479000
15.10   5.25   53.653
15.10   4.00    0.251    0.115
15.10   4.00    0.366   53.653
15.10   4.00    0.343    0.342   0.366   0.318
15.10   4.00    0.343    0.342   0.366   0.318

15.11   0.00    0.316    0.316   0.031   0.068   0.003   0.005   0.100   0.004   0.001   0.001   0.104 1104210000
15.11   5.24   53.645
15.11   4.00    0.251    0.115
15.11   4.00    0.366   53.645
15.11   4.00    0.343    0.342   0.366   0.318
15.11   4.00    0.343    0.342   0.366   0.318

15.12   0.00    0.316    0.316   0.031   0.068   0.003   0.005   0.100   0.004   0.001   0.001   0.104 1104941000
15.12   5.24   53.636
15.12   4.00    0.251    0.115
15.12   4.00    0.366   53.636
15.12   4.00    0.343    0.342   0.366   0.318
15.12   4.00    0.343    0.342   0.366   0.318

15.13   0.00    0.316    0.316   0.031   0.068   0.003   0.005   0.100   0.004   0.001   0.001   0.104 1105672000
15.13   5.24   53.628
15.13   4.00    0.251    0.115
15.13   4.00    0.366   53.628
15.13   4.00    0.343    0.342   0.366   0.318
15.13   4.00    0.343    0.342   0.366   0.318

15.14   0.00    0.316    0.316   0.031   0.068   0.003   0.005   0.100   0.004   0.001   0.001   0.104 1106403000
15.14   5.24   53.619
15.14   4.00    0.251    0.115
15.14   4.00    0.366   53.619
15.14   4.00    0.343    0.342   0.366   0.318
15.14   4.00    0.343    0.342   0.366   0.318

15.15   0.00    0.316    0.316   0.031   0.068   0.003   0.005   0.100   0.004   0.001   0.001   0.104 1107133000
15.15   5.24   53.611
15.15   4.00    0.251    0.115
15.15   4.00    0.366   53.611
15.15   4.00    0.343    0.342   0.366   0.318
15.15   4.00    0.343    0.342   0.366   0.318

15.16   0.00    0.316    0.316   0.031   0.068   0.003   0.005   0.100   0.004   0.001   0.001   0.104 1107864000
15.16   5.24   53.602
15.16   4.00    0.251    0.115
15.16   4.00    0.366   53.602
15.16   4.00    0.343    0.342   0.366   0.318
15.16   4.00    0.343    0.342   0.366   0.318

15.17   0.00    0.316    0.316   0.031   0.068   0.003   0.005   0.100   0.004   0.001   0.001   0.104 1108595000
15.17   5.23   53.594
15.17   4.00    0.251    0.115
15.17   4.00    0.365   53.594
15.17   4.00    0.342    0.342   0.365   0.318
15.17   4.00    0.342    0.342   0.365   0.318

15.18   0.00    0.316    0.316   0.031   0.068   0.003   0.005   0.100   0.004   0.001   0.001   0.104 1109326000
15.18   5.23   53.585
15.18   4.00    0.251    0.115
15.18   4.00    0.365   53.585
15.18   4.00    0.342    0.342   0.365   0.318
15.18   4.00    0.342    0.342   0.365   0.318

15.19   0.00    0.316    0.316   0.031   0.068   0.002   0.005   0.100   0.004   0.001   0.001   0.104 1110056000
15.19   5.23   53.577
15.19   4.00    0.250    0.115
15.19   4.00    0.365   53.577
15.19   4.00    0.342    0.342   0.365   0.318
15.19   4.00    0.342    0.342   0.365   0.318

15.20   0.00    0.316    0.316   0.031   0.068   0.002   0.005   0.100   0.004   0.001   0.001   0.104 1110787000
15.20   5.23   53.569
15.20   4.00    0.250    0.115
15.20   4.00    0.365   53.569
15.20   4.00    0.342    0.342   0.365   0.318
15.20   4.00    0.342    0.342   0.365   0.318

15.21   0.00    0.316    0.316   0.031   0.068   0.002   0.005   0.100   0.004   0.001   0.001   0.104 1111518000
15.21   5.23   53.560
15.21   4.00    0.250    0.115
15.21   4.00    0.365   53.560
15.21   4.00    0.342    0.342   0.365   0.318
15.21   4.00    0.342    0.342   0.365   0.318

15.22   0.00    0.316    0.316   0.031   0.068   0.002   0.005   0.100   0.004   0.001   0.001   0.104 1112249000
15.22   5.23   53.552
15.22   4.00    0.250    0.115
15.22   4.00    0.365   53.552
15.22   4.00    0.342    0.342   0.365   0.318
15.22   4.00    0.342    0.342   0.365   0.318

15.23   0.00    0.316    0.316   0.031   0.068   0.002   0.005   0.100   0.004   0.001   0.001   0.104 1112980000
15.23   5.23   53.543
15.23   4.00    0.250    0.115
15.23   4.00    0.365   53.543
15.23   4.00    0.342    0.342   0.365   0.318
15.23   4.00    0.342    0.342   0.365   0.318

15.24   0.00    0.316    0.316   0.031   0.068   0.002   0.005   0.100   0.004   0.001   0.001   0.104 1113710000
15.24   5.22   53.535
15.24   4.00    0.250    0.115
15.24   4.00    0.365   53.535
15.24   4.00    0.342    0.342   0.365   0.318
15.24   4.00    0.342    0.342   0.365   0.318

15.25   0.00    0.316    0.316   0.031   0.068   0.002   0.005   0.100   0.004   0.001   0.001   0.104 1114441000
15.25   5.22   53.526
15.25   4.00    0.250    0.115
15.25   4.00    0.365   53.526
15.25   4.00    0.342    0.342   0.365   0.318
15.25   4.00    0.342    0.342   0.365   0.318

15.26   0.00    0.316    0.316   0.031   0.068   0.002   0.005   0.100   0.004   0.001   0.001   0.104 1115172000
15.26   5.22   53.518
15.26   4.00    0.250    0.115
15.26   4.00    0.364   53.518
15.26   4.00    0.341    0.342   0.364   0.318
15.26   4.00    0.341    0.342   0.364   0.318

15.27   0.00    0.316    0.316   0.031   0.068   0.002   0.005   0.100   0.004   0.001   0.001   0.104 1115903000
15.27   5.22   53.510
15.27   4.00    0.250    0.115
15.27   4.00    0.364   53.510
15.27   4.00    0.341    0.342   0.364   0.318
15.27   4.00    0.341    0.342   0.364   0.318

15.28   0.00    0.316    0.316   0.031   0.068   0.002   0.005   0.100   0.004   0.001   0.001   0.104 1116633000
15.28   5.22   53.501
15.28   4.00    0.250    0.115
15.28   4.00    0.364   53.501
15.28   4.00    0.341    0.342   0.364   0.318
15.28   4.00    0.341    0.342   0.364   0.318

15.29   0.00    0.316    0.316   0.031   0.068   0.002   0.005   0.100   0.004   0.001   0.001   0.104 1117364000
15.29   5.22   53.493
15.29   4.00    0.250    0.115
15.29   4.00    0.364   53.493
15.29   4.00    0.341    0.342   0.364   0.318
15.29   4.00    0.341    0.342   0.364   0.318

15.30   0.00    0.316    0.316   0.031   0.068   0.002   0.005   0.100   0.004   0.001   0.001   0.104 1118095000
15.30   5.21   53.485
15.30   4.00    0.250    0.115
15.30   4.00    0.364   53.485
15.30   4.00    0.341    0.342   0.364   0.318
15.30   4.00    0.341    0.342   0.364   0.318

15.31   0.00    0.316    0.316   0.031   0.068   0.002   0.005   0.100   0.004   0.001   0.001   0.104 1118826000
15.31   5.21   53.476
15.31   4.00    0.249    0.114
15.31   4.00    0.364   53.476
15.31   4.00    0.341    0.342   0.364   0.318
15.31   4.00    0.341    0.342   0.364   0.318

15.32   0.00    0.316    0.316   0.031   0.068   0.002   0.005   0.100   0.004   0.001   0.001   0.104 1119557000
15.32   5.21   53.468
15.32   4.00    0.249    0.114
15.32   4.00    0.364   53.468
15.32   4.00    0.341    0.342   0.364   0.318
15.32   4.00    0.341    0.342   0.364   0.318

15.33   0.00    0.316    0.316   0.031   0.068   0.002   0.005   0.100   0.004   0.001   0.001   0.104 1120287000
15.33   5.21   53.459
15.33   4.00    0.249    0.114
15.33   4.00    0.364   53.460
15.33   4.00    0.341    0.342   0.364   0.318
15.33   4.00    0.341    0.342   0.364   0.318

15.34   0.00    0.316    0.316   0.031   0.068   0.002   0.005   0.100   0.004   0.001   0.001   0.104 1121018000
15.34   5.21   53.451
15.34   4.00    0.249    0.114
15.34   4.00    0.364   53.451
15.34   4.00    0.341    0.342   0.364   0.318
15.34   4.00    0.341    0.342   0.364   0.318

15.35   0.00    0.316    0.316   0.031   0.068   0.002   0.005   0.100   0.004   0.001   0.001   0.104 1121749000
15.35   5.21   53.443
15.35   4.00    0.249    0.114
15.35   4.00    0.364   53.443
15.35   4.00    0.341    0.342   0.364   0.318
15.35   4.00    0.341    0.342   0.364   0.318

15.36   0.00    0.316    0.316   0.031   0.068   0.002   0.005   0.100   0.004   0.001   0.001   0.104 1122480000
15.36   5.21   53.434
15.36   4.00    0.249    0.114
15.36   4.00    0.363   53.434
15.36   4.00    0.340    0.342   0.363   0.317
15.36   4.00    0.340    0.342   0.363   0.317

15.37   0.00    0.316    0.316   0.031   0.068   0.002   0.005   0.100   0.004   0.001   0.001   0.104 1123210000
15.37   5.20   53.426
15.37   4.00    0.249    0.114
15.37   4.00    0.363   53.426
15.37   4.00    0.340    0.342   0.363   0.317
15.37   4.00    0.340    0.342   0.363   0.317

15.38   0.00    0.316    0.316   0.031   0.068   0.002   0.005   0.100   0.004   0.001   0.001   0.104 1123941000
15.38   5.20   53.418
15.38   4.00    0.249    0.114
15.38   4.00    0.363   53.418
15.38   4.00    0.340    0.342   0.363   0.317
15.38   4.00    0.340    0.342   0.363   0.317

15.39   0.00    0.316    0.316   0.031   0.068   0.002   0.005   0.100   0.004   0.001   0.001   0.104 1124672000
15.39   5.20   53.410
15.39   4.00    0.249    0.114
15.39   4.00    0.363   53.410
15.39   4.00    0.340    0.342   0.363   0.317
15.39   4.00    0.340    0.342   0.363   0.317

15.40   0.00    0.316    0.316   0.031   0.068   0.002   0.005   0.100   0.004   0.001   0.001   0.104 1125403000
15.40   5.20   53.401
15.40   4.00    0.249    0.114
15.40   4.00    0.363   53.401
15.40   4.00    0.340    0.342   0.363   0.317
15.40   4.00    0.340    0.342   0.363   0.317

15.41   0.00    0.316    0.316   0.031   0.068   0.002   0.005   0.100   0.004   0.001   0.001   0.104 1126134000
15.41   5.20   53.393
15.41   4.00    0.249    0.114
15.41   4.00    0.363   53.393
15.41   4.00    0.340    0.342   0.363   0.317
15.41   4.00    0.340    0.342   0.363   0.317

15.42   0.00    0.316    0.316   0.031   0.068   0.002   0.005   0.100   0.004   0.001   0.001   0.104 1126864000
15.42   5.20   53.385
15.42   4.00    0.249    0.114
15.42   4.00    0.363   53.385
15.42   4.00    0.340    0.342   0.363   0.317
15.42   4.00    0.340    0.342   0.363   0.317

15.43   0.00    0.316    0.316   0.031   0.068   0.002   0.005   0.100   0.004   0.001   0.001   0.104 1127595000
15.43   5.20   53.376
15.43   4.00    0.249    0.114
15.43   4.00    0.363   53.376
15.43   4.00    0.340    0.342   0.363   0.317
15.43   4.00    0.340    0.342   0.363   0.317

15.44   0.00    0.316    0.316   0.031   0.068   0.002   0.005   0.100   0.004   0.001   0.001   0.104 1128326000
15.44   5.19   53.368
15.44   4.00    0.248    0.114
15.44   4.00    0.363   53.368
15.44   4.00    0.340    0.342   0.363   0.317
15.44   4.00    0.340    0.342   0.363   0.317

15.45   0.00    0.316    0.316   0.031   0.068   0.002   0.005   0.100   0.004   0.001   0.001   0.104 1129057000
15.45   5.19   53.360
15.45   4.00    0.248    0.114
15.45   4.00    0.362   53.360
15.45   4.00    0.339    0.342   0.362   0.317
15.45   4.00    0.339    0.342   0.362   0.317

15.46   0.00    0.316    0.316   0.031   0.068   0.002   0.005   0.100   0.004   0.001   0.001   0.104 1129788000
15.46   5.19   53.352
15.46   4.00    0.248    0.114
15.46   4.00    0.362   53.352
15.46   4.00    0.339    0.342   0.362   0.317
15.46   4.00    0.339    0.342   0.362   0.317

15.47   0.00    0.316    0.316   0.031   0.068   0.002   0.005   0.100   0.004   0.001   0.001   0.104 1130518000
15.47   5.19   53.343
15.47   4.00    0.248    0.114
15.47   4.00    0.362   53.343
15.47   4.00    0.339    0.342   0.362   0.317
15.47   4.00    0.339    0.342   0.362   0.317

15.48   0.00    0.316    0.316   0.031   0.068   0.002   0.005   0.100   0.004   0.001   0.001   0.104 1131249000
15.48   5.19   53.335
15.48   4.00    0.248    0.114
15.48   4.00    0.362   53.335
15.48   4.00    0.339    0.342   0.362   0.317
15.48   4.00    0.339    0.342   0.362   0.317

15.49   0.00    0.316    0.316   0.031   0.068   0.002   0.005   0.100   0.004   0.001   0.001   0.104 1131980000
15.49   5.19   53.327
15.49   4.00    0.248    0.114
15.49   4.00    0.362   53.327
15.49   4.00    0.339    0.342   0.362   0.317
15.49   4.00    0.339    0.342   0.362   0.317

15.50   0.00    0.316    0.316   0.031   0.068   0.002   0.005   0.100   0.004   0.001   0.001   0.104 1132711000
15.50   5.19   53.319
15.50   4.00    0.248    0.114
15.50   4.00    0.362   53.319
15.50   4.00    0.339    0.342   0.362   0.317
15.50   4.00    0.339    0.342   0.362   0.317

15.51   0.00    0.316    0.316   0.031   0.068   0.002   0.005   0.100   0.004   0.001   0.001   0.104 1133441000
15.51   5.18   53.310
15.51   4.00    0.248    0.114
15.51   4.00    0.362   53.310
15.51   4.00    0.339    0.342   0.362   0.317
15.51   4.00    0.339    0.342   0.362   0.317

15.52   0.00    0.316    0.316   0.031   0.068   0.002   0.005   0.100   0.004   0.001   0.001   0.104 1134172000
15.52   5.18   53.302
15.52   4.00    0.248    0.114
15.52   4.00    0.362   53.302
15.52   4.00    0.339    0.342   0.362   0.317
15.52   4.00    0.339    0.342   0.362   0.317

15.53   0.00    0.316    0.316   0.031   0.068   0.002   0.005   0.100   0.004   0.001   0.001   0.104 1134903000
15.53   5.18   53.294
15.53   4.00    0.248    0.114
15.53   4.00    0.362   53.294
15.53   4.00    0.339    0.342   0.362   0.317
15.53   4.00    0.339    0.342   0.362   0.317

15.54   0.00    0.316    0.316   0.031   0.068   0.002   0.005   0.100   0.004   0.001   0.001   0.104 1135634000
15.54   5.18   53.286
15.54   4.00    0.248    0.114
15.54   4.00    0.362   53.286
15.54   4.00    0.339    0.342   0.362   0.317
15.54   4.00    0.339    0.342   0.362   0.317

15.55   0.00    0.316    0.316   0.031   0.068   0.002   0.005   0.100   0.004   0.001   0.001   0.104 1136365000
15.55   5.18   53.277
15.55   4.00    0.248    0.114
15.55   4.00    0.361   53.277
15.55   4.00    0.338    0.342   0.361   0.317
15.55   4.00    0.338    0.342   0.361   0.317

15.56   0.00    0.316    0.316   0.031   0.068   0.002   0.005   0.100   0.004   0.001   0.001   0.104 1137095000
15.56   5.18   53.269
15.56   4.00    0.248    0.114
15.56   4.00    0.361   53.269
15.56   4.00    0.338    0.342   0.361   0.317
15.56   4.00    0.338    0.342   0.361   0.317

15.57   0.00    0.316    0.316   0.031   0.068   0.002   0.005   0.100   0.004   0.001   0.001   0.104 1137826000
15.57   5.17   53.261
15.57   4.00    0.247    0.114
15.57   4.00    0.361   53.261
15.57   4.00    0.338    0.342   0.361   0.317
15.57   4.00    0.338    0.342   0.361   0.317

15.58   0.00    0.316    0.316   0.031   0.068   0.002   0.005   0.100   0.004   0.001   0.001   0.104 1138557000
15.58   5.17   53.253
15.58   4.00    0.247    0.114
15.58   4.00    0.361   53.253
15.58   4.00    0.338    0.342   0.361   0.317
15.58   4.00    0.338    0.342   0.361   0.317

15.59   0.00    0.316    0.316   0.031   0.068   0.002   0.005   0.100   0.004   0.001   0.001   0.104 1139288000
15.59   5.17   53.245
15.59   4.00    0.247    0.114
15.59   4.00    0.361   53.245
15.59   4.00    0.338    0.342   0.361   0.317
15.59   4.00    0.338    0.342   0.361   0.317

15.60   0.00    0.316    0.316   0.031   0.068   0.002   0.005   0.100   0.004   0.001   0.001   0.104 1140019000
15.60   5.17   53.237
15.60   4.00    0.247    0.114
15.60   4.00    0.361   53.237
15.60   4.00    0.338    0.342   0.361   0.317
15.60   4.00    0.338    0.342   0.361   0.317

15.61   0.00    0.316    0.316   0.031   0.068   0.002   0.005   0.100   0.004   0.001   0.001   0.104 1140749000
15.61   5.17   53.228
15.61   4.00    0.247    0.114
15.61   4.00    0.361   53.228
15.61   4.00    0.338    0.342   0.361   0.317
15.61   4.00    0.338    0.342   0.361   0.317

15.62   0.00    0.316    0.316   0.031   0.068   0.002   0.005   0.100   0.004   0.001   0.001   0.104 1141480000
15.62   5.17   53.220
15.62   4.00    0.247    0.114
15.62   4.00    0.361   53.220
15.62   4.00    0.338    0.342   0.361   0.317
15.62   4.00    0.338    0.342   0.361   0.317

15.63   0.00    0.316    0.316   0.031   0.068   0.002   0.005   0.100   0.004   0.001   0.001   0.104 1142211000
15.63   5.17   53.212
15.63   4.00    0.247    0.114
15.63   4.00    0.361   53.212
15.63   4.00    0.338    0.342   0.361   0.317
15.63   4.00    0.338    0.342   0.361   0.317

15.64   0.00    0.316    0.316   0.031   0.068   0.002   0.005   0.100   0.004   0.001   0.001   0.104 1142942000
15.64   5.16   53.204
15.64   4.00    0.247    0.114
15.64   4.00    0.361   53.204
15.64   4.00    0.338    0.342   0.361   0.317
15.64   4.00    0.338    0.342   0.361   0.317

15.65   0.00    0.316    0.316   0.031   0.068   0.002   0.005   0.100   0.004   0.001   0.001   0.104 1143672000
15.65   5.16   53.196
15.65   4.00    0.247    0.114
15.65   4.00    0.360   53.196
15.65   4.00    0.337    0.342   0.360   0.317
15.65   4.00    0.337    0.342   0.360   0.317

15.66   0.00    0.316    0.316   0.031   0.068   0.002   0.005   0.100   0.004   0.001   0.001   0.104 1144403000
15.66   5.16   53.188
15.66   4.00    0.247    0.114
15.66   4.00    0.360   53.188
15.66   4.00    0.337    0.342   0.360   0.317
15.66   4.00    0.337    0.342   0.360   0.317

15.67   0.00    0.316    0.316   0.031   0.068   0.002   0.005   0.100   0.004   0.001   0.001   0.104 1145134000
15.67   5.16   53.180
15.67   4.00    0.247    0.114
15.67   4.00    0.360   53.180
15.67   4.00    0.337    0.342   0.360   0.317
15.67   4.00    0.337    0.342   0.360   0.317

15.68   0.00    0.316    0.316   0.031   0.068   0.002   0.005   0.100   0.004   0.001   0.001   0.104 1145865000
15.68   5.16   53.171
15.68   4.00    0.247    0.114
15.68   4.00    0.360   53.171
15.68   4.00    0.337    0.342   0.360   0.317
15.68   4.00    0.337    0.342   0.360   0.317

15.69   0.00    0.316    0.316   0.031   0.068   0.002   0.005   0.100   0.004   0.001   0.001   0.104 1146595000
15.69   5.16   53.163
15.69   4.00    0.247    0.114
15.69   4.00    0.360   53.163
15.69   4.00    0.337    0.342   0.360   0.317
15.69   4.00    0.337    0.342   0.360   0.317

15.70   0.00    0.316    0.316   0.031   0.068   0.002   0.005   0.100   0.004   0.001   0.001   0.104 1147326000
15.70   5.16   53.155
15.70   4.00    0.246    0.114
15.70   4.00    0.360   53.155
15.70   4.00    0.337    0.342   0.360   0.317
15.70   4.00    0.337    0.342   0.360   0.317

15.71   0.00    0.316    0.316   0.031   0.068   0.002   0.005   0.100   0.004   0.001   0.001   0.104 1148057000
15.71   5.15   53.147
15.71   4.00    0.246    0.113
15.71   4.00    0.360   53.147
15.71   4.00    0.337    0.342   0.360   0.317
15.71   4.00    0.337    0.342   0.360   0.317

15.72   0.00    0.316    0.316   0.031   0.068   0.002   0.005   0.100   0.004   0.001   0.001   0.104 1148788000
15.72   5.15   53.139
15.72   4.00    0.246    0.113
15.72   4.00    0.360   53.139
15.72   4.00    0.337    0.342   0.360   0.317
15.72   4.00    0.337    0.342   0.360   0.317

15.73   0.00    0.316    0.316   0.031   0.068   0.002   0.005   0.100   0.004   0.001   0.001   0.104 1149519000
15.73   5.15   53.131
15.73   4.00    0.246    0.113
15.73   4.00    0.360   53.131
15.73   4.00    0.337    0.342   0.360   0.317
15.73   4.00    0.337    0.342   0.360   0.317

15.74   0.00    0.316    0.316   0.031   0.068   0.002   0.005   0.100   0.004   0.001   0.001   0.104 1150249000
15.74   5.15   53.123
15.74   4.00    0.246    0.113
15.74   4.00    0.360   53.123
15.74   4.00    0.337    0.342   0.360   0.317
15.74   4.00    0.337    0.342   0.360   0.317

15.75   0.00    0.316    0.316   0.031   0.068   0.002   0.005   0.100   0.004   0.001   0.001   0.104 1150980000
15.75   5.15   53.115
15.75   4.00    0.246    0.113
15.75   4.00    0.359   53.115
15.75   4.00    0.336    0.342   0.359   0.317
15.75   4.00    0.336    0.342   0.359   0.317

15.76   0.00    0.316    0.316   0.031   0.068   0.002   0.005   0.100   0.004   0.001   0.001   0.104 1151711000
15.76   5.15   53.107
15.76   4.00    0.246    0.113
15.76   4.00    0.359   53.107
15.76   4.00    0.336    0.342   0.359   0.317
15.76   4.00    0.336    0.342   0.359   0.317

15.77   0.00    0.316    0.316   0.031   0.068   0.002   0.005   0.100   0.004   0.001   0.001   0.104 1152442000
15.77   5.15   53.099
15.77   4.00    0.246    0.113
15.77   4.00    0.359   53.099
15.77   4.00    0.336    0.342   0.359   0.317
15.77   4.00    0.336    0.342   0.359   0.317

15.78   0.00    0.316    0.316   0.031   0.068   0.002   0.005   0.100   0.004   0.001   0.001   0.104 1153172000
15.78   5.14   53.091
15.78   4.00    0.246    0.113
15.78   4.00    0.359   53.091
15.78   4.00    0.336    0.341   0.359   0.317
15.78   4.00    0.336    0.341   0.359   0.317

15.79   0.00    0.316    0.316   0.031   0.068   0.002   0.005   0.100   0.004   0.001   0.001   0.104 1153903000
15.79   5.14   53.083
15.79   4.00    0.246    0.113
15.79   4.00    0.359   53.083
15.79   4.00    0.336    0.341   0.359   0.317
15.79   4.00    0.336    0.341   0.359   0.317

15.80   0.00    0.316    0.316   0.031   0.068   0.002   0.005   0.100   0.004   0.001   0.001   0.104 1154634000
15.80   5.14   53.074
15.80   4.00    0.246    0.113
15.80   4.00    0.359   53.074
15.80   4.00    0.336    0.341   0.359   0.317
15.80   4.00    0.336    0.341   0.359   0.317

15.81   0.00    0.316    0.316   0.031   0.068   0.002   0.005   0.100   0.004   0.001   0.001   0.104 1155365000
15.81   5.14   53.066
15.81   4.00    0.246    0.113
15.81   4.00    0.359   53.066
15.81   4.00    0.336    0.341   0.359   0.317
15.81   4.00    0.336    0.341   0.359   0.317

15.82   0.00    0.316    0.316   0.031   0.068   0.002   0.005   0.100   0.004   0.001   0.001   0.104 1156096000
15.82   5.14   53.058
15.82   4.00    0.246    0.113
15.82   4.00    0.359   53.058
15.82   4.00    0.336    0.341   0.359   0.317
15.82   4.00    0.336    0.341   0.359   0.317

15.83   0.00    0.316    0.316   0.031   0.068   0.002   0.005   0.100   0.004   0.001   0.001   0.104 1156826000
15.83   5.14   53.050
15.83   4.00    0.245    0.113
15.83   4.00    0.359   53.050
15.83   4.00    0.336    0.341   0.359   0.317
15.83   4.00    0.336    0.341   0.359   0.317

15.84   0.00    0.316    0.316   0.031   0.068   0.002   0.005   0.100   0.004   0.001   0.001   0.104 1157557000
15.84   5.14   53.042
15.84   4.00    0.245    0.113
15.84   4.00    0.359   53.042
15.84   4.00    0.336    0.341   0.359   0.317
15.84   4.00    0.336    0.341   0.359   0.317

15.85   0.00    0.316    0.316   0.031   0.068   0.002   0.005   0.100   0.004   0.001   0.001   0.104 1158288000
15.85   5.13   53.034
15.85   4.00    0.245    0.113
15.85   4.00    0.358   53.034
15.85   4.00    0.335    0.341   0.358   0.317
15.85   4.00    0.335    0.341   0.358   0.317

15.86   0.00    0.316    0.316   0.031   0.068   0.002   0.005   0.100   0.004   0.001   0.001   0.104 1159019000
15.86   5.13   53.026
15.86   4.00    0.245    0.113
15.86   4.00    0.358   53.026
15.86   4.00    0.335    0.341   0.358   0.317
15.86   4.00    0.335    0.341   0.358   0.317

15.87   0.00    0.316    0.316   0.031   0.068   0.002   0.005   0.100   0.004   0.001   0.001   0.104 1159750000
15.87   5.13   53.018
15.87   4.00    0.245    0.113
15.87   4.00    0.358   53.018
15.87   4.00    0.335    0.341   0.358   0.317
15.87   4.00    0.335    0.341   0.358   0.317

15.88   0.00    0.316    0.316   0.031   0.068   0.002   0.005   0.100   0.004   0.001   0.001   0.104 1160480000
15.88   5.13   53.010
15.88   4.00    0.245    0.113
15.88   4.00    0.358   53.010
15.88   4.00    0.335    0.341   0.358   0.317
15.88   4.00    0.335    0.341   0.358   0.317

15.89   0.00    0.316    0.316   0.031   0.068   0.002   0.005   0.100   0.004   0.001   0.001   0.104 1161211000
15.89   5.13   53.002
15.89   4.00    0.245    0.113
15.89   4.00    0.358   53.002
15.89   4.00    0.335    0.341   0.358   0.317
15.89   4.00    0.335    0.341   0.358   0.317

15.90   0.00    0.316    0.316   0.031   0.068   0.002   0.005   0.100   0.004   0.001   0.001   0.104 1161942000
15.90   5.13   52.994
15.90   4.00    0.245    0.113
15.90   4.00    0.358   52.994
15.90   4.00    0.335    0.341   0.358   0.317
15.90   4.00    0.335    0.341   0.358   0.317

15.91   0.00    0.316    0.316   0.031   0.068   0.002   0.005   0.100   0.004   0.001   0.001   0.104 1162673000
15.91   5.13   52.986
15.91   4.00    0.245    0.113
15.91   4.00    0.358   52.986
15.91   4.00    0.335    0.341   0.358   0.317
15.91   4.00    0.335    0.341   0.358   0.317

15.92   0.00    0.316    0.316   0.031   0.068   0.002   0.005   0.100   0.004   0.001   0.001   0.104 1163404000
15.92   5.13   52.978
15.92   4.00    0.245    0.113
15.92   4.00    0.358   52.978
15.92   4.00    0.335    0.341   0.358   0.317
15.92   4.00    0.335    0.341   0.358   0.317

15.93   0.00    0.316    0.316   0.031   0.068   0.002   0.005   0.100   0.004   0.001   0.001   0.104 1164134000
15.93   5.12   52.970
15.93   4.00    0.245    0.113
15.93   4.00    0.358   52.970
15.93   4.00    0.335    0.341   0.358   0.317
15.93   4.00    0.335    0.341   0.358   0.317

15.94   0.00    0.316    0.316   0.031   0.068   0.002   0.005   0.100   0.004   0.001   0.001   0.104 1164865000
15.94   5.12   52.963
15.94   4.00    0.245    0.113
15.94   4.00    0.358   52.963
15.94   4.00    0.335    0.341   0.358   0.317
15.94   4.00    0.335    0.341   0.358   0.317

15.95   0.00    0.316    0.316   0.031   0.068   0.002   0.005   0.100   0.004   0.001   0.001   0.104 1165596000
15.95   5.12   52.955
15.95   4.00    0.245    0.113
15.95   4.00    0.358   52.955
15.95   4.00    0.335    0.341   0.358   0.317
15.95   4.00    0.335    0.341   0.358   0.317

15.96   0.00    0.316    0.316   0.031   0.068   0.002   0.005   0.100   0.004   0.001   0.001   0.104 1166327000
15.96   5.12   52.947
15.96   4.00    0.245    0.113
15.96   4.00    0.357   52.947
15.96   4.00    0.334    0.341   0.357   0.317
15.96   4.00    0.334    0.341   0.357   0.317

15.97   0.00    0.316    0.316   0.031   0.068   0.002   0.005   0.100   0.004   0.001   0.001   0.104 1167057000
15.97   5.12   52.939
15.97   4.00    0.244    0.113
15.97   4.00    0.357   52.939
15.97   4.00    0.334    0.341   0.357   0.317
15.97   4.00    0.334    0.341   0.357   0.317

15.98   0.00    0.316    0.316   0.031   0.068   0.002   0.005   0.100   0.004   0.001   0.001   0.104 1167788000
15.98   5.12   52.931
15.98   4.00    0.244    0.113
15.98   4.00    0.357   52.931
15.98   4.00    0.334    0.341   0.357   0.317
15.98   4.00    0.334    0.341   0.357   0.317

15.99   0.00    0.316    0.316   0.031   0.068   0.002   0.005   0.100   0.004   0.001   0.001   0.104 1168519000
15.99   5.12   52.923
15.99   4.00    0.244    0.113
15.99   4.00    0.357   52.923
15.99   4.00    0.334    0.341   0.357   0.317
15.99   4.00    0.334    0.341   0.357   0.317

16.00   0.00    0.316    0.316   0.031   0.068   0.002   0.005   0.100   0.004   0.001   0.001   0.104 1169250000
16.00   5.11   52.915
16.00   4.00    0.244    0.113
16.00   4.00    0.357   52.915
16.00   4.00    0.334    0.341   0.357   0.317
16.00   4.00    0.334    0.341   0.357   0.317

16.01   0.00    0.316    0.316   0.031   0.068   0.002   0.005   0.100   0.004   0.001   0.001   0.104 1169981000
16.01   5.11   52.907
16.01   4.00    0.244    0.113
16.01   4.00    0.357   52.907
16.01   4.00    0.334    0.341   0.357   0.317
16.01   4.00    0.334    0.341   0.357   0.317

16.02   0.00    0.316    0.316   0.031   0.068   0.002   0.005   0.100   0.004   0.001   0.001   0.104 1170711000
16.02   5.11   52.899
16.02   4.00    0.244    0.113
16.02   4.00    0.357   52.899
16.02   4.00    0.334    0.341   0.357   0.317
16.02   4.00    0.334    0.341   0.357   0.317

16.03   0.00    0.316    0.316   0.031   0.068   0.002   0.005   0.100   0.004   0.001   0.001   0.104 1171442000
16.03   5.11   52.891
16.03   4.00    0.244    0.113
16.03   4.00    0.357   52.891
16.03   4.00    0.334    0.341   0.357   0.317
16.03   4.00    0.334    0.341   0.357   0.317

16.04   0.00    0.316    0.316   0.031   0.068   0.002   0.005   0.100   0.004   0.001   0.001   0.104 1172173000
16.04   5.11   52.883
16.04   4.00    0.244    0.113
16.04   4.00    0.357   52.883
16.04   4.00    0.334    0.341   0.357   0.317
16.04   4.00    0.334    0.341   0.357   0.317

16.05   0.00    0.316    0.316   0.031   0.068   0.002   0.005   0.100   0.004   0.001   0.001   0.104 1172904000
16.05   5.11   52.875
16.05   4.00    0.244    0.113
16.05   4.00    0.357   52.875
16.05   4.00    0.334    0.341   0.357   0.317
16.05   4.00    0.334    0.341   0.357   0.317

16.06   0.00    0.316    0.316   0.031   0.068   0.002   0.005   0.100   0.004   0.001   0.001   0.104 1173634000
16.06   5.11   52.868
16.06   4.00    0.244    0.113
16.06   4.00    0.356   52.868
16.06   4.00    0.333    0.341   0.356   0.317
16.06   4.00    0.333    0.341   0.356   0.317

16.07   0.00    0.315    0.315   0.031   0.068   0.002   0.005   0.100   0.004   0.001   0.001   0.104 1174365000
16.07   5.10   52.860
16.07   4.00    0.244    0.113
16.07   4.00    0.356   52.860
16.07   4.00    0.333    0.341   0.356   0.317
16.07   4.00    0.333    0.341   0.356   0.317

16.08   0.00    0.315    0.315   0.031   0.068   0.002   0.005   0.100   0.004   0.001   0.001   0.104 1175096000
16.08   5.10   52.852
16.08   4.00    0.244    0.113
16.08   4.00    0.356   52.852
16.08   4.00    0.333    0.341   0.356   0.317
16.08   4.00    0.333    0.341   0.356   0.317

16.09   0.00    0.315    0.315   0.031   0.068   0.002   0.005   0.100   0.004   0.001   0.001   0.104 1175827000
16.09   5.10   52.844
16.09   4.00    0.244    0.113
16.09   4.00    0.356   52.844
16.09   4.00    0.333    0.341   0.356   0.317
16.09   4.00    0.333    0.341   0.356   0.317

16.10   0.00    0.315    0.315   0.031   0.068   0.002   0.005   0.100   0.004   0.001   0.001   0.104 1176558000
16.10   5.10   52.836
16.10   4.00    0.243    0.113
16.10   4.00    0.356   52.836
16.10   4.00    0.333    0.341   0.356   0.317
16.10   4.00    0.333    0.341   0.356   0.317

16.11   0.00    0.315    0.315   0.031   0.068   0.002   0.005   0.100   0.004   0.001   0.001   0.104 1177288000
16.11   5.10   52.828
16.11   4.00    0.243    0.113
16.11   4.00    0.356   52.828
16.11   4.00    0.333    0.341   0.356   0.317
16.11   4.00    0.333    0.341   0.356   0.317

16.12   0.00    0.315    0.315   0.031   0.068   0.002   0.005   0.100   0.004   0.001   0.001   0.104 1178019000
16.12   5.10   52.820
16.12   4.00    0.243    0.113
16.12   4.00    0.356   52.820
16.12   4.00    0.333    0.341   0.356   0.317
16.12   4.00    0.333    0.341   0.356   0.317

16.13   0.00    0.315    0.315   0.031   0.068   0.002   0.005   0.100   0.004   0.001   0.001   0.104 1178750000
16.13   5.10   52.813
16.13   4.00    0.243    0.113
16.13   4.00    0.356   52.813
16.13   4.00    0.333    0.341   0.356   0.317
16.13   4.00    0.333    0.341   0.356   0.317

16.14   0.00    0.315    0.315   0.031   0.068   0.002   0.005   0.100   0.004   0.001   0.001   0.104 1179481000
16.14   5.10   52.805
16.14   4.00    0.243    0.113
16.14   4.00    0.356   52.805
16.14   4.00    0.333    0.341   0.356   0.317
16.14   4.00    0.333    0.341   0.356   0.317

16.15   0.00    0.315    0.315   0.031   0.068   0.002   0.005   0.100   0.004   0.001   0.001   0.104 1180211000
16.15   5.09   52.797
16.15   4.00    0.243    0.112
16.15   4.00    0.356   52.797
16.15   4.00    0.333    0.341   0.356   0.317
16.15   4.00    0.333    0.341   0.356   0.317

16.16   0.00    0.315    0.315   0.031   0.068   0.002   0.005   0.100   0.004   0.001   0.001   0.104 1180942000
16.16   5.09   52.789
16.16   4.00    0.243    0.112
16.16   4.00    0.356   52.789
16.16   4.00    0.333    0.341   0.356   0.317
16.16   4.00    0.333    0.341   0.356   0.317

16.17   0.00    0.315    0.315   0.031   0.068   0.002   0.005   0.100   0.004   0.001   0.001   0.104 1181673000
16.17   5.09   52.781
16.17   4.00    0.243    0.112
16.17   4.00    0.355   52.781
16.17   4.00    0.332    0.341   0.355   0.317
16.17   4.00    0.332    0.341   0.355   0.317

16.18   0.00    0.315    0.315   0.031   0.068   0.002   0.005   0.100   0.004   0.001   0.001   0.104 1182404000
16.18   5.09   52.774
16.18   4.00    0.243    0.112
16.18   4.00    0.355   52.774
16.18   4.00    0.332    0.341   0.355   0.317
16.18   4.00    0.332    0.341   0.355   0.317

16.19   0.00    0.315    0.315   0.031   0.068   0.002   0.005   0.100   0.004   0.001   0.001   0.104 1183135000
16.19   5.09   52.766
16.19   4.00    0.243    0.112
16.19   4.00    0.355   52.766
16.19   4.00    0.332    0.341   0.355   0.317
16.19   4.00    0.332    0.341   0.355   0.317

16.20   0.00    0.315    0.315   0.031   0.068   0.002   0.005   0.100   0.004   0.001   0.001   0.104 1183865000
16.20   5.09   52.758
16.20   4.00    0.243    0.112
16.20   4.00    0.355   52.758
16.20   4.00    0.332    0.341   0.355   0.317
16.20   4.00    0.332    0.341   0.355   0.317

16.21   0.00    0.315    0.315   0.031   0.068   0.002   0.005   0.100   0.004   0.001   0.001   0.104 1184596000
16.21   5.09   52.750
16.21   4.00    0.243    0.112
16.21   4.00    0.355   52.750
16.21   4.00    0.332    0.341   0.355   0.317
16.21   4.00    0.332    0.341   0.355   0.317

16.22   0.00    0.315    0.315   0.031   0.068   0.002   0.005   0.100   0.004   0.001   0.001   0.104 1185327000
16.22   5.08   52.742
16.22   4.00    0.243    0.112
16.22   4.00    0.355   52.742
16.22   4.00    0.332    0.341   0.355   0.317
16.22   4.00    0.332    0.341   0.355   0.317

16.23   0.00    0.315    0.315   0.031   0.068   0.002   0.005   0.100   0.004   0.001   0.001   0.104 1186058000
16.23   5.08   52.735
16.23   4.00    0.243    0.112
16.23   4.00    0.355   52.735
16.23   4.00    0.332    0.341   0.355   0.317
16.23   4.00    0.332    0.341   0.355   0.317

16.24   0.00    0.315    0.315   0.031   0.068   0.002   0.005   0.100   0.004   0.001   0.001   0.104 1186788000
16.24   5.08   52.727
16.24   4.00    0.242    0.112
16.24   4.00    0.355   52.727
16.24   4.00    0.332    0.341   0.355   0.317
16.24   4.00    0.332    0.341   0.355   0.317

16.25   0.00    0.315    0.315   0.031   0.068   0.002   0.005   0.100   0.004   0.001   0.001   0.104 1187519000
16.25   5.08   52.719
16.25   4.00    0.242    0.112
16.25   4.00    0.355   52.719
16.25   4.00    0.332    0.341   0.355   0.317
16.25   4.00    0.332    0.341   0.355   0.317

16.26   0.00    0.315    0.315   0.031   0.068   0.002   0.005   0.100   0.004   0.001   0.001   0.104 1188250000
16.26   5.08   52.711
16.26   4.00    0.242    0.112
16.26   4.00    0.355   52.711
16.26   4.00    0.332    0.341   0.355   0.317
16.26   4.00    0.332    0.341   0.355   0.317

16.27   0.00    0.315    0.315   0.031   0.068   0.002   0.005   0.100   0.004   0.001   0.001   0.104 1188981000
16.27   5.08   52.704
16.27   4.00    0.242    0.112
16.27   4.00    0.354   52.704
16.27   4.00    0.332    0.341   0.354   0.317
16.27   4.00    0.332    0.341   0.354   0.317

16.28   0.00    0.315    0.315   0.031   0.068   0.002   0.005   0.100   0.004   0.001   0.001   0.104 1189712000
16.28   5.08   52.696
16.28   4.00    0.242    0.112
16.28   4.00    0.354   52.696
16.28   4.00    0.331    0.341   0.354   0.317
16.28   4.00    0.331    0.341   0.354   0.317

16.29   0.00    0.315    0.315   0.031   0.068   0.002   0.005   0.100   0.004   0.001   0.001   0.104 1190442000
16.29   5.08   52.688
16.29   4.00    0.242    0.112
16.29   4.00    0.354   52.688
16.29   4.00    0.331    0.341   0.354   0.317
16.29   4.00    0.331    0.341   0.354   0.317

16.30   0.00    0.315    0.315   0.031   0.068   0.002   0.005   0.100   0.004   0.001   0.001   0.104 1191173000
16.30   5.07   52.680
16.30   4.00    0.242    0.112
16.30   4.00    0.354   52.680
16.30   4.00    0.331    0.341   0.354   0.317
16.30   4.00    0.331    0.341   0.354   0.317

16.31   0.00    0.315    0.315   0.031   0.068   0.002   0.005   0.100   0.004   0.001   0.001   0.104 1191904000
16.31   5.07   52.673
16.31   4.00    0.242    0.112
16.31   4.00    0.354   52.673
16.31   4.00    0.331    0.341   0.354   0.317
16.31   4.00    0.331    0.341   0.354   0.317

16.32   0.00    0.315    0.315   0.031   0.068   0.002   0.005   0.100   0.004   0.001   0.001   0.104 1192635000
16.32   5.07   52.665
16.32   4.00    0.242    0.112
16.32   4.00    0.354   52.665
16.32   4.00    0.331    0.341   0.354   0.317
16.32   4.00    0.331    0.341   0.354   0.317

16.33   0.00    0.315    0.315   0.031   0.068   0.002   0.005   0.100   0.004   0.001   0.001   0.104 1193366000
16.33   5.07   52.657
16.33   4.00    0.242    0.112
16.33   4.00    0.354   52.657
16.33   4.00    0.331    0.341   0.354   0.317
16.33   4.00    0.331    0.341   0.354   0.317

16.34   0.00    0.315    0.315   0.031   0.068   0.002   0.005   0.100   0.004   0.001   0.001   0.104 1194096000
16.34   5.07   52.650
16.34   4.00    0.242    0.112
16.34   4.00    0.354   52.650
16.34   4.00    0.331    0.341   0.354   0.317
16.34   4.00    0.331    0.341   0.354   0.317

16.35   0.00    0.315    0.315   0.031   0.068   0.002   0.005   0.100   0.004   0.001   0.001   0.104 1194827000
16.35   5.07   52.642
16.35   4.00    0.242    0.112
16.35   4.00    0.354   52.642
16.35   4.00    0.331    0.341   0.354   0.317
16.35   4.00    0.331    0.341   0.354   0.317

16.36   0.00    0.315    0.315   0.031   0.068   0.002   0.005   0.100   0.004   0.001   0.001   0.104 1195558000
16.36   5.07   52.634
16.36   4.00    0.242    0.112
16.36   4.00    0.354   52.634
16.36   4.00    0.331    0.341   0.354   0.317
16.36   4.00    0.331    0.341   0.354   0.317

16.37   0.00    0.315    0.315   0.031   0.068   0.002   0.005   0.100   0.004   0.001   0.001   0.104 1196289000
16.37   5.06   52.626
16.37   4.00    0.242    0.112
16.37   4.00    0.354   52.626
16.37   4.00    0.331    0.341   0.354   0.317
16.37   4.00    0.331    0.341   0.354   0.317

16.38   0.00    0.315    0.315   0.031   0.068   0.002   0.005   0.100   0.004   0.001   0.001   0.104 1197019000
16.38   5.06   52.619
16.38   4.00    0.241    0.112
16.38   4.00    0.353   52.619
16.38   4.00    0.331    0.341   0.353   0.317
16.38   4.00    0.331    0.341   0.353   0.317

16.39   0.00    0.315    0.315   0.031   0.068   0.002   0.005   0.100   0.004   0.001   0.001   0.104 1197750000
16.39   5.06   52.611
16.39   4.00    0.241    0.112
16.39   4.00    0.353   52.611
16.39   4.00    0.330    0.341   0.353   0.317
16.39   4.00    0.330    0.341   0.353   0.317

16.40   0.00    0.315    0.315   0.031   0.068   0.002   0.005   0.100   0.004   0.001   0.001   0.104 1198481000
16.40   5.06   52.603
16.40   4.00    0.241    0.112
16.40   4.00    0.353   52.603
16.40   4.00    0.330    0.341   0.353   0.317
16.40   4.00    0.330    0.341   0.353   0.317

16.41   0.00    0.315    0.315   0.031   0.068   0.002   0.005   0.100   0.004   0.001   0.001   0.104 1199212000
16.41   5.06   52.596
16.41   4.00    0.241    0.112
16.41   4.00    0.353   52.596
16.41   4.00    0.330    0.341   0.353   0.317
16.41   4.00    0.330    0.341   0.353   0.317

16.42   0.00    0.315    0.315   0.031   0.068   0.002   0.005   0.100   0.004   0.001   0.001   0.104 1199943000
16.42   5.06   52.588
16.42   4.00    0.241    0.112
16.42   4.00    0.353   52.588
16.42   4.00    0.330    0.341   0.353   0.317
16.42   4.00    0.330    0.341   0.353   0.317

16.43   0.00    0.315    0.315   0.031   0.068   0.002   0.005   0.100   0.004   0.001   0.001   0.104 1200673000
16.43   5.06   52.580
16.43   4.00    0.241    0.112
16.43   4.00    0.353   52.580
16.43   4.00    0.330    0.341   0.353   0.317
16.43   4.00    0.330    0.341   0.353   0.317

16.44   0.00    0.315    0.315   0.031   0.068   0.002   0.005   0.100   0.004   0.001   0.001   0.104 1201404000
16.44   5.06   52.573
16.44   4.00    0.241    0.112
16.44   4.00    0.353   52.573
16.44   4.00    0.330    0.341   0.353   0.317
16.44   4.00    0.330    0.341   0.353   0.317

16.45   0.00    0.315    0.315   0.031   0.068   0.002   0.005   0.100   0.004   0.001   0.001   0.104 1202135000
16.45   5.05   52.565
16.45   4.00    0.241    0.112
16.45   4.00    0.353   52.565
16.45   4.00    0.330    0.341   0.353   0.317
16.45   4.00    0.330    0.341   0.353   0.317

16.46   0.00    0.315    0.315   0.031   0.068   0.002   0.005   0.100   0.004   0.001   0.001   0.104 1202866000
16.46   5.05   52.558
16.46   4.00    0.241    0.112
16.46   4.00    0.353   52.558
16.46   4.00    0.330    0.341   0.353   0.317
16.46   4.00    0.330    0.341   0.353   0.317

16.47   0.00    0.315    0.315   0.031   0.068   0.002   0.005   0.100   0.004   0.001   0.001   0.104 1203596000
16.47   5.05   52.550
16.47   4.00    0.241    0.112
16.47   4.00    0.353   52.550
16.47   4.00    0.330    0.341   0.353   0.317
16.47   4.00    0.330    0.341   0.353   0.317

16.48   0.00    0.315    0.315   0.031   0.068   0.002   0.005   0.100   0.004   0.001   0.001   0.104 1204327000
16.48   5.05   52.542
16.48   4.00    0.241    0.112
16.48   4.00    0.353   52.542
16.48   4.00    0.330    0.341   0.353   0.317
16.48   4.00    0.330    0.341   0.353   0.317

16.49   0.00    0.315    0.315   0.031   0.068   0.002   0.005   0.100   0.004   0.001   0.001   0.104 1205058000
16.49   5.05   52.535
16.49   4.00    0.241    0.112
16.49   4.00    0.352   52.535
16.49   4.00    0.330    0.341   0.352   0.317
16.49   4.00    0.330    0.341   0.352   0.317

16.50   0.00    0.315    0.315   0.031   0.068   0.002   0.005   0.100   0.004   0.001   0.001   0.104 1205789000
16.50   5.05   52.527
16.50   4.00    0.241    0.112
16.50   4.00    0.352   52.527
16.50   4.00    0.329    0.341   0.352   0.317
16.50   4.00    0.329    0.341   0.352   0.317

16.51   0.00    0.315    0.315   0.031   0.068   0.002   0.005   0.100   0.004   0.001   0.001   0.104 1206520000
16.51   5.05   52.519
16.51   4.00    0.241    0.112
16.51   4.00    0.352   52.519
16.51   4.00    0.329    0.341   0.352   0.317
16.51   4.00    0.329    0.341   0.352   0.317

16.52   0.00    0.315    0.315   0.031   0.068   0.002   0.005   0.100   0.004   0.001   0.001   0.104 1207250000
16.52   5.05   52.512
16.52   4.00    0.241    0.112
16.52   4.00    0.352   52.512
16.52   4.00    0.329    0.341   0.352   0.317
16.52   4.00    0.329    0.341   0.352   0.317

16.53   0.00    0.315    0.315   0.031   0.068   0.002   0.005   0.100   0.004   0.001   0.001   0.104 1207981000
16.53   5.04   52.504
16.53   4.00    0.240    0.112
16.53   4.00    0.352   52.504
16.53   4.00    0.329    0.341   0.352   0.317
16.53   4.00    0.329    0.341   0.352   0.317

16.54   0.00    0.315    0.315   0.031   0.068   0.002   0.005   0.100   0.004   0.001   0.001   0.104 1208712000
16.54   5.04   52.497
16.54   4.00    0.240    0.112
16.54   4.00    0.352   52.497
16.54   4.00    0.329    0.341   0.352   0.317
16.54   4.00    0.329    0.341   0.352   0.317

16.55   0.00    0.315    0.315   0.031   0.068   0.002   0.005   0.100   0.004   0.001   0.001   0.104 1209443000
16.55   5.04   52.489
16.55   4.00    0.240    0.112
16.55   4.00    0.352   52.489
16.55   4.00    0.329    0.341   0.352   0.317
16.55   4.00    0.329    0.341   0.352   0.317

16.56   0.00    0.315    0.315   0.031   0.068   0.002   0.005   0.100   0.004   0.001   0.001   0.104 1210173000
16.56   5.04   52.482
16.56   4.00    0.240    0.112
16.56   4.00    0.352   52.482
16.56   4.00    0.329    0.341   0.352   0.317
16.56   4.00    0.329    0.341   0.352   0.317

16.57   0.00    0.315    0.315   0.031   0.068   0.002   0.005   0.100   0.004   0.001   0.001   0.104 1210904000
16.57   5.04   52.474
16.57   4.00    0.240    0.112
16.57   4.00    0.352   52.474
16.57   4.00    0.329    0.341   0.352   0.317
16.57   4.00    0.329    0.341   0.352   0.317

16.58   0.00    0.315    0.315   0.031   0.068   0.002   0.005   0.100   0.004   0.001   0.001   0.104 1211635000
16.58   5.04   52.466
16.58   4.00    0.240    0.112
16.58   4.00    0.352   52.466
16.58   4.00    0.329    0.341   0.352   0.317
16.58   4.00    0.329    0.341   0.352   0.317

16.59   0.00    0.315    0.315   0.031   0.068   0.002   0.005   0.100   0.004   0.001   0.001   0.104 1212366000
16.59   5.04   52.459
16.59   4.00    0.240    0.112
16.59   4.00    0.352   52.459
16.59   4.00    0.329    0.340   0.352   0.317
16.59   4.00    0.329    0.340   0.352   0.317

16.60   0.00    0.315    0.315   0.031   0.068   0.002   0.005   0.100   0.004   0.001   0.001   0.104 1213097000
16.60   5.04   52.451
16.60   4.00    0.240    0.112
16.60   4.00    0.352   52.451
16.60   4.00    0.329    0.340   0.352   0.317
16.60   4.00    0.329    0.340   0.352   0.317

16.61   0.00    0.315    0.315   0.031   0.068   0.002   0.005   0.100   0.004   0.001   0.001   0.104 1213827000
16.61   5.03   52.444
16.61   4.00    0.240    0.112
16.61   4.00    0.351   52.444
16.61   4.00    0.328    0.340   0.351   0.317
16.61   4.00    0.328    0.340   0.351   0.317

16.62   0.00    0.315    0.315   0.031   0.068   0.002   0.005   0.100   0.004   0.001   0.001   0.104 1214558000
16.62   5.03   52.436
16.62   4.00    0.240    0.111
16.62   4.00    0.351   52.436
16.62   4.00    0.328    0.340   0.351   0.317
16.62   4.00    0.328    0.340   0.351   0.317

16.63   0.00    0.315    0.315   0.031   0.068   0.002   0.005   0.100   0.004   0.001   0.001   0.104 1215289000
16.63   5.03   52.429
16.63   4.00    0.240    0.111
16.63   4.00    0.351   52.429
16.63   4.00    0.328    0.340   0.351   0.317
16.63   4.00    0.328    0.340   0.351   0.317

16.64   0.00    0.315    0.315   0.031   0.068   0.002   0.005   0.100   0.004   0.001   0.001   0.104 1216020000
16.64   5.03   52.421
16.64   4.00    0.240    0.111
16.64   4.00    0.351   52.421
16.64   4.00    0.328    0.340   0.351   0.317
16.64   4.00    0.328    0.340   0.351   0.317

16.65   0.00    0.315    0.315   0.031   0.068   0.002   0.005   0.100   0.004   0.001   0.001   0.104 1216750000
16.65   5.03   52.414
16.65   4.00    0.240    0.111
16.65   4.00    0.351   52.414
16.65   4.00    0.328    0.340   0.351   0.317
16.65   4.00    0.328    0.340   0.351   0.317

16.66   0.00    0.315    0.315   0.031   0.068   0.002   0.005   0.100   0.004   0.001   0.001   0.104 1217481000
16.66   5.03   52.406
16.66   4.00    0.240    0.111
16.66   4.00    0.351   52.406
16.66   4.00    0.328    0.340   0.351   0.317
16.66   4.00    0.328    0.340   0.351   0.317

16.67   0.00    0.315    0.315   0.031   0.068   0.002   0.005   0.100   0.004   0.001   0.001   0.104 1218212000
16.67   5.03   52.399
16.67   4.00    0.240    0.111
16.67   4.00    0.351   52.399
16.67   4.00    0.328    0.340   0.351   0.317
16.67   4.00    0.328    0.340   0.351   0.317

16.68   0.00    0.315    0.315   0.031   0.068   0.002   0.005   0.100   0.004   0.001   0.001   0.104 1218943000
16.68   5.03   52.391
16.68   4.00    0.239    0.111
16.68   4.00    0.351   52.391
16.68   4.00    0.328    0.340   0.351   0.317
16.68   4.00    0.328    0.340   0.351   0.317

16.69   0.00    0.315    0.315   0.031   0.068   0.002   0.005   0.100   0.004   0.001   0.001   0.104 1219674000
16.69   5.02   52.384
16.69   4.00    0.239    0.111
16.69   4.00    0.351   52.384
16.69   4.00    0.328    0.340   0.351   0.317
16.69   4.00    0.328    0.340   0.351   0.317

16.70   0.00    0.315    0.315   0.031   0.068   0.002   0.005   0.100   0.004   0.001   0.001   0.104 1220404000
16.70   5.02   52.376
16.70   4.00    0.239    0.111
16.70   4.00    0.351   52.376
16.70   4.00    0.328    0.340   0.351   0.317
16.70   4.00    0.328    0.340   0.351   0.317

16.71   0.00    0.315    0.315   0.031   0.068   0.002   0.005   0.100   0.004   0.001   0.001   0.104 1221135000
16.71   5.02   52.369
16.71   4.00    0.239    0.111
16.71   4.00    0.351   52.369
16.71   4.00    0.328    0.340   0.351   0.317
16.71   4.00    0.328    0.340   0.351   0.317

16.72   0.00    0.315    0.315   0.031   0.068   0.002   0.005   0.100   0.004   0.001   0.001   0.104 1221866000
16.72   5.02   52.361
16.72   4.00    0.239    0.111
16.72   4.00    0.350   52.361
16.72   4.00    0.328    0.340   0.350   0.317
16.72   4.00    0.328    0.340   0.350   0.317

16.73   0.00    0.315    0.315   0.031   0.068   0.002   0.005   0.100   0.004   0.001   0.001   0.104 1222597000
16.73   5.02   52.354
16.73   4.00    0.239    0.111
16.73   4.00    0.350   52.354
16.73   4.00    0.327    0.340   0.350   0.317
16.73   4.00    0.327    0.340   0.350   0.317

16.74   0.00    0.315    0.315   0.031   0.068   0.002   0.005   0.100   0.004   0.001   0.001   0.104 1223327000
16.74   5.02   52.346
16.74   4.00    0.239    0.111
16.74   4.00    0.350   52.346
16.74   4.00    0.327    0.340   0.350   0.317
16.74   4.00    0.327    0.340   0.350   0.317

16.75   0.00    0.315    0.315   0.031   0.068   0.002   0.005   0.100   0.004   0.001   0.001   0.104 1224058000
16.75   5.02   52.339
16.75   4.00    0.239    0.111
16.75   4.00    0.350   52.339
16.75   4.00    0.327    0.340   0.350   0.317
16.75   4.00    0.327    0.340   0.350   0.317

16.76   0.00    0.315    0.315   0.031   0.068   0.002   0.005   0.100   0.004   0.001   0.001   0.104 1224789000
16.76   5.02   52.331
16.76   4.00    0.239    0.111
16.76   4.00    0.350   52.331
16.76   4.00    0.327    0.340   0.350   0.317
16.76   4.00    0.327    0.340   0.350   0.317

16.77   0.00    0.315    0.315   0.031   0.068   0.002   0.005   0.100   0.004   0.001   0.001   0.104 1225520000
16.77   5.01   52.324
16.77   4.00    0.239    0.111
16.77   4.00    0.350   52.324
16.77   4.00    0.327    0.340   0.350   0.317
16.77   4.00    0.327    0.340   0.350   0.317

16.78   0.00    0.315    0.315   0.031   0.068   0.002   0.005   0.100   0.004   0.001   0.001   0.104 1226251000
16.78   5.01   52.316
16.78   4.00    0.239    0.111
16.78   4.00    0.350   52.316
16.78   4.00    0.327    0.340   0.350   0.317
16.78   4.00    0.327    0.340   0.350   0.317

16.79   0.00    0.315    0.315   0.031   0.068   0.002   0.005   0.100   0.004   0.001   0.001   0.104 1226982000
16.79   5.01   52.309
16.79   4.00    0.239    0.111
16.79   4.00    0.350   52.309
16.79   4.00    0.327    0.340   0.350   0.317
16.79   4.00    0.327    0.340   0.350   0.317

16.80   0.00    0.315    0.315   0.031   0.068   0.002   0.005   0.100   0.004   0.001   0.001   0.104 1227712000
16.80   5.01   52.302
16.80   4.00    0.239    0.111
16.80   4.00    0.350   52.302
16.80   4.00    0.327    0.340   0.350   0.317
16.80   4.00    0.327    0.340   0.350   0.317

16.81   0.00    0.315    0.315   0.031   0.068   0.002   0.005   0.100   0.004   0.001   0.001   0.104 1228443000
16.81   5.01   52.294
16.81   4.00    0.239    0.111
16.81   4.00    0.350   52.294
16.81   4.00    0.327    0.340   0.350   0.317
16.81   4.00    0.327    0.340   0.350   0.317

16.82   0.00    0.315    0.315   0.031   0.068   0.002   0.005   0.100   0.004   0.001   0.001   0.104 1229174000
16.82   5.01   52.287
16.82   4.00    0.238    0.111
16.82   4.00    0.350   52.287
16.82   4.00    0.327    0.340   0.350   0.317
16.82   4.00    0.327    0.340   0.350   0.317

16.83   0.00    0.315    0.315   0.031   0.068   0.002   0.005   0.100   0.004   0.001   0.001   0.104 1229905000
16.83   5.01   52.279
16.83   4.00    0.238    0.111
16.83   4.00    0.350   52.279
16.83   4.00    0.327    0.340   0.350   0.317
16.83   4.00    0.327    0.340   0.350   0.317

16.84   0.00    0.315    0.315   0.031   0.068   0.002   0.005   0.100   0.004   0.001   0.001   0.104 1230635000
16.84   5.01   52.272
16.84   4.00    0.238    0.111
16.84   4.00    0.349   52.272
16.84   4.00    0.326    0.340   0.349   0.317
16.84   4.00    0.326    0.340   0.349   0.317

16.85   0.00    0.315    0.315   0.031   0.068   0.002   0.005   0.100   0.004   0.001   0.001   0.104 1231366000
16.85   5.00   52.264
16.85   4.00    0.238    0.111
16.85   4.00    0.349   52.264
16.85   4.00    0.326    0.340   0.349   0.317
16.85   4.00    0.326    0.340   0.349   0.317

16.86   0.00    0.315    0.315   0.031   0.068   0.002   0.005   0.100   0.004   0.001   0.001   0.104 1232097000
16.86   5.00   52.257
16.86   4.00    0.238    0.111
16.86   4.00    0.349   52.257
16.86   4.00    0.326    0.340   0.349   0.317
16.86   4.00    0.326    0.340   0.349   0.317

16.87   0.00    0.315    0.315   0.031   0.068   0.002   0.005   0.100   0.004   0.001   0.001   0.104 1232828000
16.87   5.00   52.250
16.87   4.00    0.238    0.111
16.87   4.00    0.349   52.250
16.87   4.00    0.326    0.340   0.349   0.317
16.87   4.00    0.326    0.340   0.349   0.317

16.88   0.00    0.315    0.315   0.031   0.068   0.002   0.005   0.100   0.004   0.001   0.001   0.104 1233558000
16.88   5.00   52.242
16.88   4.00    0.238    0.111
16.88   4.00    0.349   52.242
16.88   4.00    0.326    0.340   0.349   0.317
16.88   4.00    0.326    0.340   0.349   0.317

16.89   0.00    0.315    0.315   0.031   0.068   0.002   0.005   0.100   0.004   0.001   0.001   0.104 1234289000
16.89   5.00   52.235
16.89   4.00    0.238    0.111
16.89   4.00    0.349   52.235
16.89   4.00    0.326    0.340   0.349   0.317
16.89   4.00    0.326    0.340   0.349   0.317

16.90   0.00    0.315    0.315   0.031   0.068   0.002   0.005   0.100   0.004   0.001   0.001   0.104 1235020000
16.90   5.00   52.228
16.90   4.00    0.238    0.111
16.90   4.00    0.349   52.228
16.90   4.00    0.326    0.340   0.349   0.317
16.90   4.00    0.326    0.340   0.349   0.317

16.91   0.00    0.315    0.315   0.031   0.068   0.002   0.005   0.100   0.004   0.001   0.001   0.104 1235751000
16.91   5.00   52.220
16.91   4.00    0.238    0.111
16.91   4.00    0.349   52.220
16.91   4.00    0.326    0.340   0.349   0.317
16.91   4.00    0.326    0.340   0.349   0.317

16.92   0.00    0.315    0.315   0.031   0.068   0.002   0.005   0.100   0.004   0.001   0.001   0.104 1236482000
16.92   5.00   52.213
16.92   4.00    0.238    0.111
16.92   4.00    0.349   52.213
16.92   4.00    0.326    0.340   0.349   0.317
16.92   4.00    0.326    0.340   0.349   0.317

16.93   0.00    0.315    0.315   0.031   0.068   0.002   0.005   0.100   0.004   0.001   0.001   0.104 1237212000
16.93   4.99   52.205
16.93   4.00    0.238    0.111
16.93   4.00    0.349   52.205
16.93   4.00    0.326    0.340   0.349   0.317
16.93   4.00    0.326    0.340   0.349   0.317

16.94   0.00    0.315    0.315   0.031   0.068   0.002   0.005   0.100   0.004   0.001   0.001   0.104 1237943000
16.94   4.99   52.198
16.94   4.00    0.238    0.111
16.94   4.00    0.349   52.198
16.94   4.00    0.326    0.340   0.349   0.317
16.94   4.00    0.326    0.340   0.349   0.317

16.95   0.00    0.315    0.315   0.031   0.068   0.002   0.005   0.100   0.004   0.001   0.001   0.104 1238674000
16.95   4.99   52.191
16.95   4.00    0.238    0.111
16.95   4.00    0.349   52.191
16.95   4.00    0.326    0.340   0.349   0.317
16.95   4.00    0.326    0.340   0.349   0.317

16.96   0.00    0.315    0.315   0.031   0.068   0.002   0.005   0.100   0.004   0.001   0.001   0.104 1239405000
16.96   4.99   52.183
16.96   4.00    0.238    0.111
16.96   4.00    0.348   52.183
16.96   4.00    0.325    0.340   0.348   0.317
16.96   4.00    0.325    0.340   0.348   0.317

16.97   0.00    0.315    0.315   0.031   0.068   0.002   0.005   0.100   0.004   0.001   0.001   0.104 1240135000
16.97   4.99   52.176
16.97   4.00    0.238    0.111
16.97   4.00    0.348   52.176
16.97   4.00    0.325    0.340   0.348   0.317
16.97   4.00    0.325    0.340   0.348   0.317

16.98   0.00    0.315    0.315   0.031   0.068   0.002   0.005   0.100   0.004   0.001   0.001   0.104 1240866000
16.98   4.99   52.169
16.98   4.00    0.237    0.111
16.98   4.00    0.348   52.169
16.98   4.00    0.325    0.340   0.348   0.317
16.98   4.00    0.325    0.340   0.348   0.317

16.99   0.00    0.315    0.315   0.031   0.068   0.002   0.005   0.100   0.004   0.001   0.001   0.104 1241597000
16.99   4.99   52.161
16.99   4.00    0.237    0.111
16.99   4.00    0.348   52.161
16.99   4.00    0.325    0.340   0.348   0.317
16.99   4.00    0.325    0.340   0.348   0.317

17.00   0.00    0.315    0.315   0.031   0.068   0.002   0.005   0.100   0.004   0.001   0.001   0.104 1242328000
17.00   4.99   52.154
17.00   4.00    0.237    0.111
17.00   4.00    0.348   52.154
17.00   4.00    0.325    0.340   0.348   0.317
17.00   4.00    0.325    0.340   0.348   0.317

17.01   0.00    0.315    0.315   0.031   0.068   0.002   0.005   0.100   0.004   0.001   0.001   0.104 1243059000
17.01   4.98   52.147
17.01   4.00    0.237    0.111
17.01   4.00    0.348   52.147
17.01   4.00    0.325    0.340   0.348   0.317
17.01   4.00    0.325    0.340   0.348   0.317

17.02   0.00    0.315    0.315   0.031   0.068   0.002   0.005   0.100   0.004   0.001   0.001   0.104 1243789000
17.02   4.98   52.140
17.02   4.00    0.237    0.111
17.02   4.00    0.348   52.140
17.02   4.00    0.325    0.340   0.348   0.317
17.02   4.00    0.325    0.340   0.348   0.317

17.03   0.00    0.315    0.315   0.031   0.068   0.002   0.005   0.100   0.004   0.001   0.001   0.104 1244520000
17.03   4.98   52.132
17.03   4.00    0.237    0.111
17.03   4.00    0.348   52.132
17.03   4.00    0.325    0.340   0.348   0.316
17.03   4.00    0.325    0.340   0.348   0.316

17.04   0.00    0.315    0.315   0.031   0.068   0.002   0.005   0.100   0.004   0.001   0.001   0.104 1245251000
17.04   4.98   52.125
17.04   4.00    0.237    0.111
17.04   4.00    0.348   52.125
17.04   4.00    0.325    0.340   0.348   0.316
17.04   4.00    0.325    0.340   0.348   0.316

17.05   0.00    0.315    0.315   0.031   0.068   0.002   0.005   0.100   0.004   0.001   0.001   0.104 1245982000
17.05   4.98   52.118
17.05   4.00    0.237    0.111
17.05   4.00    0.348   52.118
17.05   4.00    0.325    0.340   0.348   0.316
17.05   4.00    0.325    0.340   0.348   0.316

17.06   0.00    0.315    0.315   0.031   0.068   0.002   0.005   0.100   0.004   0.001   0.001   0.104 1246712000
17.06   4.98   52.110
17.06   4.00    0.237    0.111
17.06   4.00    0.348   52.110
17.06   4.00    0.325    0.340   0.348   0.316
17.06   4.00    0.325    0.340   0.348   0.316

17.07   0.00    0.315    0.315   0.031   0.068   0.002   0.005   0.100   0.004   0.001   0.001   0.104 1247443000
17.07   4.98   52.103
17.07   4.00    0.237    0.111
17.07   4.00    0.348   52.103
17.07   4.00    0.325    0.340   0.348   0.316
17.07   4.00    0.325    0.340   0.348   0.316

17.08   0.00    0.315    0.315   0.031   0.068   0.002   0.005   0.100   0.004   0.001   0.001   0.104 1248174000
17.08   4.98   52.096
17.08   4.00    0.237    0.111
17.08   4.00    0.347   52.096
17.08   4.00    0.324    0.340   0.347   0.316
17.08   4.00    0.324    0.340   0.347   0.316

17.09   0.00    0.315    0.315   0.031   0.068   0.002   0.005   0.100   0.004   0.001   0.001   0.104 1248905000
17.09   4.98   52.089
17.09   4.00    0.237    0.111
17.09   4.00    0.347   52.089
17.09   4.00    0.324    0.340   0.347   0.316
17.09   4.00    0.324    0.340   0.347   0.316

17.10   0.00    0.315    0.315   0.031   0.068   0.002   0.005   0.100   0.004   0.001   0.001   0.104 1249636000
17.10   4.97   52.081
17.10   4.00    0.237    0.111
17.10   4.00    0.347   52.081
17.10   4.00    0.324    0.340   0.347   0.316
17.10   4.00    0.324    0.340   0.347   0.316

17.11   0.00    0.315    0.315   0.031   0.068   0.002   0.005   0.100   0.004   0.001   0.001   0.104 1250366000
17.11   4.97   52.074
17.11   4.00    0.237    0.111
17.11   4.00    0.347   52.074
17.11   4.00    0.324    0.340   0.347   0.316
17.11   4.00    0.324    0.340   0.347   0.316

17.12   0.00    0.315    0.315   0.031   0.068   0.002   0.005   0.100   0.004   0.001   0.001   0.104 1251097000
17.12   4.97   52.067
17.12   4.00    0.237    0.111
17.12   4.00    0.347   52.067
17.12   4.00    0.324    0.340   0.347   0.316
17.12   4.00    0.324    0.340   0.347   0.316

17.13   0.00    0.315    0.315   0.031   0.068   0.002   0.005   0.100   0.004   0.001   0.001   0.104 1251828000
17.13   4.97   52.060
17.13   4.00    0.236    0.111
17.13   4.00    0.347   52.060
17.13   4.00    0.324    0.340   0.347   0.316
17.13   4.00    0.324    0.340   0.347   0.316

17.14   0.00    0.315    0.315   0.031   0.068   0.002   0.005   0.100   0.004   0.001   0.001   0.104 1252559000
17.14   4.97   52.052
17.14   4.00    0.236    0.111
17.14   4.00    0.347   52.052
17.14   4.00    0.324    0.340   0.347   0.316
17.14   4.00    0.324    0.340   0.347   0.316

17.15   0.00    0.315    0.315   0.031   0.068   0.002   0.005   0.100   0.004   0.001   0.001   0.104 1253289000
17.15   4.97   52.045
17.15   4.00    0.236    0.111
17.15   4.00    0.347   52.045
17.15   4.00    0.324    0.340   0.347   0.316
17.15   4.00    0.324    0.340   0.347   0.316

17.16   0.00    0.315    0.315   0.031   0.068   0.002   0.005   0.100   0.004   0.001   0.001   0.104 1254020000
17.16   4.97   52.038
17.16   4.00    0.236    0.110
17.16   4.00    0.347   52.038
17.16   4.00    0.324    0.340   0.347   0.316
17.16   4.00    0.324    0.340   0.347   0.316

17.17   0.00    0.315    0.315   0.031   0.068   0.002   0.005   0.100   0.004   0.001   0.001   0.104 1254751000
17.17   4.97   52.031
17.17   4.00    0.236    0.110
17.17   4.00    0.347   52.031
17.17   4.00    0.324    0.340   0.347   0.316
17.17   4.00    0.324    0.340   0.347   0.316

17.18   0.00    0.315    0.315   0.031   0.068   0.002   0.005   0.100   0.004   0.001   0.001   0.104 1255482000
17.18   4.96   52.023
17.18   4.00    0.236    0.110
17.18   4.00    0.347   52.023
17.18   4.00    0.324    0.340   0.347   0.316
17.18   4.00    0.324    0.340   0.347   0.316

17.19   0.00    0.315    0.315   0.031   0.068   0.002   0.005   0.100   0.004   0.001   0.001   0.104 1256213000
17.19   4.96   52.016
17.19   4.00    0.236    0.110
17.19   4.00    0.347   52.016
17.19   4.00    0.324    0.340   0.347   0.316
17.19   4.00    0.324    0.340   0.347   0.316

17.20   0.00    0.315    0.315   0.031   0.068   0.002   0.005   0.100   0.004   0.001   0.001   0.104 1256943000
17.20   4.96   52.009
17.20   4.00    0.236    0.110
17.20   4.00    0.346   52.009
17.20   4.00    0.324    0.340   0.346   0.316
17.20   4.00    0.324    0.340   0.346   0.316

17.21   0.00    0.315    0.315   0.031   0.068   0.002   0.005   0.100   0.004   0.001   0.001   0.104 1257674000
17.21   4.96   52.002
17.21   4.00    0.236    0.110
17.21   4.00    0.346   52.002
17.21   4.00    0.323    0.340   0.346   0.316
17.21   4.00    0.323    0.340   0.346   0.316

17.22   0.00    0.315    0.315   0.031   0.068   0.002   0.005   0.100   0.004   0.001   0.001   0.104 1258405000
17.22   4.96   51.995
17.22   4.00    0.236    0.110
17.22   4.00    0.346   51.995
17.22   4.00    0.323    0.340   0.346   0.316
17.22   4.00    0.323    0.340   0.346   0.316

17.23   0.00    0.315    0.315   0.031   0.068   0.002   0.005   0.100   0.004   0.001   0.001   0.104 1259136000
17.23   4.96   51.988
17.23   4.00    0.236    0.110
17.23   4.00    0.346   51.988
17.23   4.00    0.323    0.340   0.346   0.316
17.23   4.00    0.323    0.340   0.346   0.316

17.24   0.00    0.315    0.315   0.031   0.068   0.002   0.005   0.100   0.004   0.001   0.001   0.104 1259866000
17.24   4.96   51.980
17.24   4.00    0.236    0.110
17.24   4.00    0.346   51.980
17.24   4.00    0.323    0.340   0.346   0.316
17.24   4.00    0.323    0.340   0.346   0.316

17.25   0.00    0.315    0.315   0.031   0.068   0.002   0.005   0.100   0.004   0.001   0.001   0.104 1260597000
17.25   4.96   51.973
17.25   4.00    0.236    0.110
17.25   4.00    0.346   51.973
17.25   4.00    0.323    0.340   0.346   0.316
17.25   4.00    0.323    0.340   0.346   0.316

17.26   0.00    0.315    0.315   0.031   0.068   0.002   0.005   0.100   0.004   0.001   0.001   0.104 1261328000
17.26   4.96   51.966
17.26   4.00    0.236    0.110
17.26   4.00    0.346   51.966
17.26   4.00    0.323    0.340   0.346   0.316
17.26   4.00    0.323    0.340   0.346   0.316

17.27   0.00    0.315    0.315   0.031   0.068   0.002   0.005   0.100   0.004   0.001   0.001   0.104 1262059000
17.27   4.95   51.959
17.27   4.00    0.236    0.110
17.27   4.00    0.346   51.959
17.27   4.00    0.323    0.340   0.346   0.316
17.27   4.00    0.323    0.340   0.346   0.316

17.28   0.00    0.315    0.315   0.031   0.068   0.002   0.005   0.100   0.004   0.001   0.001   0.104 1262790000
17.28   4.95   51.952
17.28   4.00    0.236    0.110
17.28   4.00    0.346   51.952
17.28   4.00    0.323    0.340   0.346   0.316
17.28   4.00    0.323    0.340   0.346   0.316

17.29   0.00    0.315    0.315   0.031   0.068   0.002   0.005   0.100   0.004   0.001   0.001   0.104 1263521000
17.29   4.95   51.945
17.29   4.00    0.235    0.110
17.29   4.00    0.346   51.945
17.29   4.00    0.323    0.340   0.346   0.316
17.29   4.00    0.323    0.340   0.346   0.316

17.30   0.00    0.315    0.315   0.031   0.068   0.002   0.005   0.100   0.004   0.001   0.001   0.104 1264251000
17.30   4.95   51.937
17.30   4.00    0.235    0.110
17.30   4.00    0.346   51.937
17.30   4.00    0.323    0.340   0.346   0.316
17.30   4.00    0.323    0.340   0.346   0.316

17.31   0.00    0.315    0.315   0.031   0.068   0.002   0.005   0.100   0.004   0.001   0.001   0.104 1264982000
17.31   4.95   51.930
17.31   4.00    0.235    0.110
17.31   4.00    0.346   51.930
17.31   4.00    0.323    0.340   0.346   0.316
17.31   4.00    0.323    0.340   0.346   0.316

17.32   0.00    0.315    0.315   0.031   0.068   0.002   0.005   0.100   0.004   0.001   0.001   0.104 1265713000
17.32   4.95   51.923
17.32   4.00    0.235    0.110
17.32   4.00    0.345   51.923
17.32   4.00    0.323    0.340   0.345   0.316
17.32   4.00    0.323    0.340   0.345   0.316

17.33   0.00    0.315    0.315   0.031   0.068   0.002   0.005   0.100   0.004   0.001   0.001   0.104 1266444000
17.33   4.95   51.916
17.33   4.00    0.235    0.110
17.33   4.00    0.345   51.916
17.33   4.00    0.322    0.340   0.345   0.316
17.33   4.00    0.322    0.340   0.345   0.316

17.34   0.00    0.315    0.315   0.031   0.068   0.002   0.005   0.100   0.004   0.001   0.001   0.104 1267174000
17.34   4.95   51.909
17.34   4.00    0.235    0.110
17.34   4.00    0.345   51.909
17.34   4.00    0.322    0.340   0.345   0.316
17.34   4.00    0.322    0.340   0.345   0.316

17.35   0.00    0.315    0.315   0.031   0.068   0.002   0.005   0.100   0.004   0.001   0.001   0.104 1267905000
17.35   4.95   51.902
17.35   4.00    0.235    0.110
17.35   4.00    0.345   51.902
17.35   4.00    0.322    0.340   0.345   0.316
17.35   4.00    0.322    0.340   0.345   0.316

17.36   0.00    0.315    0.315   0.031   0.068   0.002   0.005   0.100   0.004   0.001   0.001   0.104 1268636000
17.36   4.94   51.895
17.36   4.00    0.235    0.110
17.36   4.00    0.345   51.895
17.36   4.00    0.322    0.340   0.345   0.316
17.36   4.00    0.322    0.340   0.345   0.316

17.37   0.00    0.315    0.315   0.031   0.068   0.002   0.005   0.100   0.004   0.001   0.001   0.104 1269367000
17.37   4.94   51.888
17.37   4.00    0.235    0.110
17.37   4.00    0.345   51.888
17.37   4.00    0.322    0.340   0.345   0.316
17.37   4.00    0.322    0.340   0.345   0.316

17.38   0.00    0.315    0.315   0.031   0.068   0.002   0.005   0.100   0.004   0.001   0.001   0.104 1270097000
17.38   4.94   51.880
17.38   4.00    0.235    0.110
17.38   4.00    0.345   51.880
17.38   4.00    0.322    0.340   0.345   0.316
17.38   4.00    0.322    0.340   0.345   0.316

17.39   0.00    0.315    0.315   0.031   0.068   0.002   0.005   0.100   0.004   0.001   0.001   0.104 1270828000
17.39   4.94   51.873
17.39   4.00    0.235    0.110
17.39   4.00    0.345   51.873
17.39   4.00    0.322    0.340   0.345   0.316
17.39   4.00    0.322    0.340   0.345   0.316

17.40   0.00    0.315    0.315   0.031   0.068   0.002   0.005   0.100   0.004   0.001   0.001   0.104 1271559000
17.40   4.94   51.866
17.40   4.00    0.235    0.110
17.40   4.00    0.345   51.866
17.40   4.00    0.322    0.340   0.345   0.316
17.40   4.00    0.322    0.340   0.345   0.316

17.41   0.00    0.315    0.315   0.031   0.068   0.002   0.005   0.100   0.004   0.001   0.001   0.104 1272290000
17.41   4.94   51.859
17.41   4.00    0.235    0.110
17.41   4.00    0.345   51.859
17.41   4.00    0.322    0.340   0.345   0.316
17.41   4.00    0.322    0.340   0.345   0.316

17.42   0.00    0.315    0.315   0.031   0.068   0.002   0.005   0.100   0.004   0.001   0.001   0.104 1273021000
17.42   4.94   51.852
17.42   4.00    0.235    0.110
17.42   4.00    0.345   51.852
17.42   4.00    0.322    0.340   0.345   0.316
17.42   4.00    0.322    0.340   0.345   0.316

17.43   0.00    0.315    0.315   0.031   0.068   0.002   0.005   0.100   0.004   0.001   0.001   0.104 1273751000
17.43   4.94   51.845
17.43   4.00    0.235    0.110
17.43   4.00    0.345   51.845
17.43   4.00    0.322    0.340   0.345   0.316
17.43   4.00    0.322    0.340   0.345   0.316

17.44   0.00    0.315    0.315   0.031   0.068   0.002   0.005   0.100   0.004   0.001   0.001   0.104 1274482000
17.44   4.93   51.838
17.44   4.00    0.235    0.110
17.44   4.00    0.345   51.838
17.44   4.00    0.322    0.340   0.345   0.316
17.44   4.00    0.322    0.340   0.345   0.316

17.45   0.00    0.315    0.315   0.031   0.068   0.002   0.005   0.100   0.004   0.001   0.001   0.104 1275213000
17.45   4.93   51.831
17.45   4.00    0.234    0.110
17.45   4.00    0.344   51.831
17.45   4.00    0.322    0.340   0.344   0.316
17.45   4.00    0.322    0.340   0.344   0.316

17.46   0.00    0.315    0.315   0.031   0.068   0.002   0.005   0.100   0.004   0.001   0.001   0.104 1275944000
17.46   4.93   51.824
17.46   4.00    0.234    0.110
17.46   4.00    0.344   51.824
17.46   4.00    0.321    0.340   0.344   0.316
17.46   4.00    0.321    0.340   0.344   0.316

17.47   0.00    0.315    0.315   0.031   0.068   0.002   0.005   0.100   0.004   0.001   0.001   0.104 1276674000
17.47   4.93   51.817
17.47   4.00    0.234    0.110
17.47   4.00    0.344   51.817
17.47   4.00    0.321    0.340   0.344   0.316
17.47   4.00    0.321    0.340   0.344   0.316

17.48   0.00    0.315    0.315   0.031   0.068   0.002   0.005   0.100   0.004   0.001   0.001   0.104 1277405000
17.48   4.93   51.810
17.48   4.00    0.234    0.110
17.48   4.00    0.344   51.810
17.48   4.00    0.321    0.340   0.344   0.316
17.48   4.00    0.321    0.340   0.344   0.316

17.49   0.00    0.315    0.315   0.031   0.068   0.002   0.005   0.100   0.004   0.001   0.001   0.104 1278136000
17.49   4.93   51.803
17.49   4.00    0.234    0.110
17.49   4.00    0.344   51.803
17.49   4.00    0.321    0.339   0.344   0.316
17.49   4.00    0.321    0.339   0.344   0.316

17.50   0.00    0.315    0.315   0.031   0.068   0.002   0.005   0.100   0.004   0.001   0.001   0.104 1278867000
17.50   4.93   51.796
17.50   4.00    0.234    0.110
17.50   4.00    0.344   51.796
17.50   4.00    0.321    0.339   0.344   0.316
17.50   4.00    0.321    0.339   0.344   0.316

17.51   0.00    0.315    0.315   0.031   0.068   0.002   0.005   0.100   0.004   0.001   0.001   0.104 1279598000
17.51   4.93   51.789
17.51   4.00    0.234    0.110
17.51   4.00    0.344   51.789
17.51   4.00    0.321    0.339   0.344   0.316
17.51   4.00    0.321    0.339   0.344   0.316

17.52   0.00    0.315    0.315   0.031   0.068   0.002   0.005   0.100   0.004   0.001   0.001   0.104 1280328000
17.52   4.93   51.782
17.52   4.00    0.234    0.110
17.52   4.00    0.344   51.782
17.52   4.00    0.321    0.339   0.344   0.316
17.52   4.00    0.321    0.339   0.344   0.316

17.53   0.00    0.315    0.315   0.031   0.068   0.002   0.005   0.100   0.004   0.001   0.001   0.104 1281059000
17.53   4.92   51.775
17.53   4.00    0.234    0.110
17.53   4.00    0.344   51.775
17.53   4.00    0.321    0.339   0.344   0.316
17.53   4.00    0.321    0.339   0.344   0.316

17.54   0.00    0.315    0.315   0.031   0.068   0.002   0.005   0.100   0.004   0.001   0.001   0.104 1281790000
17.54   4.92   51.768
17.54   4.00    0.234    0.110
17.54   4.00    0.344   51.768
17.54   4.00    0.321    0.339   0.344   0.316
17.54   4.00    0.321    0.339   0.344   0.316

17.55   0.00    0.315    0.315   0.031   0.068   0.002   0.005   0.100   0.004   0.001   0.001   0.104 1282521000
17.55   4.92   51.761
17.55   4.00    0.234    0.110
17.55   4.00    0.344   51.761
17.55   4.00    0.321    0.339   0.344   0.316
17.55   4.00    0.321    0.339   0.344   0.316

17.56   0.00    0.315    0.315   0.031   0.068   0.002   0.005   0.100   0.004   0.001   0.001   0.104 1283252000
17.56   4.92   51.754
17.56   4.00    0.234    0.110
17.56   4.00    0.344   51.754
17.56   4.00    0.321    0.339   0.344   0.316
17.56   4.00    0.321    0.339   0.344   0.316

17.57   0.00    0.315    0.315   0.031   0.068   0.002   0.005   0.100   0.004   0.001   0.001   0.104 1283982000
17.57   4.92   51.747
17.57   4.00    0.234    0.110
17.57   4.00    0.343   51.747
17.57   4.00    0.321    0.339   0.343   0.316
17.57   4.00    0.321    0.339   0.343   0.316

17.58   0.00    0.315    0.315   0.031   0.068   0.002   0.005   0.100   0.004   0.001   0.001   0.104 1284713000
17.58   4.92   51.740
17.58   4.00    0.234    0.110
17.58   4.00    0.343   51.740
17.58   4.00    0.321    0.339   0.343   0.316
17.58   4.00    0.321    0.339   0.343   0.316

17.59   0.00    0.315    0.315   0.031   0.068   0.002   0.005   0.100   0.004   0.001   0.001   0.104 1285444000
17.59   4.92   51.733
17.59   4.00    0.234    0.110
17.59   4.00    0.343   51.733
17.59   4.00    0.320    0.339   0.343   0.316
17.59   4.00    0.320    0.339   0.343   0.316

17.60   0.00    0.315    0.315   0.031   0.068   0.002   0.005   0.100   0.004   0.001   0.001   0.104 1286175000
17.60   4.92   51.726
17.60   4.00    0.234    0.110
17.60   4.00    0.343   51.726
17.60   4.00    0.320    0.339   0.343   0.316
17.60   4.00    0.320    0.339   0.343   0.316

17.61   0.00    0.315    0.315   0.031   0.068   0.002   0.005   0.100   0.004   0.001   0.001   0.104 1286905000
17.61   4.92   51.719
17.61   4.00    0.233    0.110
17.61   4.00    0.343   51.719
17.61   4.00    0.320    0.339   0.343   0.316
17.61   4.00    0.320    0.339   0.343   0.316

17.62   0.00    0.315    0.315   0.031   0.068   0.002   0.005   0.100   0.004   0.001   0.001   0.104 1287636000
17.62   4.91   51.712
17.62   4.00    0.233    0.110
17.62   4.00    0.343   51.712
17.62   4.00    0.320    0.339   0.343   0.316
17.62   4.00    0.320    0.339   0.343   0.316

17.63   0.00    0.315    0.315   0.031   0.068   0.002   0.005   0.100   0.004   0.001   0.001   0.104 1288367000
17.63   4.91   51.705
17.63   4.00    0.233    0.110
17.63   4.00    0.343   51.705
17.63   4.00    0.320    0.339   0.343   0.316
17.63   4.00    0.320    0.339   0.343   0.316

17.64   0.00    0.315    0.315   0.031   0.068   0.002   0.005   0.100   0.004   0.001   0.001   0.104 1289098000
17.64   4.91   51.698
17.64   4.00    0.233    0.110
17.64   4.00    0.343   51.698
17.64   4.00    0.320    0.339   0.343   0.316
17.64   4.00    0.320    0.339   0.343   0.316

17.65   0.00    0.315    0.315   0.031   0.068   0.002   0.005   0.100   0.004   0.001   0.001   0.104 1289829000
17.65   4.91   51.691
17.65   4.00    0.233    0.110
17.65   4.00    0.343   51.691
17.65   4.00    0.320    0.339   0.343   0.316
17.65   4.00    0.320    0.339   0.343   0.316

17.66   0.00    0.315    0.315   0.031   0.068   0.002   0.005   0.100   0.004   0.001   0.001   0.104 1290559000
17.66   4.91   51.684
17.66   4.00    0.233    0.110
17.66   4.00    0.343   51.684
17.66   4.00    0.320    0.339   0.343   0.316
17.66   4.00    0.320    0.339   0.343   0.316

17.67   0.00    0.315    0.315   0.031   0.068   0.002   0.005   0.100   0.004   0.001   0.001   0.104 1291290000
17.67   4.91   51.677
17.67   4.00    0.233    0.110
17.67   4.00    0.343   51.677
17.67   4.00    0.320    0.339   0.343   0.316
17.67   4.00    0.320    0.339   0.343   0.316

17.68   0.00    0.315    0.315   0.031   0.068   0.002   0.005   0.100   0.004   0.001   0.001   0.104 1292021000
17.68   4.91   51.670
17.68   4.00    0.233    0.110
17.68   4.00    0.343   51.670
17.68   4.00    0.320    0.339   0.343   0.316
17.68   4.00    0.320    0.339   0.343   0.316

17.69   0.00    0.315    0.315   0.031   0.068   0.002   0.005   0.100   0.004   0.001   0.001   0.104 1292752000
17.69   4.91   51.663
17.69   4.00    0.233    0.110
17.69   4.00    0.343   51.663
17.69   4.00    0.320    0.339   0.343   0.316
17.69   4.00    0.320    0.339   0.343   0.316

17.70   0.00    0.315    0.315   0.031   0.068   0.002   0.005   0.100   0.004   0.001   0.001   0.104 1293482000
17.70   4.91   51.656
17.70   4.00    0.233    0.110
17.70   4.00    0.342   51.656
17.70   4.00    0.320    0.339   0.342   0.316
17.70   4.00    0.320    0.339   0.342   0.316

17.71   0.00    0.315    0.315   0.031   0.068   0.002   0.005   0.100   0.004   0.001   0.001   0.104 1294213000
17.71   4.90   51.649
17.71   4.00    0.233    0.110
17.71   4.00    0.342   51.649
17.71   4.00    0.320    0.339   0.342   0.316
17.71   4.00    0.320    0.339   0.342   0.316

17.72   0.00    0.315    0.315   0.031   0.068   0.002   0.005   0.100   0.004   0.001   0.001   0.104 1294944000
17.72   4.90   51.642
17.72   4.00    0.233    0.110
17.72   4.00    0.342   51.642
17.72   4.00    0.319    0.339   0.342   0.316
17.72   4.00    0.319    0.339   0.342   0.316

17.73   0.00    0.315    0.315   0.031   0.068   0.002   0.005   0.100   0.004   0.001   0.001   0.104 1295675000
17.73   4.90   51.635
17.73   4.00    0.233    0.110
17.73   4.00    0.342   51.635
17.73   4.00    0.319    0.339   0.342   0.316
17.73   4.00    0.319    0.339   0.342   0.316

17.74   0.00    0.315    0.315   0.031   0.068   0.002   0.005   0.100   0.004   0.001   0.001   0.104 1296406000
17.74   4.90   51.628
17.74   4.00    0.233    0.110
17.74   4.00    0.342   51.628
17.74   4.00    0.319    0.339   0.342   0.316
17.74   4.00    0.319    0.339   0.342   0.316

17.75   0.00    0.315    0.315   0.031   0.068   0.002   0.005   0.100   0.004   0.001   0.001   0.104 1297136000
17.75   4.90   51.621
17.75   4.00    0.233    0.110
17.75   4.00    0.342   51.621
17.75   4.00    0.319    0.339   0.342   0.316
17.75   4.00    0.319    0.339   0.342   0.316

17.76   0.00    0.315    0.315   0.031   0.068   0.002   0.005   0.100   0.004   0.001   0.001   0.104 1297867000
17.76   4.90   51.615
17.76   4.00    0.233    0.109
17.76   4.00    0.342   51.615
17.76   4.00    0.319    0.339   0.342   0.316
17.76   4.00    0.319    0.339   0.342   0.316

17.77   0.00    0.315    0.315   0.031   0.068   0.002   0.005   0.100   0.004   0.001   0.001   0.104 1298598000
17.77   4.90   51.608
17.77   4.00    0.232    0.109
17.77   4.00    0.342   51.608
17.77   4.00    0.319    0.339   0.342   0.316
17.77   4.00    0.319    0.339   0.342   0.316

17.78   0.00    0.315    0.315   0.031   0.068   0.002   0.005   0.100   0.004   0.001   0.001   0.104 1299329000
17.78   4.90   51.601
17.78   4.00    0.232    0.109
17.78   4.00    0.342   51.601
17.78   4.00    0.319    0.339   0.342   0.316
17.78   4.00    0.319    0.339   0.342   0.316

17.79   0.00    0.315    0.315   0.031   0.068   0.002   0.005   0.100   0.004   0.001   0.001   0.104 1300060000
17.79   4.90   51.594
17.79   4.00    0.232    0.109
17.79   4.00    0.342   51.594
17.79   4.00    0.319    0.339   0.342   0.316
17.79   4.00    0.319    0.339   0.342   0.316

17.80   0.00    0.315    0.315   0.031   0.068   0.002   0.005   0.100   0.004   0.001   0.001   0.104 1300790000
17.80   4.90   51.587
17.80   4.00    0.232    0.109
17.80   4.00    0.342   51.587
17.80   4.00    0.319    0.339   0.342   0.316
17.80   4.00    0.319    0.339   0.342   0.316

17.81   0.00    0.315    0.315   0.031   0.068   0.002   0.005   0.100   0.004   0.001   0.001   0.104 1301521000
17.81   4.89   51.580
17.81   4.00    0.232    0.109
17.81   4.00    0.342   51.580
17.81   4.00    0.319    0.339   0.342   0.316
17.81   4.00    0.319    0.339   0.342   0.316

17.82   0.00    0.315    0.315   0.031   0.068   0.002   0.005   0.100   0.004   0.001   0.001   0.104 1302252000
17.82   4.89   51.573
17.82   4.00    0.232    0.109
17.82   4.00    0.342   51.573
17.82   4.00    0.319    0.339   0.342   0.316
17.82   4.00    0.319    0.339   0.342   0.316

17.83   0.00    0.315    0.315   0.031   0.068   0.002   0.005   0.100   0.004   0.001   0.001   0.104 1302983000
17.83   4.89   51.566
17.83   4.00    0.232    0.109
17.83   4.00    0.342   51.566
17.83   4.00    0.319    0.339   0.342   0.316
17.83   4.00    0.319    0.339   0.342   0.316

17.84   0.00    0.315    0.315   0.031   0.068   0.002   0.005   0.100   0.004   0.001   0.001   0.104 1303713000
17.84   4.89   51.560
17.84   4.00    0.232    0.109
17.84   4.00    0.341   51.560
17.84   4.00    0.319    0.339   0.341   0.316
17.84   4.00    0.319    0.339   0.341   0.316

17.85   0.00    0.315    0.315   0.031   0.068   0.002   0.005   0.100   0.004   0.001   0.001   0.104 1304444000
17.85   4.89   51.553
17.85   4.00    0.232    0.109
17.85   4.00    0.341   51.553
17.85   4.00    0.318    0.339   0.341   0.316
17.85   4.00    0.318    0.339   0.341   0.316

17.86   0.00    0.315    0.315   0.031   0.068   0.002   0.005   0.100   0.004   0.001   0.001   0.104 1305175000
17.86   4.89   51.546
17.86   4.00    0.232    0.109
17.86   4.00    0.341   51.546
17.86   4.00    0.318    0.339   0.341   0.316
17.86   4.00    0.318    0.339   0.341   0.316

17.87   0.00    0.315    0.315   0.031   0.068   0.002   0.005   0.100   0.004   0.001   0.001   0.104 1305906000
17.87   4.89   51.539
17.87   4.00    0.232    0.109
17.87   4.00    0.341   51.539
17.87   4.00    0.318    0.339   0.341   0.316
17.87   4.00    0.318    0.339   0.341   0.316

17.88   0.00    0.315    0.315   0.031   0.068   0.002   0.005   0.100   0.004   0.001   0.001   0.104 1306637000
17.88   4.89   51.532
17.88   4.00    0.232    0.109
17.88   4.00    0.341   51.532
17.88   4.00    0.318    0.339   0.341   0.316
17.88   4.00    0.318    0.339   0.341   0.316

17.89   0.00    0.315    0.315   0.031   0.068   0.002   0.005   0.100   0.004   0.001   0.001   0.104 1307367000
17.89   4.89   51.525
17.89   4.00    0.232    0.109
17.89   4.00    0.341   51.525
17.89   4.00    0.318    0.339   0.341   0.316
17.89   4.00    0.318    0.339   0.341   0.316

17.90   0.00    0.315    0.315   0.031   0.068   0.002   0.005   0.100   0.004   0.001   0.001   0.104 1308098000
17.90   4.88   51.519
17.90   4.00    0.232    0.109
17.90   4.00    0.341   51.519
17.90   4.00    0.318    0.339   0.341   0.316
17.90   4.00    0.318    0.339   0.341   0.316

17.91   0.00    0.315    0.315   0.031   0.068   0.002   0.005   0.100   0.004   0.001   0.001   0.104 1308829000
17.91   4.88   51.512
17.91   4.00    0.232    0.109
17.91   4.00    0.341   51.512
17.91   4.00    0.318    0.339   0.341   0.316
17.91   4.00    0.318    0.339   0.341   0.316

17.92   0.00    0.315    0.315   0.031   0.068   0.002   0.005   0.100   0.004   0.001   0.001   0.104 1309560000
17.92   4.88   51.505
17.92   4.00    0.232    0.109
17.92   4.00    0.341   51.505
17.92   4.00    0.318    0.339   0.341   0.316
17.92   4.00    0.318    0.339   0.341   0.316

17.93   0.00    0.315    0.315   0.031   0.068   0.002   0.005   0.100   0.004   0.001   0.001   0.104 1310290000
17.93   4.88   51.498
17.93   4.00    0.232    0.109
17.93   4.00    0.341   51.498
17.93   4.00    0.318    0.339   0.341   0.316
17.93   4.00    0.318    0.339   0.341   0.316

17.94   0.00    0.315    0.315   0.031   0.068   0.002   0.005   0.100   0.004   0.001   0.001   0.104 1311021000
17.94   4.88   51.491
17.94   4.00    0.231    0.109
17.94   4.00    0.341   51.491
17.94   4.00    0.318    0.339   0.341   0.316
17.94   4.00    0.318    0.339   0.341   0.316

17.95   0.00    0.315    0.315   0.031   0.068   0.002   0.005   0.100   0.004   0.001   0.001   0.104 1311752000
17.95   4.88   51.485
17.95   4.00    0.231    0.109
17.95   4.00    0.341   51.485
17.95   4.00    0.318    0.339   0.341   0.316
17.95   4.00    0.318    0.339   0.341   0.316

17.96   0.00    0.315    0.315   0.031   0.068   0.002   0.005   0.100   0.004   0.001   0.001   0.104 1312483000
17.96   4.88   51.478
17.96   4.00    0.231    0.109
17.96   4.00    0.341   51.478
17.96   4.00    0.318    0.339   0.341   0.316
17.96   4.00    0.318    0.339   0.341   0.316

17.97   0.00    0.315    0.315   0.031   0.068   0.002   0.005   0.100   0.004   0.001   0.001   0.104 1313214000
17.97   4.88   51.471
17.97   4.00    0.231    0.109
17.97   4.00    0.340   51.471
17.97   4.00    0.318    0.339   0.340   0.316
17.97   4.00    0.318    0.339   0.340   0.316

17.98   0.00    0.314    0.314   0.031   0.068   0.002   0.005   0.100   0.004   0.001   0.001   0.104 1313944000
17.98   4.88   51.464
17.98   4.00    0.231    0.109
17.98   4.00    0.340   51.464
17.98   4.00    0.318    0.339   0.340   0.316
17.98   4.00    0.318    0.339   0.340   0.316

17.99   0.00    0.314    0.314   0.031   0.068   0.002   0.005   0.100   0.004   0.001   0.001   0.104 1314675000
17.99   4.87   51.457
17.99   4.00    0.231    0.109
17.99   4.00    0.340   51.457
17.99   4.00    0.317    0.339   0.340   0.316
17.99   4.00    0.317    0.339   0.340   0.316

18.00   0.00    0.314    0.314   0.031   0.068   0.002   0.005   0.100   0.004   0.001   0.001   0.104 1315406000
18.00   4.87   51.451
18.00   4.00    0.231    0.109
18.00   4.00    0.340   51.451
18.00   4.00    0.317    0.339   0.340   0.316
18.00   4.00    0.317    0.339   0.340   0.316

18.01   0.00    0.314    0.314   0.031   0.068   0.002   0.005   0.100   0.004   0.001   0.001   0.104 1316137000
18.01   4.87   51.444
18.01   4.00    0.231    0.109
18.01   4.00    0.340   51.444
18.01   4.00    0.317    0.339   0.340   0.316
18.01   4.00    0.317    0.339   0.340   0.316

18.02   0.00    0.314    0.314   0.031   0.068   0.002   0.005   0.100   0.004   0.001   0.001   0.104 1316868000
18.02   4.87   51.437
18.02   4.00    0.231    0.109
18.02   4.00    0.340   51.437
18.02   4.00    0.317    0.339   0.340   0.316
18.02   4.00    0.317    0.339   0.340   0.316

18.03   0.00    0.314    0.314   0.031   0.068   0.002   0.005   0.100   0.004   0.001   0.001   0.104 1317598000
18.03   4.87   51.430
18.03   4.00    0.231    0.109
18.03   4.00    0.340   51.430
18.03   4.00    0.317    0.339   0.340   0.316
18.03   4.00    0.317    0.339   0.340   0.316

18.04   0.00    0.314    0.314   0.031   0.068   0.002   0.005   0.100   0.004   0.001   0.001   0.104 1318329000
18.04   4.87   51.424
18.04   4.00    0.231    0.109
18.04   4.00    0.340   51.424
18.04   4.00    0.317    0.339   0.340   0.316
18.04   4.00    0.317    0.339   0.340   0.316

18.05   0.00    0.314    0.314   0.031   0.068   0.002   0.005   0.100   0.004   0.001   0.001   0.104 1319060000
18.05   4.87   51.417
18.05   4.00    0.231    0.109
18.05   4.00    0.340   51.417
18.05   4.00    0.317    0.339   0.340   0.316
18.05   4.00    0.317    0.339   0.340   0.316

18.06   0.00    0.314    0.314   0.031   0.068   0.002   0.005   0.100   0.004   0.001   0.001   0.104 1319791000
18.06   4.87   51.410
18.06   4.00    0.231    0.109
18.06   4.00    0.340   51.410
18.06   4.00    0.317    0.339   0.340   0.316
18.06   4.00    0.317    0.339   0.340   0.316

18.07   0.00    0.314    0.314   0.031   0.068   0.002   0.005   0.100   0.004   0.001   0.001   0.104 1320521000
18.07   4.87   51.403
18.07   4.00    0.231    0.109
18.07   4.00    0.340   51.403
18.07   4.00    0.317    0.339   0.340   0.316
18.07   4.00    0.317    0.339   0.340   0.316

18.08   0.00    0.314    0.314   0.031   0.068   0.002   0.005   0.100   0.004   0.001   0.001   0.104 1321252000
18.08   4.87   51.397
18.08   4.00    0.231    0.109
18.08   4.00    0.340   51.397
18.08   4.00    0.317    0.339   0.340   0.316
18.08   4.00    0.317    0.339   0.340   0.316

18.09   0.00    0.314    0.314   0.031   0.068   0.002   0.005   0.100   0.004   0.001   0.001   0.104 1321983000
18.09   4.86   51.390
18.09   4.00    0.231    0.109
18.09   4.00    0.340   51.390
18.09   4.00    0.317    0.339   0.340   0.316
18.09   4.00    0.317    0.339   0.340   0.316

18.10   0.00    0.314    0.314   0.031   0.068   0.002   0.005   0.100   0.004   0.001   0.001   0.104 1322714000
18.10   4.86   51.383
18.10   4.00    0.231    0.109
18.10   4.00    0.340   51.383
18.10   4.00    0.317    0.339   0.340   0.316
18.10   4.00    0.317    0.339   0.340   0.316

18.11   0.00    0.314    0.314   0.031   0.068   0.002   0.005   0.100   0.004   0.001   0.001   0.104 1323445000
18.11   4.86   51.376
18.11   4.00    0.230    0.109
18.11   4.00    0.339   51.376
18.11   4.00    0.317    0.339   0.339   0.316
18.11   4.00    0.317    0.339   0.339   0.316

18.12   0.00    0.314    0.314   0.031   0.068   0.002   0.005   0.100   0.004   0.001   0.001   0.104 1324175000
18.12   4.86   51.370
18.12   4.00    0.230    0.109
18.12   4.00    0.339   51.370
18.12   4.00    0.317    0.339   0.339   0.316
18.12   4.00    0.317    0.339   0.339   0.316

18.13   0.00    0.314    0.314   0.031   0.068   0.002   0.005   0.100   0.004   0.001   0.001   0.104 1324906000
18.13   4.86   51.363
18.13   4.00    0.230    0.109
18.13   4.00    0.339   51.363
18.13   4.00    0.316    0.339   0.339   0.316
18.13   4.00    0.316    0.339   0.339   0.316

18.14   0.00    0.314    0.314   0.031   0.068   0.002   0.005   0.100   0.004   0.001   0.001   0.104 1325637000
18.14   4.86   51.356
18.14   4.00    0.230    0.109
18.14   4.00    0.339   51.356
18.14   4.00    0.316    0.339   0.339   0.316
18.14   4.00    0.316    0.339   0.339   0.316

18.15   0.00    0.314    0.314   0.031   0.068   0.002   0.005   0.100   0.004   0.001   0.001   0.104 1326368000
18.15   4.86   51.350
18.15   4.00    0.230    0.109
18.15   4.00    0.339   51.350
18.15   4.00    0.316    0.339   0.339   0.316
18.15   4.00    0.316    0.339   0.339   0.316

18.16   0.00    0.314    0.314   0.031   0.068   0.002   0.005   0.100   0.004   0.001   0.001   0.104 1327098000
18.16   4.86   51.343
18.16   4.00    0.230    0.109
18.16   4.00    0.339   51.343
18.16   4.00    0.316    0.339   0.339   0.316
18.16   4.00    0.316    0.339   0.339   0.316

18.17   0.00    0.314    0.314   0.031   0.068   0.002   0.005   0.100   0.004   0.001   0.001   0.104 1327829000
18.17   4.86   51.336
18.17   4.00    0.230    0.109
18.17   4.00    0.339   51.336
18.17   4.00    0.316    0.339   0.339   0.316
18.17   4.00    0.316    0.339   0.339   0.316

18.18   0.00    0.314    0.314   0.031   0.068   0.002   0.005   0.100   0.004   0.001   0.001   0.104 1328560000
18.18   4.86   51.330
18.18   4.00    0.230    0.109
18.18   4.00    0.339   51.330
18.18   4.00    0.316    0.339   0.339   0.316
18.18   4.00    0.316    0.339   0.339   0.316

18.19   0.00    0.314    0.314   0.031   0.068   0.002   0.005   0.100   0.004   0.001   0.001   0.104 1329291000
18.19   4.85   51.323
18.19   4.00    0.230    0.109
18.19   4.00    0.339   51.323
18.19   4.00    0.316    0.339   0.339   0.316
18.19   4.00    0.316    0.339   0.339   0.316

18.20   0.00    0.314    0.314   0.031   0.068   0.002   0.005   0.100   0.004   0.001   0.001   0.104 1330022000
18.20   4.85   51.316
18.20   4.00    0.230    0.109
18.20   4.00    0.339   51.316
18.20   4.00    0.316    0.339   0.339   0.316
18.20   4.00    0.316    0.339   0.339   0.316

18.21   0.00    0.314    0.314   0.031   0.068   0.002   0.005   0.100   0.004   0.001   0.001   0.104 1330752000
18.21   4.85   51.310
18.21   4.00    0.230    0.109
18.21   4.00    0.339   51.310
18.21   4.00    0.316    0.339   0.339   0.316
18.21   4.00    0.316    0.339   0.339   0.316

18.22   0.00    0.314    0.314   0.031   0.068   0.002   0.005   0.100   0.004   0.001   0.001   0.104 1331483000
18.22   4.85   51.303
18.22   4.00    0.230    0.109
18.22   4.00    0.339   51.303
18.22   4.00    0.316    0.339   0.339   0.316
18.22   4.00    0.316    0.339   0.339   0.316

18.23   0.00    0.314    0.314   0.031   0.068   0.002   0.005   0.100   0.004   0.001   0.001   0.104 1332214000
18.23   4.85   51.296
18.23   4.00    0.230    0.109
18.23   4.00    0.339   51.296
18.23   4.00    0.316    0.339   0.339   0.316
18.23   4.00    0.316    0.339   0.339   0.316

18.24   0.00    0.314    0.314   0.031   0.068   0.002   0.005   0.100   0.004   0.001   0.001   0.104 1332945000
18.24   4.85   51.290
18.24   4.00    0.230    0.109
18.24   4.00    0.339   51.290
18.24   4.00    0.316    0.339   0.339   0.316
18.24   4.00    0.316    0.339   0.339   0.316

18.25   0.00    0.314    0.314   0.031   0.068   0.002   0.005   0.100   0.004   0.001   0.001   0.104 1333676000
18.25   4.85   51.283
18.25   4.00    0.230    0.109
18.25   4.00    0.338   51.283
18.25   4.00    0.316    0.339   0.338   0.316
18.25   4.00    0.316    0.339   0.338   0.316

18.26   0.00    0.314    0.314   0.031   0.068   0.002   0.005   0.100   0.004   0.001   0.001   0.104 1334406000
18.26   4.85   51.276
18.26   4.00    0.230    0.109
18.26   4.00    0.338   51.276
18.26   4.00    0.316    0.339   0.338   0.316
18.26   4.00    0.316    0.339   0.338   0.316

18.27   0.00    0.314    0.314   0.031   0.068   0.002   0.005   0.100   0.004   0.001   0.001   0.104 1335137000
18.27   4.85   51.270
18.27   4.00    0.230    0.109
18.27   4.00    0.338   51.270
18.27   4.00    0.315    0.339   0.338   0.316
18.27   4.00    0.315    0.339   0.338   0.316

18.28   0.00    0.314    0.314   0.031   0.068   0.002   0.005   0.100   0.004   0.001   0.001   0.104 1335868000
18.28   4.84   51.263
18.28   4.00    0.230    0.109
18.28   4.00    0.338   51.263
18.28   4.00    0.315    0.339   0.338   0.316
18.28   4.00    0.315    0.339   0.338   0.316

18.29   0.00    0.314    0.314   0.031   0.068   0.002   0.005   0.100   0.004   0.001   0.001   0.104 1336599000
18.29   4.84   51.256
18.29   4.00    0.229    0.109
18.29   4.00    0.338   51.256
18.29   4.00    0.315    0.339   0.338   0.316
18.29   4.00    0.315    0.339   0.338   0.316

18.30   0.00    0.314    0.314   0.031   0.068   0.002   0.005   0.100   0.004   0.001   0.001   0.104 1337329000
18.30   4.84   51.250
18.30   4.00    0.229    0.109
18.30   4.00    0.338   51.250
18.30   4.00    0.315    0.339   0.338   0.316
18.30   4.00    0.315    0.339   0.338   0.316

18.31   0.00    0.314    0.314   0.031   0.068   0.002   0.005   0.100   0.004   0.001   0.001   0.104 1338060000
18.31   4.84   51.243
18.31   4.00    0.229    0.109
18.31   4.00    0.338   51.243
18.31   4.00    0.315    0.339   0.338   0.316
18.31   4.00    0.315    0.339   0.338   0.316

18.32   0.00    0.314    0.314   0.031   0.068   0.002   0.005   0.100   0.004   0.001   0.001   0.104 1338791000
18.32   4.84   51.237
18.32   4.00    0.229    0.109
18.32   4.00    0.338   51.237
18.32   4.00    0.315    0.339   0.338   0.316
18.32   4.00    0.315    0.339   0.338   0.316

18.33   0.00    0.314    0.314   0.031   0.068   0.002   0.005   0.100   0.004   0.001   0.001   0.104 1339522000
18.33   4.84   51.230
18.33   4.00    0.229    0.109
18.33   4.00    0.338   51.230
18.33   4.00    0.315    0.339   0.338   0.316
18.33   4.00    0.315    0.339   0.338   0.316

18.34   0.00    0.314    0.314   0.031   0.068   0.002   0.005   0.100   0.004   0.001   0.001   0.104 1340253000
18.34   4.84   51.223
18.34   4.00    0.229    0.109
18.34   4.00    0.338   51.223
18.34   4.00    0.315    0.339   0.338   0.316
18.34   4.00    0.315    0.339   0.338   0.316

18.35   0.00    0.314    0.314   0.031   0.068   0.002   0.005   0.100   0.004   0.001   0.001   0.104 1340983000
18.35   4.84   51.217
18.35   4.00    0.229    0.109
18.35   4.00    0.338   51.217
18.35   4.00    0.315    0.339   0.338   0.316
18.35   4.00    0.315    0.339   0.338   0.316

18.36   0.00    0.314    0.314   0.031   0.068   0.002   0.005   0.100   0.004   0.001   0.001   0.104 1341714000
18.36   4.84   51.210
18.36   4.00    0.229    0.109
18.36   4.00    0.338   51.210
18.36   4.00    0.315    0.339   0.338   0.316
18.36   4.00    0.315    0.339   0.338   0.316

18.37   0.00    0.314    0.314   0.031   0.068   0.002   0.005   0.100   0.004   0.001   0.001   0.104 1342445000
18.37   4.84   51.204
18.37   4.00    0.229    0.109
18.37   4.00    0.338   51.204
18.37   4.00    0.315    0.339   0.338   0.316
18.37   4.00    0.315    0.339   0.338   0.316

18.38   0.00    0.314    0.314   0.031   0.068   0.002   0.005   0.100   0.004   0.001   0.001   0.104 1343176000
18.38   4.83   51.197
18.38   4.00    0.229    0.109
18.38   4.00    0.338   51.197
18.38   4.00    0.315    0.339   0.338   0.316
18.38   4.00    0.315    0.339   0.338   0.316

18.39   0.00    0.314    0.314   0.031   0.068   0.002   0.005   0.100   0.004   0.001   0.001   0.104 1343906000
18.39   4.83   51.190
18.39   4.00    0.229    0.109
18.39   4.00    0.337   51.190
18.39   4.00    0.315    0.339   0.337   0.316
18.39   4.00    0.315    0.339   0.337   0.316

18.40   0.00    0.314    0.314   0.031   0.068   0.002   0.005   0.100   0.004   0.001   0.001   0.104 1344637000
18.40   4.83   51.184
18.40   4.00    0.229    0.109
18.40   4.00    0.337   51.184
18.40   4.00    0.315    0.339   0.337   0.316
18.40   4.00    0.315    0.339   0.337   0.316

18.41   0.00    0.314    0.314   0.031   0.068   0.002   0.005   0.100   0.004   0.001   0.001   0.104 1345368000
18.41   4.83   51.177
18.41   4.00    0.229    0.109
18.41   4.00    0.337   51.177
18.41   4.00    0.314    0.339   0.337   0.316
18.41   4.00    0.314    0.339   0.337   0.316

18.42   0.00    0.314    0.314   0.031   0.068   0.002   0.005   0.100   0.004   0.001   0.001   0.104 1346099000
18.42   4.83   51.171
18.42   4.00    0.229    0.109
18.42   4.00    0.337   51.171
18.42   4.00    0.314    0.339   0.337   0.316
18.42   4.00    0.314    0.339   0.337   0.316

18.43   0.00    0.314    0.314   0.031   0.068   0.002   0.005   0.100   0.004   0.001   0.001   0.104 1346830000
18.43   4.83   51.164
18.43   4.00    0.229    0.109
18.43   4.00    0.337   51.164
18.43   4.00    0.314    0.339   0.337   0.316
18.43   4.00    0.314    0.339   0.337   0.316

18.44   0.00    0.314    0.314   0.031   0.068   0.002   0.005   0.100   0.004   0.001   0.001   0.104 1347560000
18.44   4.83   51.158
18.44   4.00    0.229    0.108
18.44   4.00    0.337   51.158
18.44   4.00    0.314    0.339   0.337   0.316
18.44   4.00    0.314    0.339   0.337   0.316

18.45   0.00    0.314    0.314   0.031   0.068   0.002   0.005   0.100   0.004   0.001   0.001   0.104 1348291000
18.45   4.83   51.151
18.45   4.00    0.229    0.108
18.45   4.00    0.337   51.151
18.45   4.00    0.314    0.339   0.337   0.316
18.45   4.00    0.314    0.339   0.337   0.316

18.46   0.00    0.314    0.314   0.031   0.068   0.002   0.005   0.100   0.004   0.001   0.001   0.104 1349022000
18.46   4.83   51.145
18.46   4.00    0.229    0.108
18.46   4.00    0.337   51.145
18.46   4.00    0.314    0.339   0.337   0.316
18.46   4.00    0.314    0.339   0.337   0.316

18.47   0.00    0.314    0.314   0.031   0.068   0.002   0.005   0.100   0.004   0.001   0.001   0.104 1349753000
18.47   4.83   51.138
18.47   4.00    0.228    0.108
18.47   4.00    0.337   51.138
18.47   4.00    0.314    0.339   0.337   0.316
18.47   4.00    0.314    0.339   0.337   0.316

18.48   0.00    0.314    0.314   0.031   0.068   0.002   0.005   0.100   0.004   0.001   0.001   0.104 1350483000
18.48   4.82   51.132
18.48   4.00    0.228    0.108
18.48   4.00    0.337   51.132
18.48   4.00    0.314    0.339   0.337   0.316
18.48   4.00    0.314    0.339   0.337   0.316

18.49   0.00    0.314    0.314   0.031   0.068   0.002   0.005   0.100   0.004   0.001   0.001   0.104 1351214000
18.49   4.82   51.125
18.49   4.00    0.228    0.108
18.49   4.00    0.337   51.125
18.49   4.00    0.314    0.339   0.337   0.316
18.49   4.00    0.314    0.339   0.337   0.316

18.50   0.00    0.314    0.314   0.031   0.068   0.002   0.005   0.100   0.004   0.001   0.001   0.104 1351945000
18.50   4.82   51.118
18.50   4.00    0.228    0.108
18.50   4.00    0.337   51.118
18.50   4.00    0.314    0.339   0.337   0.316
18.50   4.00    0.314    0.339   0.337   0.316

18.51   0.00    0.314    0.314   0.031   0.068   0.002   0.005   0.100   0.004   0.001   0.001   0.104 1352676000
18.51   4.82   51.112
18.51   4.00    0.228    0.108
18.51   4.00    0.337   51.112
18.51   4.00    0.314    0.339   0.337   0.316
18.51   4.00    0.314    0.339   0.337   0.316

18.52   0.00    0.314    0.314   0.031   0.068   0.002   0.005   0.100   0.004   0.001   0.001   0.104 1353407000
18.52   4.82   51.105
18.52   4.00    0.228    0.108
18.52   4.00    0.337   51.105
18.52   4.00    0.314    0.339   0.337   0.316
18.52   4.00    0.314    0.339   0.337   0.316

18.53   0.00    0.314    0.314   0.031   0.068   0.002   0.005   0.100   0.004   0.001   0.001   0.104 1354137000
18.53   4.82   51.099
18.53   4.00    0.228    0.108
18.53   4.00    0.336   51.099
18.53   4.00    0.314    0.338   0.336   0.316
18.53   4.00    0.314    0.338   0.336   0.316

18.54   0.00    0.314    0.314   0.031   0.068   0.002   0.005   0.100   0.004   0.001   0.001   0.104 1354868000
18.54   4.82   51.092
18.54   4.00    0.228    0.108
18.54   4.00    0.336   51.092
18.54   4.00    0.314    0.338   0.336   0.316
18.54   4.00    0.314    0.338   0.336   0.316

18.55   0.00    0.314    0.314   0.031   0.068   0.002   0.005   0.100   0.004   0.001   0.001   0.104 1355599000
18.55   4.82   51.086
18.55   4.00    0.228    0.108
18.55   4.00    0.336   51.086
18.55   4.00    0.314    0.338   0.336   0.316
18.55   4.00    0.314    0.338   0.336   0.316

18.56   0.00    0.314    0.314   0.031   0.068   0.002   0.005   0.100   0.004   0.001   0.001   0.104 1356330000
18.56   4.82   51.079
18.56   4.00    0.228    0.108
18.56   4.00    0.336   51.079
18.56   4.00    0.313    0.338   0.336   0.316
18.56   4.00    0.313    0.338   0.336   0.316

18.57   0.00    0.314    0.314   0.031   0.068   0.002   0.005   0.100   0.004   0.001   0.001   0.104 1357060000
18.57   4.82   51.073
18.57   4.00    0.228    0.108
18.57   4.00    0.336   51.073
18.57   4.00    0.313    0.338   0.336   0.316
18.57   4.00    0.313    0.338   0.336   0.316

18.58   0.00    0.314    0.314   0.031   0.068   0.002   0.005   0.100   0.004   0.001   0.001   0.104 1357791000
18.58   4.81   51.066
18.58   4.00    0.228    0.108
18.58   4.00    0.336   51.066
18.58   4.00    0.313    0.338   0.336   0.316
18.58   4.00    0.313    0.338   0.336   0.316

18.59   0.00    0.314    0.314   0.031   0.068   0.002   0.005   0.100   0.004   0.001   0.001   0.104 1358522000
18.59   4.81   51.060
18.59   4.00    0.228    0.108
18.59   4.00    0.336   51.060
18.59   4.00    0.313    0.338   0.336   0.316
18.59   4.00    0.313    0.338   0.336   0.316

18.60   0.00    0.314    0.314   0.031   0.068   0.002   0.005   0.100   0.004   0.001   0.001   0.104 1359253000
18.60   4.81   51.054
18.60   4.00    0.228    0.108
18.60   4.00    0.336   51.054
18.60   4.00    0.313    0.338   0.336   0.316
18.60   4.00    0.313    0.338   0.336   0.316

18.61   0.00    0.314    0.314   0.031   0.068   0.002   0.005   0.100   0.004   0.001   0.001   0.104 1359984000
18.61   4.81   51.047
18.61   4.00    0.228    0.108
18.61   4.00    0.336   51.047
18.61   4.00    0.313    0.338   0.336   0.316
18.61   4.00    0.313    0.338   0.336   0.316

18.62   0.00    0.314    0.314   0.031   0.068   0.002   0.005   0.100   0.004   0.001   0.001   0.104 1360714000
18.62   4.81   51.041
18.62   4.00    0.228    0.108
18.62   4.00    0.336   51.041
18.62   4.00    0.313    0.338   0.336   0.316
18.62   4.00    0.313    0.338   0.336   0.316

18.63   0.00    0.314    0.314   0.031   0.068   0.002   0.005   0.100   0.004   0.001   0.001   0.104 1361445000
18.63   4.81   51.034
18.63   4.00    0.228    0.108
18.63   4.00    0.336   51.034
18.63   4.00    0.313    0.338   0.336   0.316
18.63   4.00    0.313    0.338   0.336   0.316

18.64   0.00    0.314    0.314   0.031   0.068   0.002   0.005   0.100   0.004   0.001   0.001   0.104 1362176000
18.64   4.81   51.028
18.64   4.00    0.228    0.108
18.64   4.00    0.336   51.028
18.64   4.00    0.313    0.338   0.336   0.316
18.64   4.00    0.313    0.338   0.336   0.316

18.65   0.00    0.314    0.314   0.031   0.068   0.002   0.005   0.100   0.004   0.001   0.001   0.104 1362907000
18.65   4.81   51.021
18.65   4.00    0.227    0.108
18.65   4.00    0.336   51.021
18.65   4.00    0.313    0.338   0.336   0.316
18.65   4.00    0.313    0.338   0.336   0.316

18.66   0.00    0.314    0.314   0.031   0.068   0.002   0.005   0.100   0.004   0.001   0.001   0.104 1363638000
18.66   4.81   51.015
18.66   4.00    0.227    0.108
18.66   4.00    0.336   51.015
18.66   4.00    0.313    0.338   0.336   0.316
18.66   4.00    0.313    0.338   0.336   0.316

18.67   0.00    0.314    0.314   0.031   0.068   0.002   0.005   0.100   0.004   0.001   0.001   0.104 1364368000
18.67   4.81   51.008
18.67   4.00    0.227    0.108
18.67   4.00    0.336   51.008
18.67   4.00    0.313    0.338   0.336   0.316
18.67   4.00    0.313    0.338   0.336   0.316

18.68   0.00    0.314    0.314   0.031   0.068   0.002   0.005   0.100   0.004   0.001   0.001   0.104 1365099000
18.68   4.81   51.002
18.68   4.00    0.227    0.108
18.68   4.00    0.335   51.002
18.68   4.00    0.313    0.338   0.335   0.316
18.68   4.00    0.313    0.338   0.335   0.316

18.69   0.00    0.314    0.314   0.031   0.068   0.002   0.005   0.100   0.004   0.001   0.001   0.104 1365830000
18.69   4.80   50.995
18.69   4.00    0.227    0.108
18.69   4.00    0.335   50.995
18.69   4.00    0.313    0.338   0.335   0.316
18.69   4.00    0.313    0.338   0.335   0.316

18.70   0.00    0.314    0.314   0.031   0.068   0.002   0.005   0.100   0.004   0.001   0.001   0.104 1366561000
18.70   4.80   50.989
18.70   4.00    0.227    0.108
18.70   4.00    0.335   50.989
18.70   4.00    0.312    0.338   0.335   0.316
18.70   4.00    0.312    0.338   0.335   0.316

18.71   0.00    0.314    0.314   0.031   0.068   0.002   0.005   0.100   0.004   0.001   0.001   0.104 1367291000
18.71   4.80   50.983
18.71   4.00    0.227    0.108
18.71   4.00    0.335   50.983
18.71   4.00    0.312    0.338   0.335   0.316
18.71   4.00    0.312    0.338   0.335   0.316

18.72   0.00    0.314    0.314   0.031   0.068   0.002   0.005   0.100   0.004   0.001   0.001   0.104 1368022000
18.72   4.80   50.976
18.72   4.00    0.227    0.108
18.72   4.00    0.335   50.976
18.72   4.00    0.312    0.338   0.335   0.316
18.72   4.00    0.312    0.338   0.335   0.316

18.73   0.00    0.314    0.314   0.031   0.068   0.002   0.005   0.100   0.004   0.001   0.001   0.104 1368753000
18.73   4.80   50.970
18.73   4.00    0.227    0.108
18.73   4.00    0.335   50.970
18.73   4.00    0.312    0.338   0.335   0.316
18.73   4.00    0.312    0.338   0.335   0.316

18.74   0.00    0.314    0.314   0.031   0.068   0.002   0.005   0.100   0.004   0.001   0.001   0.104 1369484000
18.74   4.80   50.963
18.74   4.00    0.227    0.108
18.74   4.00    0.335   50.963
18.74   4.00    0.312    0.338   0.335   0.316
18.74   4.00    0.312    0.338   0.335   0.316

18.75   0.00    0.314    0.314   0.031   0.068   0.002   0.005   0.100   0.004   0.001   0.001   0.104 1370215000
18.75   4.80   50.957
18.75   4.00    0.227    0.108
18.75   4.00    0.335   50.957
18.75   4.00    0.312    0.338   0.335   0.316
18.75   4.00    0.312    0.338   0.335   0.316

18.76   0.00    0.314    0.314   0.031   0.068   0.002   0.005   0.100   0.004   0.001   0.001   0.104 1370945000
18.76   4.80   50.951
18.76   4.00    0.227    0.108
18.76   4.00    0.335   50.951
18.76   4.00    0.312    0.338   0.335   0.316
18.76   4.00    0.312    0.338   0.335   0.316

18.77   0.00    0.314    0.314   0.031   0.068   0.002   0.005   0.100   0.004   0.001   0.001   0.104 1371676000
18.77   4.80   50.944
18.77   4.00    0.227    0.108
18.77   4.00    0.335   50.944
18.77   4.00    0.312    0.338   0.335   0.316
18.77   4.00    0.312    0.338   0.335   0.316

18.78   0.00    0.314    0.314   0.031   0.068   0.002   0.005   0.100   0.004   0.001   0.001   0.104 1372407000
18.78   4.80   50.938
18.78   4.00    0.227    0.108
18.78   4.00    0.335   50.938
18.78   4.00    0.312    0.338   0.335   0.316
18.78   4.00    0.312    0.338   0.335   0.316

18.79   0.00    0.314    0.314   0.031   0.068   0.002   0.005   0.100   0.004   0.001   0.001   0.104 1373138000
18.79   4.79   50.931
18.79   4.00    0.227    0.108
18.79   4.00    0.335   50.931
18.79   4.00    0.312    0.338   0.335   0.316
18.79   4.00    0.312    0.338   0.335   0.316

18.80   0.00    0.314    0.314   0.031   0.068   0.002   0.005   0.100   0.004   0.001   0.001   0.104 1373868000
18.80   4.79   50.925
18.80   4.00    0.227    0.108
18.80   4.00    0.335   50.925
18.80   4.00    0.312    0.338   0.335   0.316
18.80   4.00    0.312    0.338   0.335   0.316

18.81   0.00    0.314    0.314   0.031   0.068   0.002   0.005   0.100   0.004   0.001   0.001   0.104 1374599000
18.81   4.79   50.919
18.81   4.00    0.227    0.108
18.81   4.00    0.335   50.919
18.81   4.00    0.312    0.338   0.335   0.316
18.81   4.00    0.312    0.338   0.335   0.316

18.82   0.00    0.314    0.314   0.031   0.068   0.002   0.005   0.100   0.004   0.001   0.001   0.104 1375330000
18.82   4.79   50.912
18.82   4.00    0.227    0.108
18.82   4.00    0.335   50.912
18.82   4.00    0.312    0.338   0.335   0.316
18.82   4.00    0.312    0.338   0.335   0.316

18.83   0.00    0.314    0.314   0.031   0.068   0.002   0.005   0.100   0.004   0.001   0.001   0.104 1376061000
18.83   4.79   50.906
18.83   4.00    0.226    0.108
18.83   4.00    0.334   50.906
18.83   4.00    0.312    0.338   0.334   0.316
18.83   4.00    0.312    0.338   0.334   0.316

18.84   0.00    0.314    0.314   0.031   0.068   0.002   0.005   0.100   0.004   0.001   0.001   0.104 1376792000
18.84   4.79   50.900
18.84   4.00    0.226    0.108
18.84   4.00    0.334   50.900
18.84   4.00    0.312    0.338   0.334   0.316
18.84   4.00    0.312    0.338   0.334   0.316

18.85   0.00    0.314    0.314   0.031   0.068   0.002   0.005   0.100   0.004   0.001   0.001   0.104 1377522000
18.85   4.79   50.893
18.85   4.00    0.226    0.108
18.85   4.00    0.334   50.893
18.85   4.00    0.311    0.338   0.334   0.316
18.85   4.00    0.311    0.338   0.334   0.316

18.86   0.00    0.314    0.314   0.031   0.068   0.002   0.005   0.100   0.004   0.001   0.001   0.104 1378253000
18.86   4.79   50.887
18.86   4.00    0.226    0.108
18.86   4.00    0.334   50.887
18.86   4.00    0.311    0.338   0.334   0.316
18.86   4.00    0.311    0.338   0.334   0.316

18.87   0.00    0.314    0.314   0.031   0.068   0.002   0.005   0.100   0.004   0.001   0.001   0.104 1378984000
18.87   4.79   50.880
18.87   4.00    0.226    0.108
18.87   4.00    0.334   50.880
18.87   4.00    0.311    0.338   0.334   0.316
18.87   4.00    0.311    0.338   0.334   0.316

18.88   0.00    0.314    0.314   0.031   0.068   0.002   0.005   0.100   0.004   0.001   0.001   0.104 1379715000
18.88   4.79   50.874
18.88   4.00    0.226    0.108
18.88   4.00    0.334   50.874
18.88   4.00    0.311    0.338   0.334   0.316
18.88   4.00    0.311    0.338   0.334   0.316

18.89   0.00    0.314    0.314   0.031   0.068   0.002   0.005   0.100   0.004   0.001   0.001   0.104 1380445000
18.89   4.79   50.868
18.89   4.00    0.226    0.108
18.89   4.00    0.334   50.868
18.89   4.00    0.311    0.338   0.334   0.316
18.89   4.00    0.311    0.338   0.334   0.316

18.90   0.00    0.314    0.314   0.031   0.068   0.002   0.005   0.100   0.004   0.001   0.001   0.104 1381176000
18.90   4.78   50.861
18.90   4.00    0.226    0.108
18.90   4.00    0.334   50.861
18.90   4.00    0.311    0.338   0.334   0.316
18.90   4.00    0.311    0.338   0.334   0.316

18.91   0.00    0.314    0.314   0.031   0.068   0.002   0.005   0.100   0.004   0.001   0.001   0.104 1381907000
18.91   4.78   50.855
18.91   4.00    0.226    0.108
18.91   4.00    0.334   50.855
18.91   4.00    0.311    0.338   0.334   0.316
18.91   4.00    0.311    0.338   0.334   0.316

18.92   0.00    0.314    0.314   0.031   0.068   0.002   0.005   0.100   0.004   0.001   0.001   0.104 1382638000
18.92   4.78   50.849
18.92   4.00    0.226    0.108
18.92   4.00    0.334   50.849
18.92   4.00    0.311    0.338   0.334   0.316
18.92   4.00    0.311    0.338   0.334   0.316

18.93   0.00    0.314    0.314   0.031   0.068   0.002   0.005   0.100   0.004   0.001   0.001   0.104 1383369000
18.93   4.78   50.842
18.93   4.00    0.226    0.108
18.93   4.00    0.334   50.842
18.93   4.00    0.311    0.338   0.334   0.316
18.93   4.00    0.311    0.338   0.334   0.316

18.94   0.00    0.314    0.314   0.031   0.068   0.002   0.005   0.100   0.004   0.001   0.001   0.104 1384099000
18.94   4.78   50.836
18.94   4.00    0.226    0.108
18.94   4.00    0.334   50.836
18.94   4.00    0.311    0.338   0.334   0.316
18.94   4.00    0.311    0.338   0.334   0.316

18.95   0.00    0.314    0.314   0.031   0.068   0.002   0.005   0.100   0.004   0.001   0.001   0.104 1384830000
18.95   4.78   50.830
18.95   4.00    0.226    0.108
18.95   4.00    0.334   50.830
18.95   4.00    0.311    0.338   0.334   0.316
18.95   4.00    0.311    0.338   0.334   0.316

18.96   0.00    0.314    0.314   0.031   0.068   0.002   0.005   0.100   0.004   0.001   0.001   0.104 1385561000
18.96   4.78   50.824
18.96   4.00    0.226    0.108
18.96   4.00    0.334   50.824
18.96   4.00    0.311    0.338   0.334   0.316
18.96   4.00    0.311    0.338   0.334   0.316

18.97   0.00    0.314    0.314   0.031   0.068   0.002   0.005   0.100   0.004   0.001   0.001   0.104 1386292000
18.97   4.78   50.817
18.97   4.00    0.226    0.108
18.97   4.00    0.334   50.817
18.97   4.00    0.311    0.338   0.334   0.316
18.97   4.00    0.311    0.338   0.334   0.316

18.98   0.00    0.314    0.314   0.031   0.068   0.002   0.005   0.100   0.004   0.001   0.001   0.104 1387022000
18.98   4.78   50.811
18.98   4.00    0.226    0.108
18.98   4.00    0.333   50.811
18.98   4.00    0.311    0.338   0.333   0.316
18.98   4.00    0.311    0.338   0.333   0.316

18.99   0.00    0.314    0.314   0.031   0.068   0.002   0.005   0.100   0.004   0.001   0.001   0.104 1387753000
18.99   4.78   50.805
18.99   4.00    0.226    0.108
18.99   4.00    0.333   50.805
18.99   4.00    0.311    0.338   0.333   0.316
18.99   4.00    0.311    0.338   0.333   0.316

19.00   0.00    0.314    0.314   0.031   0.068   0.002   0.005   0.100   0.004   0.001   0.001   0.104 1388484000
19.00   4.77   50.798
19.00   4.00    0.226    0.108
19.00   4.00    0.333   50.798
19.00   4.00    0.311    0.338   0.333   0.316
19.00   4.00    0.311    0.338   0.333   0.316

19.01   0.00    0.314    0.314   0.031   0.068   0.002   0.005   0.100   0.004   0.001   0.001   0.104 1389215000
19.01   4.77   50.792
19.01   4.00    0.226    0.108
19.01   4.00    0.333   50.792
19.01   4.00    0.310    0.338   0.333   0.316
19.01   4.00    0.310    0.338   0.333   0.316

19.02   0.00    0.314    0.314   0.031   0.068   0.002   0.005   0.100   0.004   0.001   0.001   0.104 1389946000
19.02   4.77   50.786
19.02   4.00    0.225    0.108
19.02   4.00    0.333   50.786
19.02   4.00    0.310    0.338   0.333   0.316
19.02   4.00    0.310    0.338   0.333   0.316

19.03   0.00    0.314    0.314   0.031   0.068   0.002   0.005   0.100   0.004   0.001   0.001   0.104 1390676000
19.03   4.77   50.780
19.03   4.00    0.225    0.108
19.03   4.00    0.333   50.780
19.03   4.00    0.310    0.338   0.333   0.316
19.03   4.00    0.310    0.338   0.333   0.316

19.04   0.00    0.314    0.314   0.031   0.068   0.002   0.005   0.100   0.004   0.001   0.001   0.104 1391407000
19.04   4.77   50.773
19.04   4.00    0.225    0.108
19.04   4.00    0.333   50.773
19.04   4.00    0.310    0.338   0.333   0.316
19.04   4.00    0.310    0.338   0.333   0.316

19.05   0.00    0.314    0.314   0.031   0.068   0.002   0.005   0.100   0.004   0.001   0.001   0.104 1392138000
19.05   4.77   50.767
19.05   4.00    0.225    0.108
19.05   4.00    0.333   50.767
19.05   4.00    0.310    0.338   0.333   0.316
19.05   4.00    0.310    0.338   0.333   0.316

19.06   0.00    0.314    0.314   0.031   0.068   0.002   0.005   0.100   0.004   0.001   0.001   0.104 1392869000
19.06   4.77   50.761
19.06   4.00    0.225    0.108
19.06   4.00    0.333   50.761
19.06   4.00    0.310    0.338   0.333   0.316
19.06   4.00    0.310    0.338   0.333   0.316

19.07   0.00    0.314    0.314   0.031   0.068   0.002   0.005   0.100   0.004   0.001   0.001   0.104 1393599000
19.07   4.77   50.754
19.07   4.00    0.225    0.108
19.07   4.00    0.333   50.754
19.07   4.00    0.310    0.338   0.333   0.316
19.07   4.00    0.310    0.338   0.333   0.316

19.08   0.00    0.314    0.314   0.031   0.068   0.002   0.005   0.100   0.004   0.001   0.001   0.104 1394330000
19.08   4.77   50.748
19.08   4.00    0.225    0.108
19.08   4.00    0.333   50.748
19.08   4.00    0.310    0.338   0.333   0.316
19.08   4.00    0.310    0.338   0.333   0.316

19.09   0.00    0.314    0.314   0.031   0.068   0.002   0.005   0.100   0.004   0.001   0.001   0.104 1395061000
19.09   4.77   50.742
19.09   4.00    0.225    0.108
19.09   4.00    0.333   50.742
19.09   4.00    0.310    0.338   0.333   0.316
19.09   4.00    0.310    0.338   0.333   0.316

19.10   0.00    0.314    0.314   0.031   0.068   0.002   0.005   0.100   0.004   0.001   0.001   0.104 1395792000
19.10   4.77   50.736
19.10   4.00    0.225    0.108
19.10   4.00    0.333   50.736
19.10   4.00    0.310    0.338   0.333   0.316
19.10   4.00    0.310    0.338   0.333   0.316

19.11   0.00    0.314    0.314   0.031   0.068   0.002   0.005   0.100   0.004   0.001   0.001   0.104 1396523000
19.11   4.76   50.729
19.11   4.00    0.225    0.108
19.11   4.00    0.333   50.729
19.11   4.00    0.310    0.338   0.333   0.316
19.11   4.00    0.310    0.338   0.333   0.316

19.12   0.00    0.314    0.314   0.031   0.068   0.002   0.005   0.100   0.004   0.001   0.001   0.104 1397254000
19.12   4.76   50.723
19.12   4.00    0.225    0.108
19.12   4.00    0.333   50.723
19.12   4.00    0.310    0.338   0.333   0.316
19.12   4.00    0.310    0.338   0.333   0.316

19.13   0.00    0.314    0.314   0.031   0.068   0.002   0.005   0.100   0.004   0.001   0.001   0.104 1397984000
19.13   4.76   50.717
19.13   4.00    0.225    0.108
19.13   4.00    0.332   50.717
19.13   4.00    0.310    0.338   0.332   0.316
19.13   4.00    0.310    0.338   0.332   0.316

19.14   0.00    0.314    0.314   0.031   0.068   0.002   0.005   0.100   0.004   0.001   0.001   0.104 1398715000
19.14   4.76   50.711
19.14   4.00    0.225    0.108
19.14   4.00    0.332   50.711
19.14   4.00    0.310    0.338   0.332   0.316
19.14   4.00    0.310    0.338   0.332   0.316

19.15   0.00    0.314    0.314   0.031   0.068   0.002   0.005   0.100   0.004   0.001   0.001   0.104 1399446000
19.15   4.76   50.705
19.15   4.00    0.225    0.108
19.15   4.00    0.332   50.705
19.15   4.00    0.310    0.338   0.332   0.316
19.15   4.00    0.310    0.338   0.332   0.316

19.16   0.00    0.314    0.314   0.031   0.068   0.002   0.005   0.100   0.004   0.001   0.001   0.104 1400177000
19.16   4.76   50.698
19.16   4.00    0.225    0.108
19.16   4.00    0.332   50.698
19.16   4.00    0.309    0.338   0.332   0.316
19.16   4.00    0.309    0.338   0.332   0.316

19.17   0.00    0.314    0.314   0.031   0.068   0.002   0.005   0.100   0.004   0.001   0.001   0.104 1400907000
19.17   4.76   50.692
19.17   4.00    0.225    0.108
19.17   4.00    0.332   50.692
19.17   4.00    0.309    0.338   0.332   0.316
19.17   4.00    0.309    0.338   0.332   0.316

19.18   0.00    0.314    0.314   0.031   0.068   0.002   0.005   0.100   0.004   0.001   0.001   0.104 1401638000
19.18   4.76   50.686
19.18   4.00    0.225    0.108
19.18   4.00    0.332   50.686
19.18   4.00    0.309    0.338   0.332   0.316
19.18   4.00    0.309    0.338   0.332   0.316

19.19   0.00    0.314    0.314   0.031   0.068   0.002   0.005   0.100   0.004   0.001   0.001   0.104 1402369000
19.19   4.76   50.680
19.19   4.00    0.225    0.108
19.19   4.00    0.332   50.680
19.19   4.00    0.309    0.338   0.332   0.316
19.19   4.00    0.309    0.338   0.332   0.316

19.20   0.00    0.314    0.314   0.031   0.068   0.002   0.005   0.100   0.004   0.001   0.001   0.104 1403100000
19.20   4.76   50.673
19.20   4.00    0.225    0.108
19.20   4.00    0.332   50.674
19.20   4.00    0.309    0.338   0.332   0.316
19.20   4.00    0.309    0.338   0.332   0.316

19.21   0.00    0.314    0.314   0.031   0.068   0.002   0.005   0.100   0.004   0.001   0.001   0.104 1403830000
19.21   4.76   50.667
19.21   4.00    0.224    0.107
19.21   4.00    0.332   50.667
19.21   4.00    0.309    0.338   0.332   0.316
19.21   4.00    0.309    0.338   0.332   0.316

19.22   0.00    0.314    0.314   0.031   0.068   0.002   0.005   0.100   0.004   0.001   0.001   0.104 1404561000
19.22   4.75   50.661
19.22   4.00    0.224    0.107
19.22   4.00    0.332   50.661
19.22   4.00    0.309    0.338   0.332   0.316
19.22   4.00    0.309    0.338   0.332   0.316

19.23   0.00    0.314    0.314   0.031   0.068   0.002   0.005   0.100   0.004   0.001   0.001   0.104 1405292000
19.23   4.75   50.655
19.23   4.00    0.224    0.107
19.23   4.00    0.332   50.655
19.23   4.00    0.309    0.338   0.332   0.316
19.23   4.00    0.309    0.338   0.332   0.316

19.24   0.00    0.314    0.314   0.031   0.068   0.002   0.005   0.100   0.004   0.001   0.001   0.104 1406023000
19.24   4.75   50.649
19.24   4.00    0.224    0.107
19.24   4.00    0.332   50.649
19.24   4.00    0.309    0.338   0.332   0.316
19.24   4.00    0.309    0.338   0.332   0.316

19.25   0.00    0.314    0.314   0.031   0.068   0.002   0.005   0.100   0.004   0.001   0.001   0.104 1406754000
19.25   4.75   50.643
19.25   4.00    0.224    0.107
19.25   4.00    0.332   50.643
19.25   4.00    0.309    0.338   0.332   0.316
19.25   4.00    0.309    0.338   0.332   0.316

19.26   0.00    0.314    0.314   0.031   0.068   0.002   0.005   0.100   0.004   0.001   0.001   0.104 1407484000
19.26   4.75   50.636
19.26   4.00    0.224    0.107
19.26   4.00    0.332   50.636
19.26   4.00    0.309    0.338   0.332   0.316
19.26   4.00    0.309    0.338   0.332   0.316

19.27   0.00    0.314    0.314   0.031   0.068   0.002   0.005   0.100   0.004   0.001   0.001   0.104 1408215000
19.27   4.75   50.630
19.27   4.00    0.224    0.107
19.27   4.00    0.332   50.630
19.27   4.00    0.309    0.338   0.332   0.316
19.27   4.00    0.309    0.338   0.332   0.316

19.28   0.00    0.314    0.314   0.031   0.068   0.002   0.005   0.100   0.004   0.001   0.001   0.104 1408946000
19.28   4.75   50.624
19.28   4.00    0.224    0.107
19.28   4.00    0.332   50.624
19.28   4.00    0.309    0.338   0.332   0.315
19.28   4.00    0.309    0.338   0.332   0.315

19.29   0.00    0.314    0.314   0.031   0.068   0.002   0.005   0.100   0.004   0.001   0.001   0.104 1409677000
19.29   4.75   50.618
19.29   4.00    0.224    0.107
19.29   4.00    0.331   50.618
19.29   4.00    0.309    0.338   0.331   0.315
19.29   4.00    0.309    0.338   0.331   0.315

19.30   0.00    0.314    0.314   0.031   0.068   0.002   0.005   0.100   0.004   0.001   0.001   0.104 1410407000
19.30   4.75   50.612
19.30   4.00    0.224    0.107
19.30   4.00    0.331   50.612
19.30   4.00    0.309    0.338   0.331   0.315
19.30   4.00    0.309    0.338   0.331   0.315

19.31   0.00    0.314    0.314   0.031   0.068   0.002   0.005   0.100   0.004   0.001   0.001   0.104 1411138000
19.31   4.75   50.606
19.31   4.00    0.224    0.107
19.31   4.00    0.331   50.606
19.31   4.00    0.309    0.338   0.331   0.315
19.31   4.00    0.309    0.338   0.331   0.315

19.32   0.00    0.314    0.314   0.031   0.068   0.002   0.005   0.100   0.004   0.001   0.001   0.104 1411869000
19.32   4.75   50.599
19.32   4.00    0.224    0.107
19.32   4.00    0.331   50.599
19.32   4.00    0.308    0.338   0.331   0.315
19.32   4.00    0.308    0.338   0.331   0.315

19.33   0.00    0.314    0.314   0.031   0.068   0.002   0.005   0.100   0.004   0.001   0.001   0.104 1412600000
19.33   4.74   50.593
19.33   4.00    0.224    0.107
19.33   4.00    0.331   50.593
19.33   4.00    0.308    0.338   0.331   0.315
19.33   4.00    0.308    0.338   0.331   0.315

19.34   0.00    0.314    0.314   0.031   0.068   0.002   0.005   0.100   0.004   0.001   0.001   0.104 1413331000
19.34   4.74   50.587
19.34   4.00    0.224    0.107
19.34   4.00    0.331   50.587
19.34   4.00    0.308    0.338   0.331   0.315
19.34   4.00    0.308    0.338   0.331   0.315

19.35   0.00    0.314    0.314   0.031   0.068   0.002   0.005   0.100   0.004   0.001   0.001   0.104 1414061000
19.35   4.74   50.581
19.35   4.00    0.224    0.107
19.35   4.00    0.331   50.581
19.35   4.00    0.308    0.338   0.331   0.315
19.35   4.00    0.308    0.338   0.331   0.315

19.36   0.00    0.314    0.314   0.031   0.068   0.002   0.005   0.100   0.004   0.001   0.001   0.104 1414792000
19.36   4.74   50.575
19.36   4.00    0.224    0.107
19.36   4.00    0.331   50.575
19.36   4.00    0.308    0.338   0.331   0.315
19.36   4.00    0.308    0.338   0.331   0.315

19.37   0.00    0.314    0.314   0.031   0.068   0.002   0.005   0.100   0.004   0.001   0.001   0.104 1415523000
19.37   4.74   50.569
19.37   4.00    0.224    0.107
19.37   4.00    0.331   50.569
19.37   4.00    0.308    0.338   0.331   0.315
19.37   4.00    0.308    0.338   0.331   0.315

19.38   0.00    0.314    0.314   0.031   0.068   0.002   0.005   0.100   0.004   0.001   0.001   0.104 1416254000
19.38   4.74   50.563
19.38   4.00    0.224    0.107
19.38   4.00    0.331   50.563
19.38   4.00    0.308    0.338   0.331   0.315
19.38   4.00    0.308    0.338   0.331   0.315

19.39   0.00    0.314    0.314   0.031   0.068   0.002   0.005   0.100   0.004   0.001   0.001   0.104 1416984000
19.39   4.74   50.557
19.39   4.00    0.224    0.107
19.39   4.00    0.331   50.557
19.39   4.00    0.308    0.338   0.331   0.315
19.39   4.00    0.308    0.338   0.331   0.315

19.40   0.00    0.314    0.314   0.031   0.068   0.002   0.005   0.100   0.004   0.001   0.001   0.104 1417715000
19.40   4.74   50.550
19.40   4.00    0.224    0.107
19.40   4.00    0.331   50.550
19.40   4.00    0.308    0.338   0.331   0.315
19.40   4.00    0.308    0.338   0.331   0.315

19.41   0.00    0.314    0.314   0.031   0.068   0.002   0.005   0.100   0.004   0.001   0.001   0.104 1418446000
19.41   4.74   50.544
19.41   4.00    0.223    0.107
19.41   4.00    0.331   50.544
19.41   4.00    0.308    0.338   0.331   0.315
19.41   4.00    0.308    0.338   0.331   0.315

19.42   0.00    0.314    0.314   0.031   0.068   0.002   0.005   0.100   0.004   0.001   0.001   0.104 1419177000
19.42   4.74   50.538
19.42   4.00    0.223    0.107
19.42   4.00    0.331   50.538
19.42   4.00    0.308    0.338   0.331   0.315
19.42   4.00    0.308    0.338   0.331   0.315

19.43   0.00    0.314    0.314   0.031   0.068   0.002   0.005   0.100   0.004   0.001   0.001   0.104 1419908000
19.43   4.74   50.532
19.43   4.00    0.223    0.107
19.43   4.00    0.331   50.532
19.43   4.00    0.308    0.338   0.331   0.315
19.43   4.00    0.308    0.338   0.331   0.315

19.44   0.00    0.314    0.314   0.031   0.068   0.002   0.005   0.100   0.004   0.001   0.001   0.104 1420638000
19.44   4.73   50.526
19.44   4.00    0.223    0.107
19.44   4.00    0.331   50.526
19.44   4.00    0.308    0.338   0.331   0.315
19.44   4.00    0.308    0.338   0.331   0.315

19.45   0.00    0.314    0.314   0.031   0.068   0.002   0.005   0.100   0.004   0.001   0.001   0.104 1421369000
19.45   4.73   50.520
19.45   4.00    0.223    0.107
19.45   4.00    0.330   50.520
19.45   4.00    0.308    0.338   0.330   0.315
19.45   4.00    0.308    0.338   0.330   0.315

19.46   0.00    0.314    0.314   0.031   0.068   0.002   0.005   0.100   0.004   0.001   0.001   0.104 1422100000
19.46   4.73   50.514
19.46   4.00    0.223    0.107
19.46   4.00    0.330   50.514
19.46   4.00    0.308    0.338   0.330   0.315
19.46   4.00    0.308    0.338   0.330   0.315

19.47   0.00    0.314    0.314   0.031   0.068   0.002   0.005   0.100   0.004   0.001   0.001   0.104 1422831000
19.47   4.73   50.508
19.47   4.00    0.223    0.107
19.47   4.00    0.330   50.508
19.47   4.00    0.308    0.338   0.330   0.315
19.47   4.00    0.308    0.338   0.330   0.315

19.48   0.00    0.314    0.314   0.031   0.068   0.002   0.005   0.100   0.004   0.001   0.001   0.104 1423561000
19.48   4.73   50.502
19.48   4.00    0.223    0.107
19.48   4.00    0.330   50.502
19.48   4.00    0.307    0.338   0.330   0.315
19.48   4.00    0.307    0.338   0.330   0.315

19.49   0.00    0.314    0.314   0.031   0.068   0.002   0.005   0.100   0.004   0.001   0.001   0.104 1424292000
19.49   4.73   50.496
19.49   4.00    0.223    0.107
19.49   4.00    0.330   50.496
19.49   4.00    0.307    0.338   0.330   0.315
19.49   4.00    0.307    0.338   0.330   0.315

19.50   0.00    0.314    0.314   0.031   0.068   0.002   0.005   0.100   0.004   0.001   0.001   0.104 1425023000
19.50   4.73   50.489
19.50   4.00    0.223    0.107
19.50   4.00    0.330   50.489
19.50   4.00    0.307    0.338   0.330   0.315
19.50   4.00    0.307    0.338   0.330   0.315

19.51   0.00    0.314    0.314   0.031   0.068   0.002   0.005   0.100   0.004   0.001   0.001   0.104 1425754000
19.51   4.73   50.483
19.51   4.00    0.223    0.107
19.51   4.00    0.330   50.483
19.51   4.00    0.307    0.338   0.330   0.315
19.51   4.00    0.307    0.338   0.330   0.315

19.52   0.00    0.314    0.314   0.031   0.068   0.002   0.005   0.100   0.004   0.001   0.001   0.104 1426485000
19.52   4.73   50.477
19.52   4.00    0.223    0.107
19.52   4.00    0.330   50.477
19.52   4.00    0.307    0.338   0.330   0.315
19.52   4.00    0.307    0.338   0.330   0.315

19.53   0.00    0.314    0.314   0.031   0.068   0.002   0.005   0.100   0.004   0.001   0.001   0.104 1427215000
19.53   4.73   50.471
19.53   4.00    0.223    0.107
19.53   4.00    0.330   50.471
19.53   4.00    0.307    0.338   0.330   0.315
19.53   4.00    0.307    0.338   0.330   0.315

19.54   0.00    0.314    0.314   0.031   0.068   0.002   0.005   0.100   0.004   0.001   0.001   0.104 1427946000
19.54   4.73   50.465
19.54   4.00    0.223    0.107
19.54   4.00    0.330   50.465
19.54   4.00    0.307    0.338   0.330   0.315
19.54   4.00    0.307    0.338   0.330   0.315

19.55   0.00    0.314    0.314   0.031   0.068   0.002   0.005   0.100   0.004   0.001   0.001   0.104 1428677000
19.55   4.72   50.459
19.55   4.00    0.223    0.107
19.55   4.00    0.330   50.459
19.55   4.00    0.307    0.338   0.330   0.315
19.55   4.00    0.307    0.338   0.330   0.315

19.56   0.00    0.314    0.314   0.031   0.068   0.002   0.005   0.100   0.004   0.001   0.001   0.104 1429408000
19.56   4.72   50.453
19.56   4.00    0.223    0.107
19.56   4.00    0.330   50.453
19.56   4.00    0.307    0.338   0.330   0.315
19.56   4.00    0.307    0.338   0.330   0.315

19.57   0.00    0.314    0.314   0.031   0.068   0.002   0.005   0.100   0.004   0.001   0.001   0.104 1430138000
19.57   4.72   50.447
19.57   4.00    0.223    0.107
19.57   4.00    0.330   50.447
19.57   4.00    0.307    0.338   0.330   0.315
19.57   4.00    0.307    0.338   0.330   0.315

19.58   0.00    0.314    0.314   0.031   0.068   0.002   0.005   0.100   0.004   0.001   0.001   0.104 1430869000
19.58   4.72   50.441
19.58   4.00    0.223    0.107
19.58   4.00    0.330   50.441
19.58   4.00    0.307    0.338   0.330   0.315
19.58   4.00    0.307    0.338   0.330   0.315

19.59   0.00    0.314    0.314   0.031   0.068   0.002   0.005   0.100   0.004   0.001   0.001   0.104 1431600000
19.59   4.72   50.435
19.59   4.00    0.223    0.107
19.59   4.00    0.330   50.435
19.59   4.00    0.307    0.338   0.330   0.315
19.59   4.00    0.307    0.338   0.330   0.315

19.60   0.00    0.314    0.314   0.031   0.068   0.002   0.005   0.100   0.004   0.001   0.001   0.104 1432331000
19.60   4.72   50.429
19.60   4.00    0.223    0.107
19.60   4.00    0.330   50.429
19.60   4.00    0.307    0.338   0.330   0.315
19.60   4.00    0.307    0.338   0.330   0.315

19.61   0.00    0.314    0.314   0.031   0.068   0.002   0.005   0.100   0.004   0.001   0.001   0.104 1433062000
19.61   4.72   50.423
19.61   4.00    0.222    0.107
19.61   4.00    0.329   50.423
19.61   4.00    0.307    0.338   0.329   0.315
19.61   4.00    0.307    0.338   0.329   0.315

19.62   0.00    0.314    0.314   0.031   0.068   0.002   0.005   0.100   0.004   0.001   0.001   0.104 1433793000
19.62   4.72   50.417
19.62   4.00    0.222    0.107
19.62   4.00    0.329   50.417
19.62   4.00    0.307    0.338   0.329   0.315
19.62   4.00    0.307    0.338   0.329   0.315

19.63   0.00    0.314    0.314   0.031   0.068   0.002   0.005   0.100   0.004   0.001   0.001   0.104 1434523000
19.63   4.72   50.411
19.63   4.00    0.222    0.107
19.63   4.00    0.329   50.411
19.63   4.00    0.307    0.338   0.329   0.315
19.63   4.00    0.307    0.338   0.329   0.315

19.64   0.00    0.314    0.314   0.031   0.068   0.002   0.005   0.100   0.004   0.001   0.001   0.104 1435254000
19.64   4.72   50.405
19.64   4.00    0.222    0.107
19.64   4.00    0.329   50.405
19.64   4.00    0.307    0.338   0.329   0.315
19.64   4.00    0.307    0.338   0.329   0.315

19.65   0.00    0.314    0.314   0.031   0.068   0.002   0.005   0.100   0.004   0.001   0.001   0.104 1435985000
19.65   4.72   50.399
19.65   4.00    0.222    0.107
19.65   4.00    0.329   50.399
19.65   4.00    0.306    0.338   0.329   0.315
19.65   4.00    0.306    0.338   0.329   0.315

19.66   0.00    0.314    0.314   0.031   0.068   0.002   0.005   0.100   0.004   0.001   0.001   0.104 1436716000
19.66   4.72   50.393
19.66   4.00    0.222    0.107
19.66   4.00    0.329   50.393
19.66   4.00    0.306    0.338   0.329   0.315
19.66   4.00    0.306    0.338   0.329   0.315

19.67   0.00    0.314    0.314   0.031   0.068   0.002   0.005   0.100   0.004   0.001   0.001   0.104 1437446000
19.67   4.71   50.387
19.67   4.00    0.222    0.107
19.67   4.00    0.329   50.387
19.67   4.00    0.306    0.338   0.329   0.315
19.67   4.00    0.306    0.338   0.329   0.315

19.68   0.00    0.314    0.314   0.031   0.068   0.002   0.005   0.100   0.004   0.001   0.001   0.104 1438177000
19.68   4.71   50.381
19.68   4.00    0.222    0.107
19.68   4.00    0.329   50.381
19.68   4.00    0.306    0.338   0.329   0.315
19.68   4.00    0.306    0.338   0.329   0.315

19.69   0.00    0.314    0.314   0.031   0.068   0.002   0.005   0.100   0.004   0.001   0.001   0.104 1438908000
19.69   4.71   50.375
19.69   4.00    0.222    0.107
19.69   4.00    0.329   50.375
19.69   4.00    0.306    0.338   0.329   0.315
19.69   4.00    0.306    0.338   0.329   0.315

19.70   0.00    0.314    0.314   0.031   0.068   0.002   0.005   0.100   0.004   0.001   0.001   0.104 1439639000
19.70   4.71   50.369
19.70   4.00    0.222    0.107
19.70   4.00    0.329   50.369
19.70   4.00    0.306    0.338   0.329   0.315
19.70   4.00    0.306    0.338   0.329   0.315

19.71   0.00    0.314    0.314   0.031   0.068   0.002   0.005   0.100   0.004   0.001   0.001   0.104 1440369000
19.71   4.71   50.363
19.71   4.00    0.222    0.107
19.71   4.00    0.329   50.363
19.71   4.00    0.306    0.338   0.329   0.315
19.71   4.00    0.306    0.338   0.329   0.315

19.72   0.00    0.314    0.314   0.031   0.068   0.002   0.005   0.100   0.004   0.001   0.001   0.104 1441100000
19.72   4.71   50.357
19.72   4.00    0.222    0.107
19.72   4.00    0.329   50.357
19.72   4.00    0.306    0.338   0.329   0.315
19.72   4.00    0.306    0.338   0.329   0.315

19.73   0.00    0.314    0.314   0.031   0.068   0.002   0.005   0.100   0.004   0.001   0.001   0.104 1441831000
19.73   4.71   50.351
19.73   4.00    0.222    0.107
19.73   4.00    0.329   50.351
19.73   4.00    0.306    0.337   0.329   0.315
19.73   4.00    0.306    0.337   0.329   0.315

19.74   0.00    0.314    0.314   0.031   0.068   0.002   0.005   0.100   0.004   0.001   0.001   0.104 1442562000
19.74   4.71   50.345
19.74   4.00    0.222    0.107
19.74   4.00    0.329   50.345
19.74   4.00    0.306    0.337   0.329   0.315
19.74   4.00    0.306    0.337   0.329   0.315

19.75   0.00    0.314    0.314   0.031   0.068   0.002   0.005   0.100   0.004   0.001   0.001   0.104 1443293000
19.75   4.71   50.339
19.75   4.00    0.222    0.107
19.75   4.00    0.329   50.339
19.75   4.00    0.306    0.337   0.329   0.315
19.75   4.00    0.306    0.337   0.329   0.315

19.76   0.00    0.314    0.314   0.031   0.068   0.002   0.005   0.100   0.004   0.001   0.001   0.104 1444023000
19.76   4.71   50.333
19.76   4.00    0.222    0.107
19.76   4.00    0.329   50.333
19.76   4.00    0.306    0.337   0.329   0.315
19.76   4.00    0.306    0.337   0.329   0.315

19.77   0.00    0.314    0.314   0.031   0.068   0.002   0.005   0.100   0.004   0.000   0.001   0.104 1444754000
19.77   4.71   50.327
19.77   4.00    0.222    0.107
19.77   4.00    0.329   50.327
19.77   4.00    0.306    0.337   0.329   0.315
19.77   4.00    0.306    0.337   0.329   0.315

19.78   0.00    0.314    0.314   0.031   0.068   0.002   0.005   0.100   0.004   0.000   0.001   0.104 1445485000
19.78   4.70   50.321
19.78   4.00    0.222    0.107
19.78   4.00    0.328   50.321
19.78   4.00    0.306    0.337   0.328   0.315
19.78   4.00    0.306    0.337   0.328   0.315

19.79   0.00    0.314    0.314   0.031   0.068   0.002   0.005   0.100   0.004   0.000   0.001   0.104 1446216000
19.79   4.70   50.315
19.79   4.00    0.222    0.107
19.79   4.00    0.328   50.315
19.79   4.00    0.306    0.337   0.328   0.315
19.79   4.00    0.306    0.337   0.328   0.315

19.80   0.00    0.314    0.314   0.031   0.068   0.002   0.005   0.100   0.004   0.000   0.001   0.104 1446946000
19.80   4.70   50.309
19.80   4.00    0.222    0.107
19.80   4.00    0.328   50.309
19.80   4.00    0.306    0.337   0.328   0.315
19.80   4.00    0.306    0.337   0.328   0.315

19.81   0.00    0.314    0.314   0.031   0.068   0.002   0.005   0.100   0.004   0.000   0.001   0.104 1447677000
19.81   4.70   50.303
19.81   4.00    0.221    0.107
19.81   4.00    0.328   50.303
19.81   4.00    0.305    0.337   0.328   0.315
19.81   4.00    0.305    0.337   0.328   0.315

19.82   0.00    0.314    0.314   0.031   0.068   0.001   0.005   0.100   0.004   0.000   0.001   0.104 1448408000
19.82   4.70   50.297
19.82   4.00    0.221    0.107
19.82   4.00    0.328   50.297
19.82   4.00    0.305    0.337   0.328   0.315
19.82   4.00    0.305    0.337   0.328   0.315

19.83   0.00    0.314    0.314   0.031   0.068   0.001   0.005   0.100   0.004   0.000   0.001   0.104 1449139000
19.83   4.70   50.291
19.83   4.00    0.221    0.107
19.83   4.00    0.328   50.291
19.83   4.00    0.305    0.337   0.328   0.315
19.83   4.00    0.305    0.337   0.328   0.315

19.84   0.00    0.314    0.314   0.031   0.068   0.001   0.005   0.100   0.004   0.000   0.001   0.104 1449870000
19.84   4.70   50.285
19.84   4.00    0.221    0.107
19.84   4.00    0.328   50.285
19.84   4.00    0.305    0.337   0.328   0.315
19.84   4.00    0.305    0.337   0.328   0.315

19.85   0.00    0.314    0.314   0.031   0.068   0.001   0.005   0.100   0.004   0.000   0.001   0.104 1450600000
19.85   4.70   50.279
19.85   4.00    0.221    0.107
19.85   4.00    0.328   50.279
19.85   4.00    0.305    0.337   0.328   0.315
19.85   4.00    0.305    0.337   0.328   0.315

19.86   0.00    0.314    0.314   0.031   0.068   0.001   0.005   0.100   0.004   0.000   0.001   0.104 1451331000
19.86   4.70   50.274
19.86   4.00    0.221    0.107
19.86   4.00    0.328   50.274
19.86   4.00    0.305    0.337   0.328   0.315
19.86   4.00    0.305    0.337   0.328   0.315

19.87   0.00    0.314    0.314   0.031   0.068   0.001   0.005   0.100   0.004   0.000   0.001   0.104 1452062000
19.87   4.70   50.268
19.87   4.00    0.221    0.107
19.87   4.00    0.328   50.268
19.87   4.00    0.305    0.337   0.328   0.315
19.87   4.00    0.305    0.337   0.328   0.315

19.88   0.00    0.314    0.314   0.031   0.068   0.001   0.005   0.100   0.004   0.000   0.001   0.104 1452793000
19.88   4.70   50.262
19.88   4.00    0.221    0.107
19.88   4.00    0.328   50.262
19.88   4.00    0.305    0.337   0.328   0.315
19.88   4.00    0.305    0.337   0.328   0.315

19.89   0.00    0.314    0.314   0.031   0.068   0.001   0.005   0.100   0.004   0.000   0.001   0.104 1453523000
19.89   4.70   50.256
19.89   4.00    0.221    0.107
19.89   4.00    0.328   50.256
19.89   4.00    0.305    0.337   0.328   0.315
19.89   4.00    0.305    0.337   0.328   0.315

19.90   0.00    0.314    0.314   0.031   0.068   0.001   0.005   0.100   0.004   0.000   0.001   0.104 1454254000
19.90   4.69   50.250
19.90   4.00    0.221    0.107
19.90   4.00    0.328   50.250
19.90   4.00    0.305    0.337   0.328   0.315
19.90   4.00    0.305    0.337   0.328   0.315

19.91   0.00    0.314    0.314   0.031   0.068   0.001   0.005   0.100   0.004   0.000   0.001   0.104 1454985000
19.91   4.69   50.244
19.91   4.00    0.221    0.107
19.91   4.00    0.328   50.244
19.91   4.00    0.305    0.337   0.328   0.315
19.91   4.00    0.305    0.337   0.328   0.315

19.92   0.00    0.314    0.314   0.031   0.068   0.001   0.005   0.100   0.004   0.000   0.001   0.104 1455716000
19.92   4.69   50.238
19.92   4.00    0.221    0.107
19.92   4.00    0.328   50.238
19.92   4.00    0.305    0.337   0.328   0.315
19.92   4.00    0.305    0.337   0.328   0.315

19.93   0.00    0.314    0.314   0.031   0.068   0.001   0.005   0.100   0.004   0.000   0.001   0.104 1456447000
19.93   4.69   50.232
19.93   4.00    0.221    0.107
19.93   4.00    0.328   50.232
19.93   4.00    0.305    0.337   0.328   0.315
19.93   4.00    0.305    0.337   0.328   0.315

19.94   0.00    0.314    0.314   0.031   0.068   0.001   0.005   0.100   0.004   0.000   0.001   0.104 1457177000
19.94   4.69   50.226
19.94   4.00    0.221    0.107
19.94   4.00    0.328   50.226
19.94   4.00    0.305    0.337   0.328   0.315
19.94   4.00    0.305    0.337   0.328   0.315

19.95   0.00    0.314    0.314   0.031   0.067   0.001   0.005   0.100   0.004   0.000   0.001   0.104 1457908000
19.95   4.69   50.220
19.95   4.00    0.221    0.107
19.95   4.00    0.327   50.220
19.95   4.00    0.305    0.337   0.327   0.315
19.95   4.00    0.305    0.337   0.327   0.315

19.96   0.00    0.314    0.314   0.031   0.067   0.001   0.005   0.100   0.004   0.000   0.001   0.104 1458639000
19.96   4.69   50.215
19.96   4.00    0.221    0.107
19.96   4.00    0.327   50.215
19.96   4.00    0.305    0.337   0.327   0.315
19.96   4.00    0.305    0.337   0.327   0.315

19.97   0.00    0.314    0.314   0.031   0.067   0.001   0.005   0.100   0.004   0.000   0.001   0.104 1459370000
19.97   4.69   50.209
19.97   4.00    0.221    0.107
19.97   4.00    0.327   50.209
19.97   4.00    0.305    0.337   0.327   0.315
19.97   4.00    0.305    0.337   0.327   0.315

19.98   0.00    0.314    0.314   0.031   0.067   0.001   0.005   0.100   0.004   0.000   0.001   0.104 1460101000
19.98   4.69   50.203
19.98   4.00    0.221    0.107
19.98   4.00    0.327   50.203
19.98   4.00    0.304    0.337   0.327   0.315
19.98   4.00    0.304    0.337   0.327   0.315

19.99   0.00    0.314    0.314   0.031   0.067   0.001   0.005   0.100   0.004   0.000   0.001   0.104 1460831000
19.99   4.69   50.197
19.99   4.00    0.221    0.107
19.99   4.00    0.327   50.197
19.99   4.00    0.304    0.337   0.327   0.315
19.99   4.00    0.304    0.337   0.327   0.315

20.00   0.00    0.314    0.314   0.031   0.067   0.001   0.005   0.100   0.004   0.000   0.001   0.104 1461562000
20.00   4.69   50.191
20.00   4.00    0.221    0.107
20.00   4.00    0.327   50.191
20.00   4.00    0.304    0.337   0.327   0.315
20.00   4.00    0.304    0.337   0.327   0.315

20.01   0.00    0.314    0.314   0.031   0.067   0.001   0.005   0.100   0.004   0.000   0.001   0.104 1462293000
20.01   4.69   50.185
20.01   4.00    0.221    0.107
20.01   4.00    0.327   50.185
20.01   4.00    0.304    0.337   0.327   0.315
20.01   4.00    0.304    0.337   0.327   0.315

20.02   0.00    0.314    0.314   0.031   0.067   0.001   0.005   0.100   0.004   0.000   0.001   0.104 1463024000
20.02   4.68   50.179
20.02   4.00    0.220    0.107
20.02   4.00    0.327   50.179
20.02   4.00    0.304    0.337   0.327   0.315
20.02   4.00    0.304    0.337   0.327   0.315

20.03   0.00    0.314    0.314   0.031   0.067   0.001   0.005   0.100   0.004   0.000   0.001   0.104 1463754000
20.03   4.68   50.173
20.03   4.00    0.220    0.107
20.03   4.00    0.327   50.173
20.03   4.00    0.304    0.337   0.327   0.315
20.03   4.00    0.304    0.337   0.327   0.315

20.04   0.00    0.314    0.314   0.031   0.067   0.001   0.005   0.100   0.004   0.000   0.001   0.104 1464485000
20.04   4.68   50.168
20.04   4.00    0.220    0.107
20.04   4.00    0.327   50.168
20.04   4.00    0.304    0.337   0.327   0.315
20.04   4.00    0.304    0.337   0.327   0.315

20.05   0.00    0.314    0.314   0.031   0.067   0.001   0.005   0.100   0.004   0.000   0.001   0.104 1465216000
20.05   4.68   50.162
20.05   4.00    0.220    0.107
20.05   4.00    0.327   50.162
20.05   4.00    0.304    0.337   0.327   0.315
20.05   4.00    0.304    0.337   0.327   0.315

20.06   0.00    0.314    0.314   0.031   0.067   0.001   0.005   0.100   0.004   0.000   0.001   0.104 1465947000
20.06   4.68   50.156
20.06   4.00    0.220    0.107
20.06   4.00    0.327   50.156
20.06   4.00    0.304    0.337   0.327   0.315
20.06   4.00    0.304    0.337   0.327   0.315

20.07   0.00    0.314    0.314   0.031   0.067   0.001   0.005   0.100   0.004   0.000   0.001   0.104 1466678000
20.07   4.68   50.150
20.07   4.00    0.220    0.107
20.07   4.00    0.327   50.150
20.07   4.00    0.304    0.337   0.327   0.315
20.07   4.00    0.304    0.337   0.327   0.315

20.08   0.00    0.314    0.314   0.031   0.067   0.001   0.005   0.100   0.004   0.000   0.001   0.104 1467408000
20.08   4.68   50.144
20.08   4.00    0.220    0.107
20.08   4.00    0.327   50.144
20.08   4.00    0.304    0.337   0.327   0.315
20.08   4.00    0.304    0.337   0.327   0.315

20.09   0.00    0.314    0.314   0.031   0.067   0.001   0.005   0.100   0.004   0.000   0.001   0.104 1468139000
20.09   4.68   50.138
20.09   4.00    0.220    0.106
20.09   4.00    0.327   50.138
20.09   4.00    0.304    0.337   0.327   0.315
20.09   4.00    0.304    0.337   0.327   0.315

20.10   0.00    0.314    0.314   0.031   0.067   0.001   0.005   0.100   0.004   0.000   0.001   0.104 1468870000
20.10   4.68   50.132
20.10   4.00    0.220    0.106
20.10   4.00    0.327   50.132
20.10   4.00    0.304    0.337   0.327   0.315
20.10   4.00    0.304    0.337   0.327   0.315

20.11   0.00    0.314    0.314   0.031   0.067   0.001   0.005   0.100   0.004   0.000   0.001   0.104 1469601000
20.11   4.68   50.127
20.11   4.00    0.220    0.106
20.11   4.00    0.327   50.127
20.11   4.00    0.304    0.337   0.327   0.315
20.11   4.00    0.304    0.337   0.327   0.315

20.12   0.00    0.314    0.314   0.031   0.067   0.001   0.005   0.100   0.004   0.000   0.001   0.104 1470332000
20.12   4.68   50.121
20.12   4.00    0.220    0.106
20.12   4.00    0.326   50.121
20.12   4.00    0.304    0.337   0.326   0.315
20.12   4.00    0.304    0.337   0.326   0.315

20.13   0.00    0.314    0.314   0.031   0.067   0.001   0.005   0.100   0.004   0.000   0.001   0.104 1471062000
20.13   4.68   50.115
20.13   4.00    0.220    0.106
20.13   4.00    0.326   50.115
20.13   4.00    0.304    0.337   0.326   0.315
20.13   4.00    0.304    0.337   0.326   0.315

20.14   0.00    0.314    0.314   0.031   0.067   0.001   0.005   0.100   0.004   0.000   0.001   0.104 1471793000
20.14   4.67   50.109
20.14   4.00    0.220    0.106
20.14   4.00    0.326   50.109
20.14   4.00    0.304    0.337   0.326   0.315
20.14   4.00    0.304    0.337   0.326   0.315

20.15   0.00    0.314    0.314   0.031   0.067   0.001   0.005   0.100   0.004   0.000   0.001   0.104 1472524000
20.15   4.67   50.103
20.15   4.00    0.220    0.106
20.15   4.00    0.326   50.103
20.15   4.00    0.304    0.337   0.326   0.315
20.15   4.00    0.304    0.337   0.326   0.315

20.16   0.00    0.314    0.314   0.031   0.067   0.001   0.005   0.100   0.004   0.000   0.001   0.104 1473255000
20.16   4.67   50.098
20.16   4.00    0.220    0.106
20.16   4.00    0.326   50.098
20.16   4.00    0.303    0.337   0.326   0.315
20.16   4.00    0.303    0.337   0.326   0.315

20.17   0.00    0.314    0.314   0.031   0.067   0.001   0.005   0.100   0.004   0.000   0.001   0.104 1473985000
20.17   4.67   50.092
20.17   4.00    0.220    0.106
20.17   4.00    0.326   50.092
20.17   4.00    0.303    0.337   0.326   0.315
20.17   4.00    0.303    0.337   0.326   0.315

20.18   0.00    0.314    0.314   0.031   0.067   0.001   0.005   0.100   0.004   0.000   0.001   0.104 1474716000
20.18   4.67   50.086
20.18   4.00    0.220    0.106
20.18   4.00    0.326   50.086
20.18   4.00    0.303    0.337   0.326   0.315
20.18   4.00    0.303    0.337   0.326   0.315

20.19   0.00    0.314    0.314   0.031   0.067   0.001   0.005   0.100   0.004   0.000   0.001   0.104 1475447000
20.19   4.67   50.080
20.19   4.00    0.220    0.106
20.19   4.00    0.326   50.080
20.19   4.00    0.303    0.337   0.326   0.315
20.19   4.00    0.303    0.337   0.326   0.315

20.20   0.00    0.314    0.314   0.031   0.067   0.001   0.005   0.100   0.004   0.000   0.001   0.104 1476178000
20.20   4.67   50.074
20.20   4.00    0.220    0.106
20.20   4.00    0.326   50.074
20.20   4.00    0.303    0.337   0.326   0.315
20.20   4.00    0.303    0.337   0.326   0.315

20.21   0.00    0.314    0.314   0.031   0.067   0.001   0.005   0.100   0.004   0.000   0.001   0.104 1476909000
20.21   4.67   50.069
20.21   4.00    0.220    0.106
20.21   4.00    0.326   50.069
20.21   4.00    0.303    0.337   0.326   0.315
20.21   4.00    0.303    0.337   0.326   0.315

20.22   0.00    0.314    0.314   0.031   0.067   0.001   0.005   0.100   0.004   0.000   0.001   0.104 1477639000
20.22   4.67   50.063
20.22   4.00    0.220    0.106
20.22   4.00    0.326   50.063
20.22   4.00    0.303    0.337   0.326   0.315
20.22   4.00    0.303    0.337   0.326   0.315

20.23   0.00    0.314    0.314   0.031   0.067   0.001   0.005   0.100   0.004   0.000   0.001   0.104 1478370000
20.23   4.67   50.057
20.23   4.00    0.219    0.106
20.23   4.00    0.326   50.057
20.23   4.00    0.303    0.337   0.326   0.315
20.23   4.00    0.303    0.337   0.326   0.315

20.24   0.00    0.314    0.314   0.031   0.067   0.001   0.005   0.100   0.004   0.000   0.001   0.104 1479101000
20.24   4.67   50.051
20.24   4.00    0.219    0.106
20.24   4.00    0.326   50.051
20.24   4.00    0.303    0.337   0.326   0.315
20.24   4.00    0.303    0.337   0.326   0.315

20.25   0.00    0.314    0.314   0.031   0.067   0.001   0.005   0.100   0.004   0.000   0.001   0.104 1479832000
20.25   4.67   50.045
20.25   4.00    0.219    0.106
20.25   4.00    0.326   50.045
20.25   4.00    0.303    0.337   0.326   0.315
20.25   4.00    0.303    0.337   0.326   0.315

20.26   0.00    0.314    0.314   0.031   0.067   0.001   0.005   0.100   0.004   0.000   0.001   0.104 1480562000
20.26   4.66   50.040
20.26   4.00    0.219    0.106
20.26   4.00    0.326   50.040
20.26   4.00    0.303    0.337   0.326   0.315
20.26   4.00    0.303    0.337   0.326   0.315

20.27   0.00    0.314    0.314   0.031   0.067   0.001   0.005   0.100   0.004   0.000   0.001   0.104 1481293000
20.27   4.66   50.034
20.27   4.00    0.219    0.106
20.27   4.00    0.326   50.034
20.27   4.00    0.303    0.337   0.326   0.315
20.27   4.00    0.303    0.337   0.326   0.315

20.28   0.00    0.314    0.314   0.031   0.067   0.001   0.005   0.100   0.004   0.000   0.001   0.104 1482024000
20.28   4.66   50.028
20.28   4.00    0.219    0.106
20.28   4.00    0.326   50.028
20.28   4.00    0.303    0.337   0.326   0.315
20.28   4.00    0.303    0.337   0.326   0.315

20.29   0.00    0.314    0.314   0.031   0.067   0.001   0.005   0.100   0.004   0.000   0.001   0.104 1482755000
20.29   4.66   50.022
20.29   4.00    0.219    0.106
20.29   4.00    0.325   50.022
20.29   4.00    0.303    0.337   0.325   0.315
20.29   4.00    0.303    0.337   0.325   0.315

20.30   0.00    0.314    0.314   0.031   0.067   0.001   0.005   0.100   0.004   0.000   0.001   0.104 1483486000
20.30   4.66   50.017
20.30   4.00    0.219    0.106
20.30   4.00    0.325   50.017
20.30   4.00    0.303    0.337   0.325   0.315
20.30   4.00    0.303    0.337   0.325   0.315

20.31   0.00    0.314    0.314   0.031   0.067   0.001   0.005   0.100   0.004   0.000   0.001   0.104 1484216000
20.31   4.66   50.011
20.31   4.00    0.219    0.106
20.31   4.00    0.325   50.011
20.31   4.00    0.303    0.337   0.325   0.315
20.31   4.00    0.303    0.337   0.325   0.315

20.32   0.00    0.314    0.314   0.031   0.067   0.001   0.005   0.100   0.004   0.000   0.001   0.104 1484947000
20.32   4.66   50.005
20.32   4.00    0.219    0.106
20.32   4.00    0.325   50.005
20.32   4.00    0.303    0.337   0.325   0.315
20.32   4.00    0.303    0.337   0.325   0.315

20.33   0.00    0.314    0.314   0.031   0.067   0.001   0.005   0.100   0.004   0.000   0.001   0.104 1485678000
20.33   4.66   49.999
20.33   4.00    0.219    0.106
20.33   4.00    0.325   49.999
20.33   4.00    0.302    0.337   0.325   0.315
20.33   4.00    0.302    0.337   0.325   0.315

20.34   0.00    0.314    0.314   0.031   0.067   0.001   0.005   0.100   0.004   0.000   0.001   0.104 1486409000
20.34   4.66   49.994
20.34   4.00    0.219    0.106
20.34   4.00    0.325   49.994
20.34   4.00    0.302    0.337   0.325   0.315
20.34   4.00    0.302    0.337   0.325   0.315

20.35   0.00    0.314    0.314   0.031   0.067   0.001   0.005   0.100   0.004   0.000   0.001   0.104 1487139000
20.35   4.66   49.988
20.35   4.00    0.219    0.106
20.35   4.00    0.325   49.988
20.35   4.00    0.302    0.337   0.325   0.315
20.35   4.00    0.302    0.337   0.325   0.315

20.36   0.00    0.314    0.314   0.031   0.067   0.001   0.005   0.100   0.004   0.000   0.001   0.104 1487870000
20.36   4.66   49.982
20.36   4.00    0.219    0.106
20.36   4.00    0.325   49.982
20.36   4.00    0.302    0.337   0.325   0.315
20.36   4.00    0.302    0.337   0.325   0.315

20.37   0.00    0.314    0.314   0.031   0.067   0.001   0.005   0.100   0.004   0.000   0.001   0.104 1488601000
20.37   4.66   49.976
20.37   4.00    0.219    0.106
20.37   4.00    0.325   49.976
20.37   4.00    0.302    0.337   0.325   0.315
20.37   4.00    0.302    0.337   0.325   0.315

20.38   0.00    0.314    0.314   0.031   0.067   0.001   0.005   0.100   0.004   0.000   0.001   0.104 1489332000
20.38   4.65   49.971
20.38   4.00    0.219    0.106
20.38   4.00    0.325   49.971
20.38   4.00    0.302    0.337   0.325   0.315
20.38   4.00    0.302    0.337   0.325   0.315

20.39   0.00    0.314    0.314   0.031   0.067   0.001   0.005   0.100   0.004   0.000   0.001   0.104 1490063000
20.39   4.65   49.965
20.39   4.00    0.219    0.106
20.39   4.00    0.325   49.965
20.39   4.00    0.302    0.337   0.325   0.315
20.39   4.00    0.302    0.337   0.325   0.315

20.40   0.00    0.314    0.314   0.031   0.067   0.001   0.005   0.100   0.004   0.000   0.001   0.104 1490793000
20.40   4.65   49.959
20.40   4.00    0.219    0.106
20.40   4.00    0.325   49.959
20.40   4.00    0.302    0.337   0.325   0.315
20.40   4.00    0.302    0.337   0.325   0.315

20.41   0.00    0.314    0.314   0.031   0.067   0.001   0.005   0.100   0.004   0.000   0.001   0.104 1491524000
20.41   4.65   49.953
20.41   4.00    0.219    0.106
20.41   4.00    0.325   49.953
20.41   4.00    0.302    0.337   0.325   0.315
20.41   4.00    0.302    0.337   0.325   0.315

20.42   0.00    0.314    0.314   0.031   0.067   0.001   0.005   0.100   0.004   0.000   0.001   0.104 1492255000
20.42   4.65   49.948
20.42   4.00    0.219    0.106
20.42   4.00    0.325   49.948
20.42   4.00    0.302    0.337   0.325   0.315
20.42   4.00    0.302    0.337   0.325   0.315

20.43   0.00    0.314    0.314   0.031   0.067   0.001   0.005   0.100   0.004   0.000   0.001   0.104 1492986000
20.43   4.65   49.942
20.43   4.00    0.219    0.106
20.43   4.00    0.325   49.942
20.43   4.00    0.302    0.337   0.325   0.315
20.43   4.00    0.302    0.337   0.325   0.315

20.44   0.00    0.314    0.314   0.031   0.067   0.001   0.005   0.100   0.004   0.000   0.001   0.104 1493717000
20.44   4.65   49.936
20.44   4.00    0.219    0.106
20.44   4.00    0.325   49.936
20.44   4.00    0.302    0.337   0.325   0.315
20.44   4.00    0.302    0.337   0.325   0.315

20.45   0.00    0.314    0.314   0.031   0.067   0.001   0.005   0.100   0.004   0.000   0.001   0.104 1494447000
20.45   4.65   49.931
20.45   4.00    0.218    0.106
20.45   4.00    0.325   49.931
20.45   4.00    0.302    0.337   0.325   0.315
20.45   4.00    0.302    0.337   0.325   0.315

20.46   0.00    0.314    0.314   0.031   0.067   0.001   0.005   0.100   0.004   0.000   0.001   0.104 1495178000
20.46   4.65   49.925
20.46   4.00    0.218    0.106
20.46   4.00    0.325   49.925
20.46   4.00    0.302    0.337   0.325   0.315
20.46   4.00    0.302    0.337   0.325   0.315

20.47   0.00    0.314    0.314   0.031   0.067   0.001   0.005   0.100   0.004   0.000   0.001   0.104 1495909000
20.47   4.65   49.919
20.47   4.00    0.218    0.106
20.47   4.00    0.324   49.919
20.47   4.00    0.302    0.337   0.324   0.315
20.47   4.00    0.302    0.337   0.324   0.315

20.48   0.00    0.314    0.314   0.031   0.067   0.001   0.005   0.100   0.004   0.000   0.001   0.104 1496640000
20.48   4.65   49.913
20.48   4.00    0.218    0.106
20.48   4.00    0.324   49.913
20.48   4.00    0.302    0.337   0.324   0.315
20.48   4.00    0.302    0.337   0.324   0.315

20.49   0.00    0.314    0.314   0.031   0.067   0.001   0.005   0.100   0.004   0.000   0.001   0.104 1497370000
20.49   4.65   49.908
20.49   4.00    0.218    0.106
20.49   4.00    0.324   49.908
20.49   4.00    0.302    0.337   0.324   0.315
20.49   4.00    0.302    0.337   0.324   0.315

20.50   0.00    0.314    0.314   0.031   0.067   0.001   0.005   0.100   0.004   0.000   0.001   0.104 1498101000
20.50   4.65   49.902
20.50   4.00    0.218    0.106
20.50   4.00    0.324   49.902
20.50   4.00    0.302    0.337   0.324   0.315
20.50   4.00    0.302    0.337   0.324   0.315

20.51   0.00    0.314    0.314   0.031   0.067   0.001   0.005   0.100   0.004   0.000   0.001   0.104 1498832000
20.51   4.64   49.896
20.51   4.00    0.218    0.106
20.51   4.00    0.324   49.896
20.51   4.00    0.301    0.337   0.324   0.315
20.51   4.00    0.301    0.337   0.324   0.315

20.52   0.00    0.314    0.314   0.031   0.067   0.001   0.005   0.100   0.004   0.000   0.001   0.104 1499563000
20.52   4.64   49.891
20.52   4.00    0.218    0.106
20.52   4.00    0.324   49.891
20.52   4.00    0.301    0.337   0.324   0.315
20.52   4.00    0.301    0.337   0.324   0.315

20.53   0.00    0.314    0.314   0.031   0.067   0.001   0.005   0.100   0.004   0.000   0.001   0.104 1500294000
20.53   4.64   49.885
20.53   4.00    0.218    0.106
20.53   4.00    0.324   49.885
20.53   4.00    0.301    0.337   0.324   0.315
20.53   4.00    0.301    0.337   0.324   0.315

20.54   0.00    0.314    0.314   0.031   0.067   0.001   0.005   0.100   0.004   0.000   0.001   0.104 1501024000
20.54   4.64   49.879
20.54   4.00    0.218    0.106
20.54   4.00    0.324   49.879
20.54   4.00    0.301    0.337   0.324   0.315
20.54   4.00    0.301    0.337   0.324   0.315

20.55   0.00    0.314    0.314   0.031   0.067   0.001   0.005   0.100   0.004   0.000   0.001   0.104 1501755000
20.55   4.64   49.874
20.55   4.00    0.218    0.106
20.55   4.00    0.324   49.874
20.55   4.00    0.301    0.337   0.324   0.315
20.55   4.00    0.301    0.337   0.324   0.315

20.56   0.00    0.314    0.314   0.031   0.067   0.001   0.005   0.100   0.004   0.000   0.001   0.104 1502486000
20.56   4.64   49.868
20.56   4.00    0.218    0.106
20.56   4.00    0.324   49.868
20.56   4.00    0.301    0.337   0.324   0.315
20.56   4.00    0.301    0.337   0.324   0.315

20.57   0.00    0.314    0.314   0.031   0.067   0.001   0.005   0.100   0.004   0.000   0.001   0.104 1503217000
20.57   4.64   49.862
20.57   4.00    0.218    0.106
20.57   4.00    0.324   49.862
20.57   4.00    0.301    0.337   0.324   0.315
20.57   4.00    0.301    0.337   0.324   0.315

20.58   0.00    0.314    0.314   0.031   0.067   0.001   0.005   0.100   0.004   0.000   0.001   0.104 1503947000
20.58   4.64   49.857
20.58   4.00    0.218    0.106
20.58   4.00    0.324   49.857
20.58   4.00    0.301    0.337   0.324   0.315
20.58   4.00    0.301    0.337   0.324   0.315

20.59   0.00    0.314    0.314   0.031   0.067   0.001   0.005   0.100   0.004   0.000   0.001   0.104 1504678000
20.59   4.64   49.851
20.59   4.00    0.218    0.106
20.59   4.00    0.324   49.851
20.59   4.00    0.301    0.337   0.324   0.315
20.59   4.00    0.301    0.337   0.324   0.315

20.60   0.00    0.314    0.314   0.031   0.067   0.001   0.005   0.100   0.004   0.000   0.001   0.104 1505409000
20.60   4.64   49.845
20.60   4.00    0.218    0.106
20.60   4.00    0.324   49.845
20.60   4.00    0.301    0.337   0.324   0.315
20.60   4.00    0.301    0.337   0.324   0.315

20.61   0.00    0.314    0.314   0.031   0.067   0.001   0.005   0.100   0.004   0.000   0.001   0.104 1506140000
20.61   4.64   49.840
20.61   4.00    0.218    0.106
20.61   4.00    0.324   49.840
20.61   4.00    0.301    0.337   0.324   0.315
20.61   4.00    0.301    0.337   0.324   0.315

20.62   0.00    0.314    0.314   0.031   0.067   0.001   0.005   0.100   0.004   0.000   0.001   0.104 1506871000
20.62   4.64   49.834
20.62   4.00    0.218    0.106
20.62   4.00    0.324   49.834
20.62   4.00    0.301    0.337   0.324   0.315
20.62   4.00    0.301    0.337   0.324   0.315

20.63   0.00    0.313    0.313   0.031   0.067   0.001   0.005   0.100   0.004   0.000   0.001   0.104 1507601000
20.63   4.63   49.828
20.63   4.00    0.218    0.106
20.63   4.00    0.324   49.828
20.63   4.00    0.301    0.337   0.324   0.315
20.63   4.00    0.301    0.337   0.324   0.315

20.64   0.00    0.313    0.313   0.031   0.067   0.001   0.005   0.100   0.004   0.000   0.001   0.104 1508332000
20.64   4.63   49.823
20.64   4.00    0.218    0.106
20.64   4.00    0.324   49.823
20.64   4.00    0.301    0.337   0.324   0.315
20.64   4.00    0.301    0.337   0.324   0.315

20.65   0.00    0.313    0.313   0.031   0.067   0.001   0.005   0.100   0.004   0.000   0.001   0.104 1509063000
20.65   4.63   49.817
20.65   4.00    0.218    0.106
20.65   4.00    0.323   49.817
20.65   4.00    0.301    0.337   0.323   0.315
20.65   4.00    0.301    0.337   0.323   0.315

20.66   0.00    0.313    0.313   0.031   0.067   0.001   0.005   0.100   0.004   0.000   0.001   0.104 1509794000
20.66   4.63   49.812
20.66   4.00    0.218    0.106
20.66   4.00    0.323   49.812
20.66   4.00    0.301    0.337   0.323   0.315
20.66   4.00    0.301    0.337   0.323   0.315

20.67   0.00    0.313    0.313   0.031   0.067   0.001   0.005   0.100   0.004   0.000   0.001   0.104 1510525000
20.67   4.63   49.806
20.67   4.00    0.217    0.106
20.67   4.00    0.323   49.806
20.67   4.00    0.301    0.337   0.323   0.315
20.67   4.00    0.301    0.337   0.323   0.315

20.68   0.00    0.313    0.313   0.031   0.067   0.001   0.005   0.100   0.004   0.000   0.001   0.104 1511255000
20.68   4.63   49.800
20.68   4.00    0.217    0.106
20.68   4.00    0.323   49.800
20.68   4.00    0.301    0.337   0.323   0.315
20.68   4.00    0.301    0.337   0.323   0.315

20.69   0.00    0.313    0.313   0.031   0.067   0.001   0.005   0.100   0.004   0.000   0.001   0.104 1511986000
20.69   4.63   49.795
20.69   4.00    0.217    0.106
20.69   4.00    0.323   49.795
20.69   4.00    0.300    0.337   0.323   0.315
20.69   4.00    0.300    0.337   0.323   0.315

20.70   0.00    0.313    0.313   0.031   0.067   0.001   0.005   0.100   0.004   0.000   0.001   0.104 1512717000
20.70   4.63   49.789
20.70   4.00    0.217    0.106
20.70   4.00    0.323   49.789
20.70   4.00    0.300    0.337   0.323   0.315
20.70   4.00    0.300    0.337   0.323   0.315

20.71   0.00    0.313    0.313   0.031   0.067   0.001   0.005   0.100   0.004   0.000   0.001   0.104 1513448000
20.71   4.63   49.783
20.71   4.00    0.217    0.106
20.71   4.00    0.323   49.783
20.71   4.00    0.300    0.337   0.323   0.315
20.71   4.00    0.300    0.337   0.323   0.315

20.72   0.00    0.313    0.313   0.031   0.067   0.001   0.005   0.100   0.004   0.000   0.001   0.104 1514178000
20.72   4.63   49.778
20.72   4.00    0.217    0.106
20.72   4.00    0.323   49.778
20.72   4.00    0.300    0.337   0.323   0.315
20.72   4.00    0.300    0.337   0.323   0.315

20.73   0.00    0.313    0.313   0.031   0.067   0.001   0.005   0.100   0.004   0.000   0.001   0.104 1514909000
20.73   4.63   49.772
20.73   4.00    0.217    0.106
20.73   4.00    0.323   49.772
20.73   4.00    0.300    0.337   0.323   0.315
20.73   4.00    0.300    0.337   0.323   0.315

20.74   0.00    0.313    0.313   0.031   0.067   0.001   0.005   0.100   0.004   0.000   0.001   0.104 1515640000
20.74   4.63   49.767
20.74   4.00    0.217    0.106
20.74   4.00    0.323   49.767
20.74   4.00    0.300    0.337   0.323   0.315
20.74   4.00    0.300    0.337   0.323   0.315

20.75   0.00    0.313    0.313   0.031   0.067   0.001   0.005   0.100   0.004   0.000   0.001   0.104 1516371000
20.75   4.63   49.761
20.75   4.00    0.217    0.106
20.75   4.00    0.323   49.761
20.75   4.00    0.300    0.337   0.323   0.315
20.75   4.00    0.300    0.337   0.323   0.315

20.76   0.00    0.313    0.313   0.031   0.067   0.001   0.005   0.100   0.004   0.000   0.001   0.104 1517102000
20.76   4.62   49.755
20.76   4.00    0.217    0.106
20.76   4.00    0.323   49.755
20.76   4.00    0.300    0.337   0.323   0.315
20.76   4.00    0.300    0.337   0.323   0.315

20.77   0.00    0.313    0.313   0.031   0.067   0.001   0.005   0.100   0.004   0.000   0.001   0.104 1517832000
20.77   4.62   49.750
20.77   4.00    0.217    0.106
20.77   4.00    0.323   49.750
20.77   4.00    0.300    0.337   0.323   0.315
20.77   4.00    0.300    0.337   0.323   0.315

20.78   0.00    0.313    0.313   0.031   0.067   0.001   0.005   0.100   0.004   0.000   0.001   0.104 1518563000
20.78   4.62   49.744
20.78   4.00    0.217    0.106
20.78   4.00    0.323   49.744
20.78   4.00    0.300    0.337   0.323   0.315
20.78   4.00    0.300    0.337   0.323   0.315

20.79   0.00    0.313    0.313   0.031   0.067   0.001   0.005   0.100   0.004   0.000   0.001   0.104 1519294000
20.79   4.62   49.739
20.79   4.00    0.217    0.106
20.79   4.00    0.323   49.739
20.79   4.00    0.300    0.337   0.323   0.315
20.79   4.00    0.300    0.337   0.323   0.315

20.80   0.00    0.313    0.313   0.031   0.067   0.001   0.005   0.100   0.004   0.000   0.001   0.104 1520025000
20.80   4.62   49.733
20.80   4.00    0.217    0.106
20.80   4.00    0.323   49.733
20.80   4.00    0.300    0.337   0.323   0.315
20.80   4.00    0.300    0.337   0.323   0.315

20.81   0.00    0.313    0.313   0.031   0.067   0.001   0.005   0.100   0.004   0.000   0.001   0.104 1520755000
20.81   4.62   49.727
20.81   4.00    0.217    0.106
20.81   4.00    0.323   49.727
20.81   4.00    0.300    0.337   0.323   0.315
20.81   4.00    0.300    0.337   0.323   0.315

20.82   0.00    0.313    0.313   0.031   0.067   0.001   0.005   0.100   0.004   0.000   0.001   0.104 1521486000
20.82   4.62   49.722
20.82   4.00    0.217    0.106
20.82   4.00    0.323   49.722
20.82   4.00    0.300    0.337   0.323   0.315
20.82   4.00    0.300    0.337   0.323   0.315

20.83   0.00    0.313    0.313   0.031   0.067   0.001   0.005   0.100   0.004   0.000   0.001   0.104 1522217000
20.83   4.62   49.716
20.83   4.00    0.217    0.106
20.83   4.00    0.322   49.716
20.83   4.00    0.300    0.337   0.322   0.315
20.83   4.00    0.300    0.337   0.322   0.315

20.84   0.00    0.313    0.313   0.031   0.067   0.001   0.005   0.100   0.004   0.000   0.001   0.104 1522948000
20.84   4.62   49.711
20.84   4.00    0.217    0.106
20.84   4.00    0.322   49.711
20.84   4.00    0.300    0.337   0.322   0.315
20.84   4.00    0.300    0.337   0.322   0.315

20.85   0.00    0.313    0.313   0.031   0.067   0.001   0.005   0.100   0.004   0.000   0.001   0.104 1523679000
20.85   4.62   49.705
20.85   4.00    0.217    0.106
20.85   4.00    0.322   49.705
20.85   4.00    0.300    0.337   0.322   0.315
20.85   4.00    0.300    0.337   0.322   0.315

20.86   0.00    0.313    0.313   0.031   0.067   0.001   0.005   0.100   0.004   0.000   0.001   0.104 1524409000
20.86   4.62   49.699
20.86   4.00    0.217    0.106
20.86   4.00    0.322   49.699
20.86   4.00    0.300    0.337   0.322   0.315
20.86   4.00    0.300    0.337   0.322   0.315

20.87   0.00    0.313    0.313   0.031   0.067   0.001   0.005   0.100   0.004   0.000   0.001   0.104 1525140000
20.87   4.62   49.694
20.87   4.00    0.217    0.106
20.87   4.00    0.322   49.694
20.87   4.00    0.299    0.337   0.322   0.315
20.87   4.00    0.299    0.337   0.322   0.315

20.88   0.00    0.313    0.313   0.031   0.067   0.001   0.005   0.100   0.004   0.000   0.001   0.104 1525871000
20.88   4.62   49.688
20.88   4.00    0.217    0.106
20.88   4.00    0.322   49.688
20.88   4.00    0.299    0.337   0.322   0.315
20.88   4.00    0.299    0.337   0.322   0.315

20.89   0.00    0.313    0.313   0.031   0.067   0.001   0.005   0.100   0.004   0.000   0.001   0.104 1526602000
20.89   4.61   49.683
20.89   4.00    0.216    0.106
20.89   4.00    0.322   49.683
20.89   4.00    0.299    0.337   0.322   0.315
20.89   4.00    0.299    0.337   0.322   0.315

20.90   0.00    0.313    0.313   0.031   0.067   0.001   0.005   0.100   0.004   0.000   0.001   0.104 1527332000
20.90   4.61   49.677
20.90   4.00    0.216    0.106
20.90   4.00    0.322   49.677
20.90   4.00    0.299    0.337   0.322   0.315
20.90   4.00    0.299    0.337   0.322   0.315

20.91   0.00    0.313    0.313   0.031   0.067   0.001   0.005   0.100   0.004   0.000   0.001   0.104 1528063000
20.91   4.61   49.672
20.91   4.00    0.216    0.106
20.91   4.00    0.322   49.672
20.91   4.00    0.299    0.337   0.322   0.315
20.91   4.00    0.299    0.337   0.322   0.315

20.92   0.00    0.313    0.313   0.031   0.067   0.001   0.005   0.100   0.004   0.000   0.001   0.104 1528794000
20.92   4.61   49.666
20.92   4.00    0.216    0.106
20.92   4.00    0.322   49.666
20.92   4.00    0.299    0.337   0.322   0.315
20.92   4.00    0.299    0.337   0.322   0.315

20.93   0.00    0.313    0.313   0.031   0.067   0.001   0.005   0.100   0.004   0.000   0.001   0.104 1529525000
20.93   4.61   49.661
20.93   4.00    0.216    0.106
20.93   4.00    0.322   49.661
20.93   4.00    0.299    0.337   0.322   0.315
20.93   4.00    0.299    0.337   0.322   0.315

20.94   0.00    0.313    0.313   0.031   0.067   0.001   0.005   0.100   0.004   0.000   0.001   0.104 1530256000
20.94   4.61   49.655
20.94   4.00    0.216    0.106
20.94   4.00    0.322   49.655
20.94   4.00    0.299    0.337   0.322   0.315
20.94   4.00    0.299    0.337   0.322   0.315

20.95   0.00    0.313    0.313   0.031   0.067   0.001   0.005   0.100   0.004   0.000   0.001   0.104 1530986000
20.95   4.61   49.650
20.95   4.00    0.216    0.106
20.95   4.00    0.322   49.650
20.95   4.00    0.299    0.337   0.322   0.315
20.95   4.00    0.299    0.337   0.322   0.315

20.96   0.00    0.313    0.313   0.031   0.067   0.001   0.005   0.100   0.004   0.000   0.001   0.104 1531717000
20.96   4.61   49.644
20.96   4.00    0.216    0.106
20.96   4.00    0.322   49.644
20.96   4.00    0.299    0.337   0.322   0.315
20.96   4.00    0.299    0.337   0.322   0.315

20.97   0.00    0.313    0.313   0.031   0.067   0.001   0.005   0.100   0.004   0.000   0.001   0.104 1532448000
20.97   4.61   49.638
20.97   4.00    0.216    0.106
20.97   4.00    0.322   49.638
20.97   4.00    0.299    0.337   0.322   0.315
20.97   4.00    0.299    0.337   0.322   0.315

20.98   0.00    0.313    0.313   0.031   0.067   0.001   0.005   0.100   0.004   0.000   0.001   0.104 1533179000
20.98   4.61   49.633
20.98   4.00    0.216    0.106
20.98   4.00    0.322   49.633
20.98   4.00    0.299    0.337   0.322   0.315
20.98   4.00    0.299    0.337   0.322   0.315

20.99   0.00    0.313    0.313   0.031   0.067   0.001   0.005   0.100   0.004   0.000   0.001   0.104 1533910000
20.99   4.61   49.627
20.99   4.00    0.216    0.106
20.99   4.00    0.322   49.627
20.99   4.00    0.299    0.337   0.322   0.315
20.99   4.00    0.299    0.337   0.322   0.315

21.00   0.00    0.313    0.313   0.031   0.067   0.001   0.005   0.100   0.004   0.000   0.001   0.104 1534640000
21.00   4.61   49.622
21.00   4.00    0.216    0.106
21.00   4.00    0.322   49.622
21.00   4.00    0.299    0.337   0.322   0.315
21.00   4.00    0.299    0.337   0.322   0.315

21.01   0.00    0.313    0.313   0.031   0.067   0.001   0.005   0.100   0.004   0.000   0.001   0.104 1535371000
21.01   4.61   49.616
21.01   4.00    0.216    0.106
21.01   4.00    0.321   49.616
21.01   4.00    0.299    0.337   0.321   0.315
21.01   4.00    0.299    0.337   0.321   0.315

21.02   0.00    0.313    0.313   0.031   0.067   0.001   0.005   0.100   0.004   0.000   0.001   0.104 1536102000
21.02   4.60   49.611
21.02   4.00    0.216    0.106
21.02   4.00    0.321   49.611
21.02   4.00    0.299    0.337   0.321   0.315
21.02   4.00    0.299    0.337   0.321   0.315

21.03   0.00    0.313    0.313   0.031   0.067   0.001   0.005   0.100   0.004   0.000   0.001   0.104 1536833000
21.03   4.60   49.605
21.03   4.00    0.216    0.106
21.03   4.00    0.321   49.605
21.03   4.00    0.299    0.337   0.321   0.315
21.03   4.00    0.299    0.337   0.321   0.315

21.04   0.00    0.313    0.313   0.031   0.067   0.001   0.005   0.100   0.004   0.000   0.001   0.104 1537563000
21.04   4.60   49.600
21.04   4.00    0.216    0.106
21.04   4.00    0.321   49.600
21.04   4.00    0.299    0.337   0.321   0.315
21.04   4.00    0.299    0.337   0.321   0.315

21.05   0.00    0.313    0.313   0.031   0.067   0.001   0.005   0.100   0.004   0.000   0.001   0.104 1538294000
21.05   4.60   49.594
21.05   4.00    0.216    0.105
21.05   4.00    0.321   49.594
21.05   4.00    0.299    0.337   0.321   0.315
21.05   4.00    0.299    0.337   0.321   0.315

21.06   0.00    0.313    0.313   0.031   0.067   0.001   0.005   0.100   0.004   0.000   0.001   0.104 1539025000
21.06   4.60   49.589
21.06   4.00    0.216    0.105
21.06   4.00    0.321   49.589
21.06   4.00    0.298    0.337   0.321   0.315
21.06   4.00    0.298    0.337   0.321   0.315

21.07   0.00    0.313    0.313   0.031   0.067   0.001   0.005   0.100   0.004   0.000   0.001   0.104 1539756000
21.07   4.60   49.583
21.07   4.00    0.216    0.105
21.07   4.00    0.321   49.583
21.07   4.00    0.298    0.337   0.321   0.315
21.07   4.00    0.298    0.337   0.321   0.315

21.08   0.00    0.313    0.313   0.031   0.067   0.001   0.005   0.100   0.004   0.000   0.001   0.104 1540487000
21.08   4.60   49.578
21.08   4.00    0.216    0.105
21.08   4.00    0.321   49.578
21.08   4.00    0.298    0.337   0.321   0.315
21.08   4.00    0.298    0.337   0.321   0.315

21.09   0.00    0.313    0.313   0.031   0.067   0.001   0.005   0.100   0.004   0.000   0.001   0.104 1541217000
21.09   4.60   49.572
21.09   4.00    0.216    0.105
21.09   4.00    0.321   49.572
21.09   4.00    0.298    0.337   0.321   0.315
21.09   4.00    0.298    0.337   0.321   0.315

21.10   0.00    0.313    0.313   0.031   0.067   0.001   0.005   0.100   0.004   0.000   0.001   0.104 1541948000
21.10   4.60   49.567
21.10   4.00    0.216    0.105
21.10   4.00    0.321   49.567
21.10   4.00    0.298    0.337   0.321   0.315
21.10   4.00    0.298    0.337   0.321   0.315

21.11   0.00    0.313    0.313   0.031   0.067   0.001   0.005   0.100   0.004   0.000   0.001   0.104 1542679000
21.11   4.60   49.561
21.11   4.00    0.216    0.105
21.11   4.00    0.321   49.561
21.11   4.00    0.298    0.337   0.321   0.315
21.11   4.00    0.298    0.337   0.321   0.315

21.12   0.00    0.313    0.313   0.031   0.067   0.001   0.005   0.100   0.004   0.000   0.001   0.104 1543410000
21.12   4.60   49.556
21.12   4.00    0.215    0.105
21.12   4.00    0.321   49.556
21.12   4.00    0.298    0.336   0.321   0.315
21.12   4.00    0.298    0.336   0.321   0.315

21.13   0.00    0.313    0.313   0.031   0.067   0.001   0.005   0.100   0.004   0.000   0.001   0.104 1544140000
21.13   4.60   49.550
21.13   4.00    0.215    0.105
21.13   4.00    0.321   49.550
21.13   4.00    0.298    0.336   0.321   0.315
21.13   4.00    0.298    0.336   0.321   0.315

21.14   0.00    0.313    0.313   0.031   0.067   0.001   0.005   0.100   0.004   0.000   0.001   0.104 1544871000
21.14   4.60   49.545
21.14   4.00    0.215    0.105
21.14   4.00    0.321   49.545
21.14   4.00    0.298    0.336   0.321   0.315
21.14   4.00    0.298    0.336   0.321   0.315

21.15   0.00    0.313    0.313   0.031   0.067   0.001   0.005   0.100   0.004   0.000   0.001   0.104 1545602000
21.15   4.59   49.539
21.15   4.00    0.215    0.105
21.15   4.00    0.321   49.539
21.15   4.00    0.298    0.336   0.321   0.315
21.15   4.00    0.298    0.336   0.321   0.315

21.16   0.00    0.313    0.313   0.031   0.067   0.001   0.005   0.100   0.004   0.000   0.001   0.104 1546333000
21.16   4.59   49.534
21.16   4.00    0.215    0.105
21.16   4.00    0.321   49.534
21.16   4.00    0.298    0.336   0.321   0.315
21.16   4.00    0.298    0.336   0.321   0.315

21.17   0.00    0.313    0.313   0.031   0.067   0.001   0.005   0.100   0.004   0.000   0.001   0.104 1547064000
21.17   4.59   49.528
21.17   4.00    0.215    0.105
21.17   4.00    0.321   49.528
21.17   4.00    0.298    0.336   0.321   0.315
21.17   4.00    0.298    0.336   0.321   0.315

21.18   0.00    0.313    0.313   0.031   0.067   0.001   0.005   0.100   0.004   0.000   0.001   0.104 1547794000
21.18   4.59   49.523
21.18   4.00    0.215    0.105
21.18   4.00    0.321   49.523
21.18   4.00    0.298    0.336   0.321   0.315
21.18   4.00    0.298    0.336   0.321   0.315

21.19   0.00    0.313    0.313   0.031   0.067   0.001   0.005   0.100   0.004   0.000   0.001   0.104 1548525000
21.19   4.59   49.517
21.19   4.00    0.215    0.105
21.19   4.00    0.321   49.517
21.19   4.00    0.298    0.336   0.321   0.315
21.19   4.00    0.298    0.336   0.321   0.315

21.20   0.00    0.313    0.313   0.031   0.067   0.001   0.005   0.100   0.004   0.000   0.001   0.104 1549256000
21.20   4.59   49.512
21.20   4.00    0.215    0.105
21.20   4.00    0.320   49.512
21.20   4.00    0.298    0.336   0.320   0.315
21.20   4.00    0.298    0.336   0.320   0.315

21.21   0.00    0.313    0.313   0.031   0.067   0.001   0.005   0.100   0.004   0.000   0.001   0.104 1549987000
21.21   4.59   49.507
21.21   4.00    0.215    0.105
21.21   4.00    0.320   49.507
21.21   4.00    0.298    0.336   0.320   0.315
21.21   4.00    0.298    0.336   0.320   0.315

21.22   0.00    0.313    0.313   0.031   0.067   0.001   0.005   0.100   0.004   0.000   0.001   0.104 1550717000
21.22   4.59   49.501
21.22   4.00    0.215    0.105
21.22   4.00    0.320   49.501
21.22   4.00    0.298    0.336   0.320   0.315
21.22   4.00    0.298    0.336   0.320   0.315

21.23   0.00    0.313    0.313   0.031   0.067   0.001   0.005   0.100   0.004   0.000   0.001   0.104 1551448000
21.23   4.59   49.496
21.23   4.00    0.215    0.105
21.23   4.00    0.320   49.496
21.23   4.00    0.298    0.336   0.320   0.315
21.23   4.00    0.298    0.336   0.320   0.315

21.24   0.00    0.313    0.313   0.031   0.067   0.001   0.005   0.100   0.004   0.000   0.001   0.104 1552179000
21.24   4.59   49.490
21.24   4.00    0.215    0.105
21.24   4.00    0.320   49.490
21.24   4.00    0.298    0.336   0.320   0.315
21.24   4.00    0.298    0.336   0.320   0.315

21.25   0.00    0.313    0.313   0.031   0.067   0.001   0.005   0.100   0.004   0.000   0.001   0.104 1552910000
21.25   4.59   49.485
21.25   4.00    0.215    0.105
21.25   4.00    0.320   49.485
21.25   4.00    0.297    0.336   0.320   0.315
21.25   4.00    0.297    0.336   0.320   0.315

21.26   0.00    0.313    0.313   0.031   0.067   0.001   0.005   0.100   0.004   0.000   0.001   0.104 1553641000
21.26   4.59   49.479
21.26   4.00    0.215    0.105
21.26   4.00    0.320   49.479
21.26   4.00    0.297    0.336   0.320   0.315
21.26   4.00    0.297    0.336   0.320   0.315

21.27   0.00    0.313    0.313   0.031   0.067   0.001   0.005   0.100   0.004   0.000   0.001   0.104 1554371000
21.27   4.59   49.474
21.27   4.00    0.215    0.105
21.27   4.00    0.320   49.474
21.27   4.00    0.297    0.336   0.320   0.315
21.27   4.00    0.297    0.336   0.320   0.315

21.28   0.00    0.313    0.313   0.031   0.067   0.001   0.005   0.100   0.004   0.000   0.001   0.104 1555102000
21.28   4.58   49.468
21.28   4.00    0.215    0.105
21.28   4.00    0.320   49.468
21.28   4.00    0.297    0.336   0.320   0.315
21.28   4.00    0.297    0.336   0.320   0.315

21.29   0.00    0.313    0.313   0.031   0.067   0.001   0.005   0.100   0.004   0.000   0.001   0.104 1555833000
21.29   4.58   49.463
21.29   4.00    0.215    0.105
21.29   4.00    0.320   49.463
21.29   4.00    0.297    0.336   0.320   0.315
21.29   4.00    0.297    0.336   0.320   0.315

21.30   0.00    0.313    0.313   0.031   0.067   0.001   0.005   0.100   0.004   0.000   0.001   0.104 1556564000
21.30   4.58   49.458
21.30   4.00    0.215    0.105
21.30   4.00    0.320   49.458
21.30   4.00    0.297    0.336   0.320   0.315
21.30   4.00    0.297    0.336   0.320   0.315

21.31   0.00    0.313    0.313   0.031   0.067   0.001   0.005   0.100   0.004   0.000   0.001   0.104 1557294000
21.31   4.58   49.452
21.31   4.00    0.215    0.105
21.31   4.00    0.320   49.452
21.31   4.00    0.297    0.336   0.320   0.315
21.31   4.00    0.297    0.336   0.320   0.315

21.32   0.00    0.313    0.313   0.031   0.067   0.001   0.005   0.100   0.004   0.000   0.001   0.104 1558025000
21.32   4.58   49.447
21.32   4.00    0.215    0.105
21.32   4.00    0.320   49.447
21.32   4.00    0.297    0.336   0.320   0.315
21.32   4.00    0.297    0.336   0.320   0.315

21.33   0.00    0.313    0.313   0.031   0.067   0.001   0.005   0.100   0.004   0.000   0.001   0.104 1558756000
21.33   4.58   49.441
21.33   4.00    0.215    0.105
21.33   4.00    0.320   49.441
21.33   4.00    0.297    0.336   0.320   0.315
21.33   4.00    0.297    0.336   0.320   0.315

21.34   0.00    0.313    0.313   0.031   0.067   0.001   0.005   0.100   0.004   0.000   0.001   0.104 1559487000
21.34   4.58   49.436
21.34   4.00    0.215    0.105
21.34   4.00    0.320   49.436
21.34   4.00    0.297    0.336   0.320   0.315
21.34   4.00    0.297    0.336   0.320   0.315

21.35   0.00    0.313    0.313   0.031   0.067   0.001   0.005   0.100   0.004   0.000   0.001   0.104 1560218000
21.35   4.58   49.430
21.35   4.00    0.214    0.105
21.35   4.00    0.320   49.430
21.35   4.00    0.297    0.336   0.320   0.315
21.35   4.00    0.297    0.336   0.320   0.315

21.36   0.00    0.313    0.313   0.031   0.067   0.001   0.005   0.100   0.004   0.000   0.001   0.104 1560948000
21.36   4.58   49.425
21.36   4.00    0.214    0.105
21.36   4.00    0.320   49.425
21.36   4.00    0.297    0.336   0.320   0.315
21.36   4.00    0.297    0.336   0.320   0.315

21.37   0.00    0.313    0.313   0.031   0.067   0.001   0.005   0.100   0.004   0.000   0.001   0.104 1561679000
21.37   4.58   49.420
21.37   4.00    0.214    0.105
21.37   4.00    0.320   49.420
21.37   4.00    0.297    0.336   0.320   0.315
21.37   4.00    0.297    0.336   0.320   0.315

21.38   0.00    0.313    0.313   0.031   0.067   0.001   0.005   0.100   0.004   0.000   0.001   0.104 1562410000
21.38   4.58   49.414
21.38   4.00    0.214    0.105
21.38   4.00    0.320   49.414
21.38   4.00    0.297    0.336   0.320   0.315
21.38   4.00    0.297    0.336   0.320   0.315

21.39   0.00    0.313    0.313   0.031   0.067   0.001   0.005   0.100   0.004   0.000   0.001   0.104 1563141000
21.39   4.58   49.409
21.39   4.00    0.214    0.105
21.39   4.00    0.319   49.409
21.39   4.00    0.297    0.336   0.319   0.315
21.39   4.00    0.297    0.336   0.319   0.315

21.40   0.00    0.313    0.313   0.031   0.067   0.001   0.005   0.100   0.004   0.000   0.001   0.104 1563871000
21.40   4.58   49.403
21.40   4.00    0.214    0.105
21.40   4.00    0.319   49.403
21.40   4.00    0.297    0.336   0.319   0.315
21.40   4.00    0.297    0.336   0.319   0.315

21.41   0.00    0.313    0.313   0.031   0.067   0.001   0.005   0.100   0.004   0.000   0.001   0.104 1564602000
21.41   4.57   49.398
21.41   4.00    0.214    0.105
21.41   4.00    0.319   49.398
21.41   4.00    0.297    0.336   0.319   0.315
21.41   4.00    0.297    0.336   0.319   0.315

21.42   0.00    0.313    0.313   0.031   0.067   0.001   0.005   0.100   0.004   0.000   0.001   0.104 1565333000
21.42   4.57   49.393
21.42   4.00    0.214    0.105
21.42   4.00    0.319   49.393
21.42   4.00    0.297    0.336   0.319   0.315
21.42   4.00    0.297    0.336   0.319   0.315

21.43   0.00    0.313    0.313   0.031   0.067   0.001   0.005   0.100   0.004   0.000   0.001   0.104 1566064000
21.43   4.57   49.387
21.43   4.00    0.214    0.105
21.43   4.00    0.319   49.387
21.43   4.00    0.297    0.336   0.319   0.315
21.43   4.00    0.297    0.336   0.319   0.315

21.44   0.00    0.313    0.313   0.031   0.067   0.001   0.005   0.100   0.004   0.000   0.001   0.104 1566795000
21.44   4.57   49.382
21.44   4.00    0.214    0.105
21.44   4.00    0.319   49.382
21.44   4.00    0.296    0.336   0.319   0.315
21.44   4.00    0.296    0.336   0.319   0.315

21.45   0.00    0.313    0.313   0.031   0.067   0.001   0.005   0.100   0.004   0.000   0.001   0.104 1567526000
21.45   4.57   49.376
21.45   4.00    0.214    0.105
21.45   4.00    0.319   49.376
21.45   4.00    0.296    0.336   0.319   0.315
21.45   4.00    0.296    0.336   0.319   0.315

21.46   0.00    0.313    0.313   0.031   0.067   0.001   0.005   0.100   0.004   0.000   0.001   0.104 1568256000
21.46   4.57   49.371
21.46   4.00    0.214    0.105
21.46   4.00    0.319   49.371
21.46   4.00    0.296    0.336   0.319   0.315
21.46   4.00    0.296    0.336   0.319   0.315

21.47   0.00    0.313    0.313   0.031   0.067   0.001   0.005   0.100   0.004   0.000   0.001   0.104 1568987000
21.47   4.57   49.366
21.47   4.00    0.214    0.105
21.47   4.00    0.319   49.366
21.47   4.00    0.296    0.336   0.319   0.315
21.47   4.00    0.296    0.336   0.319   0.315

21.48   0.00    0.313    0.313   0.031   0.067   0.001   0.005   0.100   0.004   0.000   0.001   0.104 1569718000
21.48   4.57   49.360
21.48   4.00    0.214    0.105
21.48   4.00    0.319   49.360
21.48   4.00    0.296    0.336   0.319   0.315
21.48   4.00    0.296    0.336   0.319   0.315

21.49   0.00    0.313    0.313   0.031   0.067   0.001   0.005   0.100   0.004   0.000   0.001   0.104 1570449000
21.49   4.57   49.355
21.49   4.00    0.214    0.105
21.49   4.00    0.319   49.355
21.49   4.00    0.296    0.336   0.319   0.315
21.49   4.00    0.296    0.336   0.319   0.315

21.50   0.00    0.313    0.313   0.031   0.067   0.001   0.005   0.100   0.004   0.000   0.001   0.104 1571179000
21.50   4.57   49.349
21.50   4.00    0.214    0.105
21.50   4.00    0.319   49.349
21.50   4.00    0.296    0.336   0.319   0.315
21.50   4.00    0.296    0.336   0.319   0.315

21.51   0.00    0.313    0.313   0.031   0.067   0.001   0.005   0.100   0.004   0.000   0.001   0.104 1571910000
21.51   4.57   49.344
21.51   4.00    0.214    0.105
21.51   4.00    0.319   49.344
21.51   4.00    0.296    0.336   0.319   0.315
21.51   4.00    0.296    0.336   0.319   0.315

21.52   0.00    0.313    0.313   0.031   0.067   0.001   0.005   0.100   0.004   0.000   0.001   0.104 1572641000
21.52   4.57   49.339
21.52   4.00    0.214    0.105
21.52   4.00    0.319   49.339
21.52   4.00    0.296    0.336   0.319   0.315
21.52   4.00    0.296    0.336   0.319   0.315

21.53   0.00    0.313    0.313   0.031   0.067   0.001   0.005   0.100   0.004   0.000   0.001   0.104 1573372000
21.53   4.57   49.333
21.53   4.00    0.214    0.105
21.53   4.00    0.319   49.333
21.53   4.00    0.296    0.336   0.319   0.315
21.53   4.00    0.296    0.336   0.319   0.315

21.54   0.00    0.313    0.313   0.031   0.067   0.001   0.005   0.100   0.004   0.000   0.001   0.104 1574103000
21.54   4.57   49.328
21.54   4.00    0.214    0.105
21.54   4.00    0.319   49.328
21.54   4.00    0.296    0.336   0.319   0.315
21.54   4.00    0.296    0.336   0.319   0.315

21.55   0.00    0.313    0.313   0.031   0.067   0.001   0.005   0.100   0.004   0.000   0.001   0.104 1574833000
21.55   4.56   49.323
21.55   4.00    0.214    0.105
21.55   4.00    0.319   49.323
21.55   4.00    0.296    0.336   0.319   0.315
21.55   4.00    0.296    0.336   0.319   0.315

21.56   0.00    0.313    0.313   0.031   0.067   0.001   0.005   0.100   0.004   0.000   0.001   0.104 1575564000
21.56   4.56   49.317
21.56   4.00    0.214    0.105
21.56   4.00    0.319   49.317
21.56   4.00    0.296    0.336   0.319   0.315
21.56   4.00    0.296    0.336   0.319   0.315

21.57   0.00    0.313    0.313   0.031   0.067   0.001   0.005   0.100   0.004   0.000   0.001   0.104 1576295000
21.57   4.56   49.312
21.57   4.00    0.214    0.105
21.57   4.00    0.319   49.312
21.57   4.00    0.296    0.336   0.319   0.315
21.57   4.00    0.296    0.336   0.319   0.315

21.58   0.00    0.313    0.313   0.031   0.067   0.001   0.005   0.100   0.004   0.000   0.001   0.104 1577026000
21.58   4.56   49.306
21.58   4.00    0.214    0.105
21.58   4.00    0.318   49.306
21.58   4.00    0.296    0.336   0.318   0.315
21.58   4.00    0.296    0.336   0.318   0.315

21.59   0.00    0.313    0.313   0.031   0.067   0.001   0.005   0.100   0.004   0.000   0.001   0.104 1577756000
21.59   4.56   49.301
21.59   4.00    0.213    0.105
21.59   4.00    0.318   49.301
21.59   4.00    0.296    0.336   0.318   0.315
21.59   4.00    0.296    0.336   0.318   0.315

21.60   0.00    0.313    0.313   0.031   0.067   0.001   0.005   0.100   0.004   0.000   0.001   0.104 1578487000
21.60   4.56   49.296
21.60   4.00    0.213    0.105
21.60   4.00    0.318   49.296
21.60   4.00    0.296    0.336   0.318   0.315
21.60   4.00    0.296    0.336   0.318   0.315

21.61   0.00    0.313    0.313   0.031   0.067   0.001   0.005   0.100   0.004   0.000   0.001   0.104 1579218000
21.61   4.56   49.290
21.61   4.00    0.213    0.105
21.61   4.00    0.318   49.290
21.61   4.00    0.296    0.336   0.318   0.315
21.61   4.00    0.296    0.336   0.318   0.315

21.62   0.00    0.313    0.313   0.031   0.067   0.001   0.005   0.100   0.004   0.000   0.001   0.104 1579949000
21.62   4.56   49.285
21.62   4.00    0.213    0.105
21.62   4.00    0.318   49.285
21.62   4.00    0.296    0.336   0.318   0.315
21.62   4.00    0.296    0.336   0.318   0.315

21.63   0.00    0.313    0.313   0.031   0.067   0.001   0.005   0.100   0.004   0.000   0.001   0.104 1580679000
21.63   4.56   49.280
21.63   4.00    0.213    0.105
21.63   4.00    0.318   49.280
21.63   4.00    0.296    0.336   0.318   0.315
21.63   4.00    0.296    0.336   0.318   0.315

21.64   0.00    0.313    0.313   0.031   0.067   0.001   0.005   0.100   0.004   0.000   0.001   0.104 1581410000
21.64   4.56   49.274
21.64   4.00    0.213    0.105
21.64   4.00    0.318   49.274
21.64   4.00    0.295    0.336   0.318   0.315
21.64   4.00    0.295    0.336   0.318   0.315

21.65   0.00    0.313    0.313   0.031   0.067   0.001   0.005   0.100   0.004   0.000   0.001   0.104 1582141000
21.65   4.56   49.269
21.65   4.00    0.213    0.105
21.65   4.00    0.318   49.269
21.65   4.00    0.295    0.336   0.318   0.315
21.65   4.00    0.295    0.336   0.318   0.315

21.66   0.00    0.313    0.313   0.031   0.067   0.001   0.005   0.100   0.004   0.000   0.001   0.104 1582872000
21.66   4.56   49.264
21.66   4.00    0.213    0.105
21.66   4.00    0.318   49.264
21.66   4.00    0.295    0.336   0.318   0.315
21.66   4.00    0.295    0.336   0.318   0.315

21.67   0.00    0.313    0.313   0.031   0.067   0.001   0.005   0.100   0.004   0.000   0.001   0.104 1583603000
21.67   4.56   49.258
21.67   4.00    0.213    0.105
21.67   4.00    0.318   49.258
21.67   4.00    0.295    0.336   0.318   0.315
21.67   4.00    0.295    0.336   0.318   0.315

21.68   0.00    0.313    0.313   0.031   0.067   0.001   0.005   0.100   0.004   0.000   0.001   0.104 1584333000
21.68   4.55   49.253
21.68   4.00    0.213    0.105
21.68   4.00    0.318   49.253
21.68   4.00    0.295    0.336   0.318   0.315
21.68   4.00    0.295    0.336   0.318   0.315

21.69   0.00    0.313    0.313   0.031   0.067   0.001   0.005   0.100   0.004   0.000   0.001   0.104 1585064000
21.69   4.55   49.248
21.69   4.00    0.213    0.105
21.69   4.00    0.318   49.248
21.69   4.00    0.295    0.336   0.318   0.315
21.69   4.00    0.295    0.336   0.318   0.315

21.70   0.00    0.313    0.313   0.031   0.067   0.001   0.005   0.100   0.004   0.000   0.001   0.104 1585795000
21.70   4.55   49.242
21.70   4.00    0.213    0.105
21.70   4.00    0.318   49.242
21.70   4.00    0.295    0.336   0.318   0.315
21.70   4.00    0.295    0.336   0.318   0.315

21.71   0.00    0.313    0.313   0.031   0.067   0.001   0.005   0.100   0.004   0.000   0.001   0.104 1586526000
21.71   4.55   49.237
21.71   4.00    0.213    0.105
21.71   4.00    0.318   49.237
21.71   4.00    0.295    0.336   0.318   0.315
21.71   4.00    0.295    0.336   0.318   0.315

21.72   0.00    0.313    0.313   0.031   0.067   0.001   0.005   0.100   0.004   0.000   0.001   0.104 1587256000
21.72   4.55   49.232
21.72   4.00    0.213    0.105
21.72   4.00    0.318   49.232
21.72   4.00    0.295    0.336   0.318   0.315
21.72   4.00    0.295    0.336   0.318   0.315

21.73   0.00    0.313    0.313   0.031   0.067   0.001   0.005   0.100   0.004   0.000   0.001   0.104 1587987000
21.73   4.55   49.226
21.73   4.00    0.213    0.105
21.73   4.00    0.318   49.226
21.73   4.00    0.295    0.336   0.318   0.315
21.73   4.00    0.295    0.336   0.318   0.315

21.74   0.00    0.313    0.313   0.031   0.067   0.001   0.005   0.100   0.004   0.000   0.001   0.104 1588718000
21.74   4.55   49.221
21.74   4.00    0.213    0.105
21.74   4.00    0.318   49.221
21.74   4.00    0.295    0.336   0.318   0.315
21.74   4.00    0.295    0.336   0.318   0.315

21.75   0.00    0.313    0.313   0.031   0.067   0.001   0.005   0.100   0.004   0.000   0.001   0.104 1589449000
21.75   4.55   49.216
21.75   4.00    0.213    0.105
21.75   4.00    0.318   49.216
21.75   4.00    0.295    0.336   0.318   0.315
21.75   4.00    0.295    0.336   0.318   0.315

21.76   0.00    0.313    0.313   0.031   0.067   0.001   0.005   0.100   0.004   0.000   0.001   0.104 1590180000
21.76   4.55   49.210
21.76   4.00    0.213    0.105
21.76   4.00    0.318   49.210
21.76   4.00    0.295    0.336   0.318   0.315
21.76   4.00    0.295    0.336   0.318   0.315

21.77   0.00    0.313    0.313   0.031   0.067   0.001   0.005   0.100   0.004   0.000   0.001   0.104 1590910000
21.77   4.55   49.205
21.77   4.00    0.213    0.105
21.77   4.00    0.318   49.205
21.77   4.00    0.295    0.336   0.318   0.315
21.77   4.00    0.295    0.336   0.318   0.315

21.78   0.00    0.313    0.313   0.031   0.067   0.001   0.005   0.100   0.004   0.000   0.001   0.104 1591641000
21.78   4.55   49.200
21.78   4.00    0.213    0.105
21.78   4.00    0.317   49.200
21.78   4.00    0.295    0.336   0.317   0.315
21.78   4.00    0.295    0.336   0.317   0.315

21.79   0.00    0.313    0.313   0.031   0.067   0.001   0.005   0.100   0.004   0.000   0.001   0.104 1592372000
21.79   4.55   49.195
21.79   4.00    0.213    0.105
21.79   4.00    0.317   49.195
21.79   4.00    0.295    0.336   0.317   0.315
21.79   4.00    0.295    0.336   0.317   0.315

21.80   0.00    0.313    0.313   0.031   0.067   0.001   0.005   0.100   0.004   0.000   0.001   0.104 1593103000
21.80   4.55   49.189
21.80   4.00    0.213    0.105
21.80   4.00    0.317   49.189
21.80   4.00    0.295    0.336   0.317   0.315
21.80   4.00    0.295    0.336   0.317   0.315

21.81   0.00    0.313    0.313   0.031   0.067   0.001   0.005   0.100   0.004   0.000   0.001   0.104 1593833000
21.81   4.55   49.184
21.81   4.00    0.213    0.105
21.81   4.00    0.317   49.184
21.81   4.00    0.295    0.336   0.317   0.315
21.81   4.00    0.295    0.336   0.317   0.315

21.82   0.00    0.313    0.313   0.031   0.067   0.001   0.005   0.100   0.004   0.000   0.001   0.104 1594564000
21.82   4.54   49.179
21.82   4.00    0.213    0.105
21.82   4.00    0.317   49.179
21.82   4.00    0.295    0.336   0.317   0.315
21.82   4.00    0.295    0.336   0.317   0.315

21.83   0.00    0.313    0.313   0.031   0.067   0.001   0.005   0.100   0.004   0.000   0.001   0.104 1595295000
21.83   4.54   49.173
21.83   4.00    0.213    0.105
21.83   4.00    0.317   49.173
21.83   4.00    0.294    0.336   0.317   0.315
21.83   4.00    0.294    0.336   0.317   0.315

21.84   0.00    0.313    0.313   0.031   0.067   0.001   0.005   0.100   0.004   0.000   0.001   0.104 1596026000
21.84   4.54   49.168
21.84   4.00    0.212    0.105
21.84   4.00    0.317   49.168
21.84   4.00    0.294    0.336   0.317   0.315
21.84   4.00    0.294    0.336   0.317   0.315

21.85   0.00    0.313    0.313   0.031   0.067   0.001   0.005   0.100   0.004   0.000   0.001   0.104 1596757000
21.85   4.54   49.163
21.85   4.00    0.212    0.105
21.85   4.00    0.317   49.163
21.85   4.00    0.294    0.336   0.317   0.315
21.85   4.00    0.294    0.336   0.317   0.315

21.86   0.00    0.313    0.313   0.031   0.067   0.001   0.005   0.100   0.004   0.000   0.001   0.104 1597487000
21.86   4.54   49.157
21.86   4.00    0.212    0.105
21.86   4.00    0.317   49.157
21.86   4.00    0.294    0.336   0.317   0.315
21.86   4.00    0.294    0.336   0.317   0.315

21.87   0.00    0.313    0.313   0.031   0.067   0.001   0.005   0.100   0.004   0.000   0.001   0.104 1598218000
21.87   4.54   49.152
21.87   4.00    0.212    0.105
21.87   4.00    0.317   49.152
21.87   4.00    0.294    0.336   0.317   0.315
21.87   4.00    0.294    0.336   0.317   0.315

21.88   0.00    0.313    0.313   0.031   0.067   0.001   0.005   0.100   0.004   0.000   0.001   0.104 1598949000
21.88   4.54   49.147
21.88   4.00    0.212    0.105
21.88   4.00    0.317   49.147
21.88   4.00    0.294    0.336   0.317   0.315
21.88   4.00    0.294    0.336   0.317   0.315

21.89   0.00    0.313    0.313   0.031   0.067   0.001   0.005   0.100   0.004   0.000   0.001   0.104 1599680000
21.89   4.54   49.142
21.89   4.00    0.212    0.105
21.89   4.00    0.317   49.142
21.89   4.00    0.294    0.336   0.317   0.315
21.89   4.00    0.294    0.336   0.317   0.315

21.90   0.00    0.313    0.313   0.031   0.067   0.001   0.005   0.100   0.004   0.000   0.001   0.104 1600410000
21.90   4.54   49.136
21.90   4.00    0.212    0.105
21.90   4.00    0.317   49.136
21.90   4.00    0.294    0.336   0.317   0.315
21.90   4.00    0.294    0.336   0.317   0.315

21.91   0.00    0.313    0.313   0.031   0.067   0.001   0.005   0.100   0.004   0.000   0.001   0.104 1601141000
21.91   4.54   49.131
21.91   4.00    0.212    0.105
21.91   4.00    0.317   49.131
21.91   4.00    0.294    0.336   0.317   0.315
21.91   4.00    0.294    0.336   0.317   0.315

21.92   0.00    0.313    0.313   0.031   0.067   0.001   0.005   0.100   0.004   0.000   0.001   0.104 1601872000
21.92   4.54   49.126
21.92   4.00    0.212    0.105
21.92   4.00    0.317   49.126
21.92   4.00    0.294    0.336   0.317   0.315
21.92   4.00    0.294    0.336   0.317   0.315

21.93   0.00    0.313    0.313   0.031   0.067   0.001   0.005   0.100   0.004   0.000   0.001   0.104 1602603000
21.93   4.54   49.121
21.93   4.00    0.212    0.105
21.93   4.00    0.317   49.121
21.93   4.00    0.294    0.336   0.317   0.315
21.93   4.00    0.294    0.336   0.317   0.315

21.94   0.00    0.313    0.313   0.031   0.067   0.001   0.005   0.100   0.004   0.000   0.001   0.104 1603334000
21.94   4.54   49.115
21.94   4.00    0.212    0.105
21.94   4.00    0.317   49.115
21.94   4.00    0.294    0.336   0.317   0.315
21.94   4.00    0.294    0.336   0.317   0.315

21.95   0.00    0.313    0.313   0.031   0.067   0.001   0.005   0.100   0.004   0.000   0.001   0.104 1604065000
21.95   4.54   49.110
21.95   4.00    0.212    0.105
21.95   4.00    0.317   49.110
21.95   4.00    0.294    0.336   0.317   0.315
21.95   4.00    0.294    0.336   0.317   0.315

21.96   0.00    0.313    0.313   0.031   0.067   0.001   0.005   0.100   0.004   0.000   0.001   0.104 1604795000
21.96   4.53   49.105
21.96   4.00    0.212    0.105
21.96   4.00    0.317   49.105
21.96   4.00    0.294    0.336   0.317   0.315
21.96   4.00    0.294    0.336   0.317   0.315

21.97   0.00    0.313    0.313   0.031   0.067   0.001   0.005   0.100   0.004   0.000   0.001   0.104 1605526000
21.97   4.53   49.100
21.97   4.00    0.212    0.105
21.97   4.00    0.317   49.100
21.97   4.00    0.294    0.336   0.317   0.315
21.97   4.00    0.294    0.336   0.317   0.315

21.98   0.00    0.313    0.313   0.031   0.067   0.001   0.005   0.100   0.004   0.000   0.001   0.104 1606257000
21.98   4.53   49.094
21.98   4.00    0.212    0.105
21.98   4.00    0.316   49.094
21.98   4.00    0.294    0.336   0.316   0.315
21.98   4.00    0.294    0.336   0.316   0.315

21.99   0.00    0.313    0.313   0.031   0.067   0.001   0.005   0.100   0.004   0.000   0.001   0.104 1606988000
21.99   4.53   49.089
21.99   4.00    0.212    0.105
21.99   4.00    0.316   49.089
21.99   4.00    0.294    0.336   0.316   0.315
21.99   4.00    0.294    0.336   0.316   0.315

22.00   0.00    0.313    0.313   0.031   0.067   0.001   0.005   0.100   0.004   0.000   0.001   0.104 1607718000
22.00   4.53   49.084
22.00   4.00    0.212    0.105
22.00   4.00    0.316   49.084
22.00   4.00    0.294    0.336   0.316   0.315
22.00   4.00    0.294    0.336   0.316   0.315

22.01   0.00    0.313    0.313   0.031   0.067   0.001   0.005   0.100   0.004   0.000   0.001   0.104 1608449000
22.01   4.53   49.078
22.01   4.00    0.212    0.105
22.01   4.00    0.316   49.078
22.01   4.00    0.294    0.336   0.316   0.315
22.01   4.00    0.294    0.336   0.316   0.315

22.02   0.00    0.313    0.313   0.031   0.067   0.001   0.005   0.100   0.004   0.000   0.001   0.104 1609180000
22.02   4.53   49.073
22.02   4.00    0.212    0.105
22.02   4.00    0.316   49.073
22.02   4.00    0.294    0.336   0.316   0.315
22.02   4.00    0.294    0.336   0.316   0.315

22.03   0.00    0.313    0.313   0.031   0.067   0.001   0.005   0.100   0.004   0.000   0.001   0.104 1609911000
22.03   4.53   49.068
22.03   4.00    0.212    0.104
22.03   4.00    0.316   49.068
22.03   4.00    0.293    0.336   0.316   0.315
22.03   4.00    0.293    0.336   0.316   0.315

22.04   0.00    0.313    0.313   0.031   0.067   0.001   0.005   0.100   0.004   0.000   0.001   0.104 1610642000
22.04   4.53   49.063
22.04   4.00    0.212    0.104
22.04   4.00    0.316   49.063
22.04   4.00    0.293    0.336   0.316   0.315
22.04   4.00    0.293    0.336   0.316   0.315

22.05   0.00    0.313    0.313   0.031   0.067   0.001   0.005   0.100   0.004   0.000   0.001   0.104 1611372000
22.05   4.53   49.058
22.05   4.00    0.212    0.104
22.05   4.00    0.316   49.058
22.05   4.00    0.293    0.336   0.316   0.315
22.05   4.00    0.293    0.336   0.316   0.315

22.06   0.00    0.313    0.313   0.031   0.067   0.001   0.005   0.100   0.004   0.000   0.001   0.104 1612103000
22.06   4.53   49.052
22.06   4.00    0.212    0.104
22.06   4.00    0.316   49.052
22.06   4.00    0.293    0.336   0.316   0.315
22.06   4.00    0.293    0.336   0.316   0.315

22.07   0.00    0.313    0.313   0.031   0.067   0.001   0.005   0.100   0.004   0.000   0.001   0.104 1612834000
22.07   4.53   49.047
22.07   4.00    0.212    0.104
22.07   4.00    0.316   49.047
22.07   4.00    0.293    0.336   0.316   0.315
22.07   4.00    0.293    0.336   0.316   0.315

22.08   0.00    0.313    0.313   0.031   0.067   0.001   0.005   0.100   0.004   0.000   0.001   0.104 1613565000
22.08   4.53   49.042
22.08   4.00    0.212    0.104
22.08   4.00    0.316   49.042
22.08   4.00    0.293    0.336   0.316   0.315
22.08   4.00    0.293    0.336   0.316   0.315

22.09   0.00    0.313    0.313   0.031   0.067   0.001   0.005   0.100   0.004   0.000   0.001   0.104 1614295000
22.09   4.53   49.037
22.09   4.00    0.211    0.104
22.09   4.00    0.316   49.037
22.09   4.00    0.293    0.336   0.316   0.315
22.09   4.00    0.293    0.336   0.316   0.315

22.10   0.00    0.313    0.313   0.031   0.067   0.001   0.005   0.100   0.004   0.000   0.001   0.104 1615026000
22.10   4.52   49.031
22.10   4.00    0.211    0.104
22.10   4.00    0.316   49.031
22.10   4.00    0.293    0.336   0.316   0.315
22.10   4.00    0.293    0.336   0.316   0.315

22.11   0.00    0.313    0.313   0.031   0.067   0.001   0.005   0.100   0.004   0.000   0.001   0.104 1615757000
22.11   4.52   49.026
22.11   4.00    0.211    0.104
22.11   4.00    0.316   49.026
22.11   4.00    0.293    0.336   0.316   0.315
22.11   4.00    0.293    0.336   0.316   0.315

22.12   0.00    0.313    0.313   0.031   0.067   0.001   0.005   0.100   0.004   0.000   0.001   0.104 1616488000
22.12   4.52   49.021
22.12   4.00    0.211    0.104
22.12   4.00    0.316   49.021
22.12   4.00    0.293    0.336   0.316   0.315
22.12   4.00    0.293    0.336   0.316   0.315

22.13   0.00    0.313    0.313   0.031   0.067   0.001   0.005   0.100   0.004   0.000   0.001   0.104 1617218000
22.13   4.52   49.016
22.13   4.00    0.211    0.104
22.13   4.00    0.316   49.016
22.13   4.00    0.293    0.336   0.316   0.315
22.13   4.00    0.293    0.336   0.316   0.315

22.14   0.00    0.313    0.313   0.031   0.067   0.001   0.005   0.100   0.004   0.000   0.001   0.104 1617949000
22.14   4.52   49.010
22.14   4.00    0.211    0.104
22.14   4.00    0.316   49.010
22.14   4.00    0.293    0.336   0.316   0.315
22.14   4.00    0.293    0.336   0.316   0.315

22.15   0.00    0.313    0.313   0.031   0.067   0.001   0.005   0.100   0.004   0.000   0.001   0.104 1618680000
22.15   4.52   49.005
22.15   4.00    0.211    0.104
22.15   4.00    0.316   49.005
22.15   4.00    0.293    0.336   0.316   0.315
22.15   4.00    0.293    0.336   0.316   0.315

22.16   0.00    0.313    0.313   0.031   0.067   0.001   0.005   0.100   0.004   0.000   0.001   0.104 1619411000
22.16   4.52   49.000
22.16   4.00    0.211    0.104
22.16   4.00    0.316   49.000
22.16   4.00    0.293    0.336   0.316   0.315
22.16   4.00    0.293    0.336   0.316   0.315

22.17   0.00    0.313    0.313   0.031   0.067   0.001   0.005   0.100   0.004   0.000   0.001   0.104 1620142000
22.17   4.52   48.995
22.17   4.00    0.211    0.104
22.17   4.00    0.316   48.995
22.17   4.00    0.293    0.336   0.316   0.315
22.17   4.00    0.293    0.336   0.316   0.315

22.18   0.00    0.313    0.313   0.031   0.067   0.001   0.005   0.100   0.004   0.000   0.001   0.104 1620872000
22.18   4.52   48.990
22.18   4.00    0.211    0.104
22.18   4.00    0.315   48.990
22.18   4.00    0.293    0.336   0.315   0.315
22.18   4.00    0.293    0.336   0.315   0.315

22.19   0.00    0.313    0.313   0.031   0.067   0.001   0.005   0.100   0.004   0.000   0.001   0.104 1621603000
22.19   4.52   48.984
22.19   4.00    0.211    0.104
22.19   4.00    0.315   48.984
22.19   4.00    0.293    0.336   0.315   0.315
22.19   4.00    0.293    0.336   0.315   0.315

22.20   0.00    0.313    0.313   0.031   0.067   0.001   0.005   0.100   0.004   0.000   0.001   0.104 1622334000
22.20   4.52   48.979
22.20   4.00    0.211    0.104
22.20   4.00    0.315   48.979
22.20   4.00    0.293    0.336   0.315   0.315
22.20   4.00    0.293    0.336   0.315   0.315

22.21   0.00    0.313    0.313   0.031   0.067   0.001   0.005   0.100   0.004   0.000   0.001   0.104 1623065000
22.21   4.52   48.974
22.21   4.00    0.211    0.104
22.21   4.00    0.315   48.974
22.21   4.00    0.293    0.336   0.315   0.315
22.21   4.00    0.293    0.336   0.315   0.315

22.22   0.00    0.313    0.313   0.031   0.067   0.001   0.005   0.100   0.004   0.000   0.001   0.104 1623795000
22.22   4.52   48.969
22.22   4.00    0.211    0.104
22.22   4.00    0.315   48.969
22.22   4.00    0.293    0.336   0.315   0.315
22.22   4.00    0.293    0.336   0.315   0.315

22.23   0.00    0.313    0.313   0.031   0.067   0.001   0.005   0.100   0.004   0.000   0.001   0.104 1624526000
22.23   4.52   48.964
22.23   4.00    0.211    0.104
22.23   4.00    0.315   48.964
22.23   4.00    0.292    0.336   0.315   0.315
22.23   4.00    0.292    0.336   0.315   0.315

22.24   0.00    0.313    0.313   0.031   0.067   0.001   0.005   0.100   0.004   0.000   0.001   0.104 1625257000
22.24   4.51   48.958
22.24   4.00    0.211    0.104
22.24   4.00    0.315   48.958
22.24   4.00    0.292    0.336   0.315   0.315
22.24   4.00    0.292    0.336   0.315   0.315

22.25   0.00    0.313    0.313   0.031   0.067   0.001   0.005   0.100   0.004   0.000   0.001   0.104 1625988000
22.25   4.51   48.953
22.25   4.00    0.211    0.104
22.25   4.00    0.315   48.953
22.25   4.00    0.292    0.336   0.315   0.315
22.25   4.00    0.292    0.336   0.315   0.315

22.26   0.00    0.313    0.313   0.031   0.067   0.001   0.005   0.100   0.004   0.000   0.001   0.104 1626719000
22.26   4.51   48.948
22.26   4.00    0.211    0.104
22.26   4.00    0.315   48.948
22.26   4.00    0.292    0.336   0.315   0.315
22.26   4.00    0.292    0.336   0.315   0.315

22.27   0.00    0.313    0.313   0.031   0.067   0.001   0.005   0.100   0.004   0.000   0.001   0.104 1627449000
22.27   4.51   48.943
22.27   4.00    0.211    0.104
22.27   4.00    0.315   48.943
22.27   4.00    0.292    0.336   0.315   0.315
22.27   4.00    0.292    0.336   0.315   0.315

22.28   0.00    0.313    0.313   0.031   0.067   0.001   0.005   0.100   0.004   0.000   0.001   0.104 1628180000
22.28   4.51   48.938
22.28   4.00    0.211    0.104
22.28   4.00    0.315   48.938
22.28   4.00    0.292    0.336   0.315   0.315
22.28   4.00    0.292    0.336   0.315   0.315

22.29   0.00    0.313    0.313   0.031   0.067   0.001   0.005   0.100   0.004   0.000   0.001   0.104 1628911000
22.29   4.51   48.932
22.29   4.00    0.211    0.104
22.29   4.00    0.315   48.932
22.29   4.00    0.292    0.336   0.315   0.315
22.29   4.00    0.292    0.336   0.315   0.315

22.30   0.00    0.313    0.313   0.031   0.067   0.001   0.005   0.100   0.004   0.000   0.001   0.104 1629642000
22.30   4.51   48.927
22.30   4.00    0.211    0.104
22.30   4.00    0.315   48.927
22.30   4.00    0.292    0.336   0.315   0.315
22.30   4.00    0.292    0.336   0.315   0.315

22.31   0.00    0.313    0.313   0.031   0.067   0.001   0.005   0.100   0.004   0.000   0.001   0.104 1630372000
22.31   4.51   48.922
22.31   4.00    0.211    0.104
22.31   4.00    0.315   48.922
22.31   4.00    0.292    0.336   0.315   0.315
22.31   4.00    0.292    0.336   0.315   0.315

22.32   0.00    0.313    0.313   0.031   0.067   0.001   0.005   0.100   0.004   0.000   0.001   0.104 1631103000
22.32   4.51   48.917
22.32   4.00    0.211    0.104
22.32   4.00    0.315   48.917
22.32   4.00    0.292    0.336   0.315   0.315
22.32   4.00    0.292    0.336   0.315   0.315

22.33   0.00    0.313    0.313   0.031   0.067   0.001   0.005   0.100   0.004   0.000   0.001   0.104 1631834000
22.33   4.51   48.912
22.33   4.00    0.211    0.104
22.33   4.00    0.315   48.912
22.33   4.00    0.292    0.336   0.315   0.315
22.33   4.00    0.292    0.336   0.315   0.315

22.34   0.00    0.313    0.313   0.031   0.067   0.001   0.005   0.100   0.004   0.000   0.001   0.104 1632565000
22.34   4.51   48.907
22.34   4.00    0.211    0.104
22.34   4.00    0.315   48.907
22.34   4.00    0.292    0.336   0.315   0.315
22.34   4.00    0.292    0.336   0.315   0.315

22.35   0.00    0.313    0.313   0.031   0.067   0.001   0.005   0.100   0.004   0.000   0.001   0.104 1633296000
22.35   4.51   48.901
22.35   4.00    0.210    0.104
22.35   4.00    0.315   48.901
22.35   4.00    0.292    0.336   0.315   0.315
22.35   4.00    0.292    0.336   0.315   0.315

22.36   0.00    0.313    0.313   0.031   0.067   0.001   0.005   0.100   0.004   0.000   0.001   0.104 1634026000
22.36   4.51   48.896
22.36   4.00    0.210    0.104
22.36   4.00    0.315   48.896
22.36   4.00    0.292    0.336   0.315   0.315
22.36   4.00    0.292    0.336   0.315   0.315

22.37   0.00    0.313    0.313   0.031   0.067   0.001   0.005   0.100   0.004   0.000   0.001   0.104 1634757000
22.37   4.51   48.891
22.37   4.00    0.210    0.104
22.37   4.00    0.315   48.891
22.37   4.00    0.292    0.336   0.315   0.315
22.37   4.00    0.292    0.336   0.315   0.315

22.38   0.00    0.313    0.313   0.031   0.067   0.001   0.005   0.100   0.004   0.000   0.001   0.104 1635488000
22.38   4.50   48.886
22.38   4.00    0.210    0.104
22.38   4.00    0.314   48.886
22.38   4.00    0.292    0.336   0.314   0.315
22.38   4.00    0.292    0.336   0.314   0.315

22.39   0.00    0.313    0.313   0.031   0.067   0.001   0.005   0.100   0.004   0.000   0.001   0.104 1636219000
22.39   4.50   48.881
22.39   4.00    0.210    0.104
22.39   4.00    0.314   48.881
22.39   4.00    0.292    0.336   0.314   0.315
22.39   4.00    0.292    0.336   0.314   0.315

22.40   0.00    0.313    0.313   0.031   0.067   0.001   0.005   0.100   0.004   0.000   0.001   0.104 1636950000
22.40   4.50   48.875
22.40   4.00    0.210    0.104
22.40   4.00    0.314   48.876
22.40   4.00    0.292    0.336   0.314   0.315
22.40   4.00    0.292    0.336   0.314   0.315

22.41   0.00    0.313    0.313   0.031   0.067   0.001   0.005   0.100   0.004   0.000   0.001   0.104 1637680000
22.41   4.50   48.870
22.41   4.00    0.210    0.104
22.41   4.00    0.314   48.870
22.41   4.00    0.292    0.336   0.314   0.315
22.41   4.00    0.292    0.336   0.314   0.315

22.42   0.00    0.313    0.313   0.031   0.067   0.001   0.005   0.100   0.004   0.000   0.001   0.104 1638411000
22.42   4.50   48.865
22.42   4.00    0.210    0.104
22.42   4.00    0.314   48.865
22.42   4.00    0.292    0.336   0.314   0.315
22.42   4.00    0.292    0.336   0.314   0.315

22.43   0.00    0.313    0.313   0.031   0.067   0.001   0.005   0.100   0.004   0.000   0.001   0.104 1639142000
22.43   4.50   48.860
22.43   4.00    0.210    0.104
22.43   4.00    0.314   48.860
22.43   4.00    0.292    0.336   0.314   0.315
22.43   4.00    0.292    0.336   0.314   0.315

22.44   0.00    0.313    0.313   0.031   0.067   0.001   0.005   0.100   0.004   0.000   0.001   0.104 1639873000
22.44   4.50   48.855
22.44   4.00    0.210    0.104
22.44   4.00    0.314   48.855
22.44   4.00    0.291    0.336   0.314   0.315
22.44   4.00    0.291    0.336   0.314   0.315

22.45   0.00    0.313    0.313   0.031   0.067   0.001   0.005   0.100   0.004   0.000   0.001   0.104 1640604000
22.45   4.50   48.850
22.45   4.00    0.210    0.104
22.45   4.00    0.314   48.850
22.45   4.00    0.291    0.336   0.314   0.315
22.45   4.00    0.291    0.336   0.314   0.315

22.46   0.00    0.313    0.313   0.031   0.067   0.001   0.005   0.100   0.004   0.000   0.001   0.104 1641334000
22.46   4.50   48.845
22.46   4.00    0.210    0.104
22.46   4.00    0.314   48.845
22.46   4.00    0.291    0.336   0.314   0.315
22.46   4.00    0.291    0.336   0.314   0.315

22.47   0.00    0.313    0.313   0.031   0.067   0.001   0.005   0.100   0.004   0.000   0.001   0.104 1642065000
22.47   4.50   48.839
22.47   4.00    0.210    0.104
22.47   4.00    0.314   48.839
22.47   4.00    0.291    0.336   0.314   0.315
22.47   4.00    0.291    0.336   0.314   0.315

22.48   0.00    0.313    0.313   0.031   0.067   0.001   0.005   0.100   0.004   0.000   0.001   0.104 1642796000
22.48   4.50   48.834
22.48   4.00    0.210    0.104
22.48   4.00    0.314   48.834
22.48   4.00    0.291    0.336   0.314   0.315
22.48   4.00    0.291    0.336   0.314   0.315

22.49   0.00    0.313    0.313   0.031   0.067   0.001   0.005   0.100   0.004   0.000   0.001   0.104 1643527000
22.49   4.50   48.829
22.49   4.00    0.210    0.104
22.49   4.00    0.314   48.829
22.49   4.00    0.291    0.336   0.314   0.315
22.49   4.00    0.291    0.336   0.314   0.315

22.50   0.00    0.313    0.313   0.031   0.067   0.001   0.005   0.100   0.004   0.000   0.001   0.104 1644257000
22.50   4.50   48.824
22.50   4.00    0.210    0.104
22.50   4.00    0.314   48.824
22.50   4.00    0.291    0.336   0.314   0.315
22.50   4.00    0.291    0.336   0.314   0.315

22.51   0.00    0.313    0.313   0.031   0.067   0.001   0.005   0.100   0.004   0.000   0.001   0.104 1644988000
22.51   4.50   48.819
22.51   4.00    0.210    0.104
22.51   4.00    0.314   48.819
22.51   4.00    0.291    0.336   0.314   0.314
22.51   4.00    0.291    0.336   0.314   0.314

22.52   0.00    0.313    0.313   0.031   0.067   0.001   0.005   0.100   0.004   0.000   0.001   0.104 1645719000
22.52   4.49   48.814
22.52   4.00    0.210    0.104
22.52   4.00    0.314   48.814
22.52   4.00    0.291    0.336   0.314   0.314
22.52   4.00    0.291    0.336   0.314   0.314

22.53   0.00    0.313    0.313   0.031   0.067   0.001   0.005   0.100   0.004   0.000   0.001   0.104 1646450000
22.53   4.49   48.809
22.53   4.00    0.210    0.104
22.53   4.00    0.314   48.809
22.53   4.00    0.291    0.336   0.314   0.314
22.53   4.00    0.291    0.336   0.314   0.314

22.54   0.00    0.313    0.313   0.031   0.067   0.001   0.005   0.100   0.004   0.000   0.001   0.104 1647181000
22.54   4.49   48.803
22.54   4.00    0.210    0.104
22.54   4.00    0.314   48.803
22.54   4.00    0.291    0.336   0.314   0.314
22.54   4.00    0.291    0.336   0.314   0.314

22.55   0.00    0.313    0.313   0.031   0.067   0.001   0.005   0.100   0.004   0.000   0.001   0.104 1647911000
22.55   4.49   48.798
22.55   4.00    0.210    0.104
22.55   4.00    0.314   48.798
22.55   4.00    0.291    0.336   0.314   0.314
22.55   4.00    0.291    0.336   0.314   0.314

22.56   0.00    0.313    0.313   0.031   0.067   0.001   0.005   0.100   0.004   0.000   0.001   0.104 1648642000
22.56   4.49   48.793
22.56   4.00    0.210    0.104
22.56   4.00    0.314   48.793
22.56   4.00    0.291    0.336   0.314   0.314
22.56   4.00    0.291    0.336   0.314   0.314

22.57   0.00    0.313    0.313   0.031   0.067   0.001   0.005   0.100   0.004   0.000   0.001   0.104 1649373000
22.57   4.49   48.788
22.57   4.00    0.210    0.104
22.57   4.00    0.314   48.788
22.57   4.00    0.291    0.336   0.314   0.314
22.57   4.00    0.291    0.336   0.314   0.314

22.58   0.00    0.313    0.313   0.031   0.067   0.001   0.005   0.100   0.004   0.000   0.001   0.104 1650104000
22.58   4.49   48.783
22.58   4.00    0.210    0.104
22.58   4.00    0.313   48.783
22.58   4.00    0.291    0.336   0.313   0.314
22.58   4.00    0.291    0.336   0.313   0.314

22.59   0.00    0.313    0.313   0.031   0.067   0.001   0.005   0.100   0.004   0.000   0.001   0.104 1650834000
22.59   4.49   48.778
22.59   4.00    0.210    0.104
22.59   4.00    0.313   48.778
22.59   4.00    0.291    0.336   0.313   0.314
22.59   4.00    0.291    0.336   0.313   0.314

22.60   0.00    0.313    0.313   0.031   0.067   0.001   0.005   0.100   0.004   0.000   0.001   0.104 1651565000
22.60   4.49   48.773
22.60   4.00    0.210    0.104
22.60   4.00    0.313   48.773
22.60   4.00    0.291    0.336   0.313   0.314
22.60   4.00    0.291    0.336   0.313   0.314

22.61   0.00    0.313    0.313   0.031   0.067   0.001   0.005   0.100   0.004   0.000   0.001   0.104 1652296000
22.61   4.49   48.767
22.61   4.00    0.209    0.104
22.61   4.00    0.313   48.767
22.61   4.00    0.291    0.336   0.313   0.314
22.61   4.00    0.291    0.336   0.313   0.314

22.62   0.00    0.313    0.313   0.031   0.067   0.001   0.005   0.100   0.004   0.000   0.001   0.104 1653027000
22.62   4.49   48.762
22.62   4.00    0.209    0.104
22.62   4.00    0.313   48.762
22.62   4.00    0.291    0.336   0.313   0.314
22.62   4.00    0.291    0.336   0.313   0.314

22.63   0.00    0.313    0.313   0.031   0.067   0.001   0.005   0.100   0.004   0.000   0.001   0.104 1653758000
22.63   4.49   48.757
22.63   4.00    0.209    0.104
22.63   4.00    0.313   48.757
22.63   4.00    0.291    0.336   0.313   0.314
22.63   4.00    0.291    0.336   0.313   0.314

22.64   0.00    0.313    0.313   0.031   0.067   0.001   0.005   0.100   0.004   0.000   0.001   0.104 1654488000
22.64   4.49   48.752
22.64   4.00    0.209    0.104
22.64   4.00    0.313   48.752
22.64   4.00    0.290    0.336   0.313   0.314
22.64   4.00    0.290    0.336   0.313   0.314

22.65   0.00    0.313    0.313   0.031   0.067   0.001   0.005   0.100   0.004   0.000   0.001   0.104 1655219000
22.65   4.49   48.747
22.65   4.00    0.209    0.104
22.65   4.00    0.313   48.747
22.65   4.00    0.290    0.336   0.313   0.314
22.65   4.00    0.290    0.336   0.313   0.314

22.66   0.00    0.313    0.313   0.031   0.067   0.001   0.005   0.100   0.004   0.000   0.001   0.104 1655950000
22.66   4.48   48.742
22.66   4.00    0.209    0.104
22.66   4.00    0.313   48.742
22.66   4.00    0.290    0.336   0.313   0.314
22.66   4.00    0.290    0.336   0.313   0.314

22.67   0.00    0.313    0.313   0.031   0.067   0.001   0.005   0.100   0.004   0.000   0.001   0.104 1656681000
22.67   4.48   48.737
22.67   4.00    0.209    0.104
22.67   4.00    0.313   48.737
22.67   4.00    0.290    0.336   0.313   0.314
22.67   4.00    0.290    0.336   0.313   0.314

22.68   0.00    0.313    0.313   0.031   0.067   0.001   0.005   0.100   0.004   0.000   0.001   0.104 1657411000
22.68   4.48   48.732
22.68   4.00    0.209    0.104
22.68   4.00    0.313   48.732
22.68   4.00    0.290    0.336   0.313   0.314
22.68   4.00    0.290    0.336   0.313   0.314

22.69   0.00    0.313    0.313   0.031   0.067   0.001   0.005   0.100   0.004   0.000   0.001   0.104 1658142000
22.69   4.48   48.727
22.69   4.00    0.209    0.104
22.69   4.00    0.313   48.727
22.69   4.00    0.290    0.336   0.313   0.314
22.69   4.00    0.290    0.336   0.313   0.314

22.70   0.00    0.313    0.313   0.031   0.067   0.001   0.005   0.100   0.004   0.000   0.001   0.104 1658873000
22.70   4.48   48.721
22.70   4.00    0.209    0.104
22.70   4.00    0.313   48.721
22.70   4.00    0.290    0.336   0.313   0.314
22.70   4.00    0.290    0.336   0.313   0.314

22.71   0.00    0.313    0.313   0.031   0.067   0.001   0.005   0.100   0.004   0.000   0.001   0.104 1659604000
22.71   4.48   48.716
22.71   4.00    0.209    0.104
22.71   4.00    0.313   48.716
22.71   4.00    0.290    0.336   0.313   0.314
22.71   4.00    0.290    0.336   0.313   0.314

22.72   0.00    0.313    0.313   0.031   0.067   0.001   0.005   0.100   0.004   0.000   0.001   0.104 1660335000
22.72   4.48   48.711
22.72   4.00    0.209    0.104
22.72   4.00    0.313   48.711
22.72   4.00    0.290    0.335   0.313   0.314
22.72   4.00    0.290    0.335   0.313   0.314

22.73   0.00    0.313    0.313   0.031   0.067   0.001   0.005   0.100   0.004   0.000   0.001   0.104 1661065000
22.73   4.48   48.706
22.73   4.00    0.209    0.104
22.73   4.00    0.313   48.706
22.73   4.00    0.290    0.335   0.313   0.314
22.73   4.00    0.290    0.335   0.313   0.314

22.74   0.00    0.313    0.313   0.031   0.067   0.001   0.005   0.100   0.004   0.000   0.001   0.104 1661796000
22.74   4.48   48.701
22.74   4.00    0.209    0.104
22.74   4.00    0.313   48.701
22.74   4.00    0.290    0.335   0.313   0.314
22.74   4.00    0.290    0.335   0.313   0.314

22.75   0.00    0.313    0.313   0.031   0.067   0.001   0.005   0.100   0.004   0.000   0.001   0.104 1662527000
22.75   4.48   48.696
22.75   4.00    0.209    0.104
22.75   4.00    0.313   48.696
22.75   4.00    0.290    0.335   0.313   0.314
22.75   4.00    0.290    0.335   0.313   0.314

22.76   0.00    0.313    0.313   0.031   0.067   0.001   0.005   0.100   0.004   0.000   0.001   0.104 1663258000
22.76   4.48   48.691
22.76   4.00    0.209    0.104
22.76   4.00    0.313   48.691
22.76   4.00    0.290    0.335   0.313   0.314
22.76   4.00    0.290    0.335   0.313   0.314

22.77   0.00    0.313    0.313   0.031   0.067   0.001   0.005   0.100   0.004   0.000   0.001   0.104 1663988000
22.77   4.48   48.686
22.77   4.00    0.209    0.104
22.77   4.00    0.313   48.686
22.77   4.00    0.290    0.335   0.313   0.314
22.77   4.00    0.290    0.335   0.313   0.314

22.78   0.00    0.313    0.313   0.031   0.067   0.001   0.005   0.100   0.004   0.000   0.001   0.104 1664719000
22.78   4.48   48.681
22.78   4.00    0.209    0.104
22.78   4.00    0.313   48.681
22.78   4.00    0.290    0.335   0.313   0.314
22.78   4.00    0.290    0.335   0.313   0.314

22.79   0.00    0.313    0.313   0.031   0.067   0.001   0.005   0.100   0.004   0.000   0.001   0.104 1665450000
22.79   4.48   48.676
22.79   4.00    0.209    0.104
22.79   4.00    0.312   48.676
22.79   4.00    0.290    0.335   0.312   0.314
22.79   4.00    0.290    0.335   0.312   0.314

22.80   0.00    0.313    0.313   0.031   0.067   0.001   0.005   0.100   0.004   0.000   0.001   0.104 1666181000
22.80   4.48   48.671
22.80   4.00    0.209    0.104
22.80   4.00    0.312   48.671
22.80   4.00    0.290    0.335   0.312   0.314
22.80   4.00    0.290    0.335   0.312   0.314

22.81   0.00    0.313    0.313   0.031   0.067   0.001   0.005   0.100   0.004   0.000   0.001   0.104 1666912000
22.81   4.47   48.665
22.81   4.00    0.209    0.104
22.81   4.00    0.312   48.665
22.81   4.00    0.290    0.335   0.312   0.314
22.81   4.00    0.290    0.335   0.312   0.314

22.82   0.00    0.313    0.313   0.031   0.067   0.001   0.005   0.100   0.004   0.000   0.001   0.104 1667642000
22.82   4.47   48.660
22.82   4.00    0.209    0.104
22.82   4.00    0.312   48.660
22.82   4.00    0.290    0.335   0.312   0.314
22.82   4.00    0.290    0.335   0.312   0.314

22.83   0.00    0.313    0.313   0.031   0.067   0.001   0.005   0.100   0.004   0.000   0.001   0.104 1668373000
22.83   4.47   48.655
22.83   4.00    0.209    0.104
22.83   4.00    0.312   48.655
22.83   4.00    0.290    0.335   0.312   0.314
22.83   4.00    0.290    0.335   0.312   0.314

22.84   0.00    0.313    0.313   0.031   0.067   0.001   0.005   0.100   0.004   0.000   0.001   0.104 1669104000
22.84   4.47   48.650
22.84   4.00    0.209    0.104
22.84   4.00    0.312   48.650
22.84   4.00    0.290    0.335   0.312   0.314
22.84   4.00    0.290    0.335   0.312   0.314

22.85   0.00    0.313    0.313   0.031   0.067   0.001   0.005   0.100   0.004   0.000   0.001   0.104 1669835000
22.85   4.47   48.645
22.85   4.00    0.209    0.104
22.85   4.00    0.312   48.645
22.85   4.00    0.289    0.335   0.312   0.314
22.85   4.00    0.289    0.335   0.312   0.314

22.86   0.00    0.313    0.313   0.031   0.067   0.001   0.005   0.100   0.004   0.000   0.001   0.104 1670566000
22.86   4.47   48.640
22.86   4.00    0.209    0.104
22.86   4.00    0.312   48.640
22.86   4.00    0.289    0.335   0.312   0.314
22.86   4.00    0.289    0.335   0.312   0.314

22.87   0.00    0.313    0.313   0.031   0.067   0.001   0.005   0.100   0.004   0.000   0.001   0.104 1671296000
22.87   4.47   48.635
22.87   4.00    0.208    0.104
22.87   4.00    0.312   48.635
22.87   4.00    0.289    0.335   0.312   0.314
22.87   4.00    0.289    0.335   0.312   0.314

22.88   0.00    0.313    0.313   0.031   0.067   0.001   0.005   0.100   0.004   0.000   0.001   0.104 1672027000
22.88   4.47   48.630
22.88   4.00    0.208    0.104
22.88   4.00    0.312   48.630
22.88   4.00    0.289    0.335   0.312   0.314
22.88   4.00    0.289    0.335   0.312   0.314

22.89   0.00    0.313    0.313   0.031   0.067   0.001   0.005   0.100   0.004   0.000   0.001   0.104 1672758000
22.89   4.47   48.625
22.89   4.00    0.208    0.104
22.89   4.00    0.312   48.625
22.89   4.00    0.289    0.335   0.312   0.314
22.89   4.00    0.289    0.335   0.312   0.314

22.90   0.00    0.313    0.313   0.031   0.067   0.001   0.005   0.100   0.004   0.000   0.001   0.104 1673489000
22.90   4.47   48.620
22.90   4.00    0.208    0.104
22.90   4.00    0.312   48.620
22.90   4.00    0.289    0.335   0.312   0.314
22.90   4.00    0.289    0.335   0.312   0.314

22.91   0.00    0.313    0.313   0.031   0.067   0.001   0.005   0.100   0.004   0.000   0.001   0.104 1674219000
22.91   4.47   48.615
22.91   4.00    0.208    0.104
22.91   4.00    0.312   48.615
22.91   4.00    0.289    0.335   0.312   0.314
22.91   4.00    0.289    0.335   0.312   0.314

22.92   0.00    0.313    0.313   0.031   0.067   0.001   0.005   0.100   0.004   0.000   0.001   0.104 1674950000
22.92   4.47   48.610
22.92   4.00    0.208    0.104
22.92   4.00    0.312   48.610
22.92   4.00    0.289    0.335   0.312   0.314
22.92   4.00    0.289    0.335   0.312   0.314

22.93   0.00    0.313    0.313   0.031   0.067   0.001   0.005   0.100   0.004   0.000   0.001   0.104 1675681000
22.93   4.47   48.604
22.93   4.00    0.208    0.104
22.93   4.00    0.312   48.604
22.93   4.00    0.289    0.335   0.312   0.314
22.93   4.00    0.289    0.335   0.312   0.314

22.94   0.00    0.313    0.313   0.031   0.067   0.001   0.005   0.100   0.004   0.000   0.001   0.104 1676412000
22.94   4.47   48.614
22.94   4.00    0.208    0.104
22.94   4.00    0.312   48.614
22.94   4.00    0.289    0.335   0.312   0.314
22.94   4.00    0.289    0.335   0.312   0.314

22.95   0.00    0.313    0.313   0.031   0.067   0.001   0.005   0.100   0.004   0.000   0.001   0.104 1677143000
22.95   4.47   48.610
22.95   4.00    0.208    0.104
22.95   4.00    0.312   48.610
22.95   4.00    0.289    0.335   0.312   0.314
22.95   4.00    0.289    0.335   0.312   0.314

22.96   0.00    0.313    0.313   0.031   0.067   0.001   0.005   0.100   0.004   0.000   0.001   0.104 1677873000
22.96   4.47   48.605
22.96   4.00    0.208    0.104
22.96   4.00    0.312   48.605
22.96   4.00    0.289    0.335   0.312   0.314
22.96   4.00    0.289    0.335   0.312   0.314

22.97   0.00    0.313    0.313   0.031   0.067   0.001   0.005   0.100   0.004   0.000   0.001   0.104 1678604000
22.97   4.47   48.601
22.97   4.00    0.208    0.104
22.97   4.00    0.312   48.601
22.97   4.00    0.289    0.335   0.312   0.314
22.97   4.00    0.289    0.335   0.312   0.314

22.98   0.00    0.313    0.313   0.031   0.067   0.001   0.005   0.100   0.004   0.000   0.001   0.104 1679335000
22.98   4.47   48.596
22.98   4.00    0.208    0.104
22.98   4.00    0.312   48.596
22.98   4.00    0.289    0.335   0.312   0.314
22.98   4.00    0.289    0.335   0.312   0.314

22.99   0.00    0.313    0.313   0.031   0.067   0.001   0.005   0.100   0.004   0.000   0.001   0.104 1680066000
22.99   4.47   48.592
22.99   4.00    0.208    0.104
22.99   4.00    0.312   48.592
22.99   4.00    0.289    0.335   0.312   0.314
22.99   4.00    0.289    0.335   0.312   0.314

23.00   0.00    0.313    0.313   0.031   0.067   0.001   0.005   0.100   0.004   0.000   0.001   0.104 1680796000
23.00   4.47   48.587
23.00   4.00    0.208    0.104
23.00   4.00    0.312   48.587
23.00   4.00    0.289    0.335   0.312   0.314
23.00   4.00    0.289    0.335   0.312   0.314

23.01   0.00    0.313    0.313   0.031   0.067   0.001   0.005   0.100   0.004   0.000   0.001   0.104 1681527000
23.01   4.47   48.583
23.01   4.00    0.208    0.104
23.01   4.00    0.312   48.583
23.01   4.00    0.289    0.335   0.312   0.314
23.01   4.00    0.289    0.335   0.312   0.314

23.02   0.00    0.313    0.313   0.031   0.067   0.001   0.005   0.100   0.004   0.000   0.001   0.104 1682258000
23.02   4.47   48.578
23.02   4.00    0.208    0.104
23.02   4.00    0.312   48.578
23.02   4.00    0.289    0.335   0.312   0.314
23.02   4.00    0.289    0.335   0.312   0.314

23.03   0.00    0.313    0.313   0.031   0.067   0.001   0.005   0.100   0.004   0.000   0.001   0.104 1682989000
23.03   4.46   48.574
23.03   4.00    0.208    0.104
23.03   4.00    0.312   48.574
23.03   4.00    0.289    0.335   0.312   0.314
23.03   4.00    0.289    0.335   0.312   0.314

23.04   0.00    0.313    0.313   0.031   0.067   0.001   0.005   0.100   0.004   0.000   0.001   0.104 1683720000
23.04   4.46   48.569
23.04   4.00    0.208    0.104
23.04   4.00    0.312   48.569
23.04   4.00    0.289    0.335   0.312   0.314
23.04   4.00    0.289    0.335   0.312   0.314

23.05   0.00    0.313    0.313   0.031   0.067   0.001   0.005   0.100   0.004   0.000   0.001   0.104 1684450000
23.05   4.46   48.565
23.05   4.00    0.208    0.104
23.05   4.00    0.312   48.565
23.05   4.00    0.289    0.335   0.312   0.314
23.05   4.00    0.289    0.335   0.312   0.314

23.06   0.00    0.313    0.313   0.031   0.067   0.001   0.005   0.100   0.004   0.000   0.001   0.104 1685181000
23.06   4.46   48.561
23.06   4.00    0.208    0.104
23.06   4.00    0.312   48.561
23.06   4.00    0.289    0.335   0.312   0.314
23.06   4.00    0.289    0.335   0.312   0.314

23.07   0.00    0.313    0.313   0.031   0.067   0.001   0.005   0.100   0.004   0.000   0.001   0.104 1685912000
23.07   4.46   48.556
23.07   4.00    0.208    0.104
23.07   4.00    0.312   48.556
23.07   4.00    0.289    0.335   0.312   0.314
23.07   4.00    0.289    0.335   0.312   0.314

23.08   0.00    0.313    0.313   0.031   0.067   0.001   0.005   0.100   0.004   0.000   0.001   0.104 1686643000
23.08   4.46   48.552
23.08   4.00    0.208    0.104
23.08   4.00    0.312   48.552
23.08   4.00    0.289    0.335   0.312   0.314
23.08   4.00    0.289    0.335   0.312   0.314

23.09   0.00    0.313    0.313   0.031   0.067   0.001   0.005   0.100   0.004   0.000   0.001   0.104 1687374000
23.09   4.46   48.547
23.09   4.00    0.208    0.104
23.09   4.00    0.311   48.547
23.09   4.00    0.289    0.335   0.311   0.314
23.09   4.00    0.289    0.335   0.311   0.314

23.10   0.00    0.313    0.313   0.031   0.067   0.001   0.005   0.100   0.004   0.000   0.001   0.104 1688104000
23.10   4.46   48.543
23.10   4.00    0.208    0.104
23.10   4.00    0.311   48.543
23.10   4.00    0.289    0.335   0.311   0.314
23.10   4.00    0.289    0.335   0.311   0.314

23.11   0.00    0.313    0.313   0.031   0.067   0.001   0.005   0.100   0.004   0.000   0.001   0.104 1688835000
23.11   4.46   48.538
23.11   4.00    0.208    0.104
23.11   4.00    0.311   48.538
23.11   4.00    0.289    0.335   0.311   0.314
23.11   4.00    0.289    0.335   0.311   0.314

23.12   0.00    0.313    0.313   0.031   0.067   0.001   0.005   0.100   0.004   0.000   0.001   0.104 1689566000
23.12   4.46   48.534
23.12   4.00    0.208    0.104
23.12   4.00    0.311   48.534
23.12   4.00    0.289    0.335   0.311   0.314
23.12   4.00    0.289    0.335   0.311   0.314

23.13   0.00    0.313    0.313   0.031   0.067   0.001   0.005   0.100   0.004   0.000   0.001   0.104 1690297000
23.13   4.46   48.530
23.13   4.00    0.208    0.104
23.13   4.00    0.311   48.530
23.13   4.00    0.289    0.335   0.311   0.314
23.13   4.00    0.289    0.335   0.311   0.314

23.14   0.00    0.313    0.313   0.031   0.067   0.001   0.005   0.100   0.004   0.000   0.001   0.104 1691027000
23.14   4.46   48.525
23.14   4.00    0.208    0.104
23.14   4.00    0.311   48.525
23.14   4.00    0.289    0.335   0.311   0.314
23.14   4.00    0.289    0.335   0.311   0.314

23.15   0.00    0.313    0.313   0.031   0.067   0.001   0.005   0.100   0.004   0.000   0.001   0.104 1691758000
23.15   4.46   48.521
23.15   4.00    0.207    0.104
23.15   4.00    0.311   48.521
23.15   4.00    0.289    0.335   0.311   0.314
23.15   4.00    0.289    0.335   0.311   0.314

23.16   0.00    0.313    0.313   0.031   0.067   0.001   0.005   0.100   0.004   0.000   0.001   0.104 1692489000
23.16   4.46   48.516
23.16   4.00    0.207    0.104
23.16   4.00    0.311   48.516
23.16   4.00    0.289    0.335   0.311   0.314
23.16   4.00    0.289    0.335   0.311   0.314

23.17   0.00    0.313    0.313   0.031   0.067   0.001   0.005   0.100   0.004   0.000   0.001   0.104 1693220000
23.17   4.46   48.512
23.17   4.00    0.207    0.104
23.17   4.00    0.311   48.512
23.17   4.00    0.289    0.335   0.311   0.314
23.17   4.00    0.289    0.335   0.311   0.314

23.18   0.00    0.313    0.313   0.031   0.067   0.001   0.005   0.100   0.004   0.000   0.001   0.104 1693951000
23.18   4.46   48.508
23.18   4.00    0.207    0.104
23.18   4.00    0.311   48.508
23.18   4.00    0.288    0.335   0.311   0.314
23.18   4.00    0.288    0.335   0.311   0.314

23.19   0.00    0.313    0.313   0.031   0.067   0.001   0.005   0.100   0.004   0.000   0.001   0.104 1694681000
23.19   4.46   48.503
23.19   4.00    0.207    0.104
23.19   4.00    0.311   48.503
23.19   4.00    0.288    0.335   0.311   0.314
23.19   4.00    0.288    0.335   0.311   0.314

23.20   0.00    0.313    0.313   0.031   0.067   0.001   0.005   0.100   0.004   0.000   0.001   0.104 1695412000
23.20   4.46   48.499
23.20   4.00    0.207    0.104
23.20   4.00    0.311   48.499
23.20   4.00    0.288    0.335   0.311   0.314
23.20   4.00    0.288    0.335   0.311   0.314

23.21   0.00    0.313    0.313   0.031   0.067   0.001   0.005   0.100   0.004   0.000   0.001   0.104 1696143000
23.21   4.46   48.494
23.21   4.00    0.207    0.104
23.21   4.00    0.311   48.494
23.21   4.00    0.288    0.335   0.311   0.314
23.21   4.00    0.288    0.335   0.311   0.314

23.22   0.00    0.313    0.313   0.031   0.067   0.001   0.005   0.100   0.004   0.000   0.001   0.104 1696874000
23.22   4.45   48.490
23.22   4.00    0.207    0.104
23.22   4.00    0.311   48.490
23.22   4.00    0.288    0.335   0.311   0.314
23.22   4.00    0.288    0.335   0.311   0.314

23.23   0.00    0.313    0.313   0.031   0.067   0.001   0.005   0.100   0.004   0.000   0.001   0.104 1697604000
23.23   4.45   48.486
23.23   4.00    0.207    0.104
23.23   4.00    0.311   48.486
23.23   4.00    0.288    0.335   0.311   0.314
23.23   4.00    0.288    0.335   0.311   0.314

23.24   0.00    0.313    0.313   0.031   0.067   0.001   0.005   0.100   0.004   0.000   0.001   0.104 1698335000
23.24   4.45   48.481
23.24   4.00    0.207    0.104
23.24   4.00    0.311   48.481
23.24   4.00    0.288    0.335   0.311   0.314
23.24   4.00    0.288    0.335   0.311   0.314

23.25   0.00    0.313    0.313   0.031   0.067   0.001   0.005   0.100   0.004   0.000   0.001   0.104 1699066000
23.25   4.45   48.477
23.25   4.00    0.207    0.104
23.25   4.00    0.311   48.477
23.25   4.00    0.288    0.335   0.311   0.314
23.25   4.00    0.288    0.335   0.311   0.314

23.26   0.00    0.313    0.313   0.031   0.067   0.001   0.005   0.100   0.004   0.000   0.001   0.104 1699797000
23.26   4.45   48.472
23.26   4.00    0.207    0.104
23.26   4.00    0.311   48.472
23.26   4.00    0.288    0.335   0.311   0.314
23.26   4.00    0.288    0.335   0.311   0.314

23.27   0.00    0.313    0.313   0.031   0.067   0.001   0.005   0.100   0.004   0.000   0.001   0.104 1700528000
23.27   4.45   48.468
23.27   4.00    0.207    0.104
23.27   4.00    0.311   48.468
23.27   4.00    0.288    0.335   0.311   0.314
23.27   4.00    0.288    0.335   0.311   0.314

23.28   0.00    0.313    0.313   0.031   0.067   0.001   0.005   0.100   0.004   0.000   0.001   0.104 1701258000
23.28   4.45   48.464
23.28   4.00    0.207    0.104
23.28   4.00    0.311   48.464
23.28   4.00    0.288    0.335   0.311   0.314
23.28   4.00    0.288    0.335   0.311   0.314

23.29   0.00    0.313    0.313   0.031   0.067   0.001   0.005   0.100   0.004   0.000   0.001   0.104 1701989000
23.29   4.45   48.459
23.29   4.00    0.207    0.104
23.29   4.00    0.311   48.459
23.29   4.00    0.288    0.335   0.311   0.314
23.29   4.00    0.288    0.335   0.311   0.314

23.30   0.00    0.313    0.313   0.031   0.067   0.001   0.005   0.100   0.004   0.000   0.001   0.104 1702720000
23.30   4.45   48.455
23.30   4.00    0.207    0.104
23.30   4.00    0.311   48.455
23.30   4.00    0.288    0.335   0.311   0.314
23.30   4.00    0.288    0.335   0.311   0.314

23.31   0.00    0.313    0.313   0.031   0.067   0.001   0.005   0.100   0.004   0.000   0.001   0.104 1703451000
23.31   4.45   48.451
23.31   4.00    0.207    0.104
23.31   4.00    0.311   48.451
23.31   4.00    0.288    0.335   0.311   0.314
23.31   4.00    0.288    0.335   0.311   0.314

23.32   0.00    0.313    0.313   0.031   0.067   0.001   0.005   0.100   0.004   0.000   0.001   0.104 1704182000
23.32   4.45   48.446
23.32   4.00    0.207    0.104
23.32   4.00    0.311   48.446
23.32   4.00    0.288    0.335   0.311   0.314
23.32   4.00    0.288    0.335   0.311   0.314

23.33   0.00    0.313    0.313   0.031   0.067   0.001   0.005   0.100   0.004   0.000   0.001   0.104 1704912000
23.33   4.45   48.442
23.33   4.00    0.207    0.104
23.33   4.00    0.311   48.442
23.33   4.00    0.288    0.335   0.311   0.314
23.33   4.00    0.288    0.335   0.311   0.314

23.34   0.00    0.313    0.313   0.031   0.067   0.001   0.005   0.100   0.004   0.000   0.001   0.104 1705643000
23.34   4.45   48.437
23.34   4.00    0.207    0.104
23.34   4.00    0.311   48.437
23.34   4.00    0.288    0.335   0.311   0.314
23.34   4.00    0.288    0.335   0.311   0.314

23.35   0.00    0.313    0.313   0.031   0.067   0.001   0.005   0.100   0.004   0.000   0.001   0.104 1706374000
23.35   4.45   48.433
23.35   4.00    0.207    0.104
23.35   4.00    0.311   48.433
23.35   4.00    0.288    0.335   0.311   0.314
23.35   4.00    0.288    0.335   0.311   0.314

23.36   0.00    0.313    0.313   0.031   0.067   0.001   0.005   0.100   0.004   0.000   0.001   0.104 1707105000
23.36   4.45   48.429
23.36   4.00    0.207    0.104
23.36   4.00    0.311   48.429
23.36   4.00    0.288    0.335   0.311   0.314
23.36   4.00    0.288    0.335   0.311   0.314

23.37   0.00    0.313    0.313   0.031   0.067   0.001   0.005   0.100   0.004   0.000   0.001   0.104 1707835000
23.37   4.45   48.424
23.37   4.00    0.207    0.104
23.37   4.00    0.310   48.424
23.37   4.00    0.288    0.335   0.310   0.314
23.37   4.00    0.288    0.335   0.310   0.314

23.38   0.00    0.313    0.313   0.031   0.067   0.001   0.005   0.100   0.004   0.000   0.001   0.104 1708566000
23.38   4.45   48.420
23.38   4.00    0.207    0.104
23.38   4.00    0.310   48.420
23.38   4.00    0.288    0.335   0.310   0.314
23.38   4.00    0.288    0.335   0.310   0.314

23.39   0.00    0.313    0.313   0.031   0.067   0.001   0.005   0.100   0.004   0.000   0.001   0.104 1709297000
23.39   4.45   48.416
23.39   4.00    0.207    0.104
23.39   4.00    0.310   48.416
23.39   4.00    0.288    0.335   0.310   0.314
23.39   4.00    0.288    0.335   0.310   0.314

23.40   0.00    0.313    0.313   0.031   0.067   0.001   0.005   0.100   0.004   0.000   0.001   0.104 1710028000
23.40   4.45   48.411
23.40   4.00    0.207    0.104
23.40   4.00    0.310   48.411
23.40   4.00    0.288    0.335   0.310   0.314
23.40   4.00    0.288    0.335   0.310   0.314

23.41   0.00    0.313    0.313   0.031   0.067   0.001   0.005   0.100   0.004   0.000   0.001   0.104 1710759000
23.41   4.45   48.407
23.41   4.00    0.207    0.104
23.41   4.00    0.310   48.407
23.41   4.00    0.288    0.335   0.310   0.314
23.41   4.00    0.288    0.335   0.310   0.314

23.42   0.00    0.313    0.313   0.031   0.067   0.001   0.005   0.100   0.004   0.000   0.001   0.104 1711489000
23.42   4.44   48.403
23.42   4.00    0.207    0.104
23.42   4.00    0.310   48.403
23.42   4.00    0.288    0.335   0.310   0.314
23.42   4.00    0.288    0.335   0.310   0.314

23.43   0.00    0.313    0.313   0.031   0.067   0.001   0.005   0.100   0.004   0.000   0.001   0.104 1712220000
23.43   4.44   48.398
23.43   4.00    0.206    0.104
23.43   4.00    0.310   48.398
23.43   4.00    0.288    0.335   0.310   0.314
23.43   4.00    0.288    0.335   0.310   0.314

23.44   0.00    0.313    0.313   0.031   0.067   0.001   0.005   0.100   0.004   0.000   0.001   0.104 1712951000
23.44   4.44   48.394
23.44   4.00    0.206    0.104
23.44   4.00    0.310   48.394
23.44   4.00    0.288    0.335   0.310   0.314
23.44   4.00    0.288    0.335   0.310   0.314

23.45   0.00    0.313    0.313   0.031   0.067   0.001   0.005   0.100   0.004   0.000   0.001   0.104 1713682000
23.45   4.44   48.390
23.45   4.00    0.206    0.104
23.45   4.00    0.310   48.390
23.45   4.00    0.288    0.335   0.310   0.314
23.45   4.00    0.288    0.335   0.310   0.314

23.46   0.00    0.313    0.313   0.031   0.067   0.001   0.005   0.100   0.004   0.000   0.001   0.104 1714412000
23.46   4.44   48.385
23.46   4.00    0.206    0.104
23.46   4.00    0.310   48.385
23.46   4.00    0.287    0.335   0.310   0.314
23.46   4.00    0.287    0.335   0.310   0.314

23.47   0.00    0.313    0.313   0.031   0.067   0.001   0.005   0.100   0.004   0.000   0.001   0.104 1715143000
23.47   4.44   48.381
23.47   4.00    0.206    0.104
23.47   4.00    0.310   48.381
23.47   4.00    0.287    0.335   0.310   0.314
23.47   4.00    0.287    0.335   0.310   0.314

23.48   0.00    0.313    0.313   0.031   0.067   0.001   0.005   0.100   0.004   0.000   0.001   0.104 1715874000
23.48   4.44   48.377
23.48   4.00    0.206    0.104
23.48   4.00    0.310   48.377
23.48   4.00    0.287    0.335   0.310   0.314
23.48   4.00    0.287    0.335   0.310   0.314

23.49   0.00    0.313    0.313   0.031   0.067   0.001   0.005   0.100   0.004   0.000   0.001   0.104 1716605000
23.49   4.44   48.372
23.49   4.00    0.206    0.104
23.49   4.00    0.310   48.372
23.49   4.00    0.287    0.335   0.310   0.314
23.49   4.00    0.287    0.335   0.310   0.314

23.50   0.00    0.313    0.313   0.031   0.067   0.001   0.005   0.100   0.004   0.000   0.001   0.104 1717336000
23.50   4.44   48.368
23.50   4.00    0.206    0.104
23.50   4.00    0.310   48.368
23.50   4.00    0.287    0.335   0.310   0.314
23.50   4.00    0.287    0.335   0.310   0.314

23.51   0.00    0.313    0.313   0.031   0.067   0.001   0.005   0.100   0.004   0.000   0.001   0.104 1718066000
23.51   4.44   48.364
23.51   4.00    0.206    0.104
23.51   4.00    0.310   48.364
23.51   4.00    0.287    0.335   0.310   0.314
23.51   4.00    0.287    0.335   0.310   0.314

23.52   0.00    0.313    0.313   0.031   0.067   0.001   0.005   0.100   0.004   0.000   0.001   0.104 1718797000
23.52   4.44   48.359
23.52   4.00    0.206    0.104
23.52   4.00    0.310   48.359
23.52   4.00    0.287    0.335   0.310   0.314
23.52   4.00    0.287    0.335   0.310   0.314

23.53   0.00    0.313    0.313   0.031   0.067   0.001   0.005   0.100   0.004   0.000   0.001   0.104 1719528000
23.53   4.44   48.355
23.53   4.00    0.206    0.104
23.53   4.00    0.310   48.355
23.53   4.00    0.287    0.335   0.310   0.314
23.53   4.00    0.287    0.335   0.310   0.314

23.54   0.00    0.313    0.313   0.031   0.067   0.001   0.005   0.100   0.004   0.000   0.001   0.104 1720259000
23.54   4.44   48.351
23.54   4.00    0.206    0.104
23.54   4.00    0.310   48.351
23.54   4.00    0.287    0.335   0.310   0.314
23.54   4.00    0.287    0.335   0.310   0.314

23.55   0.00    0.313    0.313   0.031   0.067   0.001   0.005   0.100   0.004   0.000   0.001   0.104 1720989000
23.55   4.44   48.347
23.55   4.00    0.206    0.104
23.55   4.00    0.310   48.347
23.55   4.00    0.287    0.335   0.310   0.314
23.55   4.00    0.287    0.335   0.310   0.314

23.56   0.00    0.313    0.313   0.031   0.067   0.001   0.005   0.100   0.004   0.000   0.001   0.104 1721720000
23.56   4.44   48.342
23.56   4.00    0.206    0.104
23.56   4.00    0.310   48.342
23.56   4.00    0.287    0.335   0.310   0.314
23.56   4.00    0.287    0.335   0.310   0.314

23.57   0.00    0.313    0.313   0.031   0.067   0.001   0.005   0.100   0.004   0.000   0.001   0.104 1722451000
23.57   4.44   48.338
23.57   4.00    0.206    0.104
23.57   4.00    0.310   48.338
23.57   4.00    0.287    0.335   0.310   0.314
23.57   4.00    0.287    0.335   0.310   0.314

23.58   0.00    0.313    0.313   0.031   0.067   0.001   0.005   0.100   0.004   0.000   0.001   0.104 1723182000
23.58   4.44   48.334
23.58   4.00    0.206    0.104
23.58   4.00    0.310   48.334
23.58   4.00    0.287    0.335   0.310   0.314
23.58   4.00    0.287    0.335   0.310   0.314

23.59   0.00    0.313    0.313   0.031   0.067   0.001   0.005   0.100   0.004   0.000   0.001   0.104 1723913000
23.59   4.44   48.329
23.59   4.00    0.206    0.104
23.59   4.00    0.310   48.329
23.59   4.00    0.287    0.335   0.310   0.314
23.59   4.00    0.287    0.335   0.310   0.314

23.60   0.00    0.313    0.313   0.031   0.067   0.001   0.005   0.100   0.004   0.000   0.001   0.104 1724643000
23.60   4.44   48.325
23.60   4.00    0.206    0.104
23.60   4.00    0.310   48.325
23.60   4.00    0.287    0.335   0.310   0.314
23.60   4.00    0.287    0.335   0.310   0.314

23.61   0.00    0.313    0.313   0.031   0.067   0.001   0.005   0.100   0.004   0.000   0.001   0.104 1725374000
23.61   4.44   48.321
23.61   4.00    0.206    0.104
23.61   4.00    0.310   48.321
23.61   4.00    0.287    0.335   0.310   0.314
23.61   4.00    0.287    0.335   0.310   0.314

23.62   0.00    0.313    0.313   0.031   0.067   0.001   0.005   0.100   0.004   0.000   0.001   0.104 1726105000
23.62   4.43   48.316
23.62   4.00    0.206    0.104
23.62   4.00    0.310   48.317
23.62   4.00    0.287    0.335   0.310   0.314
23.62   4.00    0.287    0.335   0.310   0.314

23.63   0.00    0.313    0.313   0.031   0.067   0.001   0.005   0.100   0.004   0.000   0.001   0.104 1726836000
23.63   4.43   48.312
23.63   4.00    0.206    0.104
23.63   4.00    0.310   48.312
23.63   4.00    0.287    0.335   0.310   0.314
23.63   4.00    0.287    0.335   0.310   0.314

23.64   0.00    0.313    0.313   0.031   0.067   0.001   0.005   0.100   0.004   0.000   0.001   0.104 1727566000
23.64   4.43   48.308
23.64   4.00    0.206    0.104
23.64   4.00    0.310   48.308
23.64   4.00    0.287    0.335   0.310   0.314
23.64   4.00    0.287    0.335   0.310   0.314

23.65   0.00    0.313    0.313   0.031   0.067   0.001   0.005   0.100   0.004   0.000   0.001   0.104 1728297000
23.65   4.43   48.304
23.65   4.00    0.206    0.104
23.65   4.00    0.309   48.304
23.65   4.00    0.287    0.335   0.309   0.314
23.65   4.00    0.287    0.335   0.309   0.314

23.66   0.00    0.313    0.313   0.031   0.067   0.001   0.005   0.100   0.004   0.000   0.001   0.104 1729028000
23.66   4.43   48.299
23.66   4.00    0.206    0.104
23.66   4.00    0.309   48.299
23.66   4.00    0.287    0.335   0.309   0.314
23.66   4.00    0.287    0.335   0.309   0.314

23.67   0.00    0.313    0.313   0.031   0.067   0.001   0.005   0.100   0.004   0.000   0.001   0.104 1729759000
23.67   4.43   48.295
23.67   4.00    0.206    0.104
23.67   4.00    0.309   48.295
23.67   4.00    0.287    0.335   0.309   0.314
23.67   4.00    0.287    0.335   0.309   0.314

23.68   0.00    0.313    0.313   0.031   0.067   0.001   0.005   0.100   0.004   0.000   0.001   0.104 1730490000
23.68   4.43   48.291
23.68   4.00    0.206    0.104
23.68   4.00    0.309   48.291
23.68   4.00    0.287    0.335   0.309   0.314
23.68   4.00    0.287    0.335   0.309   0.314

23.69   0.00    0.313    0.313   0.031   0.067   0.001   0.005   0.100   0.004   0.000   0.001   0.104 1731220000
23.69   4.43   48.287
23.69   4.00    0.206    0.104
23.69   4.00    0.309   48.287
23.69   4.00    0.287    0.335   0.309   0.314
23.69   4.00    0.287    0.335   0.309   0.314

23.70   0.00    0.313    0.313   0.031   0.067   0.001   0.005   0.100   0.004   0.000   0.001   0.104 1731951000
23.70   4.43   48.282
23.70   4.00    0.206    0.104
23.70   4.00    0.309   48.282
23.70   4.00    0.287    0.335   0.309   0.314
23.70   4.00    0.287    0.335   0.309   0.314

23.71   0.00    0.313    0.313   0.031   0.067   0.001   0.005   0.100   0.004   0.000   0.001   0.104 1732682000
23.71   4.43   48.278
23.71   4.00    0.206    0.104
23.71   4.00    0.309   48.278
23.71   4.00    0.287    0.335   0.309   0.314
23.71   4.00    0.287    0.335   0.309   0.314

23.72   0.00    0.313    0.313   0.031   0.067   0.001   0.005   0.100   0.004   0.000   0.001   0.104 1733413000
23.72   4.43   48.274
23.72   4.00    0.205    0.104
23.72   4.00    0.309   48.274
23.72   4.00    0.287    0.335   0.309   0.314
23.72   4.00    0.287    0.335   0.309   0.314

23.73   0.00    0.313    0.313   0.031   0.067   0.001   0.005   0.100   0.004   0.000   0.001   0.104 1734143000
23.73   4.43   48.270
23.73   4.00    0.205    0.104
23.73   4.00    0.309   48.270
23.73   4.00    0.287    0.335   0.309   0.314
23.73   4.00    0.287    0.335   0.309   0.314

23.74   0.00    0.313    0.313   0.031   0.067   0.001   0.005   0.100   0.004   0.000   0.001   0.104 1734874000
23.74   4.43   48.265
23.74   4.00    0.205    0.104
23.74   4.00    0.309   48.265
23.74   4.00    0.287    0.335   0.309   0.314
23.74   4.00    0.287    0.335   0.309   0.314

23.75   0.00    0.313    0.313   0.031   0.067   0.001   0.005   0.100   0.004   0.000   0.001   0.104 1735605000
23.75   4.43   48.261
23.75   4.00    0.205    0.104
23.75   4.00    0.309   48.261
23.75   4.00    0.286    0.335   0.309   0.314
23.75   4.00    0.286    0.335   0.309   0.314

23.76   0.00    0.313    0.313   0.031   0.067   0.001   0.005   0.100   0.004   0.000   0.001   0.104 1736336000
23.76   4.43   48.257
23.76   4.00    0.205    0.104
23.76   4.00    0.309   48.257
23.76   4.00    0.286    0.335   0.309   0.314
23.76   4.00    0.286    0.335   0.309   0.314

23.77   0.00    0.313    0.313   0.031   0.067   0.001   0.005   0.100   0.004   0.000   0.001   0.104 1737067000
23.77   4.43   48.253
23.77   4.00    0.205    0.104
23.77   4.00    0.309   48.253
23.77   4.00    0.286    0.335   0.309   0.314
23.77   4.00    0.286    0.335   0.309   0.314

23.78   0.00    0.313    0.313   0.031   0.067   0.001   0.005   0.100   0.004   0.000   0.001   0.104 1737798000
23.78   4.43   48.248
23.78   4.00    0.205    0.104
23.78   4.00    0.309   48.248
23.78   4.00    0.286    0.335   0.309   0.314
23.78   4.00    0.286    0.335   0.309   0.314

23.79   0.00    0.313    0.313   0.031   0.067   0.001   0.005   0.100   0.004   0.000   0.001   0.104 1738528000
23.79   4.43   48.244
23.79   4.00    0.205    0.104
23.79   4.00    0.309   48.244
23.79   4.00    0.286    0.335   0.309   0.314
23.79   4.00    0.286    0.335   0.309   0.314

23.80   0.00    0.313    0.313   0.031   0.067   0.001   0.005   0.100   0.004   0.000   0.001   0.104 1739259000
23.80   4.43   48.240
23.80   4.00    0.205    0.104
23.80   4.00    0.309   48.240
23.80   4.00    0.286    0.335   0.309   0.314
23.80   4.00    0.286    0.335   0.309   0.314

23.81   0.00    0.313    0.313   0.031   0.067   0.001   0.005   0.100   0.004   0.000   0.001   0.104 1739990000
23.81   4.43   48.236
23.81   4.00    0.205    0.104
23.81   4.00    0.309   48.236
23.81   4.00    0.286    0.335   0.309   0.314
23.81   4.00    0.286    0.335   0.309   0.314

23.82   0.00    0.313    0.313   0.031   0.067   0.001   0.005   0.100   0.004   0.000   0.001   0.104 1740721000
23.82   4.42   48.231
23.82   4.00    0.205    0.104
23.82   4.00    0.309   48.231
23.82   4.00    0.286    0.335   0.309   0.314
23.82   4.00    0.286    0.335   0.309   0.314

23.83   0.00    0.313    0.313   0.031   0.067   0.001   0.005   0.100   0.004   0.000   0.001   0.104 1741451000
23.83   4.42   48.227
23.83   4.00    0.205    0.104
23.83   4.00    0.309   48.227
23.83   4.00    0.286    0.335   0.309   0.314
23.83   4.00    0.286    0.335   0.309   0.314

23.84   0.00    0.313    0.313   0.031   0.067   0.001   0.005   0.100   0.004   0.000   0.001   0.104 1742182000
23.84   4.42   48.223
23.84   4.00    0.205    0.104
23.84   4.00    0.309   48.223
23.84   4.00    0.286    0.335   0.309   0.314
23.84   4.00    0.286    0.335   0.309   0.314

23.85   0.00    0.313    0.313   0.031   0.067   0.001   0.005   0.100   0.004   0.000   0.001   0.104 1742913000
23.85   4.42   48.219
23.85   4.00    0.205    0.104
23.85   4.00    0.309   48.219
23.85   4.00    0.286    0.335   0.309   0.314
23.85   4.00    0.286    0.335   0.309   0.314

23.86   0.00    0.313    0.313   0.031   0.067   0.001   0.005   0.100   0.004   0.000   0.001   0.104 1743644000
23.86   4.42   48.214
23.86   4.00    0.205    0.104
23.86   4.00    0.309   48.214
23.86   4.00    0.286    0.335   0.309   0.314
23.86   4.00    0.286    0.335   0.309   0.314

23.87   0.00    0.313    0.313   0.031   0.067   0.001   0.005   0.100   0.004   0.000   0.001   0.104 1744375000
23.87   4.42   48.210
23.87   4.00    0.205    0.104
23.87   4.00    0.309   48.210
23.87   4.00    0.286    0.335   0.309   0.314
23.87   4.00    0.286    0.335   0.309   0.314

23.88   0.00    0.313    0.313   0.031   0.067   0.001   0.005   0.100   0.004   0.000   0.001   0.104 1745105000
23.88   4.42   48.206
23.88   4.00    0.205    0.104
23.88   4.00    0.309   48.206
23.88   4.00    0.286    0.335   0.309   0.314
23.88   4.00    0.286    0.335   0.309   0.314

23.89   0.00    0.313    0.313   0.031   0.067   0.001   0.005   0.100   0.004   0.000   0.001   0.104 1745836000
23.89   4.42   48.202
23.89   4.00    0.205    0.104
23.89   4.00    0.309   48.202
23.89   4.00    0.286    0.335   0.309   0.314
23.89   4.00    0.286    0.335   0.309   0.314

23.90   0.00    0.313    0.313   0.031   0.067   0.001   0.005   0.100   0.004   0.000   0.001   0.104 1746567000
23.90   4.42   48.198
23.90   4.00    0.205    0.104
23.90   4.00    0.309   48.198
23.90   4.00    0.286    0.335   0.309   0.314
23.90   4.00    0.286    0.335   0.309   0.314

23.91   0.00    0.313    0.313   0.031   0.067   0.001   0.005   0.100   0.004   0.000   0.001   0.104 1747298000
23.91   4.42   48.193
23.91   4.00    0.205    0.104
23.91   4.00    0.309   48.193
23.91   4.00    0.286    0.335   0.309   0.314
23.91   4.00    0.286    0.335   0.309   0.314

23.92   0.00    0.313    0.313   0.031   0.067   0.001   0.005   0.100   0.004   0.000   0.001   0.104 1748028000
23.92   4.42   48.189
23.92   4.00    0.205    0.104
23.92   4.00    0.309   48.189
23.92   4.00    0.286    0.335   0.309   0.314
23.92   4.00    0.286    0.335   0.309   0.314

23.93   0.00    0.313    0.313   0.031   0.067   0.001   0.005   0.100   0.004   0.000   0.001   0.104 1748759000
23.93   4.42   48.185
23.93   4.00    0.205    0.104
23.93   4.00    0.309   48.185
23.93   4.00    0.286    0.335   0.309   0.314
23.93   4.00    0.286    0.335   0.309   0.314

23.94   0.00    0.313    0.313   0.031   0.067   0.001   0.005   0.100   0.004   0.000   0.001   0.104 1749490000
23.94   4.42   48.181
23.94   4.00    0.205    0.104
23.94   4.00    0.308   48.181
23.94   4.00    0.286    0.335   0.308   0.314
23.94   4.00    0.286    0.335   0.308   0.314

23.95   0.00    0.313    0.313   0.031   0.067   0.001   0.005   0.100   0.004   0.000   0.001   0.104 1750221000
23.95   4.42   48.177
23.95   4.00    0.205    0.104
23.95   4.00    0.308   48.177
23.95   4.00    0.286    0.335   0.308   0.314
23.95   4.00    0.286    0.335   0.308   0.314

23.96   0.00    0.313    0.313   0.031   0.067   0.001   0.005   0.100   0.004   0.000   0.001   0.104 1750951000
23.96   4.42   48.172
23.96   4.00    0.205    0.104
23.96   4.00    0.308   48.172
23.96   4.00    0.286    0.335   0.308   0.314
23.96   4.00    0.286    0.335   0.308   0.314

23.97   0.00    0.313    0.313   0.031   0.067   0.001   0.005   0.100   0.004   0.000   0.001   0.104 1751682000
23.97   4.42   48.168
23.97   4.00    0.205    0.104
23.97   4.00    0.308   48.168
23.97   4.00    0.286    0.335   0.308   0.314
23.97   4.00    0.286    0.335   0.308   0.314

23.98   0.00    0.313    0.313   0.031   0.067   0.001   0.005   0.100   0.004   0.000   0.001   0.104 1752413000
23.98   4.42   48.164
23.98   4.00    0.205    0.104
23.98   4.00    0.308   48.164
23.98   4.00    0.286    0.335   0.308   0.314
23.98   4.00    0.286    0.335   0.308   0.314

23.99   0.00    0.313    0.313   0.031   0.067   0.001   0.005   0.100   0.004   0.000   0.001   0.104 1753144000
23.99   4.42   48.160
23.99   4.00    0.205    0.104
23.99   4.00    0.308   48.160
23.99   4.00    0.286    0.335   0.308   0.314
23.99   4.00    0.286    0.335   0.308   0.314

24.00   0.00    0.313    0.313   0.031   0.067   0.001   0.005   0.100   0.004   0.000   0.001   0.104 1753875000
24.00   4.42   48.156
24.00   4.00    0.205    0.104
24.00   4.00    0.308   48.156
24.00   4.00    0.286    0.335   0.308   0.314
24.00   4.00    0.286    0.335   0.308   0.314

24.01   0.00    0.313    0.313   0.031   0.067   0.001   0.005   0.100   0.004   0.000   0.001   0.104 1754605000
24.01   4.42   48.152
24.01   4.00    0.204    0.104
24.01   4.00    0.308   48.152
24.01   4.00    0.286    0.335   0.308   0.314
24.01   4.00    0.286    0.335   0.308   0.314

24.02   0.00    0.313    0.313   0.031   0.067   0.001   0.005   0.100   0.004   0.000   0.001   0.104 1755336000
24.02   4.42   48.147
24.02   4.00    0.204    0.104
24.02   4.00    0.308   48.147
24.02   4.00    0.286    0.335   0.308   0.314
24.02   4.00    0.286    0.335   0.308   0.314

24.03   0.00    0.313    0.313   0.031   0.067   0.001   0.005   0.100   0.004   0.000   0.001   0.104 1756067000
24.03   4.41   48.143
24.03   4.00    0.204    0.104
24.03   4.00    0.308   48.143
24.03   4.00    0.286    0.335   0.308   0.314
24.03   4.00    0.286    0.335   0.308   0.314

24.04   0.00    0.313    0.313   0.031   0.067   0.001   0.005   0.100   0.004   0.000   0.001   0.104 1756798000
24.04   4.41   48.139
24.04   4.00    0.204    0.104
24.04   4.00    0.308   48.139
24.04   4.00    0.285    0.335   0.308   0.314
24.04   4.00    0.285    0.335   0.308   0.314

24.05   0.00    0.313    0.313   0.031   0.067   0.001   0.005   0.100   0.004   0.000   0.001   0.104 1757528000
24.05   4.41   48.135
24.05   4.00    0.204    0.104
24.05   4.00    0.308   48.135
24.05   4.00    0.285    0.335   0.308   0.314
24.05   4.00    0.285    0.335   0.308   0.314

24.06   0.00    0.313    0.313   0.031   0.067   0.001   0.005   0.100   0.004   0.000   0.001   0.104 1758259000
24.06   4.41   48.131
24.06   4.00    0.204    0.104
24.06   4.00    0.308   48.131
24.06   4.00    0.285    0.335   0.308   0.314
24.06   4.00    0.285    0.335   0.308   0.314

24.07   0.00    0.313    0.313   0.031   0.067   0.001   0.005   0.100   0.004   0.000   0.001   0.104 1758990000
24.07   4.41   48.127
24.07   4.00    0.204    0.104
24.07   4.00    0.308   48.127
24.07   4.00    0.285    0.335   0.308   0.314
24.07   4.00    0.285    0.335   0.308   0.314

24.08   0.00    0.313    0.313   0.031   0.067   0.001   0.005   0.100   0.004   0.000   0.001   0.104 1759721000
24.08   4.41   48.122
24.08   4.00    0.204    0.104
24.08   4.00    0.308   48.122
24.08   4.00    0.285    0.335   0.308   0.314
24.08   4.00    0.285    0.335   0.308   0.314

24.09   0.00    0.313    0.313   0.031   0.067   0.001   0.005   0.100   0.004   0.000   0.001   0.104 1760452000
24.09   4.41   48.118
24.09   4.00    0.204    0.104
24.09   4.00    0.308   48.118
24.09   4.00    0.285    0.335   0.308   0.314
24.09   4.00    0.285    0.335   0.308   0.314

24.10   0.00    0.313    0.313   0.031   0.067   0.001   0.005   0.100   0.004   0.000   0.001   0.104 1761182000
24.10   4.41   48.114
24.10   4.00    0.204    0.104
24.10   4.00    0.308   48.114
24.10   4.00    0.285    0.335   0.308   0.314
24.10   4.00    0.285    0.335   0.308   0.314

24.11   0.00    0.313    0.313   0.031   0.067   0.001   0.005   0.100   0.004   0.000   0.001   0.104 1761913000
24.11   4.41   48.110
24.11   4.00    0.204    0.104
24.11   4.00    0.308   48.110
24.11   4.00    0.285    0.335   0.308   0.314
24.11   4.00    0.285    0.335   0.308   0.314

24.12   0.00    0.313    0.313   0.031   0.067   0.001   0.005   0.100   0.004   0.000   0.001   0.104 1762644000
24.12   4.41   48.106
24.12   4.00    0.204    0.104
24.12   4.00    0.308   48.106
24.12   4.00    0.285    0.335   0.308   0.314
24.12   4.00    0.285    0.335   0.308   0.314

24.13   0.00    0.313    0.313   0.031   0.067   0.001   0.005   0.100   0.004   0.000   0.001   0.104 1763375000
24.13   4.41   48.102
24.13   4.00    0.204    0.104
24.13   4.00    0.308   48.102
24.13   4.00    0.285    0.335   0.308   0.314
24.13   4.00    0.285    0.335   0.308   0.314

24.14   0.00    0.313    0.313   0.031   0.067   0.001   0.005   0.100   0.004   0.000   0.001   0.104 1764105000
24.14   4.41   48.097
24.14   4.00    0.204    0.104
24.14   4.00    0.308   48.097
24.14   4.00    0.285    0.335   0.308   0.314
24.14   4.00    0.285    0.335   0.308   0.314

24.15   0.00    0.313    0.313   0.031   0.067   0.001   0.005   0.100   0.004   0.000   0.001   0.104 1764836000
24.15   4.41   48.093
24.15   4.00    0.204    0.104
24.15   4.00    0.308   48.093
24.15   4.00    0.285    0.335   0.308   0.314
24.15   4.00    0.285    0.335   0.308   0.314

24.16   0.00    0.313    0.313   0.031   0.067   0.001   0.005   0.100   0.004   0.000   0.001   0.104 1765567000
24.16   4.41   48.089
24.16   4.00    0.204    0.104
24.16   4.00    0.308   48.089
24.16   4.00    0.285    0.335   0.308   0.314
24.16   4.00    0.285    0.335   0.308   0.314

24.17   0.00    0.313    0.313   0.031   0.067   0.001   0.005   0.100   0.004   0.000   0.001   0.104 1766298000
24.17   4.41   48.085
24.17   4.00    0.204    0.104
24.17   4.00    0.308   48.085
24.17   4.00    0.285    0.335   0.308   0.314
24.17   4.00    0.285    0.335   0.308   0.314

24.18   0.00    0.313    0.313   0.031   0.067   0.001   0.005   0.100   0.004   0.000   0.001   0.104 1767029000
24.18   4.41   48.081
24.18   4.00    0.204    0.104
24.18   4.00    0.308   48.081
24.18   4.00    0.285    0.335   0.308   0.314
24.18   4.00    0.285    0.335   0.308   0.314

24.19   0.00    0.313    0.313   0.031   0.067   0.001   0.005   0.100   0.004   0.000   0.001   0.104 1767759000
24.19   4.41   48.077
24.19   4.00    0.204    0.104
24.19   4.00    0.308   48.077
24.19   4.00    0.285    0.335   0.308   0.314
24.19   4.00    0.285    0.335   0.308   0.314

24.20   0.00    0.313    0.313   0.031   0.067   0.001   0.005   0.100   0.004   0.000   0.001   0.104 1768490000
24.20   4.41   48.073
24.20   4.00    0.204    0.104
24.20   4.00    0.308   48.073
24.20   4.00    0.285    0.335   0.308   0.314
24.20   4.00    0.285    0.335   0.308   0.314

24.21   0.00    0.313    0.313   0.031   0.067   0.001   0.005   0.100   0.004   0.000   0.001   0.104 1769221000
24.21   4.41   48.068
24.21   4.00    0.204    0.104
24.21   4.00    0.308   48.068
24.21   4.00    0.285    0.335   0.308   0.314
24.21   4.00    0.285    0.335   0.308   0.314

24.22   0.00    0.313    0.313   0.031   0.067   0.001   0.005   0.100   0.004   0.000   0.001   0.104 1769952000
24.22   4.41   48.064
24.22   4.00    0.204    0.104
24.22   4.00    0.308   48.064
24.22   4.00    0.285    0.335   0.308   0.314
24.22   4.00    0.285    0.335   0.308   0.314

24.23   0.00    0.313    0.313   0.031   0.067   0.001   0.005   0.100   0.004   0.000   0.001   0.104 1770682000
24.23   4.41   48.060
24.23   4.00    0.204    0.104
24.23   4.00    0.308   48.060
24.23   4.00    0.285    0.335   0.308   0.314
24.23   4.00    0.285    0.335   0.308   0.314

24.24   0.00    0.313    0.313   0.031   0.067   0.001   0.005   0.100   0.004   0.000   0.001   0.104 1771413000
24.24   4.40   48.056
24.24   4.00    0.204    0.104
24.24   4.00    0.307   48.056
24.24   4.00    0.285    0.335   0.307   0.314
24.24   4.00    0.285    0.335   0.307   0.314

24.25   0.00    0.313    0.313   0.031   0.067   0.001   0.005   0.100   0.004   0.000   0.001   0.104 1772144000
24.25   4.40   48.052
24.25   4.00    0.204    0.104
24.25   4.00    0.307   48.052
24.25   4.00    0.285    0.335   0.307   0.314
24.25   4.00    0.285    0.335   0.307   0.314

24.26   0.00    0.313    0.313   0.031   0.067   0.001   0.005   0.100   0.004   0.000   0.001   0.104 1772875000
24.26   4.40   48.048
24.26   4.00    0.204    0.104
24.26   4.00    0.307   48.048
24.26   4.00    0.285    0.335   0.307   0.314
24.26   4.00    0.285    0.335   0.307   0.314

24.27   0.00    0.313    0.313   0.031   0.067   0.001   0.005   0.100   0.004   0.000   0.001   0.104 1773606000
24.27   4.40   48.044
24.27   4.00    0.204    0.104
24.27   4.00    0.307   48.044
24.27   4.00    0.285    0.335   0.307   0.314
24.27   4.00    0.285    0.335   0.307   0.314

24.28   0.00    0.313    0.313   0.031   0.067   0.001   0.005   0.100   0.004   0.000   0.001   0.104 1774337000
24.28   4.40   48.040
24.28   4.00    0.204    0.104
24.28   4.00    0.307   48.040
24.28   4.00    0.285    0.335   0.307   0.314
24.28   4.00    0.285    0.335   0.307   0.314

24.29   0.00    0.313    0.313   0.031   0.067   0.001   0.005   0.100   0.004   0.000   0.001   0.104 1775067000
24.29   4.40   48.036
24.29   4.00    0.204    0.104
24.29   4.00    0.307   48.036
24.29   4.00    0.285    0.335   0.307   0.314
24.29   4.00    0.285    0.335   0.307   0.314

24.30   0.00    0.313    0.313   0.031   0.067   0.001   0.005   0.100   0.004   0.000   0.001   0.104 1775798000
24.30   4.40   48.031
24.30   4.00    0.204    0.104
24.30   4.00    0.307   48.031
24.30   4.00    0.285    0.335   0.307   0.314
24.30   4.00    0.285    0.335   0.307   0.314

24.31   0.00    0.313    0.313   0.031   0.067   0.001   0.005   0.100   0.004   0.000   0.001   0.104 1776529000
24.31   4.40   48.027
24.31   4.00    0.203    0.104
24.31   4.00    0.307   48.027
24.31   4.00    0.285    0.335   0.307   0.314
24.31   4.00    0.285    0.335   0.307   0.314

24.32   0.00    0.313    0.313   0.031   0.067   0.001   0.005   0.100   0.004   0.000   0.001   0.104 1777260000
24.32   4.40   48.023
24.32   4.00    0.203    0.104
24.32   4.00    0.307   48.023
24.32   4.00    0.285    0.335   0.307   0.314
24.32   4.00    0.285    0.335   0.307   0.314

24.33   0.00    0.313    0.313   0.031   0.067   0.001   0.005   0.100   0.004   0.000   0.001   0.104 1777990000
24.33   4.40   48.019
24.33   4.00    0.203    0.104
24.33   4.00    0.307   48.019
24.33   4.00    0.285    0.335   0.307   0.314
24.33   4.00    0.285    0.335   0.307   0.314

24.34   0.00    0.313    0.313   0.031   0.067   0.001   0.005   0.100   0.004   0.000   0.001   0.104 1778721000
24.34   4.40   48.015
24.34   4.00    0.203    0.104
24.34   4.00    0.307   48.015
24.34   4.00    0.285    0.335   0.307   0.314
24.34   4.00    0.285    0.335   0.307   0.314

24.35   0.00    0.313    0.313   0.031   0.067   0.001   0.005   0.100   0.004   0.000   0.001   0.104 1779452000
24.35   4.40   48.011
24.35   4.00    0.203    0.104
24.35   4.00    0.307   48.011
24.35   4.00    0.284    0.335   0.307   0.314
24.35   4.00    0.284    0.335   0.307   0.314

24.36   0.00    0.313    0.313   0.031   0.067   0.001   0.005   0.100   0.004   0.000   0.001   0.104 1780183000
24.36   4.40   48.007
24.36   4.00    0.203    0.104
24.36   4.00    0.307   48.007
24.36   4.00    0.284    0.335   0.307   0.314
24.36   4.00    0.284    0.335   0.307   0.314

24.37   0.00    0.313    0.313   0.031   0.067   0.001   0.005   0.100   0.004   0.000   0.001   0.104 1780914000
24.37   4.40   48.003
24.37   4.00    0.203    0.104
24.37   4.00    0.307   48.003
24.37   4.00    0.284    0.335   0.307   0.314
24.37   4.00    0.284    0.335   0.307   0.314

24.38   0.00    0.313    0.313   0.031   0.067   0.001   0.005   0.100   0.004   0.000   0.001   0.104 1781644000
24.38   4.40   47.999
24.38   4.00    0.203    0.104
24.38   4.00    0.307   47.999
24.38   4.00    0.284    0.335   0.307   0.314
24.38   4.00    0.284    0.335   0.307   0.314

24.39   0.00    0.313    0.313   0.031   0.067   0.001   0.005   0.100   0.004   0.000   0.001   0.104 1782375000
24.39   4.40   47.995
24.39   4.00    0.203    0.104
24.39   4.00    0.307   47.995
24.39   4.00    0.284    0.335   0.307   0.314
24.39   4.00    0.284    0.335   0.307   0.314

24.40   0.00    0.313    0.313   0.031   0.067   0.001   0.005   0.100   0.004   0.000   0.001   0.104 1783106000
24.40   4.40   47.990
24.40   4.00    0.203    0.104
24.40   4.00    0.307   47.991
24.40   4.00    0.284    0.335   0.307   0.314
24.40   4.00    0.284    0.335   0.307   0.314

24.41   0.00    0.313    0.313   0.031   0.067   0.001   0.005   0.100   0.004   0.000   0.001   0.104 1783837000
24.41   4.40   47.986
24.41   4.00    0.203    0.104
24.41   4.00    0.307   47.986
24.41   4.00    0.284    0.335   0.307   0.314
24.41   4.00    0.284    0.335   0.307   0.314

24.42   0.00    0.313    0.313   0.031   0.067   0.001   0.005   0.100   0.004   0.000   0.001   0.104 1784567000
24.42   4.40   47.982
24.42   4.00    0.203    0.104
24.42   4.00    0.307   47.982
24.42   4.00    0.284    0.335   0.307   0.314
24.42   4.00    0.284    0.335   0.307   0.314

24.43   0.00    0.313    0.313   0.031   0.067   0.001   0.005   0.100   0.004   0.000   0.001   0.104 1785298000
24.43   4.40   47.978
24.43   4.00    0.203    0.104
24.43   4.00    0.307   47.978
24.43   4.00    0.284    0.335   0.307   0.314
24.43   4.00    0.284    0.335   0.307   0.314

24.44   0.00    0.313    0.313   0.031   0.067   0.001   0.005   0.100   0.004   0.000   0.001   0.104 1786029000
24.44   4.40   47.974
24.44   4.00    0.203    0.104
24.44   4.00    0.307   47.974
24.44   4.00    0.284    0.335   0.307   0.314
24.44   4.00    0.284    0.335   0.307   0.314

24.45   0.00    0.313    0.313   0.031   0.067   0.001   0.005   0.100   0.004   0.000   0.001   0.104 1786760000
24.45   4.39   47.970
24.45   4.00    0.203    0.104
24.45   4.00    0.307   47.970
24.45   4.00    0.284    0.335   0.307   0.314
24.45   4.00    0.284    0.335   0.307   0.314

24.46   0.00    0.313    0.313   0.031   0.067   0.001   0.005   0.100   0.004   0.000   0.001   0.104 1787490000
24.46   4.39   47.966
24.46   4.00    0.203    0.104
24.46   4.00    0.307   47.966
24.46   4.00    0.284    0.335   0.307   0.314
24.46   4.00    0.284    0.335   0.307   0.314

24.47   0.00    0.313    0.313   0.031   0.067   0.001   0.005   0.100   0.004   0.000   0.001   0.104 1788221000
24.47   4.39   47.962
24.47   4.00    0.203    0.104
24.47   4.00    0.307   47.962
24.47   4.00    0.284    0.335   0.307   0.314
24.47   4.00    0.284    0.335   0.307   0.314

24.48   0.00    0.313    0.313   0.031   0.067   0.001   0.005   0.100   0.004   0.000   0.001   0.104 1788952000
24.48   4.39   47.958
24.48   4.00    0.203    0.104
24.48   4.00    0.307   47.958
24.48   4.00    0.284    0.335   0.307   0.314
24.48   4.00    0.284    0.335   0.307   0.314

24.49   0.00    0.313    0.313   0.031   0.067   0.001   0.005   0.100   0.004   0.000   0.001   0.104 1789683000
24.49   4.39   47.954
24.49   4.00    0.203    0.104
24.49   4.00    0.307   47.954
24.49   4.00    0.284    0.335   0.307   0.314
24.49   4.00    0.284    0.335   0.307   0.314

24.50   0.00    0.313    0.313   0.031   0.067   0.001   0.005   0.100   0.004   0.000   0.001   0.104 1790414000
24.50   4.39   47.950
24.50   4.00    0.203    0.104
24.50   4.00    0.307   47.950
24.50   4.00    0.284    0.335   0.307   0.314
24.50   4.00    0.284    0.335   0.307   0.314

24.51   0.00    0.313    0.313   0.031   0.067   0.001   0.005   0.100   0.004   0.000   0.001   0.104 1791144000
24.51   4.39   47.946
24.51   4.00    0.203    0.104
24.51   4.00    0.307   47.946
24.51   4.00    0.284    0.335   0.307   0.314
24.51   4.00    0.284    0.335   0.307   0.314

24.52   0.00    0.313    0.313   0.031   0.067   0.001   0.005   0.100   0.004   0.000   0.001   0.104 1791875000
24.52   4.39   47.942
24.52   4.00    0.203    0.104
24.52   4.00    0.307   47.942
24.52   4.00    0.284    0.335   0.307   0.314
24.52   4.00    0.284    0.335   0.307   0.314

24.53   0.00    0.313    0.313   0.031   0.067   0.001   0.005   0.100   0.004   0.000   0.001   0.104 1792606000
24.53   4.39   47.938
24.53   4.00    0.203    0.104
24.53   4.00    0.307   47.938
24.53   4.00    0.284    0.335   0.307   0.314
24.53   4.00    0.284    0.335   0.307   0.314

24.54   0.00    0.313    0.313   0.031   0.067   0.001   0.005   0.100   0.004   0.000   0.001   0.104 1793337000
24.54   4.39   47.934
24.54   4.00    0.203    0.104
24.54   4.00    0.307   47.934
24.54   4.00    0.284    0.335   0.307   0.314
24.54   4.00    0.284    0.335   0.307   0.314

24.55   0.00    0.313    0.313   0.031   0.067   0.001   0.005   0.100   0.004   0.000   0.001   0.104 1794067000
24.55   4.39   47.930
24.55   4.00    0.203    0.104
24.55   4.00    0.306   47.930
24.55   4.00    0.284    0.335   0.306   0.314
24.55   4.00    0.284    0.335   0.306   0.314

24.56   0.00    0.313    0.313   0.031   0.067   0.001   0.005   0.100   0.004   0.000   0.001   0.104 1794798000
24.56   4.39   47.926
24.56   4.00    0.203    0.104
24.56   4.00    0.306   47.926
24.56   4.00    0.284    0.335   0.306   0.314
24.56   4.00    0.284    0.335   0.306   0.314

24.57   0.00    0.313    0.313   0.031   0.067   0.001   0.005   0.100   0.004   0.000   0.001   0.104 1795529000
24.57   4.39   47.922
24.57   4.00    0.203    0.104
24.57   4.00    0.306   47.922
24.57   4.00    0.284    0.335   0.306   0.314
24.57   4.00    0.284    0.335   0.306   0.314

24.58   0.00    0.313    0.313   0.031   0.067   0.001   0.005   0.100   0.004   0.000   0.001   0.104 1796260000
24.58   4.39   47.917
24.58   4.00    0.203    0.104
24.58   4.00    0.306   47.917
24.58   4.00    0.284    0.335   0.306   0.314
24.58   4.00    0.284    0.335   0.306   0.314

24.59   0.00    0.313    0.313   0.031   0.067   0.001   0.005   0.100   0.004   0.000   0.001   0.104 1796991000
24.59   4.39   47.913
24.59   4.00    0.203    0.104
24.59   4.00    0.306   47.913
24.59   4.00    0.284    0.335   0.306   0.314
24.59   4.00    0.284    0.335   0.306   0.314

24.60   0.00    0.312    0.312   0.031   0.067   0.001   0.005   0.100   0.004   0.000   0.001   0.104 1797721000
24.60   4.39   47.909
24.60   4.00    0.203    0.104
24.60   4.00    0.306   47.909
24.60   4.00    0.284    0.335   0.306   0.314
24.60   4.00    0.284    0.335   0.306   0.314

24.61   0.00    0.312    0.312   0.031   0.067   0.001   0.005   0.100   0.004   0.000   0.001   0.104 1798452000
24.61   4.39   47.905
24.61   4.00    0.203    0.104
24.61   4.00    0.306   47.905
24.61   4.00    0.284    0.335   0.306   0.314
24.61   4.00    0.284    0.335   0.306   0.314

24.62   0.00    0.312    0.312   0.031   0.067   0.001   0.005   0.100   0.004   0.000   0.001   0.104 1799183000
24.62   4.39   47.901
24.62   4.00    0.202    0.104
24.62   4.00    0.306   47.901
24.62   4.00    0.284    0.335   0.306   0.314
24.62   4.00    0.284    0.335   0.306   0.314

24.63   0.00    0.312    0.312   0.031   0.067   0.001   0.005   0.100   0.004   0.000   0.001   0.104 1799914000
24.63   4.39   47.897
24.63   4.00    0.202    0.104
24.63   4.00    0.306   47.897
24.63   4.00    0.284    0.335   0.306   0.314
24.63   4.00    0.284    0.335   0.306   0.314

24.64   0.00    0.312    0.312   0.031   0.067   0.001   0.005   0.100   0.004   0.000   0.001   0.104 1800644000
24.64   4.39   47.893
24.64   4.00    0.202    0.104
24.64   4.00    0.306   47.893
24.64   4.00    0.284    0.335   0.306   0.314
24.64   4.00    0.284    0.335   0.306   0.314

24.65   0.00    0.312    0.312   0.031   0.067   0.001   0.005   0.100   0.004   0.000   0.001   0.104 1801375000
24.65   4.39   47.889
24.65   4.00    0.202    0.104
24.65   4.00    0.306   47.889
24.65   4.00    0.284    0.335   0.306   0.314
24.65   4.00    0.284    0.335   0.306   0.314

24.66   0.00    0.312    0.312   0.031   0.067   0.001   0.005   0.100   0.004   0.000   0.001   0.104 1802106000
24.66   4.39   47.885
24.66   4.00    0.202    0.104
24.66   4.00    0.306   47.885
24.66   4.00    0.283    0.335   0.306   0.314
24.66   4.00    0.283    0.335   0.306   0.314

24.67   0.00    0.312    0.312   0.031   0.067   0.001   0.005   0.100   0.004   0.000   0.001   0.104 1802837000
24.67   4.38   47.881
24.67   4.00    0.202    0.104
24.67   4.00    0.306   47.881
24.67   4.00    0.283    0.335   0.306   0.314
24.67   4.00    0.283    0.335   0.306   0.314

24.68   0.00    0.312    0.312   0.031   0.067   0.001   0.005   0.100   0.004   0.000   0.001   0.104 1803568000
24.68   4.38   47.877
24.68   4.00    0.202    0.104
24.68   4.00    0.306   47.877
24.68   4.00    0.283    0.335   0.306   0.314
24.68   4.00    0.283    0.335   0.306   0.314

24.69   0.00    0.312    0.312   0.031   0.067   0.001   0.005   0.100   0.004   0.000   0.001   0.104 1804298000
24.69   4.38   47.873
24.69   4.00    0.202    0.104
24.69   4.00    0.306   47.873
24.69   4.00    0.283    0.335   0.306   0.314
24.69   4.00    0.283    0.335   0.306   0.314

24.70   0.00    0.312    0.312   0.031   0.067   0.001   0.005   0.100   0.004   0.000   0.001   0.104 1805029000
24.70   4.38   47.869
24.70   4.00    0.202    0.104
24.70   4.00    0.306   47.869
24.70   4.00    0.283    0.335   0.306   0.314
24.70   4.00    0.283    0.335   0.306   0.314

24.71   0.00    0.312    0.312   0.031   0.067   0.001   0.005   0.100   0.004   0.000   0.001   0.104 1805760000
24.71   4.38   47.865
24.71   4.00    0.202    0.104
24.71   4.00    0.306   47.865
24.71   4.00    0.283    0.335   0.306   0.314
24.71   4.00    0.283    0.335   0.306   0.314

24.72   0.00    0.312    0.312   0.031   0.067   0.001   0.005   0.100   0.004   0.000   0.001   0.104 1806491000
24.72   4.38   47.861
24.72   4.00    0.202    0.104
24.72   4.00    0.306   47.861
24.72   4.00    0.283    0.335   0.306   0.314
24.72   4.00    0.283    0.335   0.306   0.314

24.73   0.00    0.312    0.312   0.031   0.067   0.001   0.005   0.100   0.004   0.000   0.001   0.104 1807222000
24.73   4.38   47.857
24.73   4.00    0.202    0.104
24.73   4.00    0.306   47.857
24.73   4.00    0.283    0.335   0.306   0.314
24.73   4.00    0.283    0.335   0.306   0.314

24.74   0.00    0.312    0.312   0.031   0.067   0.001   0.005   0.100   0.004   0.000   0.001   0.104 1807952000
24.74   4.38   47.853
24.74   4.00    0.202    0.104
24.74   4.00    0.306   47.853
24.74   4.00    0.283    0.335   0.306   0.314
24.74   4.00    0.283    0.335   0.306   0.314

24.75   0.00    0.312    0.312   0.031   0.067   0.001   0.005   0.100   0.004   0.000   0.001   0.104 1808683000
24.75   4.38   47.849
24.75   4.00    0.202    0.104
24.75   4.00    0.306   47.849
24.75   4.00    0.283    0.335   0.306   0.314
24.75   4.00    0.283    0.335   0.306   0.314

24.76   0.00    0.312    0.312   0.031   0.067   0.001   0.005   0.100   0.004   0.000   0.001   0.104 1809414000
24.76   4.38   47.845
24.76   4.00    0.202    0.104
24.76   4.00    0.306   47.845
24.76   4.00    0.283    0.335   0.306   0.314
24.76   4.00    0.283    0.335   0.306   0.314

24.77   0.00    0.312    0.312   0.031   0.067   0.001   0.005   0.100   0.004   0.000   0.001   0.104 1810145000
24.77   4.38   47.841
24.77   4.00    0.202    0.104
24.77   4.00    0.306   47.841
24.77   4.00    0.283    0.335   0.306   0.314
24.77   4.00    0.283    0.335   0.306   0.314

24.78   0.00    0.312    0.312   0.031   0.067   0.001   0.005   0.100   0.004   0.000   0.001   0.104 1810876000
24.78   4.38   47.837
24.78   4.00    0.202    0.104
24.78   4.00    0.306   47.837
24.78   4.00    0.283    0.335   0.306   0.314
24.78   4.00    0.283    0.335   0.306   0.314

24.79   0.00    0.312    0.312   0.031   0.067   0.001   0.005   0.100   0.004   0.000   0.001   0.104 1811606000
24.79   4.38   47.833
24.79   4.00    0.202    0.104
24.79   4.00    0.306   47.833
24.79   4.00    0.283    0.335   0.306   0.314
24.79   4.00    0.283    0.335   0.306   0.314

24.80   0.00    0.312    0.312   0.031   0.067   0.001   0.005   0.100   0.004   0.000   0.001   0.104 1812337000
24.80   4.38   47.829
24.80   4.00    0.202    0.104
24.80   4.00    0.306   47.829
24.80   4.00    0.283    0.335   0.306   0.314
24.80   4.00    0.283    0.335   0.306   0.314

24.81   0.00    0.312    0.312   0.031   0.067   0.001   0.005   0.100   0.004   0.000   0.001   0.104 1813068000
24.81   4.38   47.825
24.81   4.00    0.202    0.104
24.81   4.00    0.306   47.825
24.81   4.00    0.283    0.335   0.306   0.314
24.81   4.00    0.283    0.335   0.306   0.314

24.82   0.00    0.312    0.312   0.031   0.067   0.001   0.005   0.100   0.004   0.000   0.001   0.104 1813799000
24.82   4.38   47.821
24.82   4.00    0.202    0.104
24.82   4.00    0.306   47.821
24.82   4.00    0.283    0.335   0.306   0.314
24.82   4.00    0.283    0.335   0.306   0.314

24.83   0.00    0.312    0.312   0.031   0.067   0.001   0.005   0.100   0.004   0.000   0.001   0.104 1814529000
24.83   4.38   47.817
24.83   4.00    0.202    0.104
24.83   4.00    0.306   47.817
24.83   4.00    0.283    0.335   0.306   0.314
24.83   4.00    0.283    0.335   0.306   0.314

24.84   0.00    0.312    0.312   0.031   0.067   0.001   0.005   0.100   0.004   0.000   0.001   0.104 1815260000
24.84   4.38   47.813
24.84   4.00    0.202    0.104
24.84   4.00    0.306   47.813
24.84   4.00    0.283    0.335   0.306   0.314
24.84   4.00    0.283    0.335   0.306   0.314

24.85   0.00    0.312    0.312   0.031   0.067   0.001   0.005   0.100   0.004   0.000   0.001   0.104 1815991000
24.85   4.38   47.809
24.85   4.00    0.202    0.104
24.85   4.00    0.306   47.809
24.85   4.00    0.283    0.335   0.306   0.314
24.85   4.00    0.283    0.335   0.306   0.314

24.86   0.00    0.312    0.312   0.031   0.067   0.001   0.005   0.100   0.004   0.000   0.001   0.104 1816722000
24.86   4.38   47.806
24.86   4.00    0.202    0.104
24.86   4.00    0.305   47.806
24.86   4.00    0.283    0.335   0.305   0.314
24.86   4.00    0.283    0.335   0.305   0.314

24.87   0.00    0.312    0.312   0.031   0.067   0.001   0.005   0.100   0.004   0.000   0.001   0.104 1817453000
24.87   4.38   47.802
24.87   4.00    0.202    0.104
24.87   4.00    0.305   47.802
24.87   4.00    0.283    0.335   0.305   0.314
24.87   4.00    0.283    0.335   0.305   0.314

24.88   0.00    0.312    0.312   0.031   0.067   0.001   0.005   0.100   0.004   0.000   0.001   0.104 1818183000
24.88   4.38   47.798
24.88   4.00    0.202    0.104
24.88   4.00    0.305   47.798
24.88   4.00    0.283    0.335   0.305   0.314
24.88   4.00    0.283    0.335   0.305   0.314

24.89   0.00    0.312    0.312   0.031   0.067   0.001   0.005   0.100   0.004   0.000   0.001   0.104 1818914000
24.89   4.37   47.794
24.89   4.00    0.202    0.104
24.89   4.00    0.305   47.794
24.89   4.00    0.283    0.335   0.305   0.314
24.89   4.00    0.283    0.335   0.305   0.314

24.90   0.00    0.312    0.312   0.031   0.067   0.001   0.005   0.100   0.004   0.000   0.001   0.104 1819645000
24.90   4.37   47.790
24.90   4.00    0.202    0.104
24.90   4.00    0.305   47.790
24.90   4.00    0.283    0.335   0.305   0.314
24.90   4.00    0.283    0.335   0.305   0.314

24.91   0.00    0.312    0.312   0.031   0.067   0.001   0.005   0.100   0.004   0.000   0.001   0.104 1820376000
24.91   4.37   47.786
24.91   4.00    0.202    0.104
24.91   4.00    0.305   47.786
24.91   4.00    0.283    0.334   0.305   0.314
24.91   4.00    0.283    0.334   0.305   0.314

24.92   0.00    0.312    0.312   0.031   0.067   0.001   0.005   0.100   0.004   0.000   0.001   0.104 1821106000
24.92   4.37   47.782
24.92   4.00    0.202    0.104
24.92   4.00    0.305   47.782
24.92   4.00    0.283    0.334   0.305   0.314
24.92   4.00    0.283    0.334   0.305   0.314

24.93   0.00    0.312    0.312   0.031   0.067   0.001   0.005   0.100   0.004   0.000   0.001   0.104 1821837000
24.93   4.37   47.778
24.93   4.00    0.201    0.104
24.93   4.00    0.305   47.778
24.93   4.00    0.283    0.334   0.305   0.314
24.93   4.00    0.283    0.334   0.305   0.314

24.94   0.00    0.312    0.312   0.031   0.067   0.001   0.005   0.100   0.004   0.000   0.001   0.104 1822568000
24.94   4.37   47.774
24.94   4.00    0.201    0.104
24.94   4.00    0.305   47.774
24.94   4.00    0.283    0.334   0.305   0.314
24.94   4.00    0.283    0.334   0.305   0.314

24.95   0.00    0.312    0.312   0.031   0.067   0.001   0.005   0.100   0.004   0.000   0.001   0.104 1823299000
24.95   4.37   47.770
24.95   4.00    0.201    0.104
24.95   4.00    0.305   47.770
24.95   4.00    0.283    0.334   0.305   0.314
24.95   4.00    0.283    0.334   0.305   0.314

24.96   0.00    0.312    0.312   0.031   0.067   0.001   0.005   0.100   0.004   0.000   0.001   0.104 1824029000
24.96   4.37   47.766
24.96   4.00    0.201    0.104
24.96   4.00    0.305   47.766
24.96   4.00    0.283    0.334   0.305   0.314
24.96   4.00    0.283    0.334   0.305   0.314

24.97   0.00    0.312    0.312   0.031   0.067   0.001   0.005   0.100   0.004   0.000   0.001   0.104 1824760000
24.97   4.37   47.762
24.97   4.00    0.201    0.104
24.97   4.00    0.305   47.762
24.97   4.00    0.283    0.334   0.305   0.314
24.97   4.00    0.283    0.334   0.305   0.314

24.98   0.00    0.312    0.312   0.031   0.067   0.001   0.005   0.100   0.004   0.000   0.001   0.104 1825491000
24.98   4.37   47.758
24.98   4.00    0.201    0.104
24.98   4.00    0.305   47.758
24.98   4.00    0.282    0.334   0.305   0.314
24.98   4.00    0.282    0.334   0.305   0.314

24.99   0.00    0.312    0.312   0.031   0.067   0.001   0.005   0.100   0.004   0.000   0.001   0.104 1826222000
24.99   4.37   47.754
24.99   4.00    0.201    0.104
24.99   4.00    0.305   47.754
24.99   4.00    0.282    0.334   0.305   0.314
24.99   4.00    0.282    0.334   0.305   0.314

25.00   0.00    0.312    0.312   0.031   0.067   0.001   0.005   0.100   0.004   0.000   0.001   0.104 1826953000
25.00   4.37   47.750
25.00   4.00    0.201    0.104
25.00   4.00    0.305   47.750
25.00   4.00    0.282    0.334   0.305   0.314
25.00   4.00    0.282    0.334   0.305   0.314
